# RT 3D W=64 Re=256 At=0.5 Ca=960 Pe=1024 xi=5 nu=1.0000e-02 sigma=4.1667e-07 M=2.5000e-03 t_ref=1600.0
# phi on the mid-z plane: x y phi
0 0 0.00000
1 0 0.00000
2 0 0.00000
3 0 0.00000
4 0 0.00000
5 0 0.00000
6 0 0.00000
7 0 0.00000
8 0 0.00000
9 0 0.00000
10 0 0.00000
11 0 0.00000
12 0 0.00000
13 0 0.00000
14 0 0.00000
15 0 0.00000
16 0 0.00000
17 0 0.00000
18 0 0.00000
19 0 0.00000
20 0 0.00000
21 0 0.00000
22 0 0.00000
23 0 0.00000
24 0 0.00000
25 0 0.00000
26 0 0.00000
27 0 0.00000
28 0 0.00000
29 0 0.00000
30 0 0.00000
31 0 0.00000
32 0 0.00000
33 0 0.00000
34 0 0.00000
35 0 0.00000
36 0 0.00000
37 0 0.00000
38 0 0.00000
39 0 0.00000
40 0 0.00000
41 0 0.00000
42 0 0.00000
43 0 0.00000
44 0 0.00000
45 0 0.00000
46 0 0.00000
47 0 0.00000
48 0 0.00000
49 0 0.00000
50 0 0.00000
51 0 0.00000
52 0 0.00000
53 0 0.00000
54 0 0.00000
55 0 0.00000
56 0 0.00000
57 0 0.00000
58 0 0.00000
59 0 0.00000
60 0 0.00000
61 0 0.00000
62 0 0.00000
63 0 0.00000
0 1 0.00000
1 1 0.00000
2 1 0.00000
3 1 0.00000
4 1 0.00000
5 1 0.00000
6 1 0.00000
7 1 0.00000
8 1 0.00000
9 1 0.00000
10 1 0.00000
11 1 0.00000
12 1 0.00000
13 1 0.00000
14 1 0.00000
15 1 0.00000
16 1 0.00000
17 1 0.00000
18 1 0.00000
19 1 0.00000
20 1 0.00000
21 1 0.00000
22 1 0.00000
23 1 0.00000
24 1 0.00000
25 1 0.00000
26 1 0.00000
27 1 0.00000
28 1 0.00000
29 1 0.00000
30 1 0.00000
31 1 0.00000
32 1 0.00000
33 1 0.00000
34 1 0.00000
35 1 0.00000
36 1 0.00000
37 1 0.00000
38 1 0.00000
39 1 0.00000
40 1 0.00000
41 1 0.00000
42 1 0.00000
43 1 0.00000
44 1 0.00000
45 1 0.00000
46 1 0.00000
47 1 0.00000
48 1 0.00000
49 1 0.00000
50 1 0.00000
51 1 0.00000
52 1 0.00000
53 1 0.00000
54 1 0.00000
55 1 0.00000
56 1 0.00000
57 1 0.00000
58 1 0.00000
59 1 0.00000
60 1 0.00000
61 1 0.00000
62 1 0.00000
63 1 0.00000
0 2 0.00000
1 2 0.00000
2 2 0.00000
3 2 0.00000
4 2 0.00000
5 2 0.00000
6 2 0.00000
7 2 0.00000
8 2 0.00000
9 2 0.00000
10 2 0.00000
11 2 0.00000
12 2 0.00000
13 2 0.00000
14 2 0.00000
15 2 0.00000
16 2 0.00000
17 2 0.00000
18 2 0.00000
19 2 0.00000
20 2 0.00000
21 2 0.00000
22 2 0.00000
23 2 0.00000
24 2 0.00000
25 2 0.00000
26 2 0.00000
27 2 0.00000
28 2 0.00000
29 2 0.00000
30 2 0.00000
31 2 0.00000
32 2 0.00000
33 2 0.00000
34 2 0.00000
35 2 0.00000
36 2 0.00000
37 2 0.00000
38 2 0.00000
39 2 0.00000
40 2 0.00000
41 2 0.00000
42 2 0.00000
43 2 0.00000
44 2 0.00000
45 2 0.00000
46 2 0.00000
47 2 0.00000
48 2 0.00000
49 2 0.00000
50 2 0.00000
51 2 0.00000
52 2 0.00000
53 2 0.00000
54 2 0.00000
55 2 0.00000
56 2 0.00000
57 2 0.00000
58 2 0.00000
59 2 0.00000
60 2 0.00000
61 2 0.00000
62 2 0.00000
63 2 0.00000
0 3 0.00000
1 3 0.00000
2 3 0.00000
3 3 0.00000
4 3 0.00000
5 3 0.00000
6 3 0.00000
7 3 0.00000
8 3 0.00000
9 3 0.00000
10 3 0.00000
11 3 0.00000
12 3 0.00000
13 3 0.00000
14 3 0.00000
15 3 0.00000
16 3 0.00000
17 3 0.00000
18 3 0.00000
19 3 0.00000
20 3 0.00000
21 3 0.00000
22 3 0.00000
23 3 0.00000
24 3 0.00000
25 3 0.00000
26 3 0.00000
27 3 0.00000
28 3 0.00000
29 3 0.00000
30 3 0.00000
31 3 0.00000
32 3 0.00000
33 3 0.00000
34 3 0.00000
35 3 0.00000
36 3 0.00000
37 3 0.00000
38 3 0.00000
39 3 0.00000
40 3 0.00000
41 3 0.00000
42 3 0.00000
43 3 0.00000
44 3 0.00000
45 3 0.00000
46 3 0.00000
47 3 0.00000
48 3 0.00000
49 3 0.00000
50 3 0.00000
51 3 0.00000
52 3 0.00000
53 3 0.00000
54 3 0.00000
55 3 0.00000
56 3 0.00000
57 3 0.00000
58 3 0.00000
59 3 0.00000
60 3 0.00000
61 3 0.00000
62 3 0.00000
63 3 0.00000
0 4 0.00000
1 4 0.00000
2 4 0.00000
3 4 0.00000
4 4 0.00000
5 4 0.00000
6 4 0.00000
7 4 0.00000
8 4 0.00000
9 4 0.00000
10 4 0.00000
11 4 0.00000
12 4 0.00000
13 4 0.00000
14 4 0.00000
15 4 0.00000
16 4 0.00000
17 4 0.00000
18 4 0.00000
19 4 0.00000
20 4 0.00000
21 4 0.00000
22 4 0.00000
23 4 0.00000
24 4 0.00000
25 4 0.00000
26 4 0.00000
27 4 0.00000
28 4 0.00000
29 4 0.00000
30 4 0.00000
31 4 0.00000
32 4 0.00000
33 4 0.00000
34 4 0.00000
35 4 0.00000
36 4 0.00000
37 4 0.00000
38 4 0.00000
39 4 0.00000
40 4 0.00000
41 4 0.00000
42 4 0.00000
43 4 0.00000
44 4 0.00000
45 4 0.00000
46 4 0.00000
47 4 0.00000
48 4 0.00000
49 4 0.00000
50 4 0.00000
51 4 0.00000
52 4 0.00000
53 4 0.00000
54 4 0.00000
55 4 0.00000
56 4 0.00000
57 4 0.00000
58 4 0.00000
59 4 0.00000
60 4 0.00000
61 4 0.00000
62 4 0.00000
63 4 0.00000
0 5 0.00000
1 5 0.00000
2 5 0.00000
3 5 0.00000
4 5 0.00000
5 5 0.00000
6 5 0.00000
7 5 0.00000
8 5 0.00000
9 5 0.00000
10 5 0.00000
11 5 0.00000
12 5 0.00000
13 5 0.00000
14 5 0.00000
15 5 0.00000
16 5 0.00000
17 5 0.00000
18 5 0.00000
19 5 0.00000
20 5 0.00000
21 5 0.00000
22 5 0.00000
23 5 0.00000
24 5 0.00000
25 5 0.00000
26 5 0.00000
27 5 0.00000
28 5 0.00000
29 5 0.00000
30 5 0.00000
31 5 0.00000
32 5 0.00000
33 5 0.00000
34 5 0.00000
35 5 0.00000
36 5 0.00000
37 5 0.00000
38 5 0.00000
39 5 0.00000
40 5 0.00000
41 5 0.00000
42 5 0.00000
43 5 0.00000
44 5 0.00000
45 5 0.00000
46 5 0.00000
47 5 0.00000
48 5 0.00000
49 5 0.00000
50 5 0.00000
51 5 0.00000
52 5 0.00000
53 5 0.00000
54 5 0.00000
55 5 0.00000
56 5 0.00000
57 5 0.00000
58 5 0.00000
59 5 0.00000
60 5 0.00000
61 5 0.00000
62 5 0.00000
63 5 0.00000
0 6 0.00000
1 6 0.00000
2 6 0.00000
3 6 0.00000
4 6 0.00000
5 6 0.00000
6 6 0.00000
7 6 0.00000
8 6 0.00000
9 6 0.00000
10 6 0.00000
11 6 0.00000
12 6 0.00000
13 6 0.00000
14 6 0.00000
15 6 0.00000
16 6 0.00000
17 6 0.00000
18 6 0.00000
19 6 0.00000
20 6 0.00000
21 6 0.00000
22 6 0.00000
23 6 0.00000
24 6 0.00000
25 6 0.00000
26 6 0.00000
27 6 0.00000
28 6 0.00000
29 6 0.00000
30 6 0.00000
31 6 0.00000
32 6 0.00000
33 6 0.00000
34 6 0.00000
35 6 0.00000
36 6 0.00000
37 6 0.00000
38 6 0.00000
39 6 0.00000
40 6 0.00000
41 6 0.00000
42 6 0.00000
43 6 0.00000
44 6 0.00000
45 6 0.00000
46 6 0.00000
47 6 0.00000
48 6 0.00000
49 6 0.00000
50 6 0.00000
51 6 0.00000
52 6 0.00000
53 6 0.00000
54 6 0.00000
55 6 0.00000
56 6 0.00000
57 6 0.00000
58 6 0.00000
59 6 0.00000
60 6 0.00000
61 6 0.00000
62 6 0.00000
63 6 0.00000
0 7 0.00000
1 7 0.00000
2 7 0.00000
3 7 0.00000
4 7 0.00000
5 7 0.00000
6 7 0.00000
7 7 0.00000
8 7 0.00000
9 7 0.00000
10 7 0.00000
11 7 0.00000
12 7 0.00000
13 7 0.00000
14 7 0.00000
15 7 0.00000
16 7 0.00000
17 7 0.00000
18 7 0.00000
19 7 0.00000
20 7 0.00000
21 7 0.00000
22 7 0.00000
23 7 0.00000
24 7 0.00000
25 7 0.00000
26 7 0.00000
27 7 0.00000
28 7 0.00000
29 7 0.00000
30 7 0.00000
31 7 0.00000
32 7 0.00000
33 7 0.00000
34 7 0.00000
35 7 0.00000
36 7 0.00000
37 7 0.00000
38 7 0.00000
39 7 0.00000
40 7 0.00000
41 7 0.00000
42 7 0.00000
43 7 0.00000
44 7 0.00000
45 7 0.00000
46 7 0.00000
47 7 0.00000
48 7 0.00000
49 7 0.00000
50 7 0.00000
51 7 0.00000
52 7 0.00000
53 7 0.00000
54 7 0.00000
55 7 0.00000
56 7 0.00000
57 7 0.00000
58 7 0.00000
59 7 0.00000
60 7 0.00000
61 7 0.00000
62 7 0.00000
63 7 0.00000
0 8 0.00000
1 8 0.00000
2 8 0.00000
3 8 0.00000
4 8 0.00000
5 8 0.00000
6 8 0.00000
7 8 0.00000
8 8 0.00000
9 8 0.00000
10 8 0.00000
11 8 0.00000
12 8 0.00000
13 8 0.00000
14 8 0.00000
15 8 0.00000
16 8 0.00000
17 8 0.00000
18 8 0.00000
19 8 0.00000
20 8 0.00000
21 8 0.00000
22 8 0.00000
23 8 0.00000
24 8 0.00000
25 8 0.00000
26 8 0.00000
27 8 0.00000
28 8 0.00000
29 8 0.00000
30 8 0.00000
31 8 0.00000
32 8 0.00000
33 8 0.00000
34 8 0.00000
35 8 0.00000
36 8 0.00000
37 8 0.00000
38 8 0.00000
39 8 0.00000
40 8 0.00000
41 8 0.00000
42 8 0.00000
43 8 0.00000
44 8 0.00000
45 8 0.00000
46 8 0.00000
47 8 0.00000
48 8 0.00000
49 8 0.00000
50 8 0.00000
51 8 0.00000
52 8 0.00000
53 8 0.00000
54 8 0.00000
55 8 0.00000
56 8 0.00000
57 8 0.00000
58 8 0.00000
59 8 0.00000
60 8 0.00000
61 8 0.00000
62 8 0.00000
63 8 0.00000
0 9 0.00000
1 9 0.00000
2 9 0.00000
3 9 0.00000
4 9 0.00000
5 9 0.00000
6 9 0.00000
7 9 0.00000
8 9 0.00000
9 9 0.00000
10 9 0.00000
11 9 0.00000
12 9 0.00000
13 9 0.00000
14 9 0.00000
15 9 0.00000
16 9 0.00000
17 9 0.00000
18 9 0.00000
19 9 0.00000
20 9 0.00000
21 9 0.00000
22 9 0.00000
23 9 0.00000
24 9 0.00000
25 9 0.00000
26 9 0.00000
27 9 0.00000
28 9 0.00000
29 9 0.00000
30 9 0.00000
31 9 0.00000
32 9 0.00000
33 9 0.00000
34 9 0.00000
35 9 0.00000
36 9 0.00000
37 9 0.00000
38 9 0.00000
39 9 0.00000
40 9 0.00000
41 9 0.00000
42 9 0.00000
43 9 0.00000
44 9 0.00000
45 9 0.00000
46 9 0.00000
47 9 0.00000
48 9 0.00000
49 9 0.00000
50 9 0.00000
51 9 0.00000
52 9 0.00000
53 9 0.00000
54 9 0.00000
55 9 0.00000
56 9 0.00000
57 9 0.00000
58 9 0.00000
59 9 0.00000
60 9 0.00000
61 9 0.00000
62 9 0.00000
63 9 0.00000
0 10 0.00000
1 10 0.00000
2 10 0.00000
3 10 0.00000
4 10 0.00000
5 10 0.00000
6 10 0.00000
7 10 0.00000
8 10 0.00000
9 10 0.00000
10 10 0.00000
11 10 0.00000
12 10 0.00000
13 10 0.00000
14 10 0.00000
15 10 0.00000
16 10 0.00000
17 10 0.00000
18 10 0.00000
19 10 0.00000
20 10 0.00000
21 10 0.00000
22 10 0.00000
23 10 0.00000
24 10 0.00000
25 10 0.00000
26 10 0.00000
27 10 0.00000
28 10 0.00000
29 10 0.00000
30 10 0.00000
31 10 0.00000
32 10 0.00000
33 10 0.00000
34 10 0.00000
35 10 0.00000
36 10 0.00000
37 10 0.00000
38 10 0.00000
39 10 0.00000
40 10 0.00000
41 10 0.00000
42 10 0.00000
43 10 0.00000
44 10 0.00000
45 10 0.00000
46 10 0.00000
47 10 0.00000
48 10 0.00000
49 10 0.00000
50 10 0.00000
51 10 0.00000
52 10 0.00000
53 10 0.00000
54 10 0.00000
55 10 0.00000
56 10 0.00000
57 10 0.00000
58 10 0.00000
59 10 0.00000
60 10 0.00000
61 10 0.00000
62 10 0.00000
63 10 0.00000
0 11 0.00000
1 11 0.00000
2 11 0.00000
3 11 0.00000
4 11 0.00000
5 11 0.00000
6 11 0.00000
7 11 0.00000
8 11 0.00000
9 11 0.00000
10 11 0.00000
11 11 0.00000
12 11 0.00000
13 11 0.00000
14 11 0.00000
15 11 0.00000
16 11 0.00000
17 11 0.00000
18 11 0.00000
19 11 0.00000
20 11 0.00000
21 11 0.00000
22 11 0.00000
23 11 0.00000
24 11 0.00000
25 11 0.00000
26 11 0.00000
27 11 0.00000
28 11 0.00000
29 11 0.00000
30 11 0.00000
31 11 0.00000
32 11 0.00000
33 11 0.00000
34 11 0.00000
35 11 0.00000
36 11 0.00000
37 11 0.00000
38 11 0.00000
39 11 0.00000
40 11 0.00000
41 11 0.00000
42 11 0.00000
43 11 0.00000
44 11 0.00000
45 11 0.00000
46 11 0.00000
47 11 0.00000
48 11 0.00000
49 11 0.00000
50 11 0.00000
51 11 0.00000
52 11 0.00000
53 11 0.00000
54 11 0.00000
55 11 0.00000
56 11 0.00000
57 11 0.00000
58 11 0.00000
59 11 0.00000
60 11 0.00000
61 11 0.00000
62 11 0.00000
63 11 0.00000
0 12 0.00000
1 12 0.00000
2 12 0.00000
3 12 0.00000
4 12 0.00000
5 12 0.00000
6 12 0.00000
7 12 0.00000
8 12 0.00000
9 12 0.00000
10 12 0.00000
11 12 0.00000
12 12 0.00000
13 12 0.00000
14 12 0.00000
15 12 0.00000
16 12 0.00000
17 12 0.00000
18 12 0.00000
19 12 0.00000
20 12 0.00000
21 12 0.00000
22 12 0.00000
23 12 0.00000
24 12 0.00000
25 12 0.00000
26 12 0.00000
27 12 0.00000
28 12 0.00000
29 12 0.00000
30 12 0.00000
31 12 0.00000
32 12 0.00000
33 12 0.00000
34 12 0.00000
35 12 0.00000
36 12 0.00000
37 12 0.00000
38 12 0.00000
39 12 0.00000
40 12 0.00000
41 12 0.00000
42 12 0.00000
43 12 0.00000
44 12 0.00000
45 12 0.00000
46 12 0.00000
47 12 0.00000
48 12 0.00000
49 12 0.00000
50 12 0.00000
51 12 0.00000
52 12 0.00000
53 12 0.00000
54 12 0.00000
55 12 0.00000
56 12 0.00000
57 12 0.00000
58 12 0.00000
59 12 0.00000
60 12 0.00000
61 12 0.00000
62 12 0.00000
63 12 0.00000
0 13 0.00000
1 13 0.00000
2 13 0.00000
3 13 0.00000
4 13 0.00000
5 13 0.00000
6 13 0.00000
7 13 0.00000
8 13 0.00000
9 13 0.00000
10 13 0.00000
11 13 0.00000
12 13 0.00000
13 13 0.00000
14 13 0.00000
15 13 0.00000
16 13 0.00000
17 13 0.00000
18 13 0.00000
19 13 0.00000
20 13 0.00000
21 13 0.00000
22 13 0.00000
23 13 0.00000
24 13 0.00000
25 13 0.00000
26 13 0.00000
27 13 0.00000
28 13 0.00000
29 13 0.00000
30 13 0.00000
31 13 0.00000
32 13 0.00000
33 13 0.00000
34 13 0.00000
35 13 0.00000
36 13 0.00000
37 13 0.00000
38 13 0.00000
39 13 0.00000
40 13 0.00000
41 13 0.00000
42 13 0.00000
43 13 0.00000
44 13 0.00000
45 13 0.00000
46 13 0.00000
47 13 0.00000
48 13 0.00000
49 13 0.00000
50 13 0.00000
51 13 0.00000
52 13 0.00000
53 13 0.00000
54 13 0.00000
55 13 0.00000
56 13 0.00000
57 13 0.00000
58 13 0.00000
59 13 0.00000
60 13 0.00000
61 13 0.00000
62 13 0.00000
63 13 0.00000
0 14 0.00000
1 14 0.00000
2 14 0.00000
3 14 0.00000
4 14 0.00000
5 14 0.00000
6 14 0.00000
7 14 0.00000
8 14 0.00000
9 14 0.00000
10 14 0.00000
11 14 0.00000
12 14 0.00000
13 14 0.00000
14 14 0.00000
15 14 0.00000
16 14 0.00000
17 14 0.00000
18 14 0.00000
19 14 0.00000
20 14 0.00000
21 14 0.00000
22 14 0.00000
23 14 0.00000
24 14 0.00000
25 14 0.00000
26 14 0.00000
27 14 0.00000
28 14 0.00000
29 14 0.00000
30 14 0.00000
31 14 0.00000
32 14 0.00000
33 14 0.00000
34 14 0.00000
35 14 0.00000
36 14 0.00000
37 14 0.00000
38 14 0.00000
39 14 0.00000
40 14 0.00000
41 14 0.00000
42 14 0.00000
43 14 0.00000
44 14 0.00000
45 14 0.00000
46 14 0.00000
47 14 0.00000
48 14 0.00000
49 14 0.00000
50 14 0.00000
51 14 0.00000
52 14 0.00000
53 14 0.00000
54 14 0.00000
55 14 0.00000
56 14 0.00000
57 14 0.00000
58 14 0.00000
59 14 0.00000
60 14 0.00000
61 14 0.00000
62 14 0.00000
63 14 0.00000
0 15 0.00000
1 15 0.00000
2 15 0.00000
3 15 0.00000
4 15 0.00000
5 15 0.00000
6 15 0.00000
7 15 0.00000
8 15 0.00000
9 15 0.00000
10 15 0.00000
11 15 0.00000
12 15 0.00000
13 15 0.00000
14 15 0.00000
15 15 0.00000
16 15 0.00000
17 15 0.00000
18 15 0.00000
19 15 0.00000
20 15 0.00000
21 15 0.00000
22 15 0.00000
23 15 0.00000
24 15 0.00000
25 15 0.00000
26 15 0.00000
27 15 0.00000
28 15 0.00000
29 15 0.00000
30 15 0.00000
31 15 0.00000
32 15 0.00000
33 15 0.00000
34 15 0.00000
35 15 0.00000
36 15 0.00000
37 15 0.00000
38 15 0.00000
39 15 0.00000
40 15 0.00000
41 15 0.00000
42 15 0.00000
43 15 0.00000
44 15 0.00000
45 15 0.00000
46 15 0.00000
47 15 0.00000
48 15 0.00000
49 15 0.00000
50 15 0.00000
51 15 0.00000
52 15 0.00000
53 15 0.00000
54 15 0.00000
55 15 0.00000
56 15 0.00000
57 15 0.00000
58 15 0.00000
59 15 0.00000
60 15 0.00000
61 15 0.00000
62 15 0.00000
63 15 0.00000
0 16 0.00000
1 16 0.00000
2 16 0.00000
3 16 0.00000
4 16 0.00000
5 16 0.00000
6 16 0.00000
7 16 0.00000
8 16 0.00000
9 16 0.00000
10 16 0.00000
11 16 0.00000
12 16 0.00000
13 16 0.00000
14 16 0.00000
15 16 0.00000
16 16 0.00000
17 16 0.00000
18 16 0.00000
19 16 0.00000
20 16 0.00000
21 16 0.00000
22 16 0.00000
23 16 0.00000
24 16 0.00000
25 16 0.00000
26 16 0.00000
27 16 0.00000
28 16 0.00000
29 16 0.00000
30 16 0.00000
31 16 0.00000
32 16 0.00000
33 16 0.00000
34 16 0.00000
35 16 0.00000
36 16 0.00000
37 16 0.00000
38 16 0.00000
39 16 0.00000
40 16 0.00000
41 16 0.00000
42 16 0.00000
43 16 0.00000
44 16 0.00000
45 16 0.00000
46 16 0.00000
47 16 0.00000
48 16 0.00000
49 16 0.00000
50 16 0.00000
51 16 0.00000
52 16 0.00000
53 16 0.00000
54 16 0.00000
55 16 0.00000
56 16 0.00000
57 16 0.00000
58 16 0.00000
59 16 0.00000
60 16 0.00000
61 16 0.00000
62 16 0.00000
63 16 0.00000
0 17 0.00000
1 17 0.00000
2 17 0.00000
3 17 0.00000
4 17 0.00000
5 17 0.00000
6 17 0.00000
7 17 0.00000
8 17 0.00000
9 17 0.00000
10 17 0.00000
11 17 0.00000
12 17 0.00000
13 17 0.00000
14 17 0.00000
15 17 0.00000
16 17 0.00000
17 17 0.00000
18 17 0.00000
19 17 0.00000
20 17 0.00000
21 17 0.00000
22 17 0.00000
23 17 0.00000
24 17 0.00000
25 17 0.00000
26 17 0.00000
27 17 0.00000
28 17 0.00000
29 17 0.00000
30 17 0.00000
31 17 0.00000
32 17 0.00000
33 17 0.00000
34 17 0.00000
35 17 0.00000
36 17 0.00000
37 17 0.00000
38 17 0.00000
39 17 0.00000
40 17 0.00000
41 17 0.00000
42 17 0.00000
43 17 0.00000
44 17 0.00000
45 17 0.00000
46 17 0.00000
47 17 0.00000
48 17 0.00000
49 17 0.00000
50 17 0.00000
51 17 0.00000
52 17 0.00000
53 17 0.00000
54 17 0.00000
55 17 0.00000
56 17 0.00000
57 17 0.00000
58 17 0.00000
59 17 0.00000
60 17 0.00000
61 17 0.00000
62 17 0.00000
63 17 0.00000
0 18 0.00000
1 18 0.00000
2 18 0.00000
3 18 0.00000
4 18 0.00000
5 18 0.00000
6 18 0.00000
7 18 0.00000
8 18 0.00000
9 18 0.00000
10 18 0.00000
11 18 0.00000
12 18 0.00000
13 18 0.00000
14 18 0.00000
15 18 0.00000
16 18 0.00000
17 18 0.00000
18 18 0.00000
19 18 0.00000
20 18 0.00000
21 18 0.00000
22 18 0.00000
23 18 0.00000
24 18 0.00000
25 18 0.00000
26 18 0.00000
27 18 0.00000
28 18 0.00000
29 18 0.00000
30 18 0.00000
31 18 0.00000
32 18 0.00000
33 18 0.00000
34 18 0.00000
35 18 0.00000
36 18 0.00000
37 18 0.00000
38 18 0.00000
39 18 0.00000
40 18 0.00000
41 18 0.00000
42 18 0.00000
43 18 0.00000
44 18 0.00000
45 18 0.00000
46 18 0.00000
47 18 0.00000
48 18 0.00000
49 18 0.00000
50 18 0.00000
51 18 0.00000
52 18 0.00000
53 18 0.00000
54 18 0.00000
55 18 0.00000
56 18 0.00000
57 18 0.00000
58 18 0.00000
59 18 0.00000
60 18 0.00000
61 18 0.00000
62 18 0.00000
63 18 0.00000
0 19 0.00000
1 19 0.00000
2 19 0.00000
3 19 0.00000
4 19 0.00000
5 19 0.00000
6 19 0.00000
7 19 0.00000
8 19 0.00000
9 19 0.00000
10 19 0.00000
11 19 0.00000
12 19 0.00000
13 19 0.00000
14 19 0.00000
15 19 0.00000
16 19 0.00000
17 19 0.00000
18 19 0.00000
19 19 0.00000
20 19 0.00000
21 19 0.00000
22 19 0.00000
23 19 0.00000
24 19 0.00000
25 19 0.00000
26 19 0.00000
27 19 0.00000
28 19 0.00000
29 19 0.00000
30 19 0.00000
31 19 0.00000
32 19 0.00000
33 19 0.00000
34 19 0.00000
35 19 0.00000
36 19 0.00000
37 19 0.00000
38 19 0.00000
39 19 0.00000
40 19 0.00000
41 19 0.00000
42 19 0.00000
43 19 0.00000
44 19 0.00000
45 19 0.00000
46 19 0.00000
47 19 0.00000
48 19 0.00000
49 19 0.00000
50 19 0.00000
51 19 0.00000
52 19 0.00000
53 19 0.00000
54 19 0.00000
55 19 0.00000
56 19 0.00000
57 19 0.00000
58 19 0.00000
59 19 0.00000
60 19 0.00000
61 19 0.00000
62 19 0.00000
63 19 0.00000
0 20 0.00000
1 20 0.00000
2 20 0.00000
3 20 0.00000
4 20 0.00000
5 20 0.00000
6 20 0.00000
7 20 0.00000
8 20 0.00000
9 20 0.00000
10 20 0.00000
11 20 0.00000
12 20 0.00000
13 20 0.00000
14 20 0.00000
15 20 0.00000
16 20 0.00000
17 20 0.00000
18 20 0.00000
19 20 0.00000
20 20 0.00000
21 20 0.00000
22 20 0.00000
23 20 0.00000
24 20 0.00000
25 20 0.00000
26 20 0.00000
27 20 0.00000
28 20 0.00000
29 20 0.00000
30 20 0.00000
31 20 0.00000
32 20 0.00000
33 20 0.00000
34 20 0.00000
35 20 0.00000
36 20 0.00000
37 20 0.00000
38 20 0.00000
39 20 0.00000
40 20 0.00000
41 20 0.00000
42 20 0.00000
43 20 0.00000
44 20 0.00000
45 20 0.00000
46 20 0.00000
47 20 0.00000
48 20 0.00000
49 20 0.00000
50 20 0.00000
51 20 0.00000
52 20 0.00000
53 20 0.00000
54 20 0.00000
55 20 0.00000
56 20 0.00000
57 20 0.00000
58 20 0.00000
59 20 0.00000
60 20 0.00000
61 20 0.00000
62 20 0.00000
63 20 0.00000
0 21 0.00000
1 21 0.00000
2 21 0.00000
3 21 0.00000
4 21 0.00000
5 21 0.00000
6 21 0.00000
7 21 0.00000
8 21 0.00000
9 21 0.00000
10 21 0.00000
11 21 0.00000
12 21 0.00000
13 21 0.00000
14 21 0.00000
15 21 0.00000
16 21 0.00000
17 21 0.00000
18 21 0.00000
19 21 0.00000
20 21 0.00000
21 21 0.00000
22 21 0.00000
23 21 0.00000
24 21 0.00000
25 21 0.00000
26 21 0.00000
27 21 0.00000
28 21 0.00000
29 21 0.00000
30 21 0.00000
31 21 0.00000
32 21 0.00000
33 21 0.00000
34 21 0.00000
35 21 0.00000
36 21 0.00000
37 21 0.00000
38 21 0.00000
39 21 0.00000
40 21 0.00000
41 21 0.00000
42 21 0.00000
43 21 0.00000
44 21 0.00000
45 21 0.00000
46 21 0.00000
47 21 0.00000
48 21 0.00000
49 21 0.00000
50 21 0.00000
51 21 0.00000
52 21 0.00000
53 21 0.00000
54 21 0.00000
55 21 0.00000
56 21 0.00000
57 21 0.00000
58 21 0.00000
59 21 0.00000
60 21 0.00000
61 21 0.00000
62 21 0.00000
63 21 0.00000
0 22 0.00000
1 22 0.00000
2 22 0.00000
3 22 0.00000
4 22 0.00000
5 22 0.00000
6 22 0.00000
7 22 0.00000
8 22 0.00000
9 22 0.00000
10 22 0.00000
11 22 0.00000
12 22 0.00000
13 22 0.00000
14 22 0.00000
15 22 0.00000
16 22 0.00000
17 22 0.00000
18 22 0.00000
19 22 0.00000
20 22 0.00000
21 22 0.00000
22 22 0.00000
23 22 0.00000
24 22 0.00000
25 22 0.00000
26 22 0.00000
27 22 0.00000
28 22 0.00000
29 22 0.00000
30 22 0.00000
31 22 0.00000
32 22 0.00000
33 22 0.00000
34 22 0.00000
35 22 0.00000
36 22 0.00000
37 22 0.00000
38 22 0.00000
39 22 0.00000
40 22 0.00000
41 22 0.00000
42 22 0.00000
43 22 0.00000
44 22 0.00000
45 22 0.00000
46 22 0.00000
47 22 0.00000
48 22 0.00000
49 22 0.00000
50 22 0.00000
51 22 0.00000
52 22 0.00000
53 22 0.00000
54 22 0.00000
55 22 0.00000
56 22 0.00000
57 22 0.00000
58 22 0.00000
59 22 0.00000
60 22 0.00000
61 22 0.00000
62 22 0.00000
63 22 0.00000
0 23 0.00000
1 23 0.00000
2 23 0.00000
3 23 0.00000
4 23 0.00000
5 23 0.00000
6 23 0.00000
7 23 0.00000
8 23 0.00000
9 23 0.00000
10 23 0.00000
11 23 0.00000
12 23 0.00000
13 23 0.00000
14 23 0.00000
15 23 0.00000
16 23 0.00000
17 23 0.00000
18 23 0.00000
19 23 0.00000
20 23 0.00000
21 23 0.00000
22 23 0.00000
23 23 0.00000
24 23 0.00000
25 23 0.00000
26 23 0.00000
27 23 0.00000
28 23 0.00000
29 23 0.00000
30 23 0.00000
31 23 0.00000
32 23 0.00000
33 23 0.00000
34 23 0.00000
35 23 0.00000
36 23 0.00000
37 23 0.00000
38 23 0.00000
39 23 0.00000
40 23 0.00000
41 23 0.00000
42 23 0.00000
43 23 0.00000
44 23 0.00000
45 23 0.00000
46 23 0.00000
47 23 0.00000
48 23 0.00000
49 23 0.00000
50 23 0.00000
51 23 0.00000
52 23 0.00000
53 23 0.00000
54 23 0.00000
55 23 0.00000
56 23 0.00000
57 23 0.00000
58 23 0.00000
59 23 0.00000
60 23 0.00000
61 23 0.00000
62 23 0.00000
63 23 0.00000
0 24 0.00000
1 24 0.00000
2 24 0.00000
3 24 0.00000
4 24 0.00000
5 24 0.00000
6 24 0.00000
7 24 0.00000
8 24 0.00000
9 24 0.00000
10 24 0.00000
11 24 0.00000
12 24 0.00000
13 24 0.00000
14 24 0.00000
15 24 0.00000
16 24 0.00000
17 24 0.00000
18 24 0.00000
19 24 0.00000
20 24 0.00000
21 24 0.00000
22 24 0.00000
23 24 0.00000
24 24 0.00000
25 24 0.00000
26 24 0.00000
27 24 0.00000
28 24 0.00000
29 24 0.00000
30 24 0.00000
31 24 0.00000
32 24 0.00000
33 24 0.00000
34 24 0.00000
35 24 0.00000
36 24 0.00000
37 24 0.00000
38 24 0.00000
39 24 0.00000
40 24 0.00000
41 24 0.00000
42 24 0.00000
43 24 0.00000
44 24 0.00000
45 24 0.00000
46 24 0.00000
47 24 0.00000
48 24 0.00000
49 24 0.00000
50 24 0.00000
51 24 0.00000
52 24 0.00000
53 24 0.00000
54 24 0.00000
55 24 0.00000
56 24 0.00000
57 24 0.00000
58 24 0.00000
59 24 0.00000
60 24 0.00000
61 24 0.00000
62 24 0.00000
63 24 0.00000
0 25 0.00000
1 25 0.00000
2 25 0.00000
3 25 0.00000
4 25 0.00000
5 25 0.00000
6 25 0.00000
7 25 0.00000
8 25 0.00000
9 25 0.00000
10 25 0.00000
11 25 0.00000
12 25 0.00000
13 25 0.00000
14 25 0.00000
15 25 0.00000
16 25 0.00000
17 25 0.00000
18 25 0.00000
19 25 0.00000
20 25 0.00000
21 25 0.00000
22 25 0.00000
23 25 0.00000
24 25 0.00000
25 25 0.00000
26 25 0.00000
27 25 0.00000
28 25 0.00000
29 25 0.00000
30 25 0.00000
31 25 0.00000
32 25 0.00000
33 25 0.00000
34 25 0.00000
35 25 0.00000
36 25 0.00000
37 25 0.00000
38 25 0.00000
39 25 0.00000
40 25 0.00000
41 25 0.00000
42 25 0.00000
43 25 0.00000
44 25 0.00000
45 25 0.00000
46 25 0.00000
47 25 0.00000
48 25 0.00000
49 25 0.00000
50 25 0.00000
51 25 0.00000
52 25 0.00000
53 25 0.00000
54 25 0.00000
55 25 0.00000
56 25 0.00000
57 25 0.00000
58 25 0.00000
59 25 0.00000
60 25 0.00000
61 25 0.00000
62 25 0.00000
63 25 0.00000
0 26 0.00000
1 26 0.00000
2 26 0.00000
3 26 0.00000
4 26 0.00000
5 26 0.00000
6 26 0.00000
7 26 0.00000
8 26 0.00000
9 26 0.00000
10 26 0.00000
11 26 0.00000
12 26 0.00000
13 26 0.00000
14 26 0.00000
15 26 0.00000
16 26 0.00000
17 26 0.00000
18 26 0.00000
19 26 0.00000
20 26 0.00000
21 26 0.00000
22 26 0.00000
23 26 0.00000
24 26 0.00000
25 26 0.00000
26 26 0.00000
27 26 0.00000
28 26 0.00000
29 26 0.00000
30 26 0.00000
31 26 0.00000
32 26 0.00000
33 26 0.00000
34 26 0.00000
35 26 0.00000
36 26 0.00000
37 26 0.00000
38 26 0.00000
39 26 0.00000
40 26 0.00000
41 26 0.00000
42 26 0.00000
43 26 0.00000
44 26 0.00000
45 26 0.00000
46 26 0.00000
47 26 0.00000
48 26 0.00000
49 26 0.00000
50 26 0.00000
51 26 0.00000
52 26 0.00000
53 26 0.00000
54 26 0.00000
55 26 0.00000
56 26 0.00000
57 26 0.00000
58 26 0.00000
59 26 0.00000
60 26 0.00000
61 26 0.00000
62 26 0.00000
63 26 0.00000
0 27 0.00000
1 27 0.00000
2 27 0.00000
3 27 0.00000
4 27 0.00000
5 27 0.00000
6 27 0.00000
7 27 0.00000
8 27 0.00000
9 27 0.00000
10 27 0.00000
11 27 0.00000
12 27 0.00000
13 27 0.00000
14 27 0.00000
15 27 0.00000
16 27 0.00000
17 27 0.00000
18 27 0.00000
19 27 0.00000
20 27 0.00000
21 27 0.00000
22 27 0.00000
23 27 0.00000
24 27 0.00000
25 27 0.00000
26 27 0.00000
27 27 0.00000
28 27 0.00000
29 27 0.00000
30 27 0.00000
31 27 0.00000
32 27 0.00000
33 27 0.00000
34 27 0.00000
35 27 0.00000
36 27 0.00000
37 27 0.00000
38 27 0.00000
39 27 0.00000
40 27 0.00000
41 27 0.00000
42 27 0.00000
43 27 0.00000
44 27 0.00000
45 27 0.00000
46 27 0.00000
47 27 0.00000
48 27 0.00000
49 27 0.00000
50 27 0.00000
51 27 0.00000
52 27 0.00000
53 27 0.00000
54 27 0.00000
55 27 0.00000
56 27 0.00000
57 27 0.00000
58 27 0.00000
59 27 0.00000
60 27 0.00000
61 27 0.00000
62 27 0.00000
63 27 0.00000
0 28 0.00000
1 28 0.00000
2 28 0.00000
3 28 0.00000
4 28 0.00000
5 28 0.00000
6 28 0.00000
7 28 0.00000
8 28 0.00000
9 28 0.00000
10 28 0.00000
11 28 0.00000
12 28 0.00000
13 28 0.00000
14 28 0.00000
15 28 0.00000
16 28 0.00000
17 28 0.00000
18 28 0.00000
19 28 0.00000
20 28 0.00000
21 28 0.00000
22 28 0.00000
23 28 0.00000
24 28 0.00000
25 28 0.00000
26 28 0.00000
27 28 0.00000
28 28 0.00000
29 28 0.00000
30 28 0.00000
31 28 0.00000
32 28 0.00000
33 28 0.00000
34 28 0.00000
35 28 0.00000
36 28 0.00000
37 28 0.00000
38 28 0.00000
39 28 0.00000
40 28 0.00000
41 28 0.00000
42 28 0.00000
43 28 0.00000
44 28 0.00000
45 28 0.00000
46 28 0.00000
47 28 0.00000
48 28 0.00000
49 28 0.00000
50 28 0.00000
51 28 0.00000
52 28 0.00000
53 28 0.00000
54 28 0.00000
55 28 0.00000
56 28 0.00000
57 28 0.00000
58 28 0.00000
59 28 0.00000
60 28 0.00000
61 28 0.00000
62 28 0.00000
63 28 0.00000
0 29 0.00000
1 29 0.00000
2 29 0.00000
3 29 0.00000
4 29 0.00000
5 29 0.00000
6 29 0.00000
7 29 0.00000
8 29 0.00000
9 29 0.00000
10 29 0.00000
11 29 0.00000
12 29 0.00000
13 29 0.00000
14 29 0.00000
15 29 0.00000
16 29 0.00000
17 29 0.00000
18 29 0.00000
19 29 0.00000
20 29 0.00000
21 29 0.00000
22 29 0.00000
23 29 0.00000
24 29 0.00000
25 29 0.00000
26 29 0.00000
27 29 0.00000
28 29 0.00000
29 29 0.00000
30 29 0.00000
31 29 0.00000
32 29 0.00000
33 29 0.00000
34 29 0.00000
35 29 0.00000
36 29 0.00000
37 29 0.00000
38 29 0.00000
39 29 0.00000
40 29 0.00000
41 29 0.00000
42 29 0.00000
43 29 0.00000
44 29 0.00000
45 29 0.00000
46 29 0.00000
47 29 0.00000
48 29 0.00000
49 29 0.00000
50 29 0.00000
51 29 0.00000
52 29 0.00000
53 29 0.00000
54 29 0.00000
55 29 0.00000
56 29 0.00000
57 29 0.00000
58 29 0.00000
59 29 0.00000
60 29 0.00000
61 29 0.00000
62 29 0.00000
63 29 0.00000
0 30 0.00000
1 30 0.00000
2 30 0.00000
3 30 0.00000
4 30 0.00000
5 30 0.00000
6 30 0.00000
7 30 0.00000
8 30 0.00000
9 30 0.00000
10 30 0.00000
11 30 0.00000
12 30 0.00000
13 30 0.00000
14 30 0.00000
15 30 0.00000
16 30 0.00000
17 30 0.00000
18 30 0.00000
19 30 0.00000
20 30 0.00000
21 30 0.00000
22 30 0.00000
23 30 0.00000
24 30 0.00000
25 30 0.00000
26 30 0.00000
27 30 0.00000
28 30 0.00000
29 30 0.00000
30 30 0.00000
31 30 0.00000
32 30 0.00000
33 30 0.00000
34 30 0.00000
35 30 0.00000
36 30 0.00000
37 30 0.00000
38 30 0.00000
39 30 0.00000
40 30 0.00000
41 30 0.00000
42 30 0.00000
43 30 0.00000
44 30 0.00000
45 30 0.00000
46 30 0.00000
47 30 0.00000
48 30 0.00000
49 30 0.00000
50 30 0.00000
51 30 0.00000
52 30 0.00000
53 30 0.00000
54 30 0.00000
55 30 0.00000
56 30 0.00000
57 30 0.00000
58 30 0.00000
59 30 0.00000
60 30 0.00000
61 30 0.00000
62 30 0.00000
63 30 0.00000
0 31 0.00000
1 31 0.00000
2 31 0.00000
3 31 0.00000
4 31 0.00000
5 31 0.00000
6 31 0.00000
7 31 0.00000
8 31 0.00000
9 31 0.00000
10 31 0.00000
11 31 0.00000
12 31 0.00000
13 31 0.00000
14 31 0.00000
15 31 0.00000
16 31 0.00000
17 31 0.00000
18 31 0.00000
19 31 0.00000
20 31 0.00000
21 31 0.00000
22 31 0.00000
23 31 0.00000
24 31 0.00000
25 31 0.00000
26 31 0.00000
27 31 0.00000
28 31 0.00000
29 31 0.00000
30 31 0.00000
31 31 0.00000
32 31 0.00000
33 31 0.00000
34 31 0.00000
35 31 0.00000
36 31 0.00000
37 31 0.00000
38 31 0.00000
39 31 0.00000
40 31 0.00000
41 31 0.00000
42 31 0.00000
43 31 0.00000
44 31 0.00000
45 31 0.00000
46 31 0.00000
47 31 0.00000
48 31 0.00000
49 31 0.00000
50 31 0.00000
51 31 0.00000
52 31 0.00000
53 31 0.00000
54 31 0.00000
55 31 0.00000
56 31 0.00000
57 31 0.00000
58 31 0.00000
59 31 0.00000
60 31 0.00000
61 31 0.00000
62 31 0.00000
63 31 0.00000
0 32 0.00000
1 32 0.00000
2 32 0.00000
3 32 0.00000
4 32 0.00000
5 32 0.00000
6 32 0.00000
7 32 0.00000
8 32 0.00000
9 32 0.00000
10 32 0.00000
11 32 0.00000
12 32 0.00000
13 32 0.00000
14 32 0.00000
15 32 0.00000
16 32 0.00000
17 32 0.00000
18 32 0.00000
19 32 0.00000
20 32 0.00000
21 32 0.00000
22 32 0.00000
23 32 0.00000
24 32 0.00000
25 32 0.00000
26 32 0.00000
27 32 0.00000
28 32 0.00000
29 32 0.00000
30 32 0.00000
31 32 0.00000
32 32 0.00000
33 32 0.00000
34 32 0.00000
35 32 0.00000
36 32 0.00000
37 32 0.00000
38 32 0.00000
39 32 0.00000
40 32 0.00000
41 32 0.00000
42 32 0.00000
43 32 0.00000
44 32 0.00000
45 32 0.00000
46 32 0.00000
47 32 0.00000
48 32 0.00000
49 32 0.00000
50 32 0.00000
51 32 0.00000
52 32 0.00000
53 32 0.00000
54 32 0.00000
55 32 0.00000
56 32 0.00000
57 32 0.00000
58 32 0.00000
59 32 0.00000
60 32 0.00000
61 32 0.00000
62 32 0.00000
63 32 0.00000
0 33 0.00000
1 33 0.00000
2 33 0.00000
3 33 0.00000
4 33 0.00000
5 33 0.00000
6 33 0.00000
7 33 0.00000
8 33 0.00000
9 33 0.00000
10 33 0.00000
11 33 0.00000
12 33 0.00000
13 33 0.00000
14 33 0.00000
15 33 0.00000
16 33 0.00000
17 33 0.00000
18 33 0.00000
19 33 0.00000
20 33 0.00000
21 33 0.00000
22 33 0.00000
23 33 0.00000
24 33 0.00000
25 33 0.00000
26 33 0.00000
27 33 0.00000
28 33 0.00000
29 33 0.00000
30 33 0.00000
31 33 0.00000
32 33 0.00000
33 33 0.00000
34 33 0.00000
35 33 0.00000
36 33 0.00000
37 33 0.00000
38 33 0.00000
39 33 0.00000
40 33 0.00000
41 33 0.00000
42 33 0.00000
43 33 0.00000
44 33 0.00000
45 33 0.00000
46 33 0.00000
47 33 0.00000
48 33 0.00000
49 33 0.00000
50 33 0.00000
51 33 0.00000
52 33 0.00000
53 33 0.00000
54 33 0.00000
55 33 0.00000
56 33 0.00000
57 33 0.00000
58 33 0.00000
59 33 0.00000
60 33 0.00000
61 33 0.00000
62 33 0.00000
63 33 0.00000
0 34 0.00000
1 34 0.00000
2 34 0.00000
3 34 0.00000
4 34 0.00000
5 34 0.00000
6 34 0.00000
7 34 0.00000
8 34 0.00000
9 34 0.00000
10 34 0.00000
11 34 0.00000
12 34 0.00000
13 34 0.00000
14 34 0.00000
15 34 0.00000
16 34 0.00000
17 34 0.00000
18 34 0.00000
19 34 0.00000
20 34 0.00000
21 34 0.00000
22 34 0.00000
23 34 0.00000
24 34 0.00000
25 34 0.00000
26 34 0.00000
27 34 0.00000
28 34 0.00000
29 34 0.00000
30 34 0.00000
31 34 0.00000
32 34 0.00000
33 34 0.00000
34 34 0.00000
35 34 0.00000
36 34 0.00000
37 34 0.00000
38 34 0.00000
39 34 0.00000
40 34 0.00000
41 34 0.00000
42 34 0.00000
43 34 0.00000
44 34 0.00000
45 34 0.00000
46 34 0.00000
47 34 0.00000
48 34 0.00000
49 34 0.00000
50 34 0.00000
51 34 0.00000
52 34 0.00000
53 34 0.00000
54 34 0.00000
55 34 0.00000
56 34 0.00000
57 34 0.00000
58 34 0.00000
59 34 0.00000
60 34 0.00000
61 34 0.00000
62 34 0.00000
63 34 0.00000
0 35 0.00000
1 35 0.00000
2 35 0.00000
3 35 0.00000
4 35 0.00000
5 35 0.00000
6 35 0.00000
7 35 0.00000
8 35 0.00000
9 35 0.00000
10 35 0.00000
11 35 0.00000
12 35 0.00000
13 35 0.00000
14 35 0.00000
15 35 0.00000
16 35 0.00000
17 35 0.00000
18 35 0.00000
19 35 0.00000
20 35 0.00000
21 35 0.00000
22 35 0.00000
23 35 0.00000
24 35 0.00000
25 35 0.00000
26 35 0.00000
27 35 0.00000
28 35 0.00000
29 35 0.00000
30 35 0.00000
31 35 0.00000
32 35 0.00000
33 35 0.00000
34 35 0.00000
35 35 0.00000
36 35 0.00000
37 35 0.00000
38 35 0.00000
39 35 0.00000
40 35 0.00000
41 35 0.00000
42 35 0.00000
43 35 0.00000
44 35 0.00000
45 35 0.00000
46 35 0.00000
47 35 0.00000
48 35 0.00000
49 35 0.00000
50 35 0.00000
51 35 0.00000
52 35 0.00000
53 35 0.00000
54 35 0.00000
55 35 0.00000
56 35 0.00000
57 35 0.00000
58 35 0.00000
59 35 0.00000
60 35 0.00000
61 35 0.00000
62 35 0.00000
63 35 0.00000
0 36 0.00000
1 36 -0.00000
2 36 0.00000
3 36 0.00000
4 36 -0.00000
5 36 0.00000
6 36 -0.00000
7 36 -0.00000
8 36 -0.00000
9 36 -0.00000
10 36 -0.00000
11 36 -0.00000
12 36 -0.00000
13 36 -0.00000
14 36 -0.00000
15 36 -0.00000
16 36 -0.00000
17 36 0.00000
18 36 0.00000
19 36 0.00000
20 36 0.00000
21 36 0.00000
22 36 0.00000
23 36 0.00000
24 36 0.00000
25 36 0.00000
26 36 0.00000
27 36 0.00000
28 36 0.00000
29 36 0.00000
30 36 0.00000
31 36 0.00000
32 36 0.00000
33 36 0.00000
34 36 0.00000
35 36 0.00000
36 36 0.00000
37 36 0.00000
38 36 0.00000
39 36 0.00000
40 36 0.00000
41 36 0.00000
42 36 0.00000
43 36 0.00000
44 36 0.00000
45 36 0.00000
46 36 0.00000
47 36 0.00000
48 36 -0.00000
49 36 -0.00000
50 36 -0.00000
51 36 -0.00000
52 36 -0.00000
53 36 -0.00000
54 36 -0.00000
55 36 -0.00000
56 36 -0.00000
57 36 -0.00000
58 36 -0.00000
59 36 0.00000
60 36 -0.00000
61 36 0.00000
62 36 0.00000
63 36 -0.00000
0 37 0.00000
1 37 -0.00000
2 37 0.00000
3 37 -0.00000
4 37 -0.00000
5 37 -0.00000
6 37 -0.00000
7 37 -0.00000
8 37 -0.00000
9 37 -0.00000
10 37 -0.00000
11 37 -0.00000
12 37 -0.00000
13 37 -0.00000
14 37 -0.00000
15 37 -0.00000
16 37 -0.00000
17 37 -0.00000
18 37 -0.00000
19 37 0.00000
20 37 0.00000
21 37 0.00000
22 37 0.00000
23 37 0.00000
24 37 0.00000
25 37 0.00000
26 37 0.00000
27 37 0.00000
28 37 0.00000
29 37 0.00000
30 37 0.00000
31 37 0.00000
32 37 0.00000
33 37 0.00000
34 37 0.00000
35 37 0.00000
36 37 0.00000
37 37 0.00000
38 37 0.00000
39 37 0.00000
40 37 0.00000
41 37 0.00000
42 37 0.00000
43 37 0.00000
44 37 0.00000
45 37 0.00000
46 37 -0.00000
47 37 -0.00000
48 37 -0.00000
49 37 -0.00000
50 37 -0.00000
51 37 -0.00000
52 37 -0.00000
53 37 -0.00000
54 37 -0.00000
55 37 -0.00000
56 37 -0.00000
57 37 -0.00000
58 37 -0.00000
59 37 -0.00000
60 37 -0.00000
61 37 -0.00000
62 37 0.00000
63 37 -0.00000
0 38 0.00000
1 38 -0.00000
2 38 -0.00000
3 38 -0.00000
4 38 -0.00000
5 38 -0.00000
6 38 -0.00000
7 38 -0.00000
8 38 -0.00000
9 38 -0.00000
10 38 -0.00000
11 38 -0.00000
12 38 -0.00000
13 38 -0.00000
14 38 -0.00000
15 38 -0.00000
16 38 -0.00000
17 38 -0.00000
18 38 -0.00000
19 38 -0.00000
20 38 -0.00000
21 38 0.00000
22 38 0.00000
23 38 0.00000
24 38 0.00000
25 38 0.00000
26 38 0.00000
27 38 0.00000
28 38 0.00000
29 38 0.00000
30 38 0.00000
31 38 0.00000
32 38 0.00000
33 38 0.00000
34 38 0.00000
35 38 0.00000
36 38 0.00000
37 38 0.00000
38 38 0.00000
39 38 0.00000
40 38 0.00000
41 38 0.00000
42 38 0.00000
43 38 0.00000
44 38 -0.00000
45 38 -0.00000
46 38 -0.00000
47 38 -0.00000
48 38 -0.00000
49 38 -0.00000
50 38 -0.00000
51 38 -0.00000
52 38 -0.00000
53 38 -0.00000
54 38 -0.00000
55 38 -0.00000
56 38 -0.00000
57 38 -0.00000
58 38 -0.00000
59 38 -0.00000
60 38 -0.00000
61 38 -0.00000
62 38 -0.00000
63 38 -0.00000
0 39 -0.00000
1 39 -0.00000
2 39 0.00000
3 39 0.00000
4 39 -0.00000
5 39 -0.00000
6 39 -0.00000
7 39 -0.00000
8 39 -0.00000
9 39 -0.00000
10 39 -0.00000
11 39 -0.00000
12 39 -0.00000
13 39 -0.00000
14 39 -0.00000
15 39 -0.00000
16 39 -0.00000
17 39 -0.00000
18 39 -0.00000
19 39 -0.00000
20 39 -0.00000
21 39 -0.00000
22 39 -0.00000
23 39 0.00000
24 39 0.00000
25 39 0.00000
26 39 0.00000
27 39 0.00000
28 39 0.00000
29 39 0.00000
30 39 0.00000
31 39 0.00000
32 39 0.00000
33 39 0.00000
34 39 0.00000
35 39 0.00000
36 39 0.00000
37 39 0.00000
38 39 0.00000
39 39 0.00000
40 39 0.00000
41 39 0.00000
42 39 -0.00000
43 39 -0.00000
44 39 -0.00000
45 39 -0.00000
46 39 -0.00000
47 39 -0.00000
48 39 -0.00000
49 39 -0.00000
50 39 -0.00000
51 39 -0.00000
52 39 -0.00000
53 39 -0.00000
54 39 -0.00000
55 39 -0.00000
56 39 -0.00000
57 39 -0.00000
58 39 -0.00000
59 39 -0.00000
60 39 -0.00000
61 39 0.00000
62 39 0.00000
63 39 -0.00000
0 40 0.00000
1 40 -0.00000
2 40 0.00000
3 40 -0.00000
4 40 -0.00000
5 40 -0.00000
6 40 -0.00000
7 40 -0.00000
8 40 -0.00000
9 40 -0.00000
10 40 -0.00000
11 40 -0.00000
12 40 -0.00000
13 40 -0.00000
14 40 -0.00000
15 40 -0.00000
16 40 -0.00000
17 40 -0.00000
18 40 -0.00000
19 40 -0.00000
20 40 -0.00000
21 40 -0.00000
22 40 -0.00000
23 40 -0.00000
24 40 -0.00000
25 40 0.00000
26 40 -0.00000
27 40 0.00000
28 40 0.00000
29 40 0.00000
30 40 -0.00000
31 40 0.00000
32 40 -0.00000
33 40 0.00000
34 40 -0.00000
35 40 0.00000
36 40 0.00000
37 40 0.00000
38 40 -0.00000
39 40 0.00000
40 40 -0.00000
41 40 -0.00000
42 40 -0.00000
43 40 -0.00000
44 40 -0.00000
45 40 -0.00000
46 40 -0.00000
47 40 -0.00000
48 40 -0.00000
49 40 -0.00000
50 40 -0.00000
51 40 -0.00000
52 40 -0.00000
53 40 -0.00000
54 40 -0.00000
55 40 -0.00000
56 40 -0.00000
57 40 -0.00000
58 40 -0.00000
59 40 -0.00000
60 40 -0.00000
61 40 -0.00000
62 40 0.00000
63 40 -0.00000
0 41 0.00000
1 41 0.00000
2 41 -0.00000
3 41 -0.00000
4 41 -0.00000
5 41 0.00000
6 41 0.00000
7 41 0.00000
8 41 -0.00000
9 41 -0.00000
10 41 -0.00000
11 41 -0.00000
12 41 -0.00000
13 41 0.00000
14 41 0.00000
15 41 -0.00000
16 41 -0.00000
17 41 -0.00000
18 41 -0.00000
19 41 -0.00000
20 41 -0.00000
21 41 -0.00000
22 41 -0.00000
23 41 -0.00000
24 41 -0.00000
25 41 -0.00000
26 41 -0.00000
27 41 0.00000
28 41 -0.00000
29 41 0.00000
30 41 -0.00000
31 41 0.00000
32 41 -0.00000
33 41 0.00000
34 41 -0.00000
35 41 0.00000
36 41 -0.00000
37 41 0.00000
38 41 -0.00000
39 41 -0.00000
40 41 -0.00000
41 41 -0.00000
42 41 -0.00000
43 41 -0.00000
44 41 -0.00000
45 41 -0.00000
46 41 -0.00000
47 41 -0.00000
48 41 -0.00000
49 41 -0.00000
50 41 0.00000
51 41 0.00000
52 41 -0.00000
53 41 -0.00000
54 41 -0.00000
55 41 -0.00000
56 41 -0.00000
57 41 0.00000
58 41 0.00000
59 41 0.00000
60 41 -0.00000
61 41 -0.00000
62 41 -0.00000
63 41 0.00000
0 42 -0.00000
1 42 -0.00000
2 42 -0.00000
3 42 0.00000
4 42 0.00000
5 42 0.00000
6 42 0.00000
7 42 -0.00000
8 42 -0.00000
9 42 -0.00000
10 42 -0.00000
11 42 0.00000
12 42 0.00000
13 42 0.00000
14 42 -0.00000
15 42 -0.00000
16 42 -0.00000
17 42 -0.00000
18 42 0.00000
19 42 0.00000
20 42 0.00000
21 42 -0.00000
22 42 -0.00000
23 42 -0.00000
24 42 -0.00000
25 42 -0.00000
26 42 -0.00000
27 42 0.00000
28 42 -0.00000
29 42 -0.00000
30 42 -0.00000
31 42 0.00000
32 42 -0.00000
33 42 0.00000
34 42 -0.00000
35 42 -0.00000
36 42 -0.00000
37 42 0.00000
38 42 -0.00000
39 42 -0.00000
40 42 -0.00000
41 42 -0.00000
42 42 -0.00000
43 42 -0.00000
44 42 0.00000
45 42 0.00000
46 42 0.00000
47 42 -0.00000
48 42 -0.00000
49 42 -0.00000
50 42 -0.00000
51 42 0.00000
52 42 0.00000
53 42 0.00000
54 42 -0.00000
55 42 -0.00000
56 42 -0.00000
57 42 -0.00000
58 42 0.00000
59 42 0.00000
60 42 0.00000
61 42 0.00000
62 42 -0.00000
63 42 -0.00000
0 43 -0.00000
1 43 -0.00000
2 43 0.00000
3 43 0.00000
4 43 0.00000
5 43 -0.00000
6 43 -0.00000
7 43 -0.00000
8 43 0.00000
9 43 0.00000
10 43 0.00000
11 43 0.00000
12 43 -0.00000
13 43 -0.00000
14 43 -0.00000
15 43 -0.00000
16 43 0.00000
17 43 0.00000
18 43 0.00000
19 43 -0.00000
20 43 -0.00000
21 43 -0.00000
22 43 -0.00000
23 43 -0.00000
24 43 0.00000
25 43 -0.00000
26 43 0.00000
27 43 -0.00000
28 43 0.00000
29 43 -0.00000
30 43 0.00000
31 43 0.00000
32 43 0.00000
33 43 0.00000
34 43 0.00000
35 43 -0.00000
36 43 0.00000
37 43 -0.00000
38 43 0.00000
39 43 -0.00000
40 43 0.00000
41 43 -0.00000
42 43 -0.00000
43 43 -0.00000
44 43 -0.00000
45 43 -0.00000
46 43 0.00000
47 43 0.00000
48 43 0.00000
49 43 -0.00000
50 43 -0.00000
51 43 -0.00000
52 43 -0.00000
53 43 0.00000
54 43 0.00000
55 43 0.00000
56 43 0.00000
57 43 -0.00000
58 43 -0.00000
59 43 -0.00000
60 43 0.00000
61 43 0.00000
62 43 0.00000
63 43 -0.00000
0 44 0.00000
1 44 0.00000
2 44 0.00000
3 44 -0.00000
4 44 -0.00000
5 44 -0.00000
6 44 -0.00000
7 44 0.00000
8 44 0.00000
9 44 0.00000
10 44 -0.00000
11 44 -0.00000
12 44 -0.00000
13 44 -0.00000
14 44 0.00000
15 44 0.00000
16 44 0.00000
17 44 -0.00000
18 44 -0.00000
19 44 -0.00000
20 44 -0.00000
21 44 0.00000
22 44 0.00000
23 44 0.00000
24 44 0.00000
25 44 -0.00000
26 44 0.00000
27 44 -0.00000
28 44 0.00000
29 44 -0.00000
30 44 0.00000
31 44 0.00000
32 44 0.00000
33 44 0.00000
34 44 0.00000
35 44 -0.00000
36 44 0.00000
37 44 -0.00000
38 44 0.00000
39 44 -0.00000
40 44 0.00000
41 44 0.00000
42 44 0.00000
43 44 0.00000
44 44 -0.00000
45 44 -0.00000
46 44 -0.00000
47 44 -0.00000
48 44 0.00000
49 44 0.00000
50 44 0.00000
51 44 -0.00000
52 44 -0.00000
53 44 -0.00000
54 44 -0.00000
55 44 0.00000
56 44 0.00000
57 44 0.00000
58 44 -0.00000
59 44 -0.00000
60 44 -0.00000
61 44 -0.00000
62 44 0.00000
63 44 0.00000
0 45 0.00000
1 45 0.00000
2 45 -0.00000
3 45 -0.00000
4 45 -0.00000
5 45 0.00000
6 45 0.00000
7 45 0.00000
8 45 -0.00000
9 45 -0.00000
10 45 -0.00000
11 45 -0.00000
12 45 0.00000
13 45 0.00000
14 45 0.00000
15 45 -0.00000
16 45 -0.00000
17 45 -0.00000
18 45 -0.00000
19 45 0.00000
20 45 0.00000
21 45 0.00000
22 45 0.00000
23 45 -0.00000
24 45 -0.00000
25 45 -0.00000
26 45 -0.00000
27 45 -0.00000
28 45 0.00000
29 45 0.00000
30 45 0.00000
31 45 0.00000
32 45 0.00000
33 45 0.00000
34 45 0.00000
35 45 0.00000
36 45 0.00000
37 45 -0.00000
38 45 -0.00000
39 45 -0.00000
40 45 -0.00000
41 45 -0.00000
42 45 0.00000
43 45 0.00000
44 45 0.00000
45 45 0.00000
46 45 -0.00000
47 45 -0.00000
48 45 -0.00000
49 45 -0.00000
50 45 0.00000
51 45 0.00000
52 45 0.00000
53 45 -0.00000
54 45 -0.00000
55 45 -0.00000
56 45 -0.00000
57 45 0.00000
58 45 0.00000
59 45 0.00000
60 45 -0.00000
61 45 -0.00000
62 45 -0.00000
63 45 0.00000
0 46 -0.00000
1 46 -0.00000
2 46 -0.00000
3 46 0.00000
4 46 0.00000
5 46 0.00000
6 46 -0.00000
7 46 -0.00000
8 46 -0.00000
9 46 -0.00000
10 46 0.00000
11 46 0.00000
12 46 0.00000
13 46 -0.00000
14 46 -0.00000
15 46 -0.00000
16 46 -0.00000
17 46 0.00000
18 46 0.00000
19 46 0.00000
20 46 0.00000
21 46 -0.00000
22 46 -0.00000
23 46 -0.00000
24 46 -0.00000
25 46 0.00000
26 46 0.00000
27 46 0.00000
28 46 0.00000
29 46 -0.00000
30 46 -0.00000
31 46 -0.00000
32 46 -0.00000
33 46 -0.00000
34 46 -0.00000
35 46 -0.00000
36 46 0.00000
37 46 0.00000
38 46 0.00000
39 46 0.00000
40 46 -0.00000
41 46 -0.00000
42 46 -0.00000
43 46 -0.00000
44 46 0.00000
45 46 0.00000
46 46 0.00000
47 46 0.00000
48 46 -0.00000
49 46 -0.00000
50 46 -0.00000
51 46 -0.00000
52 46 0.00000
53 46 0.00000
54 46 0.00000
55 46 -0.00000
56 46 -0.00000
57 46 -0.00000
58 46 -0.00000
59 46 0.00000
60 46 0.00000
61 46 0.00000
62 46 -0.00000
63 46 -0.00000
0 47 -0.00000
1 47 -0.00000
2 47 0.00000
3 47 0.00000
4 47 0.00000
5 47 -0.00000
6 47 -0.00000
7 47 -0.00000
8 47 0.00000
9 47 0.00000
10 47 0.00000
11 47 -0.00000
12 47 -0.00000
13 47 -0.00000
14 47 -0.00000
15 47 0.00000
16 47 0.00000
17 47 0.00000
18 47 0.00000
19 47 -0.00000
20 47 -0.00000
21 47 -0.00000
22 47 -0.00000
23 47 0.00000
24 47 0.00000
25 47 0.00000
26 47 0.00000
27 47 -0.00000
28 47 -0.00000
29 47 -0.00000
30 47 -0.00000
31 47 -0.00000
32 47 -0.00000
33 47 -0.00000
34 47 -0.00000
35 47 -0.00000
36 47 -0.00000
37 47 -0.00000
38 47 0.00000
39 47 0.00000
40 47 0.00000
41 47 0.00000
42 47 -0.00000
43 47 -0.00000
44 47 -0.00000
45 47 -0.00000
46 47 0.00000
47 47 0.00000
48 47 0.00000
49 47 0.00000
50 47 -0.00000
51 47 -0.00000
52 47 -0.00000
53 47 -0.00000
54 47 0.00000
55 47 0.00000
56 47 0.00000
57 47 -0.00000
58 47 -0.00000
59 47 -0.00000
60 47 0.00000
61 47 0.00000
62 47 0.00000
63 47 -0.00000
0 48 0.00000
1 48 0.00000
2 48 0.00000
3 48 -0.00000
4 48 -0.00000
5 48 -0.00000
6 48 0.00000
7 48 0.00000
8 48 0.00000
9 48 0.00000
10 48 -0.00000
11 48 -0.00000
12 48 -0.00000
13 48 0.00000
14 48 0.00000
15 48 0.00000
16 48 0.00000
17 48 -0.00000
18 48 -0.00000
19 48 -0.00000
20 48 0.00000
21 48 0.00000
22 48 0.00000
23 48 0.00000
24 48 0.00000
25 48 -0.00000
26 48 -0.00000
27 48 -0.00000
28 48 -0.00000
29 48 -0.00000
30 48 0.00000
31 48 0.00000
32 48 0.00000
33 48 0.00000
34 48 0.00000
35 48 -0.00000
36 48 -0.00000
37 48 -0.00000
38 48 -0.00000
39 48 -0.00000
40 48 0.00000
41 48 0.00000
42 48 0.00000
43 48 0.00000
44 48 0.00000
45 48 -0.00000
46 48 -0.00000
47 48 -0.00000
48 48 0.00000
49 48 0.00000
50 48 0.00000
51 48 0.00000
52 48 -0.00000
53 48 -0.00000
54 48 -0.00000
55 48 0.00000
56 48 0.00000
57 48 0.00000
58 48 0.00000
59 48 -0.00000
60 48 -0.00000
61 48 -0.00000
62 48 0.00000
63 48 0.00000
0 49 0.00000
1 49 0.00000
2 49 -0.00000
3 49 -0.00000
4 49 -0.00000
5 49 0.00000
6 49 0.00000
7 49 0.00000
8 49 -0.00000
9 49 -0.00000
10 49 -0.00000
11 49 0.00000
12 49 0.00000
13 49 0.00000
14 49 0.00000
15 49 -0.00000
16 49 -0.00000
17 49 -0.00000
18 49 0.00000
19 49 0.00000
20 49 0.00000
21 49 0.00000
22 49 -0.00000
23 49 -0.00000
24 49 -0.00000
25 49 -0.00000
26 49 -0.00000
27 49 0.00000
28 49 0.00000
29 49 0.00000
30 49 0.00000
31 49 0.00000
32 49 0.00000
33 49 0.00000
34 49 0.00000
35 49 0.00000
36 49 0.00000
37 49 0.00000
38 49 -0.00000
39 49 -0.00000
40 49 -0.00000
41 49 -0.00000
42 49 -0.00000
43 49 0.00000
44 49 0.00000
45 49 0.00000
46 49 0.00000
47 49 -0.00000
48 49 -0.00000
49 49 -0.00000
50 49 0.00000
51 49 0.00000
52 49 0.00000
53 49 0.00000
54 49 -0.00000
55 49 -0.00000
56 49 -0.00000
57 49 0.00000
58 49 0.00000
59 49 0.00000
60 49 -0.00000
61 49 -0.00000
62 49 -0.00000
63 49 0.00000
0 50 0.00000
1 50 -0.00000
2 50 -0.00000
3 50 0.00000
4 50 0.00000
5 50 0.00000
6 50 -0.00000
7 50 -0.00000
8 50 -0.00000
9 50 0.00000
10 50 0.00000
11 50 0.00000
12 50 0.00000
13 50 -0.00000
14 50 -0.00000
15 50 -0.00000
16 50 0.00000
17 50 0.00000
18 50 0.00000
19 50 0.00000
20 50 -0.00000
21 50 -0.00000
22 50 -0.00000
23 50 -0.00000
24 50 0.00000
25 50 0.00000
26 50 0.00000
27 50 0.00000
28 50 0.00000
29 50 0.00000
30 50 -0.00000
31 50 -0.00000
32 50 -0.00000
33 50 -0.00000
34 50 -0.00000
35 50 0.00000
36 50 0.00000
37 50 0.00000
38 50 0.00000
39 50 0.00000
40 50 0.00000
41 50 -0.00000
42 50 -0.00000
43 50 -0.00000
44 50 -0.00000
45 50 0.00000
46 50 0.00000
47 50 0.00000
48 50 0.00000
49 50 -0.00000
50 50 -0.00000
51 50 -0.00000
52 50 0.00000
53 50 0.00000
54 50 0.00000
55 50 0.00000
56 50 -0.00000
57 50 -0.00000
58 50 -0.00000
59 50 0.00000
60 50 0.00000
61 50 0.00000
62 50 -0.00000
63 50 -0.00000
0 51 -0.00000
1 51 -0.00000
2 51 0.00000
3 51 0.00000
4 51 0.00000
5 51 -0.00000
6 51 -0.00000
7 51 -0.00000
8 51 0.00000
9 51 0.00000
10 51 0.00000
11 51 -0.00000
12 51 -0.00000
13 51 -0.00000
14 51 0.00000
15 51 0.00000
16 51 0.00000
17 51 0.00000
18 51 -0.00000
19 51 -0.00000
20 51 -0.00000
21 51 -0.00000
22 51 0.00000
23 51 0.00000
24 51 0.00000
25 51 0.00000
26 51 0.00000
27 51 -0.00000
28 51 -0.00000
29 51 -0.00000
30 51 -0.00000
31 51 -0.00000
32 51 -0.00000
33 51 -0.00000
34 51 -0.00000
35 51 -0.00000
36 51 -0.00000
37 51 -0.00000
38 51 0.00000
39 51 0.00000
40 51 0.00000
41 51 0.00000
42 51 0.00000
43 51 -0.00000
44 51 -0.00000
45 51 -0.00000
46 51 -0.00000
47 51 0.00000
48 51 0.00000
49 51 0.00000
50 51 0.00000
51 51 -0.00000
52 51 -0.00000
53 51 -0.00000
54 51 0.00000
55 51 0.00000
56 51 0.00000
57 51 -0.00000
58 51 -0.00000
59 51 -0.00000
60 51 0.00000
61 51 0.00000
62 51 0.00000
63 51 -0.00000
0 52 -0.00000
1 52 0.00000
2 52 0.00000
3 52 0.00000
4 52 -0.00000
5 52 -0.00000
6 52 0.00000
7 52 0.00000
8 52 0.00000
9 52 -0.00000
10 52 -0.00000
11 52 -0.00000
12 52 -0.00000
13 52 0.00000
14 52 0.00001
15 52 0.00000
16 52 -0.00000
17 52 -0.00001
18 52 -0.00001
19 52 -0.00000
20 52 0.00001
21 52 0.00001
22 52 0.00001
23 52 0.00001
24 52 -0.00000
25 52 -0.00001
26 52 -0.00002
27 52 -0.00001
28 52 -0.00001
29 52 0.00000
30 52 0.00001
31 52 0.00002
32 52 0.00002
33 52 0.00002
34 52 0.00001
35 52 0.00000
36 52 -0.00001
37 52 -0.00001
38 52 -0.00002
39 52 -0.00001
40 52 -0.00000
41 52 0.00001
42 52 0.00001
43 52 0.00001
44 52 0.00001
45 52 -0.00000
46 52 -0.00001
47 52 -0.00001
48 52 -0.00000
49 52 0.00000
50 52 0.00001
51 52 0.00000
52 52 -0.00000
53 52 -0.00000
54 52 -0.00000
55 52 -0.00000
56 52 0.00000
57 52 0.00000
58 52 0.00000
59 52 -0.00000
60 52 -0.00000
61 52 0.00000
62 52 0.00000
63 52 0.00000
0 53 0.00000
1 53 0.00000
2 53 0.00000
3 53 -0.00000
4 53 -0.00000
5 53 0.00000
6 53 0.00000
7 53 0.00000
8 53 -0.00000
9 53 -0.00000
10 53 -0.00000
11 53 0.00000
12 53 0.00001
13 53 0.00001
14 53 -0.00000
15 53 -0.00002
16 53 -0.00002
17 53 -0.00001
18 53 0.00002
19 53 0.00004
20 53 0.00004
21 53 0.00001
22 53 -0.00003
23 53 -0.00006
24 53 -0.00006
25 53 -0.00004
26 53 0.00000
27 53 0.00005
28 53 0.00008
29 53 0.00009
30 53 0.00009
31 53 0.00009
32 53 0.00009
33 53 0.00009
34 53 0.00009
35 53 0.00009
36 53 0.00008
37 53 0.00005
38 53 0.00000
39 53 -0.00004
40 53 -0.00006
41 53 -0.00006
42 53 -0.00003
43 53 0.00001
44 53 0.00004
45 53 0.00004
46 53 0.00002
47 53 -0.00001
48 53 -0.00002
49 53 -0.00002
50 53 -0.00000
51 53 0.00001
52 53 0.00001
53 53 0.00000
54 53 -0.00000
55 53 -0.00000
56 53 -0.00000
57 53 0.00000
58 53 0.00000
59 53 0.00000
60 53 -0.00000
61 53 -0.00000
62 53 0.00000
63 53 0.00000
0 54 0.00000
1 54 0.00000
2 54 -0.00000
3 54 -0.00000
4 54 0.00000
5 54 0.00000
6 54 0.00000
7 54 -0.00000
8 54 -0.00000
9 54 -0.00000
10 54 0.00001
11 54 0.00001
12 54 0.00000
13 54 -0.00002
14 54 -0.00003
15 54 -0.00002
16 54 0.00003
17 54 0.00007
18 54 0.00007
19 54 0.00002
20 54 -0.00008
21 54 -0.00016
22 54 -0.00016
23 54 -0.00006
24 54 0.00009
25 54 0.00021
26 54 0.00027
27 54 0.00022
28 54 0.00008
29 54 -0.00012
30 54 -0.00030
31 54 -0.00042
32 54 -0.00046
33 54 -0.00042
34 54 -0.00030
35 54 -0.00012
36 54 0.00008
37 54 0.00022
38 54 0.00027
39 54 0.00021
40 54 0.00009
41 54 -0.00006
42 54 -0.00016
43 54 -0.00016
44 54 -0.00008
45 54 0.00002
46 54 0.00007
47 54 0.00007
48 54 0.00003
49 54 -0.00002
50 54 -0.00003
51 54 -0.00002
52 54 0.00000
53 54 0.00001
54 54 0.00001
55 54 -0.00000
56 54 -0.00000
57 54 -0.00000
58 54 0.00000
59 54 0.00000
60 54 0.00000
61 54 -0.00000
62 54 -0.00000
63 54 0.00000
0 55 0.00000
1 55 -0.00000
2 55 -0.00000
3 55 0.00000
4 55 0.00000
5 55 0.00000
6 55 -0.00000
7 55 -0.00000
8 55 0.00000
9 55 0.00001
10 55 0.00001
11 55 -0.00001
12 55 -0.00003
13 55 -0.00004
14 55 0.00001
15 55 0.00009
16 55 0.00013
17 55 0.00004
18 55 -0.00015
19 55 -0.00032
20 55 -0.00032
21 55 -0.00006
22 55 0.00036
23 55 0.00071
24 55 0.00077
25 55 0.00044
26 55 -0.00020
27 55 -0.00104
28 55 -0.00188
29 55 -0.00259
30 55 -0.00307
31 55 -0.00335
32 55 -0.00344
33 55 -0.00335
34 55 -0.00307
35 55 -0.00259
36 55 -0.00188
37 55 -0.00104
38 55 -0.00020
39 55 0.00044
40 55 0.00077
41 55 0.00071
42 55 0.00036
43 55 -0.00006
44 55 -0.00032
45 55 -0.00032
46 55 -0.00015
47 55 0.00004
48 55 0.00013
49 55 0.00009
50 55 0.00001
51 55 -0.00004
52 55 -0.00003
53 55 -0.00001
54 55 0.00001
55 55 0.00001
56 55 0.00000
57 55 -0.00000
58 55 -0.00000
59 55 0.00000
60 55 0.00000
61 55 0.00000
62 55 -0.00000
63 55 -0.00000
0 56 -0.00000
1 56 -0.00000
2 56 0.00000
3 56 0.00000
4 56 0.00000
5 56 -0.00000
6 56 -0.00000
7 56 0.00000
8 56 0.00001
9 56 0.00001
10 56 -0.00002
11 56 -0.00005
12 56 -0.00002
13 56 0.00007
14 56 0.00016
15 56 0.00012
16 56 -0.00013
17 56 -0.00045
18 56 -0.00053
19 56 -0.00010
20 56 0.00074
21 56 0.00151
22 56 0.00160
23 56 0.00069
24 56 -0.00108
25 56 -0.00314
26 56 -0.00471
27 56 -0.00517
28 56 -0.00428
29 56 -0.00240
30 56 -0.00021
31 56 0.00149
32 56 0.00212
33 56 0.00149
34 56 -0.00021
35 56 -0.00240
36 56 -0.00428
37 56 -0.00517
38 56 -0.00471
39 56 -0.00314
40 56 -0.00108
41 56 0.00069
42 56 0.00160
43 56 0.00151
44 56 0.00074
45 56 -0.00010
46 56 -0.00053
47 56 -0.00045
48 56 -0.00013
49 56 0.00012
50 56 0.00016
51 56 0.00007
52 56 -0.00002
53 56 -0.00005
54 56 -0.00002
55 56 0.00001
56 56 0.00001
57 56 0.00000
58 56 -0.00000
59 56 -0.00000
60 56 0.00000
61 56 0.00000
62 56 0.00000
63 56 -0.00000
0 57 -0.00000
1 57 -0.00000
2 57 0.00000
3 57 0.00000
4 57 -0.00000
5 57 -0.00000
6 57 0.00000
7 57 0.00001
8 57 0.00001
9 57 -0.00002
10 57 -0.00005
11 57 -0.00001
12 57 0.00012
13 57 0.00019
14 57 0.00002
15 57 -0.00039
16 57 -0.00071
17 57 -0.00036
18 57 0.00082
19 57 0.00221
20 57 0.00258
21 57 0.00102
22 57 -0.00233
23 57 -0.00595
24 57 -0.00721
25 57 -0.00360
26 57 0.00611
27 57 0.02139
28 57 0.04014
29 57 0.05933
30 57 0.07577
31 57 0.08679
32 57 0.09066
33 57 0.08679
34 57 0.07577
35 57 0.05933
36 57 0.04014
37 57 0.02139
38 57 0.00611
39 57 -0.00360
40 57 -0.00721
41 57 -0.00595
42 57 -0.00233
43 57 0.00102
44 57 0.00258
45 57 0.00221
46 57 0.00082
47 57 -0.00036
48 57 -0.00071
49 57 -0.00039
50 57 0.00002
51 57 0.00019
52 57 0.00012
53 57 -0.00001
54 57 -0.00005
55 57 -0.00002
56 57 0.00001
57 57 0.00001
58 57 0.00000
59 57 -0.00000
60 57 -0.00000
61 57 0.00000
62 57 0.00000
63 57 -0.00000
0 58 -0.00000
1 58 0.00000
2 58 0.00000
3 58 -0.00000
4 58 -0.00000
5 58 0.00000
6 58 0.00001
7 58 0.00001
8 58 -0.00002
9 58 -0.00005
10 58 0.00000
11 58 0.00014
12 58 0.00018
13 58 -0.00010
14 58 -0.00062
15 58 -0.00075
16 58 0.00023
17 58 0.00216
18 58 0.00342
19 58 0.00205
20 58 -0.00263
21 58 -0.00830
22 58 -0.00940
23 58 0.00064
24 58 0.02646
25 58 0.06864
26 58 0.12357
27 58 0.18473
28 58 0.24491
29 58 0.29770
30 58 0.33834
31 58 0.36378
32 58 0.37242
33 58 0.36378
34 58 0.33834
35 58 0.29770
36 58 0.24491
37 58 0.18473
38 58 0.12357
39 58 0.06864
40 58 0.02646
41 58 0.00064
42 58 -0.00940
43 58 -0.00830
44 58 -0.00263
45 58 0.00205
46 58 0.00342
47 58 0.00216
48 58 0.00023
49 58 -0.00075
50 58 -0.00062
51 58 -0.00010
52 58 0.00018
53 58 0.00014
54 58 0.00000
55 58 -0.00005
56 58 -0.00002
57 58 0.00001
58 58 0.00001
59 58 0.00000
60 58 -0.00000
61 58 -0.00000
62 58 0.00000
63 58 0.00000
0 59 0.00000
1 59 0.00000
2 59 -0.00000
3 59 -0.00000
4 59 -0.00000
5 59 0.00001
6 59 0.00001
7 59 -0.00001
8 59 -0.00004
9 59 0.00000
10 59 0.00014
11 59 0.00017
12 59 -0.00018
13 59 -0.00073
14 59 -0.00065
15 59 0.00092
16 59 0.00325
17 59 0.00361
18 59 -0.00057
19 59 -0.00818
20 59 -0.01221
21 59 -0.00078
22 59 0.03732
23 59 0.10663
24 59 0.20270
25 59 0.31414
26 59 0.42748
27 59 0.53122
28 59 0.61803
29 59 0.68473
30 59 0.73102
31 59 0.75799
32 59 0.76682
33 59 0.75799
34 59 0.73102
35 59 0.68473
36 59 0.61803
37 59 0.53122
38 59 0.42748
39 59 0.31414
40 59 0.20270
41 59 0.10663
42 59 0.03732
43 59 -0.00078
44 59 -0.01221
45 59 -0.00818
46 59 -0.00057
47 59 0.00361
48 59 0.00325
49 59 0.00092
50 59 -0.00065
51 59 -0.00073
52 59 -0.00018
53 59 0.00017
54 59 0.00014
55 59 0.00000
56 59 -0.00004
57 59 -0.00001
58 59 0.00001
59 59 0.00001
60 59 -0.00000
61 59 -0.00000
62 59 -0.00000
63 59 0.00000
0 60 0.00000
1 60 0.00000
2 60 -0.00000
3 60 -0.00000
4 60 0.00000
5 60 0.00001
6 60 -0.00001
7 60 -0.00004
8 60 -0.00001
9 60 0.00012
10 60 0.00017
11 60 -0.00018
12 60 -0.00075
13 60 -0.00055
14 60 0.00138
15 60 0.00383
16 60 0.00302
17 60 -0.00377
18 60 -0.01255
19 60 -0.00953
20 60 0.02439
21 60 0.10308
22 60 0.22578
23 60 0.37680
24 60 0.53332
25 60 0.67483
26 60 0.78906
27 60 0.87276
28 60 0.92910
29 60 0.96413
30 60 0.98406
31 60 0.99390
32 60 0.99682
33 60 0.99390
34 60 0.98406
35 60 0.96413
36 60 0.92910
37 60 0.87276
38 60 0.78906
39 60 0.67483
40 60 0.53332
41 60 0.37680
42 60 0.22577
43 60 0.10308
44 60 0.02439
45 60 -0.00953
46 60 -0.01255
47 60 -0.00377
48 60 0.00302
49 60 0.00383
50 60 0.00138
51 60 -0.00055
52 60 -0.00075
53 60 -0.00018
54 60 0.00017
55 60 0.00012
56 60 -0.00001
57 60 -0.00004
58 60 -0.00001
59 60 0.00001
60 60 0.00000
61 60 -0.00000
62 60 -0.00000
63 60 0.00000
0 61 0.00000
1 61 -0.00000
2 61 -0.00000
3 61 0.00000
4 61 0.00001
5 61 0.00000
6 61 -0.00003
7 61 -0.00003
8 61 0.00009
9 61 0.00017
10 61 -0.00011
11 61 -0.00071
12 61 -0.00055
13 61 0.00149
14 61 0.00401
15 61 0.00241
16 61 -0.00610
17 61 -0.01446
18 61 -0.00166
19 61 0.05831
20 61 0.17884
21 61 0.34904
22 61 0.53819
23 61 0.71197
24 61 0.84722
25 61 0.93723
26 61 0.98778
27 61 1.01036
28 61 1.01653
29 61 1.01480
30 61 1.01067
31 61 1.00727
32 61 1.00601
33 61 1.00727
34 61 1.01067
35 61 1.01480
36 61 1.01653
37 61 1.01036
38 61 0.98778
39 61 0.93722
40 61 0.84722
41 61 0.71197
42 61 0.53819
43 61 0.34904
44 61 0.17884
45 61 0.05831
46 61 -0.00166
47 61 -0.01446
48 61 -0.00610
49 61 0.00241
50 61 0.00401
51 61 0.00149
52 61 -0.00055
53 61 -0.00071
54 61 -0.00011
55 61 0.00017
56 61 0.00009
57 61 -0.00003
58 61 -0.00003
59 61 0.00000
60 61 0.00001
61 61 0.00000
62 61 -0.00000
63 61 -0.00000
0 62 0.00000
1 62 -0.00000
2 62 -0.00000
3 62 0.00000
4 62 0.00001
5 62 -0.00002
6 62 -0.00003
7 62 0.00004
8 62 0.00016
9 62 -0.00001
10 62 -0.00059
11 62 -0.00063
12 62 0.00122
13 62 0.00391
14 62 0.00233
15 62 -0.00694
16 62 -0.01482
17 62 0.00594
18 62 0.08788
19 62 0.24291
20 62 0.44821
21 62 0.65766
22 62 0.82845
23 62 0.94040
24 62 0.99711
25 62 1.01550
26 62 1.01373
27 62 1.00479
28 62 0.99551
29 62 0.98840
30 62 0.98400
31 62 0.98176
32 62 0.98109
33 62 0.98176
34 62 0.98400
35 62 0.98840
36 62 0.99551
37 62 1.00479
38 62 1.01373
39 62 1.01550
40 62 0.99711
41 62 0.94040
42 62 0.82845
43 62 0.65766
44 62 0.44821
45 62 0.24291
46 62 0.08788
47 62 0.00594
48 62 -0.01482
49 62 -0.00694
50 62 0.00233
51 62 0.00391
52 62 0.00122
53 62 -0.00063
54 62 -0.00059
55 62 -0.00001
56 62 0.00016
57 62 0.00004
58 62 -0.00003
59 62 -0.00002
60 62 0.00001
61 62 0.00000
62 62 -0.00000
63 62 -0.00000
0 63 -0.00000
1 63 -0.00000
2 63 0.00000
3 63 0.00001
4 63 -0.00000
5 63 -0.00003
6 63 0.00000
7 63 0.00012
8 63 0.00008
9 63 -0.00039
10 63 -0.00071
11 63 0.00071
12 63 0.00350
13 63 0.00277
14 63 -0.00618
15 63 -0.01470
16 63 0.00859
17 63 0.10313
18 63 0.28173
19 63 0.51150
20 63 0.73217
21 63 0.89450
22 63 0.98374
23 63 1.01523
24 63 1.01507
25 63 1.00473
26 63 0.99556
27 63 0.99096
28 63 0.99028
29 63 0.99165
30 63 0.99356
31 63 0.99493
32 63 0.99542
33 63 0.99493
34 63 0.99356
35 63 0.99165
36 63 0.99028
37 63 0.99096
38 63 0.99556
39 63 1.00473
40 63 1.01507
41 63 1.01523
42 63 0.98374
43 63 0.89450
44 63 0.73217
45 63 0.51150
46 63 0.28173
47 63 0.10313
48 63 0.00859
49 63 -0.01470
50 63 -0.00618
51 63 0.00277
52 63 0.00350
53 63 0.00071
54 63 -0.00071
55 63 -0.00039
56 63 0.00008
57 63 0.00012
58 63 0.00000
59 63 -0.00003
60 63 -0.00000
61 63 0.00001
62 63 0.00000
63 63 -0.00000
0 64 -0.00000
1 64 -0.00000
2 64 0.00000
3 64 0.00000
4 64 -0.00001
5 64 -0.00002
6 64 0.00006
7 64 0.00012
8 64 -0.00017
9 64 -0.00065
10 64 0.00008
11 64 0.00273
12 64 0.00334
13 64 -0.00409
14 64 -0.01413
15 64 0.00492
16 64 0.09981
17 64 0.28962
18 64 0.53669
19 64 0.76801
20 64 0.92656
21 64 1.00146
22 64 1.01796
23 64 1.00937
24 64 0.99776
25 64 0.99194
26 64 0.99209
27 64 0.99516
28 64 0.99865
29 64 1.00125
30 64 1.00276
31 64 1.00340
32 64 1.00356
33 64 1.00340
34 64 1.00276
35 64 1.00125
36 64 0.99865
37 64 0.99516
38 64 0.99209
39 64 0.99194
40 64 0.99776
41 64 1.00937
42 64 1.01796
43 64 1.00146
44 64 0.92656
45 64 0.76801
46 64 0.53669
47 64 0.28962
48 64 0.09981
49 64 0.00492
50 64 -0.01413
51 64 -0.00409
52 64 0.00334
53 64 0.00273
54 64 0.00008
55 64 -0.00065
56 64 -0.00017
57 64 0.00012
58 64 0.00006
59 64 -0.00002
60 64 -0.00001
61 64 0.00000
62 64 0.00000
63 64 -0.00000
0 65 -0.00000
1 65 0.00000
2 65 0.00000
3 65 -0.00000
4 65 -0.00002
5 65 0.00001
6 65 0.00010
7 65 0.00001
8 65 -0.00045
9 65 -0.00040
10 65 0.00162
11 65 0.00352
12 65 -0.00124
13 65 -0.01223
14 65 -0.00266
15 65 0.07948
16 65 0.26636
17 65 0.52460
18 65 0.77084
19 65 0.93575
20 65 1.00696
21 65 1.01682
22 65 1.00493
23 65 0.99431
24 65 0.99113
25 65 0.99355
26 65 0.99743
27 65 1.00009
28 65 1.00095
29 65 1.00056
30 65 0.99972
31 65 0.99898
32 65 0.99868
33 65 0.99898
34 65 0.99972
35 65 1.00056
36 65 1.00095
37 65 1.00009
38 65 0.99743
39 65 0.99355
40 65 0.99113
41 65 0.99431
42 65 1.00493
43 65 1.01682
44 65 1.00696
45 65 0.93575
46 65 0.77084
47 65 0.52460
48 65 0.26636
49 65 0.07948
50 65 -0.00266
51 65 -0.01223
52 65 -0.00124
53 65 0.00352
54 65 0.00162
55 65 -0.00040
56 65 -0.00045
57 65 0.00001
58 65 0.00010
59 65 0.00001
60 65 -0.00002
61 65 -0.00000
62 65 0.00000
63 65 0.00000
0 66 -0.00000
1 66 0.00000
2 66 0.00000
3 66 -0.00001
4 66 -0.00001
5 66 0.00005
6 66 0.00008
7 66 -0.00019
8 66 -0.00051
9 66 0.00052
10 66 0.00293
11 66 0.00146
12 66 -0.00836
13 66 -0.00959
14 66 0.04893
15 66 0.21634
16 66 0.47646
17 66 0.74222
18 66 0.92634
19 66 1.00578
20 66 1.01580
21 66 1.00293
22 66 0.99327
23 66 0.99197
24 66 0.99541
25 66 0.99913
26 66 1.00079
27 66 1.00064
28 66 0.99974
29 66 0.99882
30 66 0.99817
31 66 0.99779
32 66 0.99766
33 66 0.99779
34 66 0.99817
35 66 0.99882
36 66 0.99974
37 66 1.00064
38 66 1.00079
39 66 0.99913
40 66 0.99541
41 66 0.99197
42 66 0.99327
43 66 1.00293
44 66 1.01580
45 66 1.00578
46 66 0.92634
47 66 0.74222
48 66 0.47646
49 66 0.21634
50 66 0.04893
51 66 -0.00959
52 66 -0.00836
53 66 0.00146
54 66 0.00293
55 66 0.00052
56 66 -0.00051
57 66 -0.00019
58 66 0.00008
59 66 0.00005
60 66 -0.00001
61 66 -0.00001
62 66 0.00000
63 66 0.00000
0 67 0.00000
1 67 0.00000
2 67 -0.00000
3 67 -0.00001
4 67 0.00001
5 67 0.00007
6 67 -0.00001
7 67 -0.00036
8 67 -0.00019
9 67 0.00169
10 67 0.00270
11 67 -0.00342
12 67 -0.01174
13 67 0.01831
14 67 0.14927
15 67 0.39503
16 67 0.67958
17 67 0.89600
18 67 0.99779
19 67 1.01534
20 67 1.00290
21 67 0.99302
22 67 0.99247
23 67 0.99648
24 67 0.99985
25 67 1.00084
26 67 1.00024
27 67 0.99936
28 67 0.99887
29 67 0.99883
30 67 0.99899
31 67 0.99915
32 67 0.99921
33 67 0.99915
34 67 0.99899
35 67 0.99883
36 67 0.99887
37 67 0.99936
38 67 1.00024
39 67 1.00084
40 67 0.99985
41 67 0.99648
42 67 0.99247
43 67 0.99302
44 67 1.00290
45 67 1.01534
46 67 0.99779
47 67 0.89600
48 67 0.67958
49 67 0.39503
50 67 0.14927
51 67 0.01831
52 67 -0.01174
53 67 -0.00342
54 67 0.00270
55 67 0.00169
56 67 -0.00019
57 67 -0.00036
58 67 -0.00001
59 67 0.00007
60 67 0.00001
61 67 -0.00001
62 67 -0.00000
63 67 0.00000
0 68 0.00000
1 68 0.00000
2 68 -0.00000
3 68 -0.00001
4 68 0.00003
5 68 0.00005
6 68 -0.00013
7 68 -0.00037
8 68 0.00049
9 68 0.00239
10 68 0.00045
11 68 -0.00851
12 68 -0.00238
13 68 0.08039
14 68 0.28851
15 68 0.57938
16 68 0.83668
17 68 0.97799
18 68 1.01401
19 68 1.00453
20 68 0.99332
21 68 0.99215
22 68 0.99645
23 68 0.99990
24 68 1.00062
25 68 0.99983
26 68 0.99899
27 68 0.99868
28 68 0.99884
29 68 0.99917
30 68 0.99941
31 68 0.99954
32 68 0.99957
33 68 0.99954
34 68 0.99941
35 68 0.99917
36 68 0.99884
37 68 0.99868
38 68 0.99899
39 68 0.99983
40 68 1.00062
41 68 0.99990
42 68 0.99645
43 68 0.99215
44 68 0.99332
45 68 1.00453
46 68 1.01401
47 68 0.97799
48 68 0.83668
49 68 0.57938
50 68 0.28851
51 68 0.08039
52 68 -0.00238
53 68 -0.00851
54 68 0.00045
55 68 0.00239
56 68 0.00049
57 68 -0.00037
58 68 -0.00013
59 68 0.00005
60 68 0.00003
61 68 -0.00001
62 68 -0.00000
63 68 0.00000
0 69 0.00000
1 69 -0.00000
2 69 -0.00001
3 69 0.00000
4 69 0.00004
5 69 0.00000
6 69 -0.00023
7 69 -0.00016
8 69 0.00121
9 69 0.00203
10 69 -0.00310
11 69 -0.00921
12 69 0.02688
13 69 0.17442
14 69 0.44367
15 69 0.73715
16 69 0.93530
17 69 1.00741
18 69 1.00741
19 69 0.99450
20 69 0.99130
21 69 0.99551
22 69 0.99957
23 69 1.00052
24 69 0.99976
25 69 0.99901
26 69 0.99881
27 69 0.99901
28 69 0.99929
29 69 0.99943
30 69 0.99943
31 69 0.99938
32 69 0.99936
33 69 0.99938
34 69 0.99943
35 69 0.99943
36 69 0.99929
37 69 0.99901
38 69 0.99881
39 69 0.99901
40 69 0.99976
41 69 1.00052
42 69 0.99957
43 69 0.99551
44 69 0.99130
45 69 0.99450
46 69 1.00741
47 69 1.00741
48 69 0.93530
49 69 0.73715
50 69 0.44367
51 69 0.17442
52 69 0.02688
53 69 -0.00921
54 69 -0.00310
55 69 0.00203
56 69 0.00121
57 69 -0.00016
58 69 -0.00023
59 69 0.00000
60 69 0.00004
61 69 0.00000
62 69 -0.00001
63 69 -0.00000
0 70 0.00000
1 70 -0.00000
2 70 -0.00001
3 70 0.00001
4 70 0.00003
5 70 -0.00006
6 70 -0.00025
7 70 0.00022
8 70 0.00164
9 70 0.00059
10 70 -0.00633
11 70 -0.00109
12 70 0.07768
13 70 0.28842
14 70 0.59035
15 70 0.85226
16 70 0.98450
17 70 1.00928
18 70 0.99707
19 70 0.99018
20 70 0.99353
21 70 0.99860
22 70 1.00036
23 70 0.99977
24 70 0.99902
25 70 0.99887
26 70 0.99911
27 70 0.99936
28 70 0.99945
29 70 0.99941
30 70 0.99933
31 70 0.99928
32 70 0.99926
33 70 0.99928
34 70 0.99933
35 70 0.99941
36 70 0.99946
37 70 0.99936
38 70 0.99911
39 70 0.99887
40 70 0.99902
41 70 0.99977
42 70 1.00036
43 70 0.99860
44 70 0.99353
45 70 0.99018
46 70 0.99707
47 70 1.00928
48 70 0.98450
49 70 0.85226
50 70 0.59035
51 70 0.28842
52 70 0.07768
53 70 -0.00109
54 70 -0.00633
55 70 0.00059
56 70 0.00164
57 70 0.00022
58 70 -0.00025
59 70 -0.00006
60 70 0.00003
61 70 0.00001
62 70 -0.00001
63 70 -0.00000
0 71 0.00000
1 71 -0.00000
2 71 -0.00000
3 71 0.00002
4 71 0.00002
5 71 -0.00011
6 71 -0.00016
7 71 0.00063
8 71 0.00152
9 71 -0.00148
10 71 -0.00706
11 71 0.01825
12 71 0.14568
13 71 0.40653
14 71 0.71181
15 71 0.92468
16 71 1.00178
17 71 1.00151
18 71 0.98972
19 71 0.98985
20 71 0.99613
21 71 0.99971
22 71 0.99978
23 71 0.99900
24 71 0.99881
25 71 0.99907
26 71 0.99934
27 71 0.99942
28 71 0.99938
29 71 0.99932
30 71 0.99931
31 71 0.99933
32 71 0.99934
33 71 0.99933
34 71 0.99931
35 71 0.99932
36 71 0.99938
37 71 0.99942
38 71 0.99934
39 71 0.99907
40 71 0.99881
41 71 0.99900
42 71 0.99978
43 71 0.99971
44 71 0.99613
45 71 0.98985
46 71 0.98972
47 71 1.00151
48 71 1.00178
49 71 0.92468
50 71 0.71181
51 71 0.40653
52 71 0.14568
53 71 0.01825
54 71 -0.00706
55 71 -0.00148
56 71 0.00152
57 71 0.00063
58 71 -0.00016
59 71 -0.00011
60 71 0.00002
61 71 0.00002
62 71 -0.00000
63 71 -0.00000
0 72 -0.00000
1 72 -0.00000
2 72 0.00000
3 72 0.00002
4 72 -0.00001
5 72 -0.00014
6 72 0.00000
7 72 0.00091
8 72 0.00088
9 72 -0.00345
10 72 -0.00360
11 72 0.04818
12 72 0.22236
13 72 0.51468
14 72 0.80155
15 72 0.96358
16 72 1.00261
17 72 0.99247
18 72 0.98550
19 72 0.99068
20 72 0.99730
21 72 0.99936
22 72 0.99898
23 72 0.99868
24 72 0.99895
25 72 0.99929
26 72 0.99942
27 72 0.99938
28 72 0.99933
29 72 0.99934
30 72 0.99938
31 72 0.99941
32 72 0.99942
33 72 0.99941
34 72 0.99938
35 72 0.99934
36 72 0.99933
37 72 0.99938
38 72 0.99942
39 72 0.99929
40 72 0.99895
41 72 0.99868
42 72 0.99898
43 72 0.99936
44 72 0.99730
45 72 0.99068
46 72 0.98550
47 72 0.99247
48 72 1.00261
49 72 0.96358
50 72 0.80155
51 72 0.51468
52 72 0.22236
53 72 0.04818
54 72 -0.00360
55 72 -0.00345
56 72 0.00088
57 72 0.00091
58 72 0.00000
59 72 -0.00014
60 72 -0.00001
61 72 0.00002
62 72 0.00000
63 72 -0.00000
0 73 -0.00000
1 73 -0.00000
2 73 0.00001
3 73 0.00001
4 73 -0.00004
5 73 -0.00013
6 73 0.00020
7 73 0.00096
8 73 -0.00005
9 73 -0.00455
10 73 0.00457
11 73 0.08545
12 73 0.29845
13 73 0.60389
14 73 0.86101
15 73 0.98007
16 73 0.99637
17 73 0.98400
18 73 0.98207
19 73 0.99053
20 73 0.99684
21 73 0.99836
22 73 0.99838
23 73 0.99867
24 73 0.99914
25 73 0.99936
26 73 0.99938
27 73 0.99934
28 73 0.99935
29 73 0.99939
30 73 0.99941
31 73 0.99940
32 73 0.99938
33 73 0.99940
34 73 0.99941
35 73 0.99939
36 73 0.99935
37 73 0.99934
38 73 0.99938
39 73 0.99936
40 73 0.99914
41 73 0.99867
42 73 0.99838
43 73 0.99836
44 73 0.99684
45 73 0.99053
46 73 0.98207
47 73 0.98400
48 73 0.99637
49 73 0.98007
50 73 0.86101
51 73 0.60389
52 73 0.29845
53 73 0.08545
54 73 0.00457
55 73 -0.00455
56 73 -0.00005
57 73 0.00096
58 73 0.00020
59 73 -0.00013
60 73 -0.00004
61 73 0.00001
62 73 0.00001
63 73 -0.00000
0 74 -0.00000
1 74 -0.00000
2 74 0.00001
3 74 0.00001
4 74 -0.00006
5 74 -0.00008
6 74 0.00036
7 74 0.00078
8 74 -0.00109
9 74 -0.00426
10 74 0.01667
11 74 0.12524
12 74 0.36608
13 74 0.67038
14 74 0.89542
15 74 0.98291
16 74 0.98702
17 74 0.97521
18 74 0.97740
19 74 0.98831
20 74 0.99501
21 74 0.99714
22 74 0.99802
23 74 0.99878
24 74 0.99924
25 74 0.99936
26 74 0.99935
27 74 0.99936
28 74 0.99939
29 74 0.99942
30 74 0.99942
31 74 0.99939
32 74 0.99937
33 74 0.99939
34 74 0.99942
35 74 0.99942
36 74 0.99939
37 74 0.99936
38 74 0.99935
39 74 0.99936
40 74 0.99924
41 74 0.99878
42 74 0.99802
43 74 0.99714
44 74 0.99501
45 74 0.98831
46 74 0.97740
47 74 0.97521
48 74 0.98702
49 74 0.98291
50 74 0.89542
51 74 0.67038
52 74 0.36608
53 74 0.12524
54 74 0.01667
55 74 -0.00426
56 74 -0.00109
57 74 0.00078
58 74 0.00036
59 74 -0.00008
60 74 -0.00006
61 74 0.00001
62 74 0.00001
63 74 -0.00000
0 75 -0.00000
1 75 0.00000
2 75 0.00001
3 75 -0.00000
4 75 -0.00006
5 75 -0.00001
6 75 0.00045
7 75 0.00045
8 75 -0.00190
9 75 -0.00242
10 75 0.03106
11 75 0.16271
12 75 0.41998
13 75 0.71410
14 75 0.91057
15 75 0.97733
16 75 0.97517
17 75 0.96414
18 75 0.96987
19 75 0.98362
20 75 0.99210
21 75 0.99585
22 75 0.99780
23 75 0.99887
24 75 0.99928
25 75 0.99935
26 75 0.99936
27 75 0.99939
28 75 0.99943
29 75 0.99944
30 75 0.99943
31 75 0.99940
32 75 0.99940
33 75 0.99940
34 75 0.99943
35 75 0.99944
36 75 0.99943
37 75 0.99939
38 75 0.99936
39 75 0.99935
40 75 0.99928
41 75 0.99887
42 75 0.99780
43 75 0.99585
44 75 0.99210
45 75 0.98362
46 75 0.96987
47 75 0.96414
48 75 0.97517
49 75 0.97733
50 75 0.91057
51 75 0.71410
52 75 0.41998
53 75 0.16271
54 75 0.03106
55 75 -0.00242
56 75 -0.00190
57 75 0.00045
58 75 0.00045
59 75 -0.00001
60 75 -0.00006
61 75 -0.00000
62 75 0.00001
63 75 0.00000
0 76 -0.00000
1 76 0.00000
2 76 0.00001
3 76 -0.00001
4 76 -0.00006
5 76 0.00006
6 76 0.00045
7 76 0.00007
8 76 -0.00237
9 76 0.00059
10 76 0.04564
11 76 0.19392
12 76 0.45745
13 76 0.73695
14 76 0.91105
15 76 0.96562
16 76 0.95982
17 76 0.94880
18 76 0.95810
19 76 0.97608
20 76 0.98807
21 76 0.99436
22 76 0.99754
23 76 0.99889
24 76 0.99928
25 76 0.99934
26 76 0.99938
27 76 0.99942
28 76 0.99944
29 76 0.99945
30 76 0.99944
31 76 0.99943
32 76 0.99943
33 76 0.99943
34 76 0.99944
35 76 0.99945
36 76 0.99944
37 76 0.99942
38 76 0.99938
39 76 0.99934
40 76 0.99928
41 76 0.99889
42 76 0.99754
43 76 0.99436
44 76 0.98807
45 76 0.97608
46 76 0.95810
47 76 0.94880
48 76 0.95982
49 76 0.96562
50 76 0.91105
51 76 0.73695
52 76 0.45745
53 76 0.19392
54 76 0.04564
55 76 0.00059
56 76 -0.00237
57 76 0.00007
58 76 0.00045
59 76 0.00006
60 76 -0.00006
61 76 -0.00001
62 76 0.00001
63 76 0.00000
0 77 -0.00000
1 77 0.00000
2 77 0.00000
3 77 -0.00002
4 77 -0.00004
5 77 0.00012
6 77 0.00039
7 77 -0.00029
8 77 -0.00245
9 77 0.00416
10 77 0.05845
11 77 0.21627
12 77 0.47784
13 77 0.74140
14 77 0.89968
15 77 0.94786
16 77 0.93906
17 77 0.92733
18 77 0.94102
19 77 0.96530
20 77 0.98275
21 77 0.99251
22 77 0.99716
23 77 0.99886
24 77 0.99927
25 77 0.99935
26 77 0.99940
27 77 0.99943
28 77 0.99945
29 77 0.99946
30 77 0.99946
31 77 0.99946
32 77 0.99945
33 77 0.99946
34 77 0.99946
35 77 0.99946
36 77 0.99945
37 77 0.99943
38 77 0.99940
39 77 0.99935
40 77 0.99927
41 77 0.99886
42 77 0.99716
43 77 0.99251
44 77 0.98275
45 77 0.96530
46 77 0.94102
47 77 0.92733
48 77 0.93906
49 77 0.94786
50 77 0.89968
51 77 0.74140
52 77 0.47784
53 77 0.21627
54 77 0.05845
55 77 0.00416
56 77 -0.00245
57 77 -0.00029
58 77 0.00039
59 77 0.00012
60 77 -0.00004
61 77 -0.00002
62 77 0.00000
63 77 0.00000
0 78 -0.00000
1 78 0.00000
2 78 -0.00000
3 78 -0.00002
4 78 -0.00003
5 78 0.00015
6 78 0.00029
7 78 -0.00058
8 78 -0.00218
9 78 0.00768
10 78 0.06805
11 78 0.22857
12 78 0.48185
13 78 0.72970
14 78 0.87769
15 78 0.92286
16 78 0.91071
17 78 0.89808
18 78 0.91773
19 78 0.95085
20 78 0.97587
21 78 0.99017
22 78 0.99665
23 78 0.99880
24 78 0.99928
25 78 0.99937
26 78 0.99942
27 78 0.99945
28 78 0.99946
29 78 0.99948
30 78 0.99948
31 78 0.99949
32 78 0.99949
33 78 0.99949
34 78 0.99948
35 78 0.99948
36 78 0.99946
37 78 0.99945
38 78 0.99942
39 78 0.99937
40 78 0.99928
41 78 0.99880
42 78 0.99665
43 78 0.99017
44 78 0.97587
45 78 0.95085
46 78 0.91773
47 78 0.89808
48 78 0.91071
49 78 0.92286
50 78 0.87769
51 78 0.72970
52 78 0.48185
53 78 0.22857
54 78 0.06805
55 78 0.00768
56 78 -0.00218
57 78 -0.00058
58 78 0.00029
59 78 0.00015
60 78 -0.00003
61 78 -0.00002
62 78 -0.00000
63 78 0.00000
0 79 0.00000
1 79 0.00000
2 79 -0.00000
3 79 -0.00002
4 79 -0.00001
5 79 0.00017
6 79 0.00017
7 79 -0.00078
8 79 -0.00168
9 79 0.01066
10 79 0.07368
11 79 0.23086
12 79 0.47105
13 79 0.70371
14 79 0.84523
15 79 0.88900
16 79 0.87287
17 79 0.85983
18 79 0.88762
19 79 0.93236
20 79 0.96719
21 79 0.98722
22 79 0.99599
23 79 0.99873
24 79 0.99929
25 79 0.99938
26 79 0.99943
27 79 0.99946
28 79 0.99947
29 79 0.99948
30 79 0.99949
31 79 0.99951
32 79 0.99952
33 79 0.99951
34 79 0.99949
35 79 0.99948
36 79 0.99947
37 79 0.99946
38 79 0.99943
39 79 0.99938
40 79 0.99929
41 79 0.99873
42 79 0.99599
43 79 0.98722
44 79 0.96719
45 79 0.93236
46 79 0.88762
47 79 0.85983
48 79 0.87287
49 79 0.88900
50 79 0.84523
51 79 0.70371
52 79 0.47105
53 79 0.23086
54 79 0.07368
55 79 0.01066
56 79 -0.00168
57 79 -0.00078
58 79 0.00017
59 79 0.00017
60 79 -0.00001
61 79 -0.00002
62 79 -0.00000
63 79 0.00000
0 80 0.00000
1 80 0.00000
2 80 -0.00000
3 80 -0.00002
4 80 0.00001
5 80 0.00016
6 80 0.00005
7 80 -0.00088
8 80 -0.00109
9 80 0.01274
10 80 0.07524
11 80 0.22412
12 80 0.44757
13 80 0.66514
14 80 0.80216
15 80 0.84491
16 80 0.82439
17 80 0.81215
18 80 0.85056
19 80 0.90966
20 80 0.95658
21 80 0.98364
22 80 0.99521
23 80 0.99867
24 80 0.99931
25 80 0.99940
26 80 0.99944
27 80 0.99947
28 80 0.99948
29 80 0.99948
30 80 0.99949
31 80 0.99951
32 80 0.99952
33 80 0.99951
34 80 0.99949
35 80 0.99948
36 80 0.99948
37 80 0.99947
38 80 0.99944
39 80 0.99940
40 80 0.99931
41 80 0.99867
42 80 0.99521
43 80 0.98364
44 80 0.95658
45 80 0.90966
46 80 0.85056
47 80 0.81215
48 80 0.82439
49 80 0.84491
50 80 0.80216
51 80 0.66514
52 80 0.44757
53 80 0.22412
54 80 0.07524
55 80 0.01274
56 80 -0.00109
57 80 -0.00088
58 80 0.00005
59 80 0.00016
60 80 0.00001
61 80 -0.00002
62 80 -0.00000
63 80 0.00000
0 81 0.00000
1 81 0.00000
2 81 -0.00001
3 81 -0.00002
4 81 0.00003
5 81 0.00014
6 81 -0.00006
7 81 -0.00089
8 81 -0.00052
9 81 0.01382
10 81 0.07317
11 81 0.21003
12 81 0.41396
13 81 0.61585
14 81 0.74862
15 81 0.78993
16 81 0.76518
17 81 0.75559
18 81 0.80705
19 81 0.88296
20 81 0.94412
21 81 0.97950
22 81 0.99436
23 81 0.99862
24 81 0.99934
25 81 0.99941
26 81 0.99945
27 81 0.99947
28 81 0.99948
29 81 0.99949
30 81 0.99950
31 81 0.99951
32 81 0.99952
33 81 0.99951
34 81 0.99950
35 81 0.99949
36 81 0.99948
37 81 0.99947
38 81 0.99945
39 81 0.99941
40 81 0.99934
41 81 0.99862
42 81 0.99436
43 81 0.97950
44 81 0.94412
45 81 0.88296
46 81 0.80705
47 81 0.75559
48 81 0.76518
49 81 0.78993
50 81 0.74862
51 81 0.61585
52 81 0.41396
53 81 0.21003
54 81 0.07317
55 81 0.01382
56 81 -0.00052
57 81 -0.00089
58 81 -0.00006
59 81 0.00014
60 81 0.00003
61 81 -0.00002
62 81 -0.00001
63 81 0.00000
0 82 0.00000
1 82 -0.00000
2 82 -0.00001
3 82 -0.00001
4 82 0.00004
5 82 0.00011
6 82 -0.00013
7 82 -0.00085
8 82 -0.00005
9 82 0.01396
10 82 0.06825
11 82 0.19063
12 82 0.37309
13 82 0.55819
14 82 0.68562
15 82 0.72459
16 82 0.69649
17 82 0.69183
18 82 0.75834
19 82 0.85292
20 82 0.93016
21 82 0.97498
22 82 0.99350
23 82 0.99861
24 82 0.99938
25 82 0.99943
26 82 0.99946
27 82 0.99948
28 82 0.99949
29 82 0.99950
30 82 0.99951
31 82 0.99952
32 82 0.99953
33 82 0.99952
34 82 0.99951
35 82 0.99950
36 82 0.99949
37 82 0.99948
38 82 0.99946
39 82 0.99943
40 82 0.99938
41 82 0.99861
42 82 0.99350
43 82 0.97498
44 82 0.93016
45 82 0.85292
46 82 0.75834
47 82 0.69183
48 82 0.69649
49 82 0.72459
50 82 0.68562
51 82 0.55819
52 82 0.37309
53 82 0.19063
54 82 0.06825
55 82 0.01396
56 82 -0.00005
57 82 -0.00085
58 82 -0.00013
59 82 0.00011
60 82 0.00004
61 82 -0.00001
62 82 -0.00001
63 82 -0.00000
0 83 0.00000
1 83 -0.00000
2 83 -0.00001
3 83 -0.00001
4 83 0.00004
5 83 0.00008
6 83 -0.00016
7 83 -0.00077
8 83 0.00027
9 83 0.01334
10 83 0.06142
11 83 0.16808
12 83 0.32803
13 83 0.49502
14 83 0.61520
15 83 0.65074
16 83 0.62087
17 83 0.62355
18 83 0.70633
19 83 0.82071
20 83 0.91532
21 83 0.97036
22 83 0.99273
23 83 0.99863
24 83 0.99942
25 83 0.99944
26 83 0.99947
27 83 0.99949
28 83 0.99950
29 83 0.99950
30 83 0.99951
31 83 0.99952
32 83 0.99953
33 83 0.99953
34 83 0.99951
35 83 0.99950
36 83 0.99950
37 83 0.99949
38 83 0.99947
39 83 0.99944
40 83 0.99942
41 83 0.99863
42 83 0.99273
43 83 0.97036
44 83 0.91532
45 83 0.82071
46 83 0.70633
47 83 0.62355
48 83 0.62087
49 83 0.65074
50 83 0.61520
51 83 0.49502
52 83 0.32803
53 83 0.16808
54 83 0.06142
55 83 0.01334
56 83 0.00027
57 83 -0.00077
58 83 -0.00016
59 83 0.00008
60 83 0.00004
61 83 -0.00001
62 83 -0.00001
63 83 -0.00000
0 84 0.00000
1 84 -0.00000
2 84 -0.00001
3 84 -0.00000
4 84 0.00004
5 84 0.00006
6 84 -0.00018
7 84 -0.00068
8 84 0.00047
9 84 0.01221
10 84 0.05360
11 84 0.14438
12 84 0.28174
13 84 0.42959
14 84 0.54033
15 84 0.57144
16 84 0.54191
17 84 0.55409
18 84 0.65340
19 84 0.78786
20 84 0.90049
21 84 0.96601
22 84 0.99214
23 84 0.99870
24 84 0.99946
25 84 0.99945
26 84 0.99947
27 84 0.99950
28 84 0.99951
29 84 0.99951
30 84 0.99952
31 84 0.99953
32 84 0.99954
33 84 0.99953
34 84 0.99952
35 84 0.99951
36 84 0.99951
37 84 0.99950
38 84 0.99947
39 84 0.99945
40 84 0.99946
41 84 0.99870
42 84 0.99214
43 84 0.96601
44 84 0.90049
45 84 0.78786
46 84 0.65340
47 84 0.55409
48 84 0.54191
49 84 0.57144
50 84 0.54033
51 84 0.42959
52 84 0.28174
53 84 0.14438
54 84 0.05360
55 84 0.01221
56 84 0.00047
57 84 -0.00068
58 84 -0.00018
59 84 0.00006
60 84 0.00004
61 84 -0.00000
62 84 -0.00001
63 84 -0.00000
0 85 0.00000
1 85 -0.00000
2 85 -0.00001
3 85 -0.00000
4 85 0.00004
5 85 0.00003
6 85 -0.00018
7 85 -0.00058
8 85 0.00058
9 85 0.01079
10 85 0.04558
11 85 0.12121
12 85 0.23684
13 85 0.36514
14 85 0.46452
15 85 0.49051
16 85 0.46361
17 85 0.48685
18 85 0.60206
19 85 0.75616
20 85 0.88668
21 85 0.96236
22 85 0.99183
23 85 0.99882
24 85 0.99950
25 85 0.99945
26 85 0.99948
27 85 0.99950
28 85 0.99951
29 85 0.99952
30 85 0.99953
31 85 0.99954
32 85 0.99955
33 85 0.99954
34 85 0.99953
35 85 0.99952
36 85 0.99951
37 85 0.99950
38 85 0.99948
39 85 0.99945
40 85 0.99950
41 85 0.99882
42 85 0.99183
43 85 0.96236
44 85 0.88668
45 85 0.75616
46 85 0.60206
47 85 0.48685
48 85 0.46361
49 85 0.49051
50 85 0.46452
51 85 0.36514
52 85 0.23684
53 85 0.12121
54 85 0.04558
55 85 0.01079
56 85 0.00058
57 85 -0.00058
58 85 -0.00018
59 85 0.00003
60 85 0.00004
61 85 -0.00000
62 85 -0.00001
63 85 -0.00000
0 86 -0.00000
1 86 -0.00000
2 86 -0.00001
3 86 0.00000
4 86 0.00003
5 86 0.00002
6 86 -0.00017
7 86 -0.00048
8 86 0.00062
9 86 0.00928
10 86 0.03795
11 86 0.09979
12 86 0.19535
13 86 0.30450
14 86 0.39125
15 86 0.41186
16 86 0.38966
17 86 0.42474
18 86 0.55463
19 86 0.72746
20 86 0.87500
21 86 0.95982
22 86 0.99189
23 86 0.99899
24 86 0.99952
25 86 0.99946
26 86 0.99949
27 86 0.99951
28 86 0.99952
29 86 0.99952
30 86 0.99953
31 86 0.99955
32 86 0.99956
33 86 0.99955
34 86 0.99954
35 86 0.99952
36 86 0.99952
37 86 0.99951
38 86 0.99949
39 86 0.99946
40 86 0.99952
41 86 0.99899
42 86 0.99189
43 86 0.95982
44 86 0.87500
45 86 0.72746
46 86 0.55463
47 86 0.42474
48 86 0.38966
49 86 0.41186
50 86 0.39125
51 86 0.30450
52 86 0.19535
53 86 0.09979
54 86 0.03795
55 86 0.00928
56 86 0.00062
57 86 -0.00048
58 86 -0.00017
59 86 0.00002
60 86 0.00003
61 86 0.00000
62 86 -0.00001
63 86 -0.00000
0 87 -0.00000
1 87 -0.00000
2 87 -0.00000
3 87 0.00000
4 87 0.00003
5 87 0.00000
6 87 -0.00016
7 87 -0.00039
8 87 0.00060
9 87 0.00781
10 87 0.03106
11 87 0.08086
12 87 0.15858
13 87 0.24974
14 87 0.32340
15 87 0.33888
16 87 0.32295
17 87 0.36983
18 87 0.51305
19 87 0.70346
20 87 0.86644
21 87 0.95874
22 87 0.99235
23 87 0.99921
24 87 0.99954
25 87 0.99946
26 87 0.99951
27 87 0.99953
28 87 0.99953
29 87 0.99953
30 87 0.99954
31 87 0.99955
32 87 0.99956
33 87 0.99956
34 87 0.99954
35 87 0.99953
36 87 0.99953
37 87 0.99953
38 87 0.99951
39 87 0.99946
40 87 0.99954
41 87 0.99921
42 87 0.99235
43 87 0.95874
44 87 0.86644
45 87 0.70346
46 87 0.51305
47 87 0.36983
48 87 0.32295
49 87 0.33888
50 87 0.32340
51 87 0.24974
52 87 0.15858
53 87 0.08086
54 87 0.03106
55 87 0.00781
56 87 0.00060
57 87 -0.00039
58 87 -0.00016
59 87 0.00000
60 87 0.00003
61 87 0.00000
62 87 -0.00000
63 87 -0.00000
0 88 -0.00000
1 88 -0.00000
2 88 -0.00000
3 88 0.00000
4 88 0.00002
5 88 -0.00001
6 88 -0.00014
7 88 -0.00031
8 88 0.00056
9 88 0.00648
10 88 0.02511
11 88 0.06473
12 88 0.12712
13 88 0.20201
14 88 0.26292
15 88 0.27401
16 88 0.26524
17 88 0.32328
18 88 0.47885
19 88 0.68564
20 88 0.86184
21 88 0.95935
22 88 0.99322
23 88 0.99946
24 88 0.99954
25 88 0.99946
26 88 0.99953
27 88 0.99955
28 88 0.99954
29 88 0.99955
30 88 0.99955
31 88 0.99956
32 88 0.99957
33 88 0.99956
34 88 0.99955
35 88 0.99954
36 88 0.99954
37 88 0.99955
38 88 0.99953
39 88 0.99946
40 88 0.99954
41 88 0.99946
42 88 0.99322
43 88 0.95935
44 88 0.86184
45 88 0.68564
46 88 0.47885
47 88 0.32328
48 88 0.26524
49 88 0.27401
50 88 0.26292
51 88 0.20201
52 88 0.12712
53 88 0.06473
54 88 0.02511
55 88 0.00648
56 88 0.00056
57 88 -0.00031
58 88 -0.00014
59 88 -0.00001
60 88 0.00002
61 88 0.00000
62 88 -0.00000
63 88 -0.00000
0 89 -0.00000
1 89 -0.00000
2 89 -0.00000
3 89 0.00000
4 89 0.00002
5 89 -0.00001
6 89 -0.00013
7 89 -0.00025
8 89 0.00051
9 89 0.00531
10 89 0.02012
11 89 0.05138
12 89 0.10096
13 89 0.16163
14 89 0.21076
15 89 0.21855
16 89 0.21722
17 89 0.28552
18 89 0.45314
19 89 0.67516
20 89 0.86173
21 89 0.96170
22 89 0.99441
23 89 0.99967
24 89 0.99951
25 89 0.99943
26 89 0.99953
27 89 0.99955
28 89 0.99956
29 89 0.99956
30 89 0.99956
31 89 0.99957
32 89 0.99958
33 89 0.99957
34 89 0.99956
35 89 0.99956
36 89 0.99956
37 89 0.99955
38 89 0.99953
39 89 0.99943
40 89 0.99951
41 89 0.99967
42 89 0.99441
43 89 0.96170
44 89 0.86173
45 89 0.67516
46 89 0.45314
47 89 0.28552
48 89 0.21722
49 89 0.21855
50 89 0.21076
51 89 0.16163
52 89 0.10096
53 89 0.05138
54 89 0.02012
55 89 0.00531
56 89 0.00051
57 89 -0.00025
58 89 -0.00013
59 89 -0.00001
60 89 0.00002
61 89 0.00000
62 89 -0.00000
63 89 -0.00000
0 90 -0.00000
1 90 -0.00000
2 90 -0.00000
3 90 0.00001
4 90 0.00001
5 90 -0.00002
6 90 -0.00011
7 90 -0.00020
8 90 0.00045
9 90 0.00432
10 90 0.01603
11 90 0.04056
12 90 0.07971
13 90 0.12827
14 90 0.16696
15 90 0.17267
16 90 0.17862
17 90 0.25658
18 90 0.43678
19 90 0.67280
20 90 0.86632
21 90 0.96564
22 90 0.99581
23 90 0.99982
24 90 0.99946
25 90 0.99942
26 90 0.99954
27 90 0.99956
28 90 0.99957
29 90 0.99958
30 90 0.99958
31 90 0.99959
32 90 0.99960
33 90 0.99959
34 90 0.99958
35 90 0.99958
36 90 0.99957
37 90 0.99956
38 90 0.99954
39 90 0.99942
40 90 0.99946
41 90 0.99982
42 90 0.99581
43 90 0.96564
44 90 0.86632
45 90 0.67280
46 90 0.43678
47 90 0.25658
48 90 0.17862
49 90 0.17267
50 90 0.16696
51 90 0.12827
52 90 0.07971
53 90 0.04056
54 90 0.01603
55 90 0.00432
56 90 0.00045
57 90 -0.00020
58 90 -0.00011
59 90 -0.00002
60 90 0.00001
61 90 0.00001
62 90 -0.00000
63 90 -0.00000
0 91 -0.00000
1 91 -0.00000
2 91 -0.00000
3 91 0.00001
4 91 0.00001
5 91 -0.00002
6 91 -0.00009
7 91 -0.00015
8 91 0.00039
9 91 0.00351
10 91 0.01275
11 91 0.03195
12 91 0.06272
13 91 0.10122
14 91 0.13099
15 91 0.13565
16 91 0.14855
17 91 0.23637
18 91 0.43042
19 91 0.67894
20 91 0.87541
21 91 0.97085
22 91 0.99725
23 91 0.99988
24 91 0.99940
25 91 0.99942
26 91 0.99955
27 91 0.99956
28 91 0.99957
29 91 0.99959
30 91 0.99959
31 91 0.99960
32 91 0.99961
33 91 0.99960
34 91 0.99959
35 91 0.99959
36 91 0.99957
37 91 0.99956
38 91 0.99955
39 91 0.99942
40 91 0.99940
41 91 0.99988
42 91 0.99725
43 91 0.97085
44 91 0.87541
45 91 0.67894
46 91 0.43042
47 91 0.23637
48 91 0.14855
49 91 0.13565
50 91 0.13099
51 91 0.10122
52 91 0.06272
53 91 0.03195
54 91 0.01275
55 91 0.00351
56 91 0.00039
57 91 -0.00015
58 91 -0.00009
59 91 -0.00002
60 91 0.00001
61 91 0.00001
62 91 -0.00000
63 91 -0.00000
0 92 -0.00000
1 92 -0.00000
2 92 -0.00000
3 92 0.00000
4 92 0.00001
5 92 -0.00002
6 92 -0.00008
7 92 -0.00012
8 92 0.00034
9 92 0.00284
10 92 0.01015
11 92 0.02515
12 92 0.04929
13 92 0.07959
14 92 0.10201
15 92 0.10633
16 92 0.12601
17 92 0.22499
18 92 0.43460
19 92 0.69355
20 92 0.88848
21 92 0.97689
22 92 0.99858
23 92 0.99983
24 92 0.99931
25 92 0.99943
26 92 0.99956
27 92 0.99957
28 92 0.99958
29 92 0.99960
30 92 0.99960
31 92 0.99962
32 92 0.99962
33 92 0.99962
34 92 0.99960
35 92 0.99960
36 92 0.99958
37 92 0.99957
38 92 0.99956
39 92 0.99943
40 92 0.99931
41 92 0.99983
42 92 0.99858
43 92 0.97689
44 92 0.88848
45 92 0.69355
46 92 0.43460
47 92 0.22499
48 92 0.12601
49 92 0.10633
50 92 0.10201
51 92 0.07959
52 92 0.04929
53 92 0.02515
54 92 0.01015
55 92 0.00284
56 92 0.00034
57 92 -0.00012
58 92 -0.00008
59 92 -0.00002
60 92 0.00001
61 92 0.00000
62 92 -0.00000
63 92 -0.00000
0 93 -0.00000
1 93 -0.00000
2 93 -0.00000
3 93 0.00000
4 93 0.00001
5 93 -0.00002
6 93 -0.00006
7 93 -0.00009
8 93 0.00029
9 93 0.00232
10 93 0.00809
11 93 0.01981
12 93 0.03877
13 93 0.06253
14 93 0.07909
15 93 0.08352
16 93 0.11022
17 93 0.22286
18 93 0.44974
19 93 0.71616
20 93 0.90463
21 93 0.98319
22 93 0.99963
23 93 0.99967
24 93 0.99922
25 93 0.99944
26 93 0.99957
27 93 0.99958
28 93 0.99959
29 93 0.99960
30 93 0.99961
31 93 0.99962
32 93 0.99963
33 93 0.99962
34 93 0.99961
35 93 0.99960
36 93 0.99959
37 93 0.99958
38 93 0.99957
39 93 0.99944
40 93 0.99922
41 93 0.99967
42 93 0.99963
43 93 0.98319
44 93 0.90463
45 93 0.71616
46 93 0.44974
47 93 0.22286
48 93 0.11022
49 93 0.08352
50 93 0.07909
51 93 0.06253
52 93 0.03877
53 93 0.01981
54 93 0.00809
55 93 0.00232
56 93 0.00029
57 93 -0.00009
58 93 -0.00006
59 93 -0.00002
60 93 0.00001
61 93 0.00000
62 93 -0.00000
63 93 -0.00000
0 94 -0.00000
1 94 -0.00000
2 94 -0.00000
3 94 0.00000
4 94 0.00000
5 94 -0.00002
6 94 -0.00005
7 94 -0.00007
8 94 0.00025
9 94 0.00191
10 94 0.00648
11 94 0.01562
12 94 0.03057
13 94 0.04921
14 94 0.06124
15 94 0.06613
16 94 0.10094
17 94 0.23074
18 94 0.47607
19 94 0.74582
20 94 0.92270
21 94 0.98917
22 94 1.00030
23 94 0.99942
24 94 0.99913
25 94 0.99946
26 94 0.99958
27 94 0.99958
28 94 0.99960
29 94 0.99961
30 94 0.99962
31 94 0.99963
32 94 0.99964
33 94 0.99963
34 94 0.99962
35 94 0.99961
36 94 0.99960
37 94 0.99958
38 94 0.99958
39 94 0.99946
40 94 0.99913
41 94 0.99942
42 94 1.00030
43 94 0.98917
44 94 0.92270
45 94 0.74582
46 94 0.47607
47 94 0.23074
48 94 0.10094
49 94 0.06613
50 94 0.06124
51 94 0.04921
52 94 0.03057
53 94 0.01562
54 94 0.00648
55 94 0.00191
56 94 0.00025
57 94 -0.00007
58 94 -0.00005
59 94 -0.00002
60 94 0.00000
61 94 0.00000
62 94 -0.00000
63 94 -0.00000
0 95 -0.00000
1 95 -0.00000
2 95 -0.00000
3 95 0.00000
4 95 0.00000
5 95 -0.00001
6 95 -0.00004
7 95 -0.00006
8 95 0.00022
9 95 0.00159
10 95 0.00519
11 95 0.01231
12 95 0.02425
13 95 0.03888
14 95 0.04736
15 95 0.05327
16 95 0.09852
17 95 0.24972
18 95 0.51347
19 95 0.78111
20 95 0.94139
21 95 0.99432
22 95 1.00053
23 95 0.99915
24 95 0.99909
25 95 0.99950
26 95 0.99958
27 95 0.99959
28 95 0.99961
29 95 0.99962
30 95 0.99963
31 95 0.99964
32 95 0.99965
33 95 0.99964
34 95 0.99963
35 95 0.99962
36 95 0.99961
37 95 0.99959
38 95 0.99958
39 95 0.99950
40 95 0.99909
41 95 0.99915
42 95 1.00053
43 95 0.99432
44 95 0.94139
45 95 0.78111
46 95 0.51347
47 95 0.24972
48 95 0.09852
49 95 0.05327
50 95 0.04736
51 95 0.03888
52 95 0.02425
53 95 0.01231
54 95 0.00519
55 95 0.00159
56 95 0.00022
57 95 -0.00006
58 95 -0.00004
59 95 -0.00001
60 95 0.00000
61 95 0.00000
62 95 -0.00000
63 95 -0.00000
0 96 -0.00000
1 96 -0.00000
2 96 -0.00000
3 96 0.00000
4 96 0.00000
5 96 -0.00001
6 96 -0.00004
7 96 -0.00005
8 96 0.00021
9 96 0.00135
10 96 0.00413
11 96 0.00971
12 96 0.01946
13 96 0.03081
14 96 0.03634
15 96 0.04443
16 96 0.10408
17 96 0.28108
18 96 0.56135
19 96 0.82011
20 96 0.95931
21 96 0.99824
22 96 1.00034
23 96 0.99888
24 96 0.99911
25 96 0.99953
26 96 0.99959
27 96 0.99959
28 96 0.99961
29 96 0.99963
30 96 0.99964
31 96 0.99965
32 96 0.99966
33 96 0.99965
34 96 0.99964
35 96 0.99963
36 96 0.99961
37 96 0.99959
38 96 0.99959
39 96 0.99953
40 96 0.99911
41 96 0.99888
42 96 1.00034
43 96 0.99824
44 96 0.95931
45 96 0.82011
46 96 0.56135
47 96 0.28108
48 96 0.10408
49 96 0.04443
50 96 0.03634
51 96 0.03081
52 96 0.01946
53 96 0.00971
54 96 0.00413
55 96 0.00135
56 96 0.00021
57 96 -0.00005
58 96 -0.00004
59 96 -0.00001
60 96 0.00000
61 96 0.00000
62 96 -0.00000
63 96 -0.00000
0 97 -0.00000
1 97 -0.00000
2 97 -0.00000
3 97 0.00000
4 97 0.00001
5 97 -0.00001
6 97 -0.00004
7 97 -0.00004
8 97 0.00023
9 97 0.00115
10 97 0.00321
11 97 0.00773
12 97 0.01598
13 97 0.02444
14 97 0.02738
15 97 0.03991
16 97 0.11955
17 97 0.32602
18 97 0.61837
19 97 0.86053
20 97 0.97518
21 97 1.00073
22 97 0.99983
23 97 0.99864
24 97 0.99917
25 97 0.99957
26 97 0.99959
27 97 0.99959
28 97 0.99962
29 97 0.99963
30 97 0.99964
31 97 0.99965
32 97 0.99966
33 97 0.99965
34 97 0.99964
35 97 0.99963
36 97 0.99962
37 97 0.99959
38 97 0.99959
39 97 0.99957
40 97 0.99917
41 97 0.99864
42 97 0.99983
43 97 1.00073
44 97 0.97518
45 97 0.86053
46 97 0.61837
47 97 0.32602
48 97 0.11955
49 97 0.03991
50 97 0.02738
51 97 0.02444
52 97 0.01598
53 97 0.00773
54 97 0.00321
55 97 0.00115
56 97 0.00023
57 97 -0.00004
58 97 -0.00004
59 97 -0.00001
60 97 0.00001
61 97 0.00000
62 97 -0.00000
63 97 -0.00000
0 98 -0.00000
1 98 -0.00000
2 98 -0.00000
3 98 0.00000
4 98 0.00001
5 98 -0.00001
6 98 -0.00004
7 98 -0.00001
8 98 0.00026
9 98 0.00092
10 98 0.00242
11 98 0.00638
12 98 0.01359
13 98 0.01919
14 98 0.02013
15 98 0.04102
16 98 0.14759
17 98 0.38528
18 98 0.68230
19 98 0.89977
20 98 0.98797
21 98 1.00179
22 98 0.99913
23 98 0.99849
24 98 0.99927
25 98 0.99961
26 98 0.99960
27 98 0.99960
28 98 0.99962
29 98 0.99963
30 98 0.99964
31 98 0.99966
32 98 0.99967
33 98 0.99966
34 98 0.99964
35 98 0.99963
36 98 0.99962
37 98 0.99960
38 98 0.99960
39 98 0.99961
40 98 0.99927
41 98 0.99849
42 98 0.99913
43 98 1.00179
44 98 0.98797
45 98 0.89977
46 98 0.68230
47 98 0.38528
48 98 0.14759
49 98 0.04102
50 98 0.02013
51 98 0.01919
52 98 0.01359
53 98 0.00638
54 98 0.00242
55 98 0.00092
56 98 0.00026
57 98 -0.00001
58 98 -0.00004
59 98 -0.00001
60 98 0.00001
61 98 0.00000
62 98 -0.00000
63 98 -0.00000
0 99 -0.00000
1 99 -0.00000
2 99 -0.00000
3 99 0.00001
4 99 0.00001
5 99 -0.00002
6 99 -0.00004
7 99 0.00004
8 99 0.00028
9 99 0.00063
10 99 0.00181
11 99 0.00573
12 99 0.01189
13 99 0.01428
14 99 0.01478
15 99 0.05028
16 99 0.19122
17 99 0.45858
18 99 0.74990
19 99 0.93524
20 99 0.99703
21 99 1.00164
22 99 0.99848
23 99 0.99850
24 99 0.99941
25 99 0.99964
26 99 0.99959
27 99 0.99959
28 99 0.99962
29 99 0.99964
30 99 0.99965
31 99 0.99966
32 99 0.99967
33 99 0.99966
34 99 0.99965
35 99 0.99964
36 99 0.99962
37 99 0.99959
38 99 0.99959
39 99 0.99964
40 99 0.99941
41 99 0.99850
42 99 0.99848
43 99 1.00164
44 99 0.99703
45 99 0.93524
46 99 0.74990
47 99 0.45858
48 99 0.19122
49 99 0.05028
50 99 0.01478
51 99 0.01428
52 99 0.01189
53 99 0.00573
54 99 0.00181
55 99 0.00063
56 99 0.00028
57 99 0.00004
58 99 -0.00004
59 99 -0.00002
60 99 0.00001
61 99 0.00001
62 99 -0.00000
63 99 -0.00000
0 100 -0.00000
1 100 -0.00000
2 100 0.00000
3 100 0.00001
4 100 -0.00000
5 100 -0.00003
6 100 -0.00001
7 100 0.00011
8 100 0.00021
9 100 0.00029
10 100 0.00153
11 100 0.00571
12 100 0.01016
13 100 0.00903
14 100 0.01261
15 100 0.07160
16 100 0.25326
17 100 0.54405
18 100 0.81703
19 100 0.96465
20 100 1.00225
21 100 1.00063
22 100 0.99799
23 100 0.99867
24 100 0.99955
25 100 0.99964
26 100 0.99957
27 100 0.99959
28 100 0.99963
29 100 0.99964
30 100 0.99965
31 100 0.99966
32 100 0.99966
33 100 0.99966
34 100 0.99965
35 100 0.99964
36 100 0.99963
37 100 0.99959
38 100 0.99957
39 100 0.99964
40 100 0.99955
41 100 0.99867
42 100 0.99799
43 100 1.00063
44 100 1.00225
45 100 0.96465
46 100 0.81703
47 100 0.54405
48 100 0.25326
49 100 0.07160
50 100 0.01261
51 100 0.00903
52 100 0.01016
53 100 0.00571
54 100 0.00153
55 100 0.00029
56 100 0.00021
57 100 0.00011
58 100 -0.00001
59 100 -0.00003
60 100 -0.00000
61 100 0.00001
62 100 0.00000
63 100 -0.00000
0 101 -0.00000
1 101 -0.00000
2 101 0.00001
3 101 0.00000
4 101 -0.00002
5 101 -0.00002
6 101 0.00005
7 101 0.00014
8 101 0.00002
9 101 0.00000
10 101 0.00180
11 101 0.00613
12 101 0.00779
13 101 0.00371
14 101 0.01686
15 101 0.11021
16 101 0.33543
17 101 0.63784
18 101 0.87907
19 101 0.98638
20 101 1.00403
21 101 0.99922
22 101 0.99770
23 101 0.99892
24 101 0.99965
25 101 0.99963
26 101 0.99956
27 101 0.99960
28 101 0.99963
29 101 0.99964
30 101 0.99965
31 101 0.99965
32 101 0.99965
33 101 0.99965
34 101 0.99965
35 101 0.99964
36 101 0.99963
37 101 0.99960
38 101 0.99956
39 101 0.99963
40 101 0.99965
41 101 0.99892
42 101 0.99770
43 101 0.99922
44 101 1.00403
45 101 0.98638
46 101 0.87907
47 101 0.63784
48 101 0.33543
49 101 0.11021
50 101 0.01686
51 101 0.00371
52 101 0.00779
53 101 0.00613
54 101 0.00180
55 101 0.00000
56 101 0.00002
57 101 0.00014
58 101 0.00005
59 101 -0.00002
60 101 -0.00002
61 101 0.00000
62 101 0.00001
63 101 -0.00000
0 102 0.00000
1 102 0.00000
2 102 0.00000
3 102 -0.00002
4 102 -0.00003
5 102 0.00002
6 102 0.00012
7 102 0.00006
8 102 -0.00027
9 102 0.00003
10 102 0.00269
11 102 0.00621
12 102 0.00408
13 102 -0.00001
14 102 0.03301
15 102 0.17170
16 102 0.43698
17 102 0.73392
18 102 0.93153
19 102 0.99989
20 102 1.00320
21 102 0.99791
22 102 0.99778
23 102 0.99927
24 102 0.99973
25 102 0.99961
26 102 0.99956
27 102 0.99962
28 102 0.99965
29 102 0.99964
30 102 0.99965
31 102 0.99964
32 102 0.99964
33 102 0.99964
34 102 0.99965
35 102 0.99964
36 102 0.99965
37 102 0.99962
38 102 0.99956
39 102 0.99961
40 102 0.99973
41 102 0.99927
42 102 0.99778
43 102 0.99791
44 102 1.00320
45 102 0.99989
46 102 0.93153
47 102 0.73392
48 102 0.43698
49 102 0.17170
50 102 0.03301
51 102 -0.00001
52 102 0.00408
53 102 0.00621
54 102 0.00269
55 102 0.00003
56 102 -0.00027
57 102 0.00006
58 102 0.00012
59 102 0.00002
60 102 -0.00003
61 102 -0.00002
62 102 0.00000
63 102 0.00000
0 103 0.00002
1 103 0.00001
2 103 -0.00001
3 103 -0.00003
4 103 0.00000
5 103 0.00011
6 103 0.00012
7 103 -0.00018
8 103 -0.00047
9 103 0.00070
10 103 0.00396
11 103 0.00499
12 103 -0.00105
13 103 0.00172
14 103 0.06874
15 103 0.26032
16 103 0.55351
17 103 0.82467
18 103 0.97103
19 103 1.00596
20 103 1.00100
21 103 0.99711
22 103 0.99821
23 103 0.99959
24 103 0.99975
25 103 0.99959
26 103 0.99958
27 103 0.99964
28 103 0.99964
29 103 0.99963
30 103 0.99963
31 103 0.99963
32 103 0.99963
33 103 0.99963
34 103 0.99963
35 103 0.99963
36 103 0.99964
37 103 0.99964
38 103 0.99958
39 103 0.99959
40 103 0.99975
41 103 0.99959
42 103 0.99821
43 103 0.99711
44 103 1.00100
45 103 1.00596
46 103 0.97103
47 103 0.82467
48 103 0.55351
49 103 0.26032
50 103 0.06874
51 103 0.00172
52 103 -0.00105
53 103 0.00499
54 103 0.00396
55 103 0.00070
56 103 -0.00047
57 103 -0.00018
58 103 0.00012
59 103 0.00011
60 103 0.00000
61 103 -0.00003
62 103 -0.00001
63 103 0.00001
0 104 0.00001
1 104 -0.00001
2 104 -0.00003
3 104 -0.00001
4 104 0.00008
5 104 0.00014
6 104 -0.00008
7 104 -0.00053
8 104 -0.00026
9 104 0.00203
10 104 0.00453
11 104 0.00139
12 104 -0.00575
13 104 0.01634
14 104 0.13293
15 104 0.37672
16 104 0.67646
17 104 0.90213
18 104 0.99602
19 104 1.00622
20 104 0.99851
21 104 0.99686
22 104 0.99876
23 104 0.99978
24 104 0.99971
25 104 0.99957
26 104 0.99960
27 104 0.99965
28 104 0.99963
29 104 0.99961
30 104 0.99963
31 104 0.99963
32 104 0.99962
33 104 0.99963
34 104 0.99963
35 104 0.99961
36 104 0.99963
37 104 0.99965
38 104 0.99960
39 104 0.99957
40 104 0.99971
41 104 0.99978
42 104 0.99876
43 104 0.99686
44 104 0.99851
45 104 1.00622
46 104 0.99602
47 104 0.90213
48 104 0.67646
49 104 0.37672
50 104 0.13293
51 104 0.01634
52 104 -0.00575
53 104 0.00139
54 104 0.00453
55 104 0.00203
56 104 -0.00026
57 104 -0.00053
58 104 -0.00008
59 104 0.00014
60 104 0.00008
61 104 -0.00001
62 104 -0.00003
63 104 -0.00001
0 105 -0.00003
1 105 -0.00004
2 105 -0.00001
3 105 0.00008
4 105 0.00017
5 105 0.00002
6 105 -0.00045
7 105 -0.00057
8 105 0.00089
9 105 0.00359
10 105 0.00305
11 105 -0.00458
12 105 -0.00432
13 105 0.05530
14 105 0.23287
15 105 0.51539
16 105 0.79386
17 105 0.96002
18 105 1.00759
19 105 1.00320
20 105 0.99674
21 105 0.99731
22 105 0.99938
23 105 0.99988
24 105 0.99965
25 105 0.99956
26 105 0.99962
27 105 0.99965
28 105 0.99961
29 105 0.99961
30 105 0.99963
31 105 0.99962
32 105 0.99961
33 105 0.99962
34 105 0.99963
35 105 0.99961
36 105 0.99961
37 105 0.99965
38 105 0.99962
39 105 0.99956
40 105 0.99965
41 105 0.99988
42 105 0.99938
43 105 0.99731
44 105 0.99674
45 105 1.00320
46 105 1.00759
47 105 0.96002
48 105 0.79386
49 105 0.51539
50 105 0.23287
51 105 0.05530
52 105 -0.00432
53 105 -0.00458
54 105 0.00305
55 105 0.00359
56 105 0.00089
57 105 -0.00057
58 105 -0.00045
59 105 0.00002
60 105 0.00017
61 105 0.00008
62 105 -0.00001
63 105 -0.00004
0 106 -0.00007
1 106 -0.00004
2 106 0.00007
3 106 0.00019
4 106 0.00008
5 106 -0.00037
6 106 -0.00069
7 106 0.00028
8 106 0.00281
9 106 0.00370
10 106 -0.00205
11 106 -0.00976
12 106 0.01470
13 106 0.13182
14 106 0.36974
15 106 0.66348
16 106 0.89282
17 106 0.99550
18 106 1.00893
19 106 0.99925
20 106 0.99606
21 106 0.99822
22 106 0.99985
23 106 0.99985
24 106 0.99957
25 106 0.99956
26 106 0.99964
27 106 0.99963
28 106 0.99959
29 106 0.99961
30 106 0.99962
31 106 0.99961
32 106 0.99960
33 106 0.99961
34 106 0.99962
35 106 0.99961
36 106 0.99959
37 106 0.99963
38 106 0.99964
39 106 0.99956
40 106 0.99957
41 106 0.99985
42 106 0.99985
43 106 0.99822
44 106 0.99606
45 106 0.99925
46 106 1.00893
47 106 0.99550
48 106 0.89282
49 106 0.66348
50 106 0.36974
51 106 0.13182
52 106 0.01470
53 106 -0.00976
54 106 -0.00205
55 106 0.00370
56 106 0.00281
57 106 0.00028
58 106 -0.00069
59 106 -0.00037
60 106 0.00008
61 106 0.00019
62 106 0.00007
63 106 -0.00004
0 107 0.00002
1 107 0.00006
2 107 0.00012
3 107 0.00003
4 107 -0.00037
5 107 -0.00075
6 107 -0.00006
7 107 0.00227
8 107 0.00389
9 107 -0.00000
10 107 -0.00953
11 107 -0.00370
12 107 0.06889
13 107 0.25560
14 107 0.53429
15 107 0.80244
16 107 0.96341
17 107 1.01047
18 107 1.00466
19 107 0.99631
20 107 0.99653
21 107 0.99921
22 107 1.00005
23 107 0.99973
24 107 0.99953
25 107 0.99958
26 107 0.99964
27 107 0.99961
28 107 0.99958
29 107 0.99962
30 107 0.99962
31 107 0.99960
32 107 0.99959
33 107 0.99960
34 107 0.99962
35 107 0.99962
36 107 0.99958
37 107 0.99961
38 107 0.99964
39 107 0.99958
40 107 0.99953
41 107 0.99973
42 107 1.00005
43 107 0.99921
44 107 0.99653
45 107 0.99631
46 107 1.00466
47 107 1.01047
48 107 0.96341
49 107 0.80244
50 107 0.53429
51 107 0.25560
52 107 0.06889
53 107 -0.00370
54 107 -0.00953
55 107 -0.00000
56 107 0.00389
57 107 0.00227
58 107 -0.00006
59 107 -0.00075
60 107 -0.00037
61 107 0.00003
62 107 0.00012
63 107 0.00006
0 108 0.00027
1 108 0.00018
2 108 -0.00007
3 108 -0.00047
4 108 -0.00076
5 108 -0.00009
6 108 0.00210
7 108 0.00401
8 108 0.00122
9 108 -0.00809
10 108 -0.01083
11 108 0.03347
12 108 0.17615
13 108 0.42441
14 108 0.70523
15 108 0.91301
16 108 1.00207
17 108 1.01065
18 108 0.99906
19 108 0.99521
20 108 0.99778
21 108 0.99995
22 108 1.00001
23 108 0.99960
24 108 0.99951
25 108 0.99961
26 108 0.99963
27 108 0.99958
28 108 0.99959
29 108 0.99963
30 108 0.99962
31 108 0.99960
32 108 0.99960
33 108 0.99960
34 108 0.99962
35 108 0.99963
36 108 0.99959
37 108 0.99958
38 108 0.99963
39 108 0.99961
40 108 0.99951
41 108 0.99960
42 108 1.00001
43 108 0.99995
44 108 0.99778
45 108 0.99521
46 108 0.99906
47 108 1.01065
48 108 1.00207
49 108 0.91301
50 108 0.70524
51 108 0.42441
52 108 0.17615
53 108 0.03347
54 108 -0.01083
55 108 -0.00809
56 108 0.00122
57 108 0.00401
58 108 0.00210
59 108 -0.00009
60 108 -0.00076
61 108 -0.00047
62 108 -0.00007
63 108 0.00018
0 109 0.00011
1 109 -0.00011
2 109 -0.00052
3 109 -0.00063
4 109 0.00023
5 109 0.00231
6 109 0.00403
7 109 0.00161
8 109 -0.00729
9 109 -0.01353
10 109 0.01526
11 109 0.12685
12 109 0.34312
13 109 0.61793
14 109 0.85444
15 109 0.98294
16 109 1.01372
17 109 1.00406
18 109 0.99538
19 109 0.99600
20 109 0.99920
21 109 1.00024
22 109 0.99981
23 109 0.99950
24 109 0.99953
25 109 0.99963
26 109 0.99961
27 109 0.99957
28 109 0.99959
29 109 0.99962
30 109 0.99959
31 109 0.99958
32 109 0.99958
33 109 0.99958
34 109 0.99959
35 109 0.99962
36 109 0.99959
37 109 0.99957
38 109 0.99961
39 109 0.99963
40 109 0.99953
41 109 0.99950
42 109 0.99981
43 109 1.00024
44 109 0.99920
45 109 0.99600
46 109 0.99538
47 109 1.00406
48 109 1.01372
49 109 0.98294
50 109 0.85444
51 109 0.61793
52 109 0.34312
53 109 0.12685
54 109 0.01526
55 109 -0.01353
56 109 -0.00729
57 109 0.00161
58 109 0.00403
59 109 0.00231
60 109 0.00023
61 109 -0.00063
62 109 -0.00052
63 109 -0.00011
0 110 -0.00073
1 110 -0.00074
2 110 -0.00036
3 110 0.00093
4 110 0.00294
5 110 0.00388
6 110 0.00078
7 110 -0.00781
8 110 -0.01434
9 110 0.00817
10 110 0.10188
11 110 0.29290
12 110 0.55295
13 110 0.80042
14 110 0.95813
15 110 1.01256
16 110 1.00936
17 110 0.99746
18 110 0.99470
19 110 0.99786
20 110 1.00017
21 110 1.00014
22 110 0.99960
23 110 0.99947
24 110 0.99957
25 110 0.99963
26 110 0.99958
27 110 0.99955
28 110 0.99959
29 110 0.99959
30 110 0.99956
31 110 0.99955
32 110 0.99955
33 110 0.99955
34 110 0.99956
35 110 0.99959
36 110 0.99959
37 110 0.99955
38 110 0.99958
39 110 0.99963
40 110 0.99957
41 110 0.99947
42 110 0.99960
43 110 1.00014
44 110 1.00017
45 110 0.99786
46 110 0.99470
47 110 0.99746
48 110 1.00936
49 110 1.01256
50 110 0.95813
51 110 0.80042
52 110 0.55295
53 110 0.29290
54 110 0.10188
55 110 0.00817
56 110 -0.01434
57 110 -0.00781
58 110 0.00078
59 110 0.00388
60 110 0.00294
61 110 0.00093
62 110 -0.00036
63 110 -0.00074
0 111 -0.00012
1 111 0.00025
2 111 0.00148
3 111 0.00299
4 111 0.00281
5 111 -0.00158
6 111 -0.00999
7 111 -0.01395
8 111 0.01012
9 111 0.09808
10 111 0.27376
11 111 0.51771
12 111 0.76266
13 111 0.93488
14 111 1.00809
15 111 1.01351
16 111 1.00015
17 111 0.99416
18 111 0.99632
19 111 0.99962
20 111 1.00042
21 111 0.99982
22 111 0.99945
23 111 0.99949
24 111 0.99961
25 111 0.99961
26 111 0.99955
27 111 0.99956
28 111 0.99961
29 111 0.99962
30 111 0.99960
31 111 0.99958
32 111 0.99957
33 111 0.99958
34 111 0.99960
35 111 0.99962
36 111 0.99961
37 111 0.99956
38 111 0.99955
39 111 0.99961
40 111 0.99961
41 111 0.99949
42 111 0.99944
43 111 0.99982
44 111 1.00042
45 111 0.99962
46 111 0.99632
47 111 0.99416
48 111 1.00015
49 111 1.01351
50 111 1.00809
51 111 0.93488
52 111 0.76266
53 111 0.51771
54 111 0.27376
55 111 0.09808
56 111 0.01012
57 111 -0.01395
58 111 -0.00999
59 111 -0.00158
60 111 0.00281
61 111 0.00299
62 111 0.00148
63 111 0.00025
0 112 0.00299
1 112 0.00282
2 112 0.00210
3 112 -0.00049
4 112 -0.00618
5 112 -0.01278
6 112 -0.00990
7 112 0.02397
8 112 0.11729
9 112 0.28744
10 112 0.51701
11 112 0.74995
12 112 0.92181
13 112 1.00352
14 112 1.01611
15 112 1.00308
16 112 0.99420
17 112 0.99501
18 112 0.99885
19 112 1.00054
20 112 1.00014
21 112 0.99951
22 112 0.99940
23 112 0.99955
24 112 0.99963
25 112 0.99959
26 112 0.99956
27 112 0.99960
28 112 0.99963
29 112 0.99964
30 112 0.99964
31 112 0.99961
32 112 0.99959
33 112 0.99961
34 112 0.99964
35 112 0.99964
36 112 0.99963
37 112 0.99960
38 112 0.99956
39 112 0.99959
40 112 0.99963
41 112 0.99955
42 112 0.99940
43 112 0.99951
44 112 1.00014
45 112 1.00054
46 112 0.99885
47 112 0.99501
48 112 0.99420
49 112 1.00308
50 112 1.01611
51 112 1.00352
52 112 0.92181
53 112 0.74995
54 112 0.51701
55 112 0.28744
56 112 0.11729
57 112 0.02397
58 112 -0.00990
59 112 -0.01278
60 112 -0.00618
61 112 -0.00049
62 112 0.00210
63 112 0.00282
0 113 -0.00068
1 113 -0.00205
2 113 -0.00558
3 113 -0.00949
4 113 -0.00876
5 113 0.00834
6 113 0.06080
7 113 0.16868
8 113 0.33977
9 113 0.55494
10 113 0.76725
11 113 0.92472
12 113 1.00280
13 113 1.01736
14 113 1.00539
15 113 0.99492
16 113 0.99400
17 113 0.99793
18 113 1.00044
19 113 1.00042
20 113 0.99965
21 113 0.99934
22 113 0.99945
23 113 0.99960
24 113 0.99961
25 113 0.99956
26 113 0.99957
27 113 0.99960
28 113 0.99960
29 113 0.99961
30 113 0.99960
31 113 0.99957
32 113 0.99955
33 113 0.99957
34 113 0.99960
35 113 0.99961
36 113 0.99960
37 113 0.99960
38 113 0.99957
39 113 0.99956
40 113 0.99961
41 113 0.99960
42 113 0.99945
43 113 0.99934
44 113 0.99965
45 113 1.00042
46 113 1.00044
47 113 0.99793
48 113 0.99400
49 113 0.99492
50 113 1.00539
51 113 1.01736
52 113 1.00280
53 113 0.92472
54 113 0.76725
55 113 0.55494
56 113 0.33977
57 113 0.16868
58 113 0.06080
59 113 0.00834
60 113 -0.00876
61 113 -0.00949
62 113 -0.00558
63 113 -0.00205
0 114 -0.00155
1 114 -0.00002
2 114 0.00683
3 114 0.02556
4 114 0.06697
5 114 0.14478
6 114 0.26962
7 114 0.43984
8 114 0.63414
9 114 0.81471
10 114 0.94431
11 114 1.00724
12 114 1.01758
13 114 1.00570
14 114 0.99525
15 114 0.99349
16 114 0.99706
17 114 1.00020
18 114 1.00063
19 114 0.99984
20 114 0.99934
21 114 0.99937
22 114 0.99956
23 114 0.99963
24 114 0.99959
25 114 0.99956
26 114 0.99959
27 114 0.99961
28 114 0.99959
29 114 0.99960
30 114 0.99960
31 114 0.99958
32 114 0.99957
33 114 0.99958
34 114 0.99960
35 114 0.99960
36 114 0.99959
37 114 0.99961
38 114 0.99959
39 114 0.99957
40 114 0.99959
41 114 0.99963
42 114 0.99956
43 114 0.99937
44 114 0.99934
45 114 0.99984
46 114 1.00063
47 114 1.00020
48 114 0.99706
49 114 0.99349
50 114 0.99525
51 114 1.00570
52 114 1.01758
53 114 1.00724
54 114 0.94431
55 114 0.81471
56 114 0.63414
57 114 0.43984
58 114 0.26962
59 114 0.14478
60 114 0.06697
61 114 0.02556
62 114 0.00683
63 114 -0.00002
0 115 0.11478
1 115 0.12521
2 115 0.15849
3 115 0.21951
4 115 0.31331
5 115 0.44074
6 115 0.59317
7 115 0.75038
8 115 0.88511
9 115 0.97483
10 115 1.01410
11 115 1.01613
12 115 1.00359
13 115 0.99431
14 115 0.99319
15 115 0.99670
16 115 0.99997
17 115 1.00077
18 115 1.00002
19 115 0.99936
20 115 0.99928
21 115 0.99948
22 115 0.99961
23 115 0.99960
24 115 0.99955
25 115 0.99957
26 115 0.99961
27 115 0.99961
28 115 0.99961
29 115 0.99962
30 115 0.99962
31 115 0.99960
32 115 0.99959
33 115 0.99960
34 115 0.99962
35 115 0.99962
36 115 0.99961
37 115 0.99961
38 115 0.99961
39 115 0.99957
40 115 0.99955
41 115 0.99960
42 115 0.99961
43 115 0.99948
44 115 0.99928
45 115 0.99936
46 115 1.00002
47 115 1.00077
48 115 0.99997
49 115 0.99670
50 115 0.99319
51 115 0.99431
52 115 1.00359
53 115 1.01613
54 115 1.01410
55 115 0.97483
56 115 0.88511
57 115 0.75038
58 115 0.59317
59 115 0.44074
60 115 0.31331
61 115 0.21951
62 115 0.15849
63 115 0.12521
0 116 0.45122
1 116 0.46639
2 116 0.51141
3 116 0.58396
4 116 0.67805
5 116 0.78254
6 116 0.88164
7 116 0.95905
8 116 1.00419
9 116 1.01793
10 116 1.01183
11 116 0.99997
12 116 0.99280
13 116 0.99314
14 116 0.99701
15 116 1.00008
16 116 1.00085
17 116 1.00013
18 116 0.99938
19 116 0.99921
20 116 0.99940
21 116 0.99957
22 116 0.99961
23 116 0.99956
24 116 0.99956
25 116 0.99959
26 116 0.99961
27 116 0.99961
28 116 0.99961
29 116 0.99962
30 116 0.99962
31 116 0.99961
32 116 0.99960
33 116 0.99961
34 116 0.99962
35 116 0.99962
36 116 0.99961
37 116 0.99961
38 116 0.99961
39 116 0.99959
40 116 0.99956
41 116 0.99956
42 116 0.99961
43 116 0.99957
44 116 0.99940
45 116 0.99921
46 116 0.99938
47 116 1.00013
48 116 1.00085
49 116 1.00008
50 116 0.99701
51 116 0.99314
52 116 0.99280
53 116 0.99997
54 116 1.01183
55 116 1.01793
56 116 1.00419
57 116 0.95905
58 116 0.88164
59 116 0.78254
60 116 0.67805
61 116 0.58396
62 116 0.51141
63 116 0.46639
0 117 0.82353
1 117 0.83296
2 117 0.85955
3 117 0.89829
4 117 0.94137
5 117 0.97964
6 117 1.00543
7 117 1.01569
8 117 1.01263
9 117 1.00326
10 117 0.99526
11 117 0.99212
12 117 0.99398
13 117 0.99797
14 117 1.00055
15 117 1.00090
16 117 1.00010
17 117 0.99935
18 117 0.99915
19 117 0.99934
20 117 0.99955
21 117 0.99961
22 117 0.99958
23 117 0.99956
24 117 0.99959
25 117 0.99961
26 117 0.99962
27 117 0.99962
28 117 0.99962
29 117 0.99963
30 117 0.99963
31 117 0.99962
32 117 0.99962
33 117 0.99962
34 117 0.99963
35 117 0.99963
36 117 0.99962
37 117 0.99962
38 117 0.99962
39 117 0.99961
40 117 0.99959
41 117 0.99956
42 117 0.99958
43 117 0.99961
44 117 0.99955
45 117 0.99934
46 117 0.99915
47 117 0.99935
48 117 1.00010
49 117 1.00090
50 117 1.00055
51 117 0.99797
52 117 0.99398
53 117 0.99212
54 117 0.99526
55 117 1.00326
56 117 1.01263
57 117 1.01569
58 117 1.00543
59 117 0.97964
60 117 0.94137
61 117 0.89829
62 117 0.85955
63 117 0.83296
0 118 0.98990
1 118 0.99204
2 118 0.99754
3 118 1.00412
4 118 1.00892
5 118 1.00979
6 118 1.00634
7 118 1.00036
8 118 0.99471
9 118 0.99199
10 118 0.99300
11 118 0.99612
12 118 0.99934
13 118 1.00101
14 118 1.00082
15 118 0.99989
16 118 0.99922
17 118 0.99909
18 118 0.99930
19 118 0.99953
20 118 0.99961
21 118 0.99957
22 118 0.99954
23 118 0.99957
24 118 0.99961
25 118 0.99962
26 118 0.99962
27 118 0.99963
28 118 0.99963
29 118 0.99964
30 118 0.99964
31 118 0.99963
32 118 0.99963
33 118 0.99963
34 118 0.99964
35 118 0.99964
36 118 0.99963
37 118 0.99963
38 118 0.99962
39 118 0.99962
40 118 0.99961
41 118 0.99957
42 118 0.99954
43 118 0.99957
44 118 0.99961
45 118 0.99953
46 118 0.99930
47 118 0.99909
48 118 0.99922
49 118 0.99989
50 118 1.00082
51 118 1.00101
52 118 0.99934
53 118 0.99612
54 118 0.99300
55 118 0.99199
56 118 0.99471
57 118 1.00036
58 118 1.00634
59 118 1.00979
60 118 1.00892
61 118 1.00412
62 118 0.99754
63 118 0.99204
0 119 1.00159
1 119 1.00144
2 119 1.00086
3 119 0.99957
4 119 0.99750
5 119 0.99525
6 119 0.99356
7 119 0.99304
8 119 0.99409
9 119 0.99647
10 119 0.99912
11 119 1.00078
12 119 1.00111
13 119 1.00044
14 119 0.99953
15 119 0.99903
16 119 0.99904
17 119 0.99930
18 119 0.99953
19 119 0.99960
20 119 0.99956
21 119 0.99952
22 119 0.99954
23 119 0.99959
24 119 0.99962
25 119 0.99962
26 119 0.99963
27 119 0.99964
28 119 0.99964
29 119 0.99964
30 119 0.99964
31 119 0.99964
32 119 0.99964
33 119 0.99964
34 119 0.99964
35 119 0.99964
36 119 0.99964
37 119 0.99964
38 119 0.99963
39 119 0.99962
40 119 0.99962
41 119 0.99959
42 119 0.99954
43 119 0.99952
44 119 0.99956
45 119 0.99960
46 119 0.99953
47 119 0.99930
48 119 0.99904
49 119 0.99903
50 119 0.99953
51 119 1.00044
52 119 1.00111
53 119 1.00078
54 119 0.99912
55 119 0.99647
56 119 0.99409
57 119 0.99304
58 119 0.99356
59 119 0.99525
60 119 0.99750
61 119 0.99957
62 119 1.00086
63 119 1.00144
0 120 0.99552
1 120 0.99550
2 120 0.99545
3 120 0.99543
4 120 0.99553
5 120 0.99604
6 120 0.99708
7 120 0.99849
8 120 0.99991
9 120 1.00086
10 120 1.00101
11 120 1.00047
12 120 0.99969
13 120 0.99909
14 120 0.99890
15 120 0.99907
16 120 0.99936
17 120 0.99955
18 120 0.99959
19 120 0.99954
20 120 0.99950
21 120 0.99952
22 120 0.99958
23 120 0.99962
24 120 0.99963
25 120 0.99963
26 120 0.99964
27 120 0.99965
28 120 0.99965
29 120 0.99965
30 120 0.99965
31 120 0.99965
32 120 0.99965
33 120 0.99965
34 120 0.99965
35 120 0.99965
36 120 0.99965
37 120 0.99965
38 120 0.99964
39 120 0.99963
40 120 0.99963
41 120 0.99962
42 120 0.99958
43 120 0.99952
44 120 0.99950
45 120 0.99954
46 120 0.99959
47 120 0.99955
48 120 0.99936
49 120 0.99907
50 120 0.99890
51 120 0.99909
52 120 0.99969
53 120 1.00047
54 120 1.00101
55 120 1.00086
56 120 0.99991
57 120 0.99849
58 120 0.99708
59 120 0.99604
60 120 0.99553
61 120 0.99543
62 120 0.99545
63 120 0.99550
0 121 0.99879
1 121 0.99883
2 121 0.99898
3 121 0.99929
4 121 0.99971
5 121 1.00017
6 121 1.00052
7 121 1.00063
8 121 1.00045
9 121 1.00002
10 121 0.99947
11 121 0.99903
12 121 0.99886
13 121 0.99896
14 121 0.99922
15 121 0.99947
16 121 0.99958
17 121 0.99956
18 121 0.99950
19 121 0.99947
20 121 0.99951
21 121 0.99957
22 121 0.99961
23 121 0.99962
24 121 0.99963
25 121 0.99964
26 121 0.99965
27 121 0.99966
28 121 0.99966
29 121 0.99966
30 121 0.99966
31 121 0.99966
32 121 0.99966
33 121 0.99966
34 121 0.99966
35 121 0.99966
36 121 0.99966
37 121 0.99966
38 121 0.99965
39 121 0.99964
40 121 0.99963
41 121 0.99962
42 121 0.99961
43 121 0.99957
44 121 0.99951
45 121 0.99947
46 121 0.99950
47 121 0.99956
48 121 0.99958
49 121 0.99947
50 121 0.99922
51 121 0.99896
52 121 0.99886
53 121 0.99903
54 121 0.99947
55 121 1.00002
56 121 1.00045
57 121 1.00063
58 121 1.00052
59 121 1.00017
60 121 0.99971
61 121 0.99929
62 121 0.99898
63 121 0.99883
0 122 1.00024
1 122 1.00022
2 122 1.00018
3 122 1.00011
4 122 1.00002
5 122 0.99989
6 122 0.99968
7 122 0.99941
8 122 0.99913
9 122 0.99895
10 122 0.99891
11 122 0.99901
12 122 0.99922
13 122 0.99942
14 122 0.99955
15 122 0.99956
16 122 0.99950
17 122 0.99943
18 122 0.99943
19 122 0.99949
20 122 0.99956
21 122 0.99960
22 122 0.99962
23 122 0.99963
24 122 0.99965
25 122 0.99966
26 122 0.99967
27 122 0.99967
28 122 0.99968
29 122 0.99968
30 122 0.99968
31 122 0.99968
32 122 0.99968
33 122 0.99968
34 122 0.99968
35 122 0.99968
36 122 0.99968
37 122 0.99967
38 122 0.99967
39 122 0.99966
40 122 0.99965
41 122 0.99963
42 122 0.99962
43 122 0.99960
44 122 0.99956
45 122 0.99949
46 122 0.99943
47 122 0.99943
48 122 0.99950
49 122 0.99956
50 122 0.99955
51 122 0.99942
52 122 0.99922
53 122 0.99901
54 122 0.99891
55 122 0.99895
56 122 0.99913
57 122 0.99941
58 122 0.99968
59 122 0.99989
60 122 1.00002
61 122 1.00011
62 122 1.00018
63 122 1.00022
0 123 0.99927
1 123 0.99926
2 123 0.99921
3 123 0.99915
4 123 0.99908
5 123 0.99902
6 123 0.99899
7 123 0.99898
8 123 0.99903
9 123 0.99915
10 123 0.99931
11 123 0.99944
12 123 0.99952
13 123 0.99953
14 123 0.99947
15 123 0.99940
16 123 0.99938
17 123 0.99941
18 123 0.99948
19 123 0.99955
20 123 0.99959
21 123 0.99961
22 123 0.99963
23 123 0.99965
24 123 0.99966
25 123 0.99967
26 123 0.99968
27 123 0.99968
28 123 0.99969
29 123 0.99969
30 123 0.99969
31 123 0.99969
32 123 0.99969
33 123 0.99969
34 123 0.99969
35 123 0.99969
36 123 0.99969
37 123 0.99968
38 123 0.99968
39 123 0.99967
40 123 0.99966
41 123 0.99965
42 123 0.99963
43 123 0.99961
44 123 0.99959
45 123 0.99955
46 123 0.99948
47 123 0.99941
48 123 0.99938
49 123 0.99940
50 123 0.99947
51 123 0.99953
52 123 0.99952
53 123 0.99944
54 123 0.99931
55 123 0.99915
56 123 0.99903
57 123 0.99898
58 123 0.99899
59 123 0.99902
60 123 0.99908
61 123 0.99915
62 123 0.99921
63 123 0.99926
0 124 0.99898
1 124 0.99899
2 124 0.99900
3 124 0.99902
4 124 0.99907
5 124 0.99915
6 124 0.99923
7 124 0.99932
8 124 0.99941
9 124 0.99949
10 124 0.99953
11 124 0.99950
12 124 0.99944
13 124 0.99938
14 124 0.99933
15 124 0.99934
16 124 0.99941
17 124 0.99948
18 124 0.99954
19 124 0.99958
20 124 0.99960
21 124 0.99962
22 124 0.99965
23 124 0.99966
24 124 0.99968
25 124 0.99969
26 124 0.99969
27 124 0.99970
28 124 0.99970
29 124 0.99970
30 124 0.99970
31 124 0.99970
32 124 0.99970
33 124 0.99970
34 124 0.99970
35 124 0.99970
36 124 0.99970
37 124 0.99970
38 124 0.99970
39 124 0.99969
40 124 0.99968
41 124 0.99966
42 124 0.99965
43 124 0.99962
44 124 0.99960
45 124 0.99958
46 124 0.99954
47 124 0.99948
48 124 0.99941
49 124 0.99934
50 124 0.99933
51 124 0.99938
52 124 0.99944
53 124 0.99950
54 124 0.99953
55 124 0.99949
56 124 0.99941
57 124 0.99932
58 124 0.99923
59 124 0.99915
60 124 0.99907
61 124 0.99902
62 124 0.99900
63 124 0.99899
0 125 0.99930
1 125 0.99931
2 125 0.99933
3 125 0.99936
4 125 0.99941
5 125 0.99947
6 125 0.99951
7 125 0.99952
8 125 0.99952
9 125 0.99950
10 125 0.99945
11 125 0.99937
12 125 0.99931
13 125 0.99931
14 125 0.99935
15 125 0.99941
16 125 0.99948
17 125 0.99953
18 125 0.99956
19 125 0.99958
20 125 0.99961
21 125 0.99964
22 125 0.99966
23 125 0.99968
24 125 0.99970
25 125 0.99970
26 125 0.99971
27 125 0.99971
28 125 0.99971
29 125 0.99971
30 125 0.99971
31 125 0.99971
32 125 0.99971
33 125 0.99971
34 125 0.99971
35 125 0.99971
36 125 0.99971
37 125 0.99971
38 125 0.99971
39 125 0.99970
40 125 0.99970
41 125 0.99968
42 125 0.99966
43 125 0.99964
44 125 0.99961
45 125 0.99958
46 125 0.99956
47 125 0.99953
48 125 0.99948
49 125 0.99941
50 125 0.99935
51 125 0.99931
52 125 0.99931
53 125 0.99937
54 125 0.99945
55 125 0.99950
56 125 0.99952
57 125 0.99952
58 125 0.99951
59 125 0.99947
60 125 0.99941
61 125 0.99936
62 125 0.99933
63 125 0.99931
0 126 0.99950
1 126 0.99950
2 126 0.99950
3 126 0.99950
4 126 0.99949
5 126 0.99949
6 126 0.99948
7 126 0.99945
8 126 0.99943
9 126 0.99940
10 126 0.99936
11 126 0.99933
12 126 0.99934
13 126 0.99938
14 126 0.99943
15 126 0.99948
16 126 0.99951
17 126 0.99953
18 126 0.99956
19 126 0.99959
20 126 0.99962
21 126 0.99966
22 126 0.99968
23 126 0.99970
24 126 0.99971
25 126 0.99972
26 126 0.99973
27 126 0.99973
28 126 0.99973
29 126 0.99973
30 126 0.99973
31 126 0.99973
32 126 0.99973
33 126 0.99973
34 126 0.99973
35 126 0.99973
36 126 0.99973
37 126 0.99973
38 126 0.99973
39 126 0.99972
40 126 0.99971
41 126 0.99970
42 126 0.99968
43 126 0.99966
44 126 0.99962
45 126 0.99959
46 126 0.99956
47 126 0.99953
48 126 0.99951
49 126 0.99948
50 126 0.99943
51 126 0.99938
52 126 0.99934
53 126 0.99933
54 126 0.99936
55 126 0.99940
56 126 0.99943
57 126 0.99945
58 126 0.99948
59 126 0.99949
60 126 0.99949
61 126 0.99950
62 126 0.99950
63 126 0.99950
0 127 0.99941
1 127 0.99941
2 127 0.99941
3 127 0.99940
4 127 0.99939
5 127 0.99939
6 127 0.99938
7 127 0.99938
8 127 0.99939
9 127 0.99941
10 127 0.99941
11 127 0.99942
12 127 0.99944
13 127 0.99946
14 127 0.99947
15 127 0.99949
16 127 0.99951
17 127 0.99954
18 127 0.99957
19 127 0.99961
20 127 0.99964
21 127 0.99967
22 127 0.99970
23 127 0.99972
24 127 0.99973
25 127 0.99974
26 127 0.99974
27 127 0.99975
28 127 0.99975
29 127 0.99975
30 127 0.99975
31 127 0.99975
32 127 0.99975
33 127 0.99975
34 127 0.99975
35 127 0.99975
36 127 0.99975
37 127 0.99975
38 127 0.99975
39 127 0.99974
40 127 0.99973
41 127 0.99972
42 127 0.99970
43 127 0.99967
44 127 0.99964
45 127 0.99961
46 127 0.99957
47 127 0.99954
48 127 0.99951
49 127 0.99949
50 127 0.99947
51 127 0.99946
52 127 0.99944
53 127 0.99942
54 127 0.99941
55 127 0.99941
56 127 0.99939
57 127 0.99938
58 127 0.99938
59 127 0.99939
60 127 0.99939
61 127 0.99940
62 127 0.99941
63 127 0.99941
0 128 0.99935
1 128 0.99935
2 128 0.99936
3 128 0.99937
4 128 0.99939
5 128 0.99940
6 128 0.99941
7 128 0.99943
8 128 0.99946
9 128 0.99948
10 128 0.99949
11 128 0.99949
12 128 0.99949
13 128 0.99948
14 128 0.99948
15 128 0.99949
16 128 0.99952
17 128 0.99955
18 128 0.99959
19 128 0.99963
20 128 0.99966
21 128 0.99969
22 128 0.99972
23 128 0.99974
24 128 0.99975
25 128 0.99976
26 128 0.99977
27 128 0.99977
28 128 0.99977
29 128 0.99977
30 128 0.99977
31 128 0.99977
32 128 0.99977
33 128 0.99977
34 128 0.99977
35 128 0.99977
36 128 0.99977
37 128 0.99977
38 128 0.99977
39 128 0.99976
40 128 0.99975
41 128 0.99974
42 128 0.99972
43 128 0.99969
44 128 0.99966
45 128 0.99963
46 128 0.99959
47 128 0.99955
48 128 0.99952
49 128 0.99949
50 128 0.99948
51 128 0.99948
52 128 0.99949
53 128 0.99949
54 128 0.99949
55 128 0.99948
56 128 0.99946
57 128 0.99943
58 128 0.99941
59 128 0.99940
60 128 0.99939
61 128 0.99937
62 128 0.99936
63 128 0.99935
0 129 0.99942
1 129 0.99943
2 129 0.99944
3 129 0.99945
4 129 0.99947
5 129 0.99948
6 129 0.99949
7 129 0.99951
8 129 0.99951
9 129 0.99952
10 129 0.99951
11 129 0.99951
12 129 0.99950
13 129 0.99950
14 129 0.99950
15 129 0.99951
16 129 0.99954
17 129 0.99957
18 129 0.99961
19 129 0.99965
20 129 0.99968
21 129 0.99971
22 129 0.99974
23 129 0.99976
24 129 0.99978
25 129 0.99978
26 129 0.99979
27 129 0.99979
28 129 0.99979
29 129 0.99979
30 129 0.99979
31 129 0.99979
32 129 0.99979
33 129 0.99979
34 129 0.99979
35 129 0.99979
36 129 0.99979
37 129 0.99979
38 129 0.99979
39 129 0.99978
40 129 0.99978
41 129 0.99976
42 129 0.99974
43 129 0.99971
44 129 0.99968
45 129 0.99965
46 129 0.99961
47 129 0.99957
48 129 0.99954
49 129 0.99951
50 129 0.99950
51 129 0.99950
52 129 0.99950
53 129 0.99951
54 129 0.99951
55 129 0.99952
56 129 0.99951
57 129 0.99951
58 129 0.99949
59 129 0.99948
60 129 0.99947
61 129 0.99945
62 129 0.99944
63 129 0.99943
0 130 0.99953
1 130 0.99953
2 130 0.99953
3 130 0.99954
4 130 0.99954
5 130 0.99955
6 130 0.99955
7 130 0.99955
8 130 0.99955
9 130 0.99954
10 130 0.99953
11 130 0.99952
12 130 0.99952
13 130 0.99952
14 130 0.99953
15 130 0.99954
16 130 0.99956
17 130 0.99960
18 130 0.99964
19 130 0.99968
20 130 0.99971
21 130 0.99974
22 130 0.99977
23 130 0.99979
24 130 0.99980
25 130 0.99981
26 130 0.99981
27 130 0.99981
28 130 0.99981
29 130 0.99981
30 130 0.99981
31 130 0.99981
32 130 0.99981
33 130 0.99981
34 130 0.99981
35 130 0.99981
36 130 0.99981
37 130 0.99981
38 130 0.99981
39 130 0.99981
40 130 0.99980
41 130 0.99979
42 130 0.99977
43 130 0.99974
44 130 0.99971
45 130 0.99968
46 130 0.99964
47 130 0.99960
48 130 0.99956
49 130 0.99954
50 130 0.99953
51 130 0.99952
52 130 0.99952
53 130 0.99952
54 130 0.99953
55 130 0.99954
56 130 0.99955
57 130 0.99955
58 130 0.99955
59 130 0.99955
60 130 0.99954
61 130 0.99954
62 130 0.99953
63 130 0.99953
0 131 0.99961
1 131 0.99961
2 131 0.99962
3 131 0.99962
4 131 0.99962
5 131 0.99961
6 131 0.99961
7 131 0.99960
8 131 0.99958
9 131 0.99956
10 131 0.99955
11 131 0.99954
12 131 0.99954
13 131 0.99955
14 131 0.99956
15 131 0.99957
16 131 0.99959
17 131 0.99963
18 131 0.99967
19 131 0.99970
20 131 0.99974
21 131 0.99976
22 131 0.99979
23 131 0.99981
24 131 0.99983
25 131 0.99983
26 131 0.99984
27 131 0.99984
28 131 0.99984
29 131 0.99984
30 131 0.99984
31 131 0.99984
32 131 0.99984
33 131 0.99984
34 131 0.99984
35 131 0.99984
36 131 0.99984
37 131 0.99984
38 131 0.99984
39 131 0.99983
40 131 0.99983
41 131 0.99981
42 131 0.99979
43 131 0.99976
44 131 0.99974
45 131 0.99970
46 131 0.99967
47 131 0.99963
48 131 0.99959
49 131 0.99957
50 131 0.99956
51 131 0.99955
52 131 0.99954
53 131 0.99954
54 131 0.99955
55 131 0.99956
56 131 0.99958
57 131 0.99960
58 131 0.99961
59 131 0.99961
60 131 0.99962
61 131 0.99962
62 131 0.99962
63 131 0.99961
0 132 0.99971
1 132 0.99971
2 132 0.99971
3 132 0.99971
4 132 0.99970
5 132 0.99969
6 132 0.99968
7 132 0.99966
8 132 0.99963
9 132 0.99960
10 132 0.99957
11 132 0.99956
12 132 0.99955
13 132 0.99957
14 132 0.99959
15 132 0.99961
16 132 0.99963
17 132 0.99966
18 132 0.99970
19 132 0.99974
20 132 0.99977
21 132 0.99979
22 132 0.99982
23 132 0.99984
24 132 0.99986
25 132 0.99986
26 132 0.99987
27 132 0.99987
28 132 0.99987
29 132 0.99987
30 132 0.99987
31 132 0.99987
32 132 0.99987
33 132 0.99987
34 132 0.99987
35 132 0.99987
36 132 0.99987
37 132 0.99987
38 132 0.99987
39 132 0.99986
40 132 0.99986
41 132 0.99984
42 132 0.99982
43 132 0.99979
44 132 0.99977
45 132 0.99974
46 132 0.99970
47 132 0.99966
48 132 0.99963
49 132 0.99961
50 132 0.99959
51 132 0.99957
52 132 0.99955
53 132 0.99956
54 132 0.99957
55 132 0.99960
56 132 0.99963
57 132 0.99966
58 132 0.99968
59 132 0.99969
60 132 0.99970
61 132 0.99971
62 132 0.99971
63 132 0.99971
0 133 0.99982
1 133 0.99982
2 133 0.99982
3 133 0.99981
4 133 0.99980
5 133 0.99979
6 133 0.99976
7 133 0.99973
8 133 0.99969
9 133 0.99964
10 133 0.99960
11 133 0.99957
12 133 0.99955
13 133 0.99957
14 133 0.99960
15 133 0.99963
16 133 0.99966
17 133 0.99970
18 133 0.99974
19 133 0.99977
20 133 0.99980
21 133 0.99982
22 133 0.99985
23 133 0.99987
24 133 0.99988
25 133 0.99990
26 133 0.99990
27 133 0.99990
28 133 0.99990
29 133 0.99990
30 133 0.99990
31 133 0.99990
32 133 0.99990
33 133 0.99990
34 133 0.99990
35 133 0.99990
36 133 0.99990
37 133 0.99990
38 133 0.99990
39 133 0.99990
40 133 0.99988
41 133 0.99987
42 133 0.99985
43 133 0.99982
44 133 0.99980
45 133 0.99977
46 133 0.99974
47 133 0.99970
48 133 0.99966
49 133 0.99963
50 133 0.99960
51 133 0.99957
52 133 0.99955
53 133 0.99957
54 133 0.99960
55 133 0.99964
56 133 0.99969
57 133 0.99973
58 133 0.99976
59 133 0.99979
60 133 0.99980
61 133 0.99981
62 133 0.99982
63 133 0.99982
0 134 0.99995
1 134 0.99995
2 134 0.99995
3 134 0.99994
4 134 0.99992
5 134 0.99989
6 134 0.99986
7 134 0.99981
8 134 0.99975
9 134 0.99969
10 134 0.99964
11 134 0.99959
12 134 0.99955
13 134 0.99956
14 134 0.99960
15 134 0.99965
16 134 0.99969
17 134 0.99974
18 134 0.99978
19 134 0.99981
20 134 0.99984
21 134 0.99986
22 134 0.99988
23 134 0.99990
24 134 0.99992
25 134 0.99993
26 134 0.99993
27 134 0.99994
28 134 0.99994
29 134 0.99994
30 134 0.99994
31 134 0.99994
32 134 0.99994
33 134 0.99994
34 134 0.99994
35 134 0.99994
36 134 0.99994
37 134 0.99994
38 134 0.99993
39 134 0.99993
40 134 0.99992
41 134 0.99990
42 134 0.99988
43 134 0.99986
44 134 0.99984
45 134 0.99981
46 134 0.99978
47 134 0.99974
48 134 0.99969
49 134 0.99965
50 134 0.99960
51 134 0.99956
52 134 0.99955
53 134 0.99959
54 134 0.99964
55 134 0.99969
56 134 0.99975
57 134 0.99981
58 134 0.99986
59 134 0.99989
60 134 0.99992
61 134 0.99994
62 134 0.99995
63 134 0.99995
0 135 1.00009
1 135 1.00009
2 135 1.00008
3 135 1.00007
4 135 1.00005
5 135 1.00001
6 135 0.99996
7 135 0.99989
8 135 0.99982
9 135 0.99975
10 135 0.99968
11 135 0.99962
12 135 0.99957
13 135 0.99956
14 135 0.99961
15 135 0.99967
16 135 0.99972
17 135 0.99977
18 135 0.99982
19 135 0.99985
20 135 0.99988
21 135 0.99989
22 135 0.99991
23 135 0.99993
24 135 0.99995
25 135 0.99996
26 135 0.99997
27 135 0.99997
28 135 0.99997
29 135 0.99997
30 135 0.99997
31 135 0.99997
32 135 0.99997
33 135 0.99997
34 135 0.99997
35 135 0.99997
36 135 0.99997
37 135 0.99997
38 135 0.99997
39 135 0.99996
40 135 0.99995
41 135 0.99993
42 135 0.99991
43 135 0.99989
44 135 0.99988
45 135 0.99985
46 135 0.99982
47 135 0.99977
48 135 0.99972
49 135 0.99967
50 135 0.99961
51 135 0.99956
52 135 0.99957
53 135 0.99962
54 135 0.99968
55 135 0.99975
56 135 0.99982
57 135 0.99989
58 135 0.99996
59 135 1.00001
60 135 1.00005
61 135 1.00007
62 135 1.00008
63 135 1.00009
0 136 1.00024
1 136 1.00024
2 136 1.00023
3 136 1.00020
4 136 1.00017
5 136 1.00012
6 136 1.00006
7 136 0.99998
8 136 0.99989
9 136 0.99980
10 136 0.99972
11 136 0.99965
12 136 0.99959
13 136 0.99957
14 136 0.99962
15 136 0.99969
16 136 0.99975
17 136 0.99981
18 136 0.99986
19 136 0.99989
20 136 0.99992
21 136 0.99993
22 136 0.99995
23 136 0.99997
24 136 0.99998
25 136 1.00000
26 136 1.00000
27 136 1.00000
28 136 1.00000
29 136 1.00000
30 136 1.00000
31 136 1.00000
32 136 1.00000
33 136 1.00000
34 136 1.00000
35 136 1.00000
36 136 1.00000
37 136 1.00000
38 136 1.00000
39 136 1.00000
40 136 0.99998
41 136 0.99997
42 136 0.99995
43 136 0.99993
44 136 0.99992
45 136 0.99989
46 136 0.99986
47 136 0.99981
48 136 0.99975
49 136 0.99969
50 136 0.99962
51 136 0.99957
52 136 0.99959
53 136 0.99965
54 136 0.99972
55 136 0.99980
56 136 0.99989
57 136 0.99998
58 136 1.00006
59 136 1.00012
60 136 1.00017
61 136 1.00020
62 136 1.00023
63 136 1.00024
0 137 1.00038
1 137 1.00038
2 137 1.00036
3 137 1.00033
4 137 1.00029
5 137 1.00022
6 137 1.00015
7 137 1.00005
8 137 0.99995
9 137 0.99985
10 137 0.99976
11 137 0.99967
12 137 0.99961
13 137 0.99959
14 137 0.99963
15 137 0.99971
16 137 0.99978
17 137 0.99984
18 137 0.99989
19 137 0.99993
20 137 0.99995
21 137 0.99997
22 137 0.99998
23 137 1.00000
24 137 1.00002
25 137 1.00003
26 137 1.00003
27 137 1.00003
28 137 1.00003
29 137 1.00003
30 137 1.00004
31 137 1.00004
32 137 1.00004
33 137 1.00004
34 137 1.00004
35 137 1.00003
36 137 1.00003
37 137 1.00003
38 137 1.00003
39 137 1.00003
40 137 1.00002
41 137 1.00000
42 137 0.99998
43 137 0.99997
44 137 0.99995
45 137 0.99993
46 137 0.99989
47 137 0.99984
48 137 0.99978
49 137 0.99971
50 137 0.99963
51 137 0.99959
52 137 0.99961
53 137 0.99967
54 137 0.99976
55 137 0.99985
56 137 0.99995
57 137 1.00005
58 137 1.00015
59 137 1.00022
60 137 1.00029
61 137 1.00033
62 137 1.00036
63 137 1.00038
0 138 1.00051
1 138 1.00051
2 138 1.00048
3 138 1.00044
4 138 1.00039
5 138 1.00031
6 138 1.00022
7 138 1.00012
8 138 1.00000
9 138 0.99989
10 138 0.99979
11 138 0.99970
12 138 0.99963
13 138 0.99961
14 138 0.99965
15 138 0.99973
16 138 0.99981
17 138 0.99988
18 138 0.99994
19 138 0.99998
20 138 1.00000
21 138 1.00000
22 138 1.00002
23 138 1.00004
24 138 1.00005
25 138 1.00006
26 138 1.00007
27 138 1.00007
28 138 1.00007
29 138 1.00007
30 138 1.00007
31 138 1.00007
32 138 1.00007
33 138 1.00007
34 138 1.00007
35 138 1.00007
36 138 1.00007
37 138 1.00007
38 138 1.00007
39 138 1.00006
40 138 1.00005
41 138 1.00004
42 138 1.00002
43 138 1.00000
44 138 1.00000
45 138 0.99998
46 138 0.99994
47 138 0.99988
48 138 0.99981
49 138 0.99973
50 138 0.99965
51 138 0.99961
52 138 0.99963
53 138 0.99970
54 138 0.99979
55 138 0.99989
56 138 1.00000
57 138 1.00012
58 138 1.00022
59 138 1.00031
60 138 1.00039
61 138 1.00044
62 138 1.00048
63 138 1.00051
0 139 1.00061
1 139 1.00060
2 139 1.00057
3 139 1.00053
4 139 1.00046
5 139 1.00038
6 139 1.00028
7 139 1.00016
8 139 1.00004
9 139 0.99992
10 139 0.99981
11 139 0.99972
12 139 0.99965
13 139 0.99964
14 139 0.99968
15 139 0.99976
16 139 0.99985
17 139 0.99992
18 139 0.99998
19 139 1.00002
20 139 1.00004
21 139 1.00004
22 139 1.00006
23 139 1.00007
24 139 1.00009
25 139 1.00010
26 139 1.00011
27 139 1.00011
28 139 1.00011
29 139 1.00011
30 139 1.00011
31 139 1.00011
32 139 1.00011
33 139 1.00011
34 139 1.00011
35 139 1.00011
36 139 1.00011
37 139 1.00011
38 139 1.00011
39 139 1.00010
40 139 1.00009
41 139 1.00007
42 139 1.00006
43 139 1.00004
44 139 1.00004
45 139 1.00002
46 139 0.99998
47 139 0.99992
48 139 0.99985
49 139 0.99976
50 139 0.99968
51 139 0.99964
52 139 0.99965
53 139 0.99972
54 139 0.99981
55 139 0.99992
56 139 1.00004
57 139 1.00016
58 139 1.00028
59 139 1.00038
60 139 1.00046
61 139 1.00053
62 139 1.00057
63 139 1.00060
0 140 1.00067
1 140 1.00066
2 140 1.00063
3 140 1.00058
4 140 1.00051
5 140 1.00042
6 140 1.00031
7 140 1.00019
8 140 1.00006
9 140 0.99994
10 140 0.99983
11 140 0.99973
12 140 0.99967
13 140 0.99966
14 140 0.99971
15 140 0.99980
16 140 0.99989
17 140 0.99997
18 140 1.00002
19 140 1.00006
20 140 1.00008
21 140 1.00008
22 140 1.00009
23 140 1.00011
24 140 1.00013
25 140 1.00014
26 140 1.00015
27 140 1.00015
28 140 1.00015
29 140 1.00015
30 140 1.00015
31 140 1.00015
32 140 1.00015
33 140 1.00015
34 140 1.00015
35 140 1.00015
36 140 1.00015
37 140 1.00015
38 140 1.00015
39 140 1.00014
40 140 1.00013
41 140 1.00011
42 140 1.00009
43 140 1.00008
44 140 1.00008
45 140 1.00006
46 140 1.00002
47 140 0.99997
48 140 0.99989
49 140 0.99980
50 140 0.99971
51 140 0.99966
52 140 0.99967
53 140 0.99973
54 140 0.99983
55 140 0.99994
56 140 1.00006
57 140 1.00019
58 140 1.00031
59 140 1.00042
60 140 1.00051
61 140 1.00058
62 140 1.00063
63 140 1.00066
0 141 1.00070
1 141 1.00069
2 141 1.00066
3 141 1.00061
4 141 1.00053
5 141 1.00044
6 141 1.00033
7 141 1.00020
8 141 1.00007
9 141 0.99994
10 141 0.99984
11 141 0.99975
12 141 0.99969
13 141 0.99970
14 141 0.99975
15 141 0.99984
16 141 0.99993
17 141 1.00001
18 141 1.00007
19 141 1.00011
20 141 1.00012
21 141 1.00012
22 141 1.00013
23 141 1.00015
24 141 1.00017
25 141 1.00018
26 141 1.00019
27 141 1.00019
28 141 1.00019
29 141 1.00019
30 141 1.00019
31 141 1.00019
32 141 1.00019
33 141 1.00019
34 141 1.00019
35 141 1.00019
36 141 1.00019
37 141 1.00019
38 141 1.00019
39 141 1.00018
40 141 1.00017
41 141 1.00015
42 141 1.00013
43 141 1.00012
44 141 1.00012
45 141 1.00011
46 141 1.00007
47 141 1.00001
48 141 0.99993
49 141 0.99984
50 141 0.99975
51 141 0.99970
52 141 0.99969
53 141 0.99975
54 141 0.99984
55 141 0.99994
56 141 1.00007
57 141 1.00020
58 141 1.00033
59 141 1.00044
60 141 1.00053
61 141 1.00061
62 141 1.00066
63 141 1.00069
0 142 1.00069
1 142 1.00068
2 142 1.00065
3 142 1.00060
4 142 1.00053
5 142 1.00043
6 142 1.00032
7 142 1.00019
8 142 1.00006
9 142 0.99994
10 142 0.99984
11 142 0.99976
12 142 0.99972
13 142 0.99973
14 142 0.99979
15 142 0.99988
16 142 0.99997
17 142 1.00006
18 142 1.00012
19 142 1.00015
20 142 1.00016
21 142 1.00016
22 142 1.00017
23 142 1.00019
24 142 1.00021
25 142 1.00023
26 142 1.00023
27 142 1.00023
28 142 1.00023
29 142 1.00023
30 142 1.00024
31 142 1.00024
32 142 1.00024
33 142 1.00024
34 142 1.00024
35 142 1.00023
36 142 1.00023
37 142 1.00023
38 142 1.00023
39 142 1.00023
40 142 1.00021
41 142 1.00019
42 142 1.00017
43 142 1.00016
44 142 1.00016
45 142 1.00015
46 142 1.00012
47 142 1.00006
48 142 0.99997
49 142 0.99988
50 142 0.99979
51 142 0.99973
52 142 0.99972
53 142 0.99976
54 142 0.99984
55 142 0.99994
56 142 1.00006
57 142 1.00019
58 142 1.00032
59 142 1.00043
60 142 1.00053
61 142 1.00060
62 142 1.00065
63 142 1.00068
0 143 1.00065
1 143 1.00064
2 143 1.00062
3 143 1.00057
4 143 1.00050
5 143 1.00040
6 143 1.00029
7 143 1.00017
8 143 1.00005
9 143 0.99994
10 143 0.99984
11 143 0.99977
12 143 0.99974
13 143 0.99977
14 143 0.99984
15 143 0.99993
16 143 1.00003
17 143 1.00011
18 143 1.00016
19 143 1.00019
20 143 1.00020
21 143 1.00020
22 143 1.00022
23 143 1.00024
24 143 1.00026
25 143 1.00027
26 143 1.00027
27 143 1.00027
28 143 1.00027
29 143 1.00028
30 143 1.00028
31 143 1.00028
32 143 1.00028
33 143 1.00028
34 143 1.00028
35 143 1.00028
36 143 1.00027
37 143 1.00027
38 143 1.00027
39 143 1.00027
40 143 1.00026
41 143 1.00024
42 143 1.00022
43 143 1.00020
44 143 1.00020
45 143 1.00019
46 143 1.00016
47 143 1.00011
48 143 1.00003
49 143 0.99993
50 143 0.99984
51 143 0.99977
52 143 0.99974
53 143 0.99977
54 143 0.99984
55 143 0.99994
56 143 1.00005
57 143 1.00017
58 143 1.00029
59 143 1.00040
60 143 1.00050
61 143 1.00057
62 143 1.00062
63 143 1.00064
0 144 1.00059
1 144 1.00059
2 144 1.00056
3 144 1.00052
4 144 1.00045
5 144 1.00036
6 144 1.00025
7 144 1.00013
8 144 1.00003
9 144 0.99993
10 144 0.99985
11 144 0.99979
12 144 0.99978
13 144 0.99982
14 144 0.99990
15 144 0.99999
16 144 1.00008
17 144 1.00016
18 144 1.00021
19 144 1.00023
20 144 1.00024
21 144 1.00024
22 144 1.00026
23 144 1.00028
24 144 1.00030
25 144 1.00031
26 144 1.00031
27 144 1.00032
28 144 1.00032
29 144 1.00032
30 144 1.00032
31 144 1.00032
32 144 1.00032
33 144 1.00032
34 144 1.00032
35 144 1.00032
36 144 1.00032
37 144 1.00032
38 144 1.00031
39 144 1.00031
40 144 1.00030
41 144 1.00028
42 144 1.00026
43 144 1.00024
44 144 1.00024
45 144 1.00023
46 144 1.00021
47 144 1.00016
48 144 1.00008
49 144 0.99999
50 144 0.99990
51 144 0.99982
52 144 0.99978
53 144 0.99979
54 144 0.99985
55 144 0.99993
56 144 1.00003
57 144 1.00013
58 144 1.00025
59 144 1.00036
60 144 1.00045
61 144 1.00052
62 144 1.00056
63 144 1.00059
0 145 1.00052
1 145 1.00052
2 145 1.00050
3 145 1.00045
4 145 1.00038
5 145 1.00029
6 145 1.00020
7 145 1.00010
8 145 1.00000
9 145 0.99992
10 145 0.99986
11 145 0.99982
12 145 0.99983
13 145 0.99988
14 145 0.99996
15 145 1.00005
16 145 1.00014
17 145 1.00022
18 145 1.00026
19 145 1.00027
20 145 1.00028
21 145 1.00028
22 145 1.00030
23 145 1.00032
24 145 1.00034
25 145 1.00035
26 145 1.00035
27 145 1.00036
28 145 1.00036
29 145 1.00036
30 145 1.00036
31 145 1.00036
32 145 1.00036
33 145 1.00036
34 145 1.00036
35 145 1.00036
36 145 1.00036
37 145 1.00036
38 145 1.00035
39 145 1.00035
40 145 1.00034
41 145 1.00032
42 145 1.00030
43 145 1.00028
44 145 1.00028
45 145 1.00027
46 145 1.00026
47 145 1.00022
48 145 1.00014
49 145 1.00005
50 145 0.99996
51 145 0.99988
52 145 0.99983
53 145 0.99982
54 145 0.99986
55 145 0.99992
56 145 1.00000
57 145 1.00010
58 145 1.00020
59 145 1.00029
60 145 1.00038
61 145 1.00045
62 145 1.00050
63 145 1.00052
0 146 1.00045
1 146 1.00045
2 146 1.00042
3 146 1.00037
4 146 1.00031
5 146 1.00023
6 146 1.00015
7 146 1.00007
8 146 1.00000
9 146 0.99993
10 146 0.99987
11 146 0.99986
12 146 0.99989
13 146 0.99995
14 146 1.00002
15 146 1.00012
16 146 1.00020
17 146 1.00027
18 146 1.00030
19 146 1.00031
20 146 1.00032
21 146 1.00032
22 146 1.00035
23 146 1.00037
24 146 1.00039
25 146 1.00039
26 146 1.00040
27 146 1.00040
28 146 1.00040
29 146 1.00040
30 146 1.00040
31 146 1.00040
32 146 1.00040
33 146 1.00040
34 146 1.00040
35 146 1.00040
36 146 1.00040
37 146 1.00040
38 146 1.00040
39 146 1.00039
40 146 1.00039
41 146 1.00037
42 146 1.00035
43 146 1.00032
44 146 1.00032
45 146 1.00031
46 146 1.00030
47 146 1.00027
48 146 1.00020
49 146 1.00012
50 146 1.00002
51 146 0.99995
52 146 0.99989
53 146 0.99986
54 146 0.99987
55 146 0.99993
56 146 1.00000
57 146 1.00007
58 146 1.00015
59 146 1.00023
60 146 1.00031
61 146 1.00037
62 146 1.00042
63 146 1.00045
0 147 1.00037
1 147 1.00036
2 147 1.00034
3 147 1.00029
4 147 1.00024
5 147 1.00018
6 147 1.00012
7 147 1.00006
8 147 0.99999
9 147 0.99994
10 147 0.99990
11 147 0.99991
12 147 0.99995
13 147 1.00001
14 147 1.00009
15 147 1.00019
16 147 1.00026
17 147 1.00032
18 147 1.00035
19 147 1.00035
20 147 1.00035
21 147 1.00037
22 147 1.00039
23 147 1.00041
24 147 1.00043
25 147 1.00043
26 147 1.00044
27 147 1.00044
28 147 1.00044
29 147 1.00044
30 147 1.00044
31 147 1.00044
32 147 1.00044
33 147 1.00044
34 147 1.00044
35 147 1.00044
36 147 1.00044
37 147 1.00044
38 147 1.00044
39 147 1.00043
40 147 1.00043
41 147 1.00041
42 147 1.00039
43 147 1.00037
44 147 1.00035
45 147 1.00035
46 147 1.00035
47 147 1.00032
48 147 1.00026
49 147 1.00019
50 147 1.00009
51 147 1.00001
52 147 0.99995
53 147 0.99991
54 147 0.99990
55 147 0.99994
56 147 0.99999
57 147 1.00006
58 147 1.00012
59 147 1.00018
60 147 1.00024
61 147 1.00029
62 147 1.00034
63 147 1.00036
0 148 1.00029
1 148 1.00029
2 148 1.00027
3 148 1.00023
4 148 1.00019
5 148 1.00015
6 148 1.00010
7 148 1.00005
8 148 1.00000
9 148 0.99996
10 148 0.99995
11 148 0.99997
12 148 1.00002
13 148 1.00009
14 148 1.00017
15 148 1.00025
16 148 1.00032
17 148 1.00037
18 148 1.00039
19 148 1.00039
20 148 1.00039
21 148 1.00041
22 148 1.00044
23 148 1.00046
24 148 1.00047
25 148 1.00048
26 148 1.00048
27 148 1.00048
28 148 1.00048
29 148 1.00048
30 148 1.00048
31 148 1.00048
32 148 1.00048
33 148 1.00048
34 148 1.00048
35 148 1.00048
36 148 1.00048
37 148 1.00048
38 148 1.00048
39 148 1.00048
40 148 1.00047
41 148 1.00046
42 148 1.00044
43 148 1.00041
44 148 1.00039
45 148 1.00039
46 148 1.00039
47 148 1.00037
48 148 1.00032
49 148 1.00025
50 148 1.00017
51 148 1.00009
52 148 1.00002
53 148 0.99997
54 148 0.99995
55 148 0.99996
56 148 1.00000
57 148 1.00005
58 148 1.00010
59 148 1.00015
60 148 1.00019
61 148 1.00023
62 148 1.00027
63 148 1.00029
0 149 1.00024
1 149 1.00024
2 149 1.00022
3 149 1.00020
4 149 1.00017
5 149 1.00014
6 149 1.00010
7 149 1.00005
8 149 1.00002
9 149 1.00000
10 149 1.00001
11 149 1.00004
12 149 1.00009
13 149 1.00016
14 149 1.00024
15 149 1.00032
16 149 1.00037
17 149 1.00041
18 149 1.00042
19 149 1.00042
20 149 1.00043
21 149 1.00046
22 149 1.00048
23 149 1.00050
24 149 1.00051
25 149 1.00051
26 149 1.00052
27 149 1.00052
28 149 1.00052
29 149 1.00052
30 149 1.00052
31 149 1.00052
32 149 1.00052
33 149 1.00052
34 149 1.00052
35 149 1.00052
36 149 1.00052
37 149 1.00052
38 149 1.00052
39 149 1.00051
40 149 1.00051
41 149 1.00050
42 149 1.00048
43 149 1.00046
44 149 1.00043
45 149 1.00042
46 149 1.00042
47 149 1.00041
48 149 1.00037
49 149 1.00032
50 149 1.00024
51 149 1.00016
52 149 1.00009
53 149 1.00004
54 149 1.00001
55 149 1.00000
56 149 1.00002
57 149 1.00005
58 149 1.00010
59 149 1.00014
60 149 1.00017
61 149 1.00020
62 149 1.00022
63 149 1.00024
0 150 1.00021
1 150 1.00021
2 150 1.00020
3 150 1.00019
4 150 1.00017
5 150 1.00014
6 150 1.00010
7 150 1.00007
8 150 1.00005
9 150 1.00006
10 150 1.00008
11 150 1.00012
12 150 1.00017
13 150 1.00024
14 150 1.00031
15 150 1.00038
16 150 1.00043
17 150 1.00045
18 150 1.00046
19 150 1.00046
20 150 1.00048
21 150 1.00051
22 150 1.00053
23 150 1.00055
24 150 1.00055
25 150 1.00055
26 150 1.00055
27 150 1.00056
28 150 1.00056
29 150 1.00056
30 150 1.00056
31 150 1.00056
32 150 1.00056
33 150 1.00056
34 150 1.00056
35 150 1.00056
36 150 1.00056
37 150 1.00056
38 150 1.00055
39 150 1.00055
40 150 1.00055
41 150 1.00055
42 150 1.00053
43 150 1.00051
44 150 1.00048
45 150 1.00046
46 150 1.00046
47 150 1.00045
48 150 1.00043
49 150 1.00038
50 150 1.00031
51 150 1.00024
52 150 1.00017
53 150 1.00012
54 150 1.00008
55 150 1.00006
56 150 1.00005
57 150 1.00007
58 150 1.00010
59 150 1.00014
60 150 1.00017
61 150 1.00019
62 150 1.00020
63 150 1.00021
0 151 1.00021
1 151 1.00021
2 151 1.00020
3 151 1.00019
4 151 1.00017
5 151 1.00014
6 151 1.00012
7 151 1.00011
8 151 1.00011
9 151 1.00012
10 151 1.00015
11 151 1.00019
12 151 1.00025
13 151 1.00031
14 151 1.00038
15 151 1.00044
16 151 1.00047
17 151 1.00049
18 151 1.00049
19 151 1.00050
20 151 1.00052
21 151 1.00055
22 151 1.00057
23 151 1.00059
24 151 1.00059
25 151 1.00059
26 151 1.00059
27 151 1.00059
28 151 1.00060
29 151 1.00060
30 151 1.00060
31 151 1.00060
32 151 1.00060
33 151 1.00060
34 151 1.00060
35 151 1.00060
36 151 1.00060
37 151 1.00059
38 151 1.00059
39 151 1.00059
40 151 1.00059
41 151 1.00059
42 151 1.00057
43 151 1.00055
44 151 1.00052
45 151 1.00050
46 151 1.00049
47 151 1.00049
48 151 1.00047
49 151 1.00044
50 151 1.00038
51 151 1.00031
52 151 1.00025
53 151 1.00019
54 151 1.00015
55 151 1.00012
56 151 1.00011
57 151 1.00011
58 151 1.00012
59 151 1.00014
60 151 1.00017
61 151 1.00019
62 151 1.00020
63 151 1.00021
0 152 1.00021
1 152 1.00021
2 152 1.00021
3 152 1.00020
4 152 1.00018
5 152 1.00017
6 152 1.00016
7 152 1.00016
8 152 1.00017
9 152 1.00020
10 152 1.00023
11 152 1.00027
12 152 1.00032
13 152 1.00039
14 152 1.00044
15 152 1.00049
16 152 1.00051
17 152 1.00052
18 152 1.00053
19 152 1.00055
20 152 1.00057
21 152 1.00060
22 152 1.00062
23 152 1.00062
24 152 1.00063
25 152 1.00063
26 152 1.00063
27 152 1.00063
28 152 1.00063
29 152 1.00063
30 152 1.00063
31 152 1.00063
32 152 1.00063
33 152 1.00063
34 152 1.00063
35 152 1.00063
36 152 1.00063
37 152 1.00063
38 152 1.00063
39 152 1.00063
40 152 1.00063
41 152 1.00062
42 152 1.00062
43 152 1.00060
44 152 1.00057
45 152 1.00055
46 152 1.00053
47 152 1.00052
48 152 1.00051
49 152 1.00049
50 152 1.00044
51 152 1.00039
52 152 1.00032
53 152 1.00027
54 152 1.00023
55 152 1.00020
56 152 1.00017
57 152 1.00016
58 152 1.00016
59 152 1.00017
60 152 1.00018
61 152 1.00020
62 152 1.00021
63 152 1.00021
0 153 1.00023
1 153 1.00023
2 153 1.00022
3 153 1.00022
4 153 1.00022
5 153 1.00021
6 153 1.00022
7 153 1.00023
8 153 1.00024
9 153 1.00027
10 153 1.00030
11 153 1.00034
12 153 1.00040
13 153 1.00045
14 153 1.00050
15 153 1.00053
16 153 1.00055
17 153 1.00056
18 153 1.00057
19 153 1.00059
20 153 1.00062
21 153 1.00064
22 153 1.00065
23 153 1.00066
24 153 1.00066
25 153 1.00066
26 153 1.00066
27 153 1.00067
28 153 1.00067
29 153 1.00067
30 153 1.00067
31 153 1.00067
32 153 1.00067
33 153 1.00067
34 153 1.00067
35 153 1.00067
36 153 1.00067
37 153 1.00067
38 153 1.00066
39 153 1.00066
40 153 1.00066
41 153 1.00066
42 153 1.00065
43 153 1.00064
44 153 1.00062
45 153 1.00059
46 153 1.00057
47 153 1.00056
48 153 1.00055
49 153 1.00053
50 153 1.00050
51 153 1.00045
52 153 1.00040
53 153 1.00034
54 153 1.00030
55 153 1.00027
56 153 1.00024
57 153 1.00023
58 153 1.00022
59 153 1.00021
60 153 1.00022
61 153 1.00022
62 153 1.00022
63 153 1.00023
0 154 1.00026
1 154 1.00026
2 154 1.00026
3 154 1.00027
4 154 1.00027
5 154 1.00028
6 154 1.00028
7 154 1.00030
8 154 1.00031
9 154 1.00034
10 154 1.00038
11 154 1.00042
12 154 1.00047
13 154 1.00051
14 154 1.00055
15 154 1.00057
16 154 1.00058
17 154 1.00059
18 154 1.00061
19 154 1.00064
20 154 1.00067
21 154 1.00068
22 154 1.00069
23 154 1.00069
24 154 1.00069
25 154 1.00070
26 154 1.00070
27 154 1.00070
28 154 1.00070
29 154 1.00070
30 154 1.00070
31 154 1.00070
32 154 1.00070
33 154 1.00070
34 154 1.00070
35 154 1.00070
36 154 1.00070
37 154 1.00070
38 154 1.00070
39 154 1.00070
40 154 1.00069
41 154 1.00069
42 154 1.00069
43 154 1.00068
44 154 1.00067
45 154 1.00064
46 154 1.00061
47 154 1.00059
48 154 1.00058
49 154 1.00057
50 154 1.00055
51 154 1.00051
52 154 1.00047
53 154 1.00042
54 154 1.00038
55 154 1.00034
56 154 1.00032
57 154 1.00030
58 154 1.00028
59 154 1.00028
60 154 1.00027
61 154 1.00027
62 154 1.00026
63 154 1.00026
0 155 1.00031
1 155 1.00031
2 155 1.00032
3 155 1.00032
4 155 1.00033
5 155 1.00034
6 155 1.00035
7 155 1.00036
8 155 1.00038
9 155 1.00041
10 155 1.00045
11 155 1.00049
12 155 1.00053
13 155 1.00056
14 155 1.00059
15 155 1.00061
16 155 1.00062
17 155 1.00063
18 155 1.00066
19 155 1.00069
20 155 1.00071
21 155 1.00072
22 155 1.00072
23 155 1.00072
24 155 1.00073
25 155 1.00073
26 155 1.00073
27 155 1.00073
28 155 1.00073
29 155 1.00073
30 155 1.00073
31 155 1.00073
32 155 1.00073
33 155 1.00073
34 155 1.00073
35 155 1.00073
36 155 1.00073
37 155 1.00073
38 155 1.00073
39 155 1.00073
40 155 1.00073
41 155 1.00072
42 155 1.00072
43 155 1.00072
44 155 1.00071
45 155 1.00069
46 155 1.00066
47 155 1.00063
48 155 1.00062
49 155 1.00061
50 155 1.00059
51 155 1.00056
52 155 1.00053
53 155 1.00049
54 155 1.00045
55 155 1.00041
56 155 1.00038
57 155 1.00036
58 155 1.00035
59 155 1.00034
60 155 1.00033
61 155 1.00032
62 155 1.00032
63 155 1.00031
0 156 1.00038
1 156 1.00038
2 156 1.00038
3 156 1.00039
4 156 1.00039
5 156 1.00040
6 156 1.00041
7 156 1.00043
8 156 1.00045
9 156 1.00048
10 156 1.00052
11 156 1.00055
12 156 1.00058
13 156 1.00061
14 156 1.00063
15 156 1.00064
16 156 1.00066
17 156 1.00068
18 156 1.00071
19 156 1.00073
20 156 1.00075
21 156 1.00075
22 156 1.00076
23 156 1.00076
24 156 1.00076
25 156 1.00076
26 156 1.00076
27 156 1.00076
28 156 1.00076
29 156 1.00076
30 156 1.00076
31 156 1.00076
32 156 1.00076
33 156 1.00076
34 156 1.00076
35 156 1.00076
36 156 1.00076
37 156 1.00076
38 156 1.00076
39 156 1.00076
40 156 1.00076
41 156 1.00076
42 156 1.00076
43 156 1.00075
44 156 1.00075
45 156 1.00073
46 156 1.00071
47 156 1.00068
48 156 1.00066
49 156 1.00064
50 156 1.00063
51 156 1.00061
52 156 1.00058
53 156 1.00055
54 156 1.00052
55 156 1.00048
56 156 1.00045
57 156 1.00043
58 156 1.00041
59 156 1.00040
60 156 1.00039
61 156 1.00039
62 156 1.00038
63 156 1.00038
0 157 1.00044
1 157 1.00044
2 157 1.00044
3 157 1.00045
4 157 1.00045
5 157 1.00046
6 157 1.00047
7 157 1.00049
8 157 1.00051
9 157 1.00054
10 157 1.00058
11 157 1.00060
12 157 1.00063
13 157 1.00065
14 157 1.00066
15 157 1.00068
16 157 1.00070
17 157 1.00072
18 157 1.00075
19 157 1.00077
20 157 1.00078
21 157 1.00078
22 157 1.00078
23 157 1.00079
24 157 1.00079
25 157 1.00079
26 157 1.00079
27 157 1.00079
28 157 1.00079
29 157 1.00079
30 157 1.00079
31 157 1.00079
32 157 1.00079
33 157 1.00079
34 157 1.00079
35 157 1.00079
36 157 1.00079
37 157 1.00079
38 157 1.00079
39 157 1.00079
40 157 1.00079
41 157 1.00079
42 157 1.00078
43 157 1.00078
44 157 1.00078
45 157 1.00077
46 157 1.00075
47 157 1.00072
48 157 1.00070
49 157 1.00068
50 157 1.00066
51 157 1.00065
52 157 1.00063
53 157 1.00060
54 157 1.00058
55 157 1.00054
56 157 1.00051
57 157 1.00049
58 157 1.00047
59 157 1.00046
60 157 1.00045
61 157 1.00045
62 157 1.00044
63 157 1.00044
0 158 1.00049
1 158 1.00049
2 158 1.00049
3 158 1.00050
4 158 1.00051
5 158 1.00052
6 158 1.00053
7 158 1.00055
8 158 1.00058
9 158 1.00061
10 158 1.00063
11 158 1.00065
12 158 1.00067
13 158 1.00069
14 158 1.00070
15 158 1.00072
16 158 1.00074
17 158 1.00077
18 158 1.00080
19 158 1.00081
20 158 1.00081
21 158 1.00081
22 158 1.00081
23 158 1.00081
24 158 1.00081
25 158 1.00082
26 158 1.00081
27 158 1.00081
28 158 1.00081
29 158 1.00081
30 158 1.00081
31 158 1.00081
32 158 1.00081
33 158 1.00081
34 158 1.00081
35 158 1.00081
36 158 1.00081
37 158 1.00081
38 158 1.00081
39 158 1.00082
40 158 1.00081
41 158 1.00081
42 158 1.00081
43 158 1.00081
44 158 1.00081
45 158 1.00081
46 158 1.00080
47 158 1.00077
48 158 1.00074
49 158 1.00072
50 158 1.00070
51 158 1.00069
52 158 1.00067
53 158 1.00065
54 158 1.00063
55 158 1.00061
56 158 1.00058
57 158 1.00055
58 158 1.00053
59 158 1.00052
60 158 1.00051
61 158 1.00050
62 158 1.00049
63 158 1.00049
0 159 1.00054
1 159 1.00055
2 159 1.00055
3 159 1.00055
4 159 1.00056
5 159 1.00058
6 159 1.00060
7 159 1.00061
8 159 1.00064
9 159 1.00066
10 159 1.00068
11 159 1.00069
12 159 1.00071
13 159 1.00072
14 159 1.00074
15 159 1.00076
16 159 1.00079
17 159 1.00082
18 159 1.00083
19 159 1.00084
20 159 1.00084
21 159 1.00084
22 159 1.00084
23 159 1.00084
24 159 1.00084
25 159 1.00084
26 159 1.00084
27 159 1.00084
28 159 1.00083
29 159 1.00083
30 159 1.00083
31 159 1.00083
32 159 1.00083
33 159 1.00083
34 159 1.00083
35 159 1.00083
36 159 1.00083
37 159 1.00084
38 159 1.00084
39 159 1.00084
40 159 1.00084
41 159 1.00084
42 159 1.00084
43 159 1.00084
44 159 1.00084
45 159 1.00084
46 159 1.00083
47 159 1.00082
48 159 1.00079
49 159 1.00076
50 159 1.00074
51 159 1.00072
52 159 1.00071
53 159 1.00069
54 159 1.00068
55 159 1.00066
56 159 1.00064
57 159 1.00061
58 159 1.00060
59 159 1.00058
60 159 1.00056
61 159 1.00055
62 159 1.00055
63 159 1.00055
0 160 1.00061
1 160 1.00061
2 160 1.00061
3 160 1.00062
4 160 1.00063
5 160 1.00064
6 160 1.00065
7 160 1.00067
8 160 1.00069
9 160 1.00070
10 160 1.00072
11 160 1.00073
12 160 1.00075
13 160 1.00077
14 160 1.00079
15 160 1.00081
16 160 1.00084
17 160 1.00086
18 160 1.00086
19 160 1.00086
20 160 1.00086
21 160 1.00086
22 160 1.00086
23 160 1.00086
24 160 1.00086
25 160 1.00086
26 160 1.00086
27 160 1.00086
28 160 1.00086
29 160 1.00085
30 160 1.00085
31 160 1.00085
32 160 1.00085
33 160 1.00085
34 160 1.00085
35 160 1.00085
36 160 1.00086
37 160 1.00086
38 160 1.00086
39 160 1.00086
40 160 1.00086
41 160 1.00086
42 160 1.00086
43 160 1.00086
44 160 1.00086
45 160 1.00086
46 160 1.00086
47 160 1.00086
48 160 1.00084
49 160 1.00081
50 160 1.00079
51 160 1.00077
52 160 1.00075
53 160 1.00073
54 160 1.00072
55 160 1.00070
56 160 1.00069
57 160 1.00067
58 160 1.00065
59 160 1.00064
60 160 1.00063
61 160 1.00062
62 160 1.00061
63 160 1.00061
0 161 1.00066
1 161 1.00066
2 161 1.00067
3 161 1.00067
4 161 1.00068
5 161 1.00069
6 161 1.00070
7 161 1.00072
8 161 1.00073
9 161 1.00074
10 161 1.00076
11 161 1.00077
12 161 1.00079
13 161 1.00081
14 161 1.00083
15 161 1.00086
16 161 1.00088
17 161 1.00088
18 161 1.00088
19 161 1.00088
20 161 1.00088
21 161 1.00088
22 161 1.00088
23 161 1.00088
24 161 1.00088
25 161 1.00088
26 161 1.00087
27 161 1.00087
28 161 1.00087
29 161 1.00087
30 161 1.00087
31 161 1.00087
32 161 1.00087
33 161 1.00087
34 161 1.00087
35 161 1.00087
36 161 1.00087
37 161 1.00087
38 161 1.00087
39 161 1.00088
40 161 1.00088
41 161 1.00088
42 161 1.00088
43 161 1.00088
44 161 1.00088
45 161 1.00088
46 161 1.00088
47 161 1.00088
48 161 1.00088
49 161 1.00086
50 161 1.00083
51 161 1.00081
52 161 1.00079
53 161 1.00077
54 161 1.00076
55 161 1.00074
56 161 1.00073
57 161 1.00072
58 161 1.00070
59 161 1.00069
60 161 1.00068
61 161 1.00067
62 161 1.00067
63 161 1.00066
0 162 1.00071
1 162 1.00071
2 162 1.00072
3 162 1.00072
4 162 1.00073
5 162 1.00074
6 162 1.00075
7 162 1.00076
8 162 1.00077
9 162 1.00078
10 162 1.00080
11 162 1.00082
12 162 1.00084
13 162 1.00086
14 162 1.00088
15 162 1.00090
16 162 1.00090
17 162 1.00090
18 162 1.00090
19 162 1.00090
20 162 1.00090
21 162 1.00090
22 162 1.00090
23 162 1.00090
24 162 1.00089
25 162 1.00089
26 162 1.00089
27 162 1.00089
28 162 1.00089
29 162 1.00089
30 162 1.00089
31 162 1.00089
32 162 1.00089
33 162 1.00089
34 162 1.00089
35 162 1.00089
36 162 1.00089
37 162 1.00089
38 162 1.00089
39 162 1.00089
40 162 1.00089
41 162 1.00090
42 162 1.00090
43 162 1.00090
44 162 1.00090
45 162 1.00090
46 162 1.00090
47 162 1.00090
48 162 1.00090
49 162 1.00090
50 162 1.00088
51 162 1.00086
52 162 1.00084
53 162 1.00082
54 162 1.00080
55 162 1.00078
56 162 1.00077
57 162 1.00076
58 162 1.00075
59 162 1.00074
60 162 1.00073
61 162 1.00072
62 162 1.00072
63 162 1.00071
0 163 1.00076
1 163 1.00076
2 163 1.00077
3 163 1.00077
4 163 1.00078
5 163 1.00078
6 163 1.00079
7 163 1.00080
8 163 1.00081
9 163 1.00083
10 163 1.00084
11 163 1.00086
12 163 1.00088
13 163 1.00090
14 163 1.00092
15 163 1.00092
16 163 1.00092
17 163 1.00092
18 163 1.00091
19 163 1.00091
20 163 1.00091
21 163 1.00091
22 163 1.00091
23 163 1.00091
24 163 1.00090
25 163 1.00090
26 163 1.00090
27 163 1.00090
28 163 1.00090
29 163 1.00090
30 163 1.00090
31 163 1.00090
32 163 1.00090
33 163 1.00090
34 163 1.00090
35 163 1.00090
36 163 1.00090
37 163 1.00090
38 163 1.00090
39 163 1.00090
40 163 1.00090
41 163 1.00091
42 163 1.00091
43 163 1.00091
44 163 1.00091
45 163 1.00091
46 163 1.00091
47 163 1.00092
48 163 1.00092
49 163 1.00092
50 163 1.00092
51 163 1.00090
52 163 1.00088
53 163 1.00086
54 163 1.00084
55 163 1.00083
56 163 1.00081
57 163 1.00080
58 163 1.00079
59 163 1.00078
60 163 1.00078
61 163 1.00077
62 163 1.00077
63 163 1.00076
0 164 1.00081
1 164 1.00081
2 164 1.00081
3 164 1.00081
4 164 1.00082
5 164 1.00083
6 164 1.00083
7 164 1.00085
8 164 1.00086
9 164 1.00087
10 164 1.00089
11 164 1.00091
12 164 1.00093
13 164 1.00094
14 164 1.00094
15 164 1.00094
16 164 1.00093
17 164 1.00093
18 164 1.00093
19 164 1.00093
20 164 1.00093
21 164 1.00092
22 164 1.00092
23 164 1.00092
24 164 1.00091
25 164 1.00091
26 164 1.00091
27 164 1.00091
28 164 1.00091
29 164 1.00091
30 164 1.00091
31 164 1.00090
32 164 1.00090
33 164 1.00090
34 164 1.00091
35 164 1.00091
36 164 1.00091
37 164 1.00091
38 164 1.00091
39 164 1.00091
40 164 1.00091
41 164 1.00092
42 164 1.00092
43 164 1.00092
44 164 1.00093
45 164 1.00093
46 164 1.00093
47 164 1.00093
48 164 1.00093
49 164 1.00094
50 164 1.00094
51 164 1.00094
52 164 1.00093
53 164 1.00091
54 164 1.00089
55 164 1.00087
56 164 1.00086
57 164 1.00085
58 164 1.00083
59 164 1.00083
60 164 1.00082
61 164 1.00081
62 164 1.00081
63 164 1.00081
0 165 1.00085
1 165 1.00085
2 165 1.00085
3 165 1.00086
4 165 1.00086
5 165 1.00087
6 165 1.00088
7 165 1.00089
8 165 1.00091
9 165 1.00092
10 165 1.00094
11 165 1.00095
12 165 1.00096
13 165 1.00096
14 165 1.00095
15 165 1.00095
16 165 1.00094
17 165 1.00094
18 165 1.00094
19 165 1.00094
20 165 1.00093
21 165 1.00093
22 165 1.00092
23 165 1.00092
24 165 1.00092
25 165 1.00091
26 165 1.00091
27 165 1.00091
28 165 1.00091
29 165 1.00091
30 165 1.00091
31 165 1.00090
32 165 1.00090
33 165 1.00090
34 165 1.00090
35 165 1.00091
36 165 1.00091
37 165 1.00091
38 165 1.00091
39 165 1.00091
40 165 1.00092
41 165 1.00092
42 165 1.00092
43 165 1.00093
44 165 1.00093
45 165 1.00094
46 165 1.00094
47 165 1.00094
48 165 1.00094
49 165 1.00095
50 165 1.00095
51 165 1.00096
52 165 1.00096
53 165 1.00095
54 165 1.00094
55 165 1.00092
56 165 1.00091
57 165 1.00089
58 165 1.00088
59 165 1.00087
60 165 1.00086
61 165 1.00086
62 165 1.00085
63 165 1.00085
0 166 1.00090
1 166 1.00090
2 166 1.00090
3 166 1.00091
4 166 1.00091
5 166 1.00092
6 166 1.00093
7 166 1.00094
8 166 1.00095
9 166 1.00097
10 166 1.00097
11 166 1.00097
12 166 1.00097
13 166 1.00096
14 166 1.00096
15 166 1.00095
16 166 1.00095
17 166 1.00095
18 166 1.00095
19 166 1.00094
20 166 1.00094
21 166 1.00093
22 166 1.00093
23 166 1.00092
24 166 1.00092
25 166 1.00092
26 166 1.00091
27 166 1.00091
28 166 1.00092
29 166 1.00091
30 166 1.00091
31 166 1.00090
32 166 1.00090
33 166 1.00090
34 166 1.00090
35 166 1.00091
36 166 1.00092
37 166 1.00092
38 166 1.00091
39 166 1.00092
40 166 1.00092
41 166 1.00092
42 166 1.00093
43 166 1.00093
44 166 1.00094
45 166 1.00094
46 166 1.00095
47 166 1.00095
48 166 1.00095
49 166 1.00095
50 166 1.00096
51 166 1.00096
52 166 1.00097
53 166 1.00097
54 166 1.00097
55 166 1.00097
56 166 1.00095
57 166 1.00094
58 166 1.00093
59 166 1.00092
60 166 1.00091
61 166 1.00091
62 166 1.00090
63 166 1.00090
0 167 1.00094
1 167 1.00095
2 167 1.00095
3 167 1.00095
4 167 1.00096
5 167 1.00097
6 167 1.00097
7 167 1.00098
8 167 1.00099
9 167 1.00099
10 167 1.00099
11 167 1.00098
12 167 1.00097
13 167 1.00096
14 167 1.00096
15 167 1.00096
16 167 1.00096
17 167 1.00096
18 167 1.00095
19 167 1.00095
20 167 1.00094
21 167 1.00094
22 167 1.00093
23 167 1.00093
24 167 1.00092
25 167 1.00092
26 167 1.00091
27 167 1.00091
28 167 1.00092
29 167 1.00091
30 167 1.00091
31 167 1.00090
32 167 1.00090
33 167 1.00090
34 167 1.00090
35 167 1.00091
36 167 1.00091
37 167 1.00091
38 167 1.00091
39 167 1.00092
40 167 1.00092
41 167 1.00093
42 167 1.00093
43 167 1.00094
44 167 1.00094
45 167 1.00095
46 167 1.00095
47 167 1.00096
48 167 1.00096
49 167 1.00096
50 167 1.00096
51 167 1.00096
52 167 1.00097
53 167 1.00098
54 167 1.00099
55 167 1.00099
56 167 1.00099
57 167 1.00098
58 167 1.00097
59 167 1.00097
60 167 1.00096
61 167 1.00095
62 167 1.00095
63 167 1.00095
0 168 1.00099
1 168 1.00100
2 168 1.00100
3 168 1.00100
4 168 1.00100
5 168 1.00100
6 168 1.00100
7 168 1.00100
8 168 1.00100
9 168 1.00099
10 168 1.00098
11 168 1.00098
12 168 1.00097
13 168 1.00097
14 168 1.00097
15 168 1.00097
16 168 1.00096
17 168 1.00096
18 168 1.00095
19 168 1.00095
20 168 1.00094
21 168 1.00094
22 168 1.00093
23 168 1.00093
24 168 1.00092
25 168 1.00092
26 168 1.00091
27 168 1.00091
28 168 1.00091
29 168 1.00091
30 168 1.00091
31 168 1.00090
32 168 1.00090
33 168 1.00090
34 168 1.00090
35 168 1.00091
36 168 1.00091
37 168 1.00091
38 168 1.00091
39 168 1.00092
40 168 1.00092
41 168 1.00093
42 168 1.00093
43 168 1.00094
44 168 1.00094
45 168 1.00095
46 168 1.00095
47 168 1.00096
48 168 1.00096
49 168 1.00097
50 168 1.00097
51 168 1.00097
52 168 1.00097
53 168 1.00098
54 168 1.00098
55 168 1.00099
56 168 1.00100
57 168 1.00100
58 168 1.00100
59 168 1.00100
60 168 1.00100
61 168 1.00100
62 168 1.00100
63 168 1.00100
0 169 1.00101
1 169 1.00101
2 169 1.00101
3 169 1.00101
4 169 1.00101
5 169 1.00101
6 169 1.00100
7 169 1.00100
8 169 1.00099
9 169 1.00099
10 169 1.00098
11 169 1.00098
12 169 1.00098
13 169 1.00097
14 169 1.00097
15 169 1.00097
16 169 1.00097
17 169 1.00096
18 169 1.00095
19 169 1.00095
20 169 1.00094
21 169 1.00094
22 169 1.00093
23 169 1.00092
24 169 1.00092
25 169 1.00091
26 169 1.00091
27 169 1.00091
28 169 1.00091
29 169 1.00091
30 169 1.00090
31 169 1.00090
32 169 1.00090
33 169 1.00090
34 169 1.00090
35 169 1.00091
36 169 1.00091
37 169 1.00091
38 169 1.00091
39 169 1.00091
40 169 1.00092
41 169 1.00092
42 169 1.00093
43 169 1.00094
44 169 1.00094
45 169 1.00095
46 169 1.00095
47 169 1.00096
48 169 1.00097
49 169 1.00097
50 169 1.00097
51 169 1.00097
52 169 1.00098
53 169 1.00098
54 169 1.00098
55 169 1.00099
56 169 1.00099
57 169 1.00100
58 169 1.00100
59 169 1.00101
60 169 1.00101
61 169 1.00101
62 169 1.00101
63 169 1.00101
0 170 1.00101
1 170 1.00101
2 170 1.00101
3 170 1.00101
4 170 1.00100
5 170 1.00100
6 170 1.00099
7 170 1.00099
8 170 1.00099
9 170 1.00099
10 170 1.00098
11 170 1.00098
12 170 1.00098
13 170 1.00098
14 170 1.00098
15 170 1.00097
16 170 1.00096
17 170 1.00096
18 170 1.00095
19 170 1.00095
20 170 1.00094
21 170 1.00093
22 170 1.00093
23 170 1.00092
24 170 1.00091
25 170 1.00091
26 170 1.00091
27 170 1.00091
28 170 1.00091
29 170 1.00090
30 170 1.00090
31 170 1.00090
32 170 1.00090
33 170 1.00090
34 170 1.00090
35 170 1.00090
36 170 1.00091
37 170 1.00091
38 170 1.00091
39 170 1.00091
40 170 1.00091
41 170 1.00092
42 170 1.00093
43 170 1.00093
44 170 1.00094
45 170 1.00095
46 170 1.00095
47 170 1.00096
48 170 1.00096
49 170 1.00097
50 170 1.00098
51 170 1.00098
52 170 1.00098
53 170 1.00098
54 170 1.00098
55 170 1.00099
56 170 1.00099
57 170 1.00099
58 170 1.00099
59 170 1.00100
60 170 1.00100
61 170 1.00101
62 170 1.00101
63 170 1.00101
0 171 1.00100
1 171 1.00100
2 171 1.00100
3 171 1.00100
4 171 1.00100
5 171 1.00099
6 171 1.00099
7 171 1.00099
8 171 1.00099
9 171 1.00099
10 171 1.00099
11 171 1.00099
12 171 1.00098
13 171 1.00098
14 171 1.00097
15 171 1.00097
16 171 1.00096
17 171 1.00095
18 171 1.00095
19 171 1.00094
20 171 1.00093
21 171 1.00093
22 171 1.00092
23 171 1.00091
24 171 1.00091
25 171 1.00090
26 171 1.00090
27 171 1.00090
28 171 1.00090
29 171 1.00090
30 171 1.00089
31 171 1.00089
32 171 1.00089
33 171 1.00089
34 171 1.00089
35 171 1.00089
36 171 1.00090
37 171 1.00090
38 171 1.00090
39 171 1.00090
40 171 1.00091
41 171 1.00091
42 171 1.00092
43 171 1.00093
44 171 1.00093
45 171 1.00094
46 171 1.00095
47 171 1.00095
48 171 1.00096
49 171 1.00097
50 171 1.00097
51 171 1.00098
52 171 1.00098
53 171 1.00099
54 171 1.00099
55 171 1.00099
56 171 1.00099
57 171 1.00099
58 171 1.00099
59 171 1.00099
60 171 1.00100
61 171 1.00100
62 171 1.00100
63 171 1.00100
0 172 1.00099
1 172 1.00099
2 172 1.00099
3 172 1.00100
4 172 1.00100
5 172 1.00100
6 172 1.00099
7 172 1.00099
8 172 1.00099
9 172 1.00099
10 172 1.00099
11 172 1.00099
12 172 1.00098
13 172 1.00098
14 172 1.00097
15 172 1.00096
16 172 1.00096
17 172 1.00095
18 172 1.00094
19 172 1.00093
20 172 1.00093
21 172 1.00092
22 172 1.00091
23 172 1.00090
24 172 1.00090
25 172 1.00089
26 172 1.00089
27 172 1.00089
28 172 1.00089
29 172 1.00088
30 172 1.00088
31 172 1.00088
32 172 1.00088
33 172 1.00088
34 172 1.00088
35 172 1.00088
36 172 1.00089
37 172 1.00089
38 172 1.00089
39 172 1.00089
40 172 1.00090
41 172 1.00090
42 172 1.00091
43 172 1.00092
44 172 1.00093
45 172 1.00093
46 172 1.00094
47 172 1.00095
48 172 1.00096
49 172 1.00096
50 172 1.00097
51 172 1.00098
52 172 1.00098
53 172 1.00099
54 172 1.00099
55 172 1.00099
56 172 1.00099
57 172 1.00099
58 172 1.00099
59 172 1.00099
60 172 1.00100
61 172 1.00100
62 172 1.00100
63 172 1.00099
0 173 1.00100
1 173 1.00100
2 173 1.00100
3 173 1.00100
4 173 1.00100
5 173 1.00100
6 173 1.00100
7 173 1.00100
8 173 1.00099
9 173 1.00099
10 173 1.00099
11 173 1.00098
12 173 1.00097
13 173 1.00097
14 173 1.00096
15 173 1.00095
16 173 1.00095
17 173 1.00094
18 173 1.00093
19 173 1.00092
20 173 1.00091
21 173 1.00090
22 173 1.00090
23 173 1.00089
24 173 1.00089
25 173 1.00088
26 173 1.00088
27 173 1.00087
28 173 1.00087
29 173 1.00087
30 173 1.00087
31 173 1.00087
32 173 1.00087
33 173 1.00087
34 173 1.00087
35 173 1.00087
36 173 1.00087
37 173 1.00087
38 173 1.00088
39 173 1.00088
40 173 1.00089
41 173 1.00089
42 173 1.00090
43 173 1.00090
44 173 1.00091
45 173 1.00092
46 173 1.00093
47 173 1.00094
48 173 1.00095
49 173 1.00095
50 173 1.00096
51 173 1.00097
52 173 1.00097
53 173 1.00098
54 173 1.00099
55 173 1.00099
56 173 1.00099
57 173 1.00100
58 173 1.00100
59 173 1.00100
60 173 1.00100
61 173 1.00100
62 173 1.00100
63 173 1.00100
0 174 1.00100
1 174 1.00100
2 174 1.00100
3 174 1.00100
4 174 1.00100
5 174 1.00100
6 174 1.00100
7 174 1.00099
8 174 1.00099
9 174 1.00098
10 174 1.00098
11 174 1.00097
12 174 1.00096
13 174 1.00096
14 174 1.00095
15 174 1.00094
16 174 1.00093
17 174 1.00092
18 174 1.00092
19 174 1.00091
20 174 1.00090
21 174 1.00089
22 174 1.00088
23 174 1.00088
24 174 1.00087
25 174 1.00087
26 174 1.00086
27 174 1.00086
28 174 1.00086
29 174 1.00086
30 174 1.00085
31 174 1.00085
32 174 1.00085
33 174 1.00085
34 174 1.00085
35 174 1.00086
36 174 1.00086
37 174 1.00086
38 174 1.00086
39 174 1.00087
40 174 1.00087
41 174 1.00088
42 174 1.00088
43 174 1.00089
44 174 1.00090
45 174 1.00091
46 174 1.00092
47 174 1.00092
48 174 1.00093
49 174 1.00094
50 174 1.00095
51 174 1.00096
52 174 1.00096
53 174 1.00097
54 174 1.00098
55 174 1.00098
56 174 1.00099
57 174 1.00099
58 174 1.00100
59 174 1.00100
60 174 1.00100
61 174 1.00100
62 174 1.00100
63 174 1.00100
0 175 1.00099
1 175 1.00099
2 175 1.00099
3 175 1.00099
4 175 1.00099
5 175 1.00099
6 175 1.00098
7 175 1.00098
8 175 1.00097
9 175 1.00097
10 175 1.00096
11 175 1.00096
12 175 1.00095
13 175 1.00094
14 175 1.00093
15 175 1.00092
16 175 1.00092
17 175 1.00091
18 175 1.00090
19 175 1.00089
20 175 1.00088
21 175 1.00087
22 175 1.00087
23 175 1.00086
24 175 1.00085
25 175 1.00085
26 175 1.00085
27 175 1.00084
28 175 1.00084
29 175 1.00084
30 175 1.00084
31 175 1.00083
32 175 1.00083
33 175 1.00083
34 175 1.00084
35 175 1.00084
36 175 1.00084
37 175 1.00084
38 175 1.00085
39 175 1.00085
40 175 1.00085
41 175 1.00086
42 175 1.00087
43 175 1.00087
44 175 1.00088
45 175 1.00089
46 175 1.00090
47 175 1.00091
48 175 1.00092
49 175 1.00092
50 175 1.00093
51 175 1.00094
52 175 1.00095
53 175 1.00096
54 175 1.00096
55 175 1.00097
56 175 1.00097
57 175 1.00098
58 175 1.00098
59 175 1.00099
60 175 1.00099
61 175 1.00099
62 175 1.00099
63 175 1.00099
0 176 1.00098
1 176 1.00098
2 176 1.00098
3 176 1.00098
4 176 1.00098
5 176 1.00097
6 176 1.00097
7 176 1.00096
8 176 1.00096
9 176 1.00095
10 176 1.00095
11 176 1.00094
12 176 1.00093
13 176 1.00092
14 176 1.00092
15 176 1.00091
16 176 1.00090
17 176 1.00089
18 176 1.00088
19 176 1.00087
20 176 1.00086
21 176 1.00086
22 176 1.00085
23 176 1.00084
24 176 1.00084
25 176 1.00083
26 176 1.00083
27 176 1.00082
28 176 1.00082
29 176 1.00082
30 176 1.00082
31 176 1.00082
32 176 1.00082
33 176 1.00082
34 176 1.00082
35 176 1.00082
36 176 1.00082
37 176 1.00082
38 176 1.00083
39 176 1.00083
40 176 1.00084
41 176 1.00084
42 176 1.00085
43 176 1.00086
44 176 1.00086
45 176 1.00087
46 176 1.00088
47 176 1.00089
48 176 1.00090
49 176 1.00091
50 176 1.00092
51 176 1.00092
52 176 1.00093
53 176 1.00094
54 176 1.00095
55 176 1.00095
56 176 1.00096
57 176 1.00096
58 176 1.00097
59 176 1.00097
60 176 1.00098
61 176 1.00098
62 176 1.00098
63 176 1.00098
0 177 1.00096
1 177 1.00096
2 177 1.00096
3 177 1.00096
4 177 1.00096
5 177 1.00095
6 177 1.00095
7 177 1.00094
8 177 1.00094
9 177 1.00093
10 177 1.00092
11 177 1.00092
12 177 1.00091
13 177 1.00090
14 177 1.00089
15 177 1.00088
16 177 1.00088
17 177 1.00087
18 177 1.00086
19 177 1.00085
20 177 1.00084
21 177 1.00083
22 177 1.00083
23 177 1.00082
24 177 1.00082
25 177 1.00081
26 177 1.00081
27 177 1.00080
28 177 1.00080
29 177 1.00080
30 177 1.00080
31 177 1.00080
32 177 1.00080
33 177 1.00080
34 177 1.00080
35 177 1.00080
36 177 1.00080
37 177 1.00080
38 177 1.00081
39 177 1.00081
40 177 1.00082
41 177 1.00082
42 177 1.00083
43 177 1.00083
44 177 1.00084
45 177 1.00085
46 177 1.00086
47 177 1.00087
48 177 1.00088
49 177 1.00088
50 177 1.00089
51 177 1.00090
52 177 1.00091
53 177 1.00092
54 177 1.00092
55 177 1.00093
56 177 1.00094
57 177 1.00094
58 177 1.00095
59 177 1.00095
60 177 1.00096
61 177 1.00096
62 177 1.00096
63 177 1.00096
0 178 1.00094
1 178 1.00094
2 178 1.00094
3 178 1.00094
4 178 1.00093
5 178 1.00093
6 178 1.00093
7 178 1.00092
8 178 1.00092
9 178 1.00091
10 178 1.00090
11 178 1.00089
12 178 1.00089
13 178 1.00088
14 178 1.00087
15 178 1.00086
16 178 1.00085
17 178 1.00085
18 178 1.00084
19 178 1.00083
20 178 1.00082
21 178 1.00081
22 178 1.00081
23 178 1.00080
24 178 1.00080
25 178 1.00079
26 178 1.00079
27 178 1.00078
28 178 1.00078
29 178 1.00078
30 178 1.00078
31 178 1.00078
32 178 1.00078
33 178 1.00078
34 178 1.00078
35 178 1.00078
36 178 1.00078
37 178 1.00078
38 178 1.00079
39 178 1.00079
40 178 1.00080
41 178 1.00080
42 178 1.00081
43 178 1.00081
44 178 1.00082
45 178 1.00083
46 178 1.00084
47 178 1.00085
48 178 1.00085
49 178 1.00086
50 178 1.00087
51 178 1.00088
52 178 1.00089
53 178 1.00089
54 178 1.00090
55 178 1.00091
56 178 1.00092
57 178 1.00092
58 178 1.00093
59 178 1.00093
60 178 1.00093
61 178 1.00094
62 178 1.00094
63 178 1.00094
0 179 1.00091
1 179 1.00091
2 179 1.00091
3 179 1.00091
4 179 1.00091
5 179 1.00090
6 179 1.00090
7 179 1.00089
8 179 1.00089
9 179 1.00088
10 179 1.00088
11 179 1.00087
12 179 1.00086
13 179 1.00085
14 179 1.00084
15 179 1.00084
16 179 1.00083
17 179 1.00082
18 179 1.00081
19 179 1.00080
20 179 1.00080
21 179 1.00079
22 179 1.00078
23 179 1.00078
24 179 1.00077
25 179 1.00077
26 179 1.00076
27 179 1.00076
28 179 1.00076
29 179 1.00076
30 179 1.00075
31 179 1.00075
32 179 1.00075
33 179 1.00075
34 179 1.00075
35 179 1.00076
36 179 1.00076
37 179 1.00076
38 179 1.00076
39 179 1.00077
40 179 1.00077
41 179 1.00078
42 179 1.00078
43 179 1.00079
44 179 1.00080
45 179 1.00080
46 179 1.00081
47 179 1.00082
48 179 1.00083
49 179 1.00084
50 179 1.00084
51 179 1.00085
52 179 1.00086
53 179 1.00087
54 179 1.00088
55 179 1.00088
56 179 1.00089
57 179 1.00089
58 179 1.00090
59 179 1.00090
60 179 1.00091
61 179 1.00091
62 179 1.00091
63 179 1.00091
0 180 1.00088
1 180 1.00088
2 180 1.00088
3 180 1.00088
4 180 1.00088
5 180 1.00088
6 180 1.00087
7 180 1.00087
8 180 1.00086
9 180 1.00086
10 180 1.00085
11 180 1.00084
12 180 1.00083
13 180 1.00083
14 180 1.00082
15 180 1.00081
16 180 1.00080
17 180 1.00080
18 180 1.00079
19 180 1.00078
20 180 1.00077
21 180 1.00077
22 180 1.00076
23 180 1.00075
24 180 1.00075
25 180 1.00074
26 180 1.00074
27 180 1.00074
28 180 1.00074
29 180 1.00073
30 180 1.00073
31 180 1.00073
32 180 1.00073
33 180 1.00073
34 180 1.00073
35 180 1.00073
36 180 1.00074
37 180 1.00074
38 180 1.00074
39 180 1.00074
40 180 1.00075
41 180 1.00075
42 180 1.00076
43 180 1.00077
44 180 1.00077
45 180 1.00078
46 180 1.00079
47 180 1.00080
48 180 1.00080
49 180 1.00081
50 180 1.00082
51 180 1.00083
52 180 1.00084
53 180 1.00084
54 180 1.00085
55 180 1.00086
56 180 1.00086
57 180 1.00087
58 180 1.00087
59 180 1.00088
60 180 1.00088
61 180 1.00088
62 180 1.00088
63 180 1.00088
0 181 1.00085
1 181 1.00085
2 181 1.00085
3 181 1.00085
4 181 1.00085
5 181 1.00084
6 181 1.00084
7 181 1.00084
8 181 1.00083
9 181 1.00083
10 181 1.00082
11 181 1.00081
12 181 1.00081
13 181 1.00080
14 181 1.00079
15 181 1.00078
16 181 1.00078
17 181 1.00077
18 181 1.00076
19 181 1.00075
20 181 1.00075
21 181 1.00074
22 181 1.00073
23 181 1.00073
24 181 1.00072
25 181 1.00072
26 181 1.00072
27 181 1.00071
28 181 1.00071
29 181 1.00071
30 181 1.00071
31 181 1.00071
32 181 1.00071
33 181 1.00071
34 181 1.00071
35 181 1.00071
36 181 1.00071
37 181 1.00071
38 181 1.00072
39 181 1.00072
40 181 1.00072
41 181 1.00073
42 181 1.00073
43 181 1.00074
44 181 1.00075
45 181 1.00075
46 181 1.00076
47 181 1.00077
48 181 1.00078
49 181 1.00078
50 181 1.00079
51 181 1.00080
52 181 1.00081
53 181 1.00081
54 181 1.00082
55 181 1.00083
56 181 1.00083
57 181 1.00084
58 181 1.00084
59 181 1.00084
60 181 1.00085
61 181 1.00085
62 181 1.00085
63 181 1.00085
0 182 1.00082
1 182 1.00082
2 182 1.00082
3 182 1.00082
4 182 1.00082
5 182 1.00082
6 182 1.00081
7 182 1.00081
8 182 1.00080
9 182 1.00080
10 182 1.00079
11 182 1.00078
12 182 1.00078
13 182 1.00077
14 182 1.00076
15 182 1.00076
16 182 1.00075
17 182 1.00074
18 182 1.00074
19 182 1.00073
20 182 1.00072
21 182 1.00072
22 182 1.00071
23 182 1.00071
24 182 1.00070
25 182 1.00070
26 182 1.00069
27 182 1.00069
28 182 1.00069
29 182 1.00069
30 182 1.00068
31 182 1.00068
32 182 1.00068
33 182 1.00068
34 182 1.00068
35 182 1.00069
36 182 1.00069
37 182 1.00069
38 182 1.00069
39 182 1.00070
40 182 1.00070
41 182 1.00071
42 182 1.00071
43 182 1.00072
44 182 1.00072
45 182 1.00073
46 182 1.00074
47 182 1.00074
48 182 1.00075
49 182 1.00076
50 182 1.00076
51 182 1.00077
52 182 1.00078
53 182 1.00078
54 182 1.00079
55 182 1.00080
56 182 1.00080
57 182 1.00081
58 182 1.00081
59 182 1.00082
60 182 1.00082
61 182 1.00082
62 182 1.00082
63 182 1.00082
0 183 1.00079
1 183 1.00079
2 183 1.00079
3 183 1.00079
4 183 1.00079
5 183 1.00078
6 183 1.00078
7 183 1.00078
8 183 1.00077
9 183 1.00077
10 183 1.00076
11 183 1.00075
12 183 1.00075
13 183 1.00074
14 183 1.00073
15 183 1.00073
16 183 1.00072
17 183 1.00071
18 183 1.00071
19 183 1.00070
20 183 1.00070
21 183 1.00069
22 183 1.00068
23 183 1.00068
24 183 1.00067
25 183 1.00067
26 183 1.00067
27 183 1.00066
28 183 1.00066
29 183 1.00066
30 183 1.00066
31 183 1.00066
32 183 1.00066
33 183 1.00066
34 183 1.00066
35 183 1.00066
36 183 1.00066
37 183 1.00066
38 183 1.00067
39 183 1.00067
40 183 1.00067
41 183 1.00068
42 183 1.00068
43 183 1.00069
44 183 1.00070
45 183 1.00070
46 183 1.00071
47 183 1.00071
48 183 1.00072
49 183 1.00073
50 183 1.00073
51 183 1.00074
52 183 1.00075
53 183 1.00075
54 183 1.00076
55 183 1.00077
56 183 1.00077
57 183 1.00078
58 183 1.00078
59 183 1.00078
60 183 1.00079
61 183 1.00079
62 183 1.00079
63 183 1.00079
0 184 1.00076
1 184 1.00076
2 184 1.00076
3 184 1.00076
4 184 1.00076
5 184 1.00075
6 184 1.00075
7 184 1.00075
8 184 1.00074
9 184 1.00074
10 184 1.00073
11 184 1.00073
12 184 1.00072
13 184 1.00071
14 184 1.00071
15 184 1.00070
16 184 1.00069
17 184 1.00069
18 184 1.00068
19 184 1.00068
20 184 1.00067
21 184 1.00066
22 184 1.00066
23 184 1.00065
24 184 1.00065
25 184 1.00065
26 184 1.00064
27 184 1.00064
28 184 1.00064
29 184 1.00064
30 184 1.00064
31 184 1.00063
32 184 1.00063
33 184 1.00063
34 184 1.00064
35 184 1.00064
36 184 1.00064
37 184 1.00064
38 184 1.00064
39 184 1.00065
40 184 1.00065
41 184 1.00065
42 184 1.00066
43 184 1.00066
44 184 1.00067
45 184 1.00068
46 184 1.00068
47 184 1.00069
48 184 1.00069
49 184 1.00070
50 184 1.00071
51 184 1.00071
52 184 1.00072
53 184 1.00073
54 184 1.00073
55 184 1.00074
56 184 1.00074
57 184 1.00075
58 184 1.00075
59 184 1.00075
60 184 1.00076
61 184 1.00076
62 184 1.00076
63 184 1.00076
0 185 1.00073
1 185 1.00073
2 185 1.00073
3 185 1.00073
4 185 1.00072
5 185 1.00072
6 185 1.00072
7 185 1.00071
8 185 1.00071
9 185 1.00071
10 185 1.00070
11 185 1.00070
12 185 1.00069
13 185 1.00068
14 185 1.00068
15 185 1.00067
16 185 1.00067
17 185 1.00066
18 185 1.00065
19 185 1.00065
20 185 1.00064
21 185 1.00064
22 185 1.00063
23 185 1.00063
24 185 1.00062
25 185 1.00062
26 185 1.00062
27 185 1.00062
28 185 1.00061
29 185 1.00061
30 185 1.00061
31 185 1.00061
32 185 1.00061
33 185 1.00061
34 185 1.00061
35 185 1.00061
36 185 1.00061
37 185 1.00062
38 185 1.00062
39 185 1.00062
40 185 1.00062
41 185 1.00063
42 185 1.00063
43 185 1.00064
44 185 1.00064
45 185 1.00065
46 185 1.00065
47 185 1.00066
48 185 1.00067
49 185 1.00067
50 185 1.00068
51 185 1.00068
52 185 1.00069
53 185 1.00070
54 185 1.00070
55 185 1.00071
56 185 1.00071
57 185 1.00071
58 185 1.00072
59 185 1.00072
60 185 1.00072
61 185 1.00073
62 185 1.00073
63 185 1.00073
0 186 1.00070
1 186 1.00070
2 186 1.00070
3 186 1.00070
4 186 1.00069
5 186 1.00069
6 186 1.00069
7 186 1.00069
8 186 1.00068
9 186 1.00068
10 186 1.00067
11 186 1.00067
12 186 1.00066
13 186 1.00066
14 186 1.00065
15 186 1.00065
16 186 1.00064
17 186 1.00063
18 186 1.00063
19 186 1.00062
20 186 1.00062
21 186 1.00061
22 186 1.00061
23 186 1.00060
24 186 1.00060
25 186 1.00060
26 186 1.00059
27 186 1.00059
28 186 1.00059
29 186 1.00059
30 186 1.00059
31 186 1.00059
32 186 1.00059
33 186 1.00059
34 186 1.00059
35 186 1.00059
36 186 1.00059
37 186 1.00059
38 186 1.00059
39 186 1.00060
40 186 1.00060
41 186 1.00060
42 186 1.00061
43 186 1.00061
44 186 1.00062
45 186 1.00062
46 186 1.00063
47 186 1.00063
48 186 1.00064
49 186 1.00065
50 186 1.00065
51 186 1.00066
52 186 1.00066
53 186 1.00067
54 186 1.00067
55 186 1.00068
56 186 1.00068
57 186 1.00069
58 186 1.00069
59 186 1.00069
60 186 1.00069
61 186 1.00070
62 186 1.00070
63 186 1.00070
0 187 1.00067
1 187 1.00067
2 187 1.00067
3 187 1.00067
4 187 1.00066
5 187 1.00066
6 187 1.00066
7 187 1.00065
8 187 1.00065
9 187 1.00065
10 187 1.00064
11 187 1.00064
12 187 1.00063
13 187 1.00063
14 187 1.00062
15 187 1.00062
16 187 1.00061
17 187 1.00061
18 187 1.00060
19 187 1.00060
20 187 1.00059
21 187 1.00059
22 187 1.00058
23 187 1.00058
24 187 1.00058
25 187 1.00057
26 187 1.00057
27 187 1.00057
28 187 1.00057
29 187 1.00056
30 187 1.00056
31 187 1.00056
32 187 1.00056
33 187 1.00056
34 187 1.00056
35 187 1.00056
36 187 1.00057
37 187 1.00057
38 187 1.00057
39 187 1.00057
40 187 1.00058
41 187 1.00058
42 187 1.00058
43 187 1.00059
44 187 1.00059
45 187 1.00060
46 187 1.00060
47 187 1.00061
48 187 1.00061
49 187 1.00062
50 187 1.00062
51 187 1.00063
52 187 1.00063
53 187 1.00064
54 187 1.00064
55 187 1.00065
56 187 1.00065
57 187 1.00065
58 187 1.00066
59 187 1.00066
60 187 1.00066
61 187 1.00067
62 187 1.00067
63 187 1.00067
0 188 1.00064
1 188 1.00064
2 188 1.00064
3 188 1.00064
4 188 1.00064
5 188 1.00063
6 188 1.00063
7 188 1.00063
8 188 1.00062
9 188 1.00062
10 188 1.00062
11 188 1.00061
12 188 1.00061
13 188 1.00060
14 188 1.00060
15 188 1.00059
16 188 1.00059
17 188 1.00058
18 188 1.00058
19 188 1.00057
20 188 1.00057
21 188 1.00057
22 188 1.00056
23 188 1.00056
24 188 1.00055
25 188 1.00055
26 188 1.00055
27 188 1.00055
28 188 1.00055
29 188 1.00054
30 188 1.00054
31 188 1.00054
32 188 1.00054
33 188 1.00054
34 188 1.00054
35 188 1.00054
36 188 1.00055
37 188 1.00055
38 188 1.00055
39 188 1.00055
40 188 1.00055
41 188 1.00056
42 188 1.00056
43 188 1.00057
44 188 1.00057
45 188 1.00057
46 188 1.00058
47 188 1.00058
48 188 1.00059
49 188 1.00059
50 188 1.00060
51 188 1.00060
52 188 1.00061
53 188 1.00061
54 188 1.00062
55 188 1.00062
56 188 1.00062
57 188 1.00063
58 188 1.00063
59 188 1.00063
60 188 1.00064
61 188 1.00064
62 188 1.00064
63 188 1.00064
0 189 1.00061
1 189 1.00061
2 189 1.00061
3 189 1.00061
4 189 1.00061
5 189 1.00060
6 189 1.00060
7 189 1.00060
8 189 1.00060
9 189 1.00059
10 189 1.00059
11 189 1.00058
12 189 1.00058
13 189 1.00058
14 189 1.00057
15 189 1.00057
16 189 1.00056
17 189 1.00056
18 189 1.00055
19 189 1.00055
20 189 1.00055
21 189 1.00054
22 189 1.00054
23 189 1.00053
24 189 1.00053
25 189 1.00053
26 189 1.00053
27 189 1.00052
28 189 1.00052
29 189 1.00052
30 189 1.00052
31 189 1.00052
32 189 1.00052
33 189 1.00052
34 189 1.00052
35 189 1.00052
36 189 1.00052
37 189 1.00052
38 189 1.00053
39 189 1.00053
40 189 1.00053
41 189 1.00053
42 189 1.00054
43 189 1.00054
44 189 1.00055
45 189 1.00055
46 189 1.00055
47 189 1.00056
48 189 1.00056
49 189 1.00057
50 189 1.00057
51 189 1.00058
52 189 1.00058
53 189 1.00058
54 189 1.00059
55 189 1.00059
56 189 1.00060
57 189 1.00060
58 189 1.00060
59 189 1.00060
60 189 1.00061
61 189 1.00061
62 189 1.00061
63 189 1.00061
0 190 1.00058
1 190 1.00058
2 190 1.00058
3 190 1.00058
4 190 1.00058
5 190 1.00058
6 190 1.00058
7 190 1.00057
8 190 1.00057
9 190 1.00057
10 190 1.00056
11 190 1.00056
12 190 1.00056
13 190 1.00055
14 190 1.00055
15 190 1.00054
16 190 1.00054
17 190 1.00054
18 190 1.00053
19 190 1.00053
20 190 1.00052
21 190 1.00052
22 190 1.00052
23 190 1.00051
24 190 1.00051
25 190 1.00051
26 190 1.00051
27 190 1.00051
28 190 1.00050
29 190 1.00050
30 190 1.00050
31 190 1.00050
32 190 1.00050
33 190 1.00050
34 190 1.00050
35 190 1.00050
36 190 1.00050
37 190 1.00051
38 190 1.00051
39 190 1.00051
40 190 1.00051
41 190 1.00051
42 190 1.00052
43 190 1.00052
44 190 1.00052
45 190 1.00053
46 190 1.00053
47 190 1.00054
48 190 1.00054
49 190 1.00054
50 190 1.00055
51 190 1.00055
52 190 1.00056
53 190 1.00056
54 190 1.00056
55 190 1.00057
56 190 1.00057
57 190 1.00057
58 190 1.00058
59 190 1.00058
60 190 1.00058
61 190 1.00058
62 190 1.00058
63 190 1.00058
0 191 1.00056
1 191 1.00056
2 191 1.00056
3 191 1.00056
4 191 1.00055
5 191 1.00055
6 191 1.00055
7 191 1.00055
8 191 1.00055
9 191 1.00054
10 191 1.00054
11 191 1.00054
12 191 1.00053
13 191 1.00053
14 191 1.00052
15 191 1.00052
16 191 1.00052
17 191 1.00051
18 191 1.00051
19 191 1.00051
20 191 1.00050
21 191 1.00050
22 191 1.00050
23 191 1.00049
24 191 1.00049
25 191 1.00049
26 191 1.00049
27 191 1.00049
28 191 1.00048
29 191 1.00048
30 191 1.00048
31 191 1.00048
32 191 1.00048
33 191 1.00048
34 191 1.00048
35 191 1.00048
36 191 1.00048
37 191 1.00049
38 191 1.00049
39 191 1.00049
40 191 1.00049
41 191 1.00049
42 191 1.00050
43 191 1.00050
44 191 1.00050
45 191 1.00051
46 191 1.00051
47 191 1.00051
48 191 1.00052
49 191 1.00052
50 191 1.00052
51 191 1.00053
52 191 1.00053
53 191 1.00054
54 191 1.00054
55 191 1.00054
56 191 1.00055
57 191 1.00055
58 191 1.00055
59 191 1.00055
60 191 1.00055
61 191 1.00056
62 191 1.00056
63 191 1.00056
0 192 1.00053
1 192 1.00053
2 192 1.00053
3 192 1.00053
4 192 1.00053
5 192 1.00053
6 192 1.00053
7 192 1.00053
8 192 1.00052
9 192 1.00052
10 192 1.00052
11 192 1.00051
12 192 1.00051
13 192 1.00051
14 192 1.00050
15 192 1.00050
16 192 1.00050
17 192 1.00049
18 192 1.00049
19 192 1.00049
20 192 1.00048
21 192 1.00048
22 192 1.00048
23 192 1.00048
24 192 1.00047
25 192 1.00047
26 192 1.00047
27 192 1.00047
28 192 1.00047
29 192 1.00047
30 192 1.00047
31 192 1.00047
32 192 1.00046
33 192 1.00047
34 192 1.00047
35 192 1.00047
36 192 1.00047
37 192 1.00047
38 192 1.00047
39 192 1.00047
40 192 1.00047
41 192 1.00048
42 192 1.00048
43 192 1.00048
44 192 1.00048
45 192 1.00049
46 192 1.00049
47 192 1.00049
48 192 1.00050
49 192 1.00050
50 192 1.00050
51 192 1.00051
52 192 1.00051
53 192 1.00051
54 192 1.00052
55 192 1.00052
56 192 1.00052
57 192 1.00053
58 192 1.00053
59 192 1.00053
60 192 1.00053
61 192 1.00053
62 192 1.00053
63 192 1.00053
0 193 1.00051
1 193 1.00051
2 193 1.00051
3 193 1.00051
4 193 1.00051
5 193 1.00051
6 193 1.00050
7 193 1.00050
8 193 1.00050
9 193 1.00050
10 193 1.00049
11 193 1.00049
12 193 1.00049
13 193 1.00049
14 193 1.00048
15 193 1.00048
16 193 1.00048
17 193 1.00047
18 193 1.00047
19 193 1.00047
20 193 1.00046
21 193 1.00046
22 193 1.00046
23 193 1.00046
24 193 1.00045
25 193 1.00045
26 193 1.00045
27 193 1.00045
28 193 1.00045
29 193 1.00045
30 193 1.00045
31 193 1.00045
32 193 1.00045
33 193 1.00045
34 193 1.00045
35 193 1.00045
36 193 1.00045
37 193 1.00045
38 193 1.00045
39 193 1.00045
40 193 1.00045
41 193 1.00046
42 193 1.00046
43 193 1.00046
44 193 1.00046
45 193 1.00047
46 193 1.00047
47 193 1.00047
48 193 1.00048
49 193 1.00048
50 193 1.00048
51 193 1.00049
52 193 1.00049
53 193 1.00049
54 193 1.00049
55 193 1.00050
56 193 1.00050
57 193 1.00050
58 193 1.00050
59 193 1.00051
60 193 1.00051
61 193 1.00051
62 193 1.00051
63 193 1.00051
0 194 1.00049
1 194 1.00049
2 194 1.00049
3 194 1.00049
4 194 1.00049
5 194 1.00048
6 194 1.00048
7 194 1.00048
8 194 1.00048
9 194 1.00048
10 194 1.00047
11 194 1.00047
12 194 1.00047
13 194 1.00047
14 194 1.00046
15 194 1.00046
16 194 1.00046
17 194 1.00046
18 194 1.00045
19 194 1.00045
20 194 1.00045
21 194 1.00045
22 194 1.00044
23 194 1.00044
24 194 1.00044
25 194 1.00044
26 194 1.00044
27 194 1.00044
28 194 1.00043
29 194 1.00043
30 194 1.00043
31 194 1.00043
32 194 1.00043
33 194 1.00043
34 194 1.00043
35 194 1.00043
36 194 1.00043
37 194 1.00044
38 194 1.00044
39 194 1.00044
40 194 1.00044
41 194 1.00044
42 194 1.00044
43 194 1.00045
44 194 1.00045
45 194 1.00045
46 194 1.00045
47 194 1.00046
48 194 1.00046
49 194 1.00046
50 194 1.00046
51 194 1.00047
52 194 1.00047
53 194 1.00047
54 194 1.00047
55 194 1.00048
56 194 1.00048
57 194 1.00048
58 194 1.00048
59 194 1.00048
60 194 1.00049
61 194 1.00049
62 194 1.00049
63 194 1.00049
0 195 1.00047
1 195 1.00047
2 195 1.00047
3 195 1.00047
4 195 1.00046
5 195 1.00046
6 195 1.00046
7 195 1.00046
8 195 1.00046
9 195 1.00046
10 195 1.00045
11 195 1.00045
12 195 1.00045
13 195 1.00045
14 195 1.00045
15 195 1.00044
16 195 1.00044
17 195 1.00044
18 195 1.00044
19 195 1.00043
20 195 1.00043
21 195 1.00043
22 195 1.00043
23 195 1.00042
24 195 1.00042
25 195 1.00042
26 195 1.00042
27 195 1.00042
28 195 1.00042
29 195 1.00042
30 195 1.00042
31 195 1.00042
32 195 1.00042
33 195 1.00042
34 195 1.00042
35 195 1.00042
36 195 1.00042
37 195 1.00042
38 195 1.00042
39 195 1.00042
40 195 1.00042
41 195 1.00043
42 195 1.00043
43 195 1.00043
44 195 1.00043
45 195 1.00043
46 195 1.00044
47 195 1.00044
48 195 1.00044
49 195 1.00044
50 195 1.00045
51 195 1.00045
52 195 1.00045
53 195 1.00045
54 195 1.00045
55 195 1.00046
56 195 1.00046
57 195 1.00046
58 195 1.00046
59 195 1.00046
60 195 1.00046
61 195 1.00047
62 195 1.00047
63 195 1.00047
0 196 1.00045
1 196 1.00045
2 196 1.00045
3 196 1.00045
4 196 1.00045
5 196 1.00045
6 196 1.00044
7 196 1.00044
8 196 1.00044
9 196 1.00044
10 196 1.00044
11 196 1.00044
12 196 1.00043
13 196 1.00043
14 196 1.00043
15 196 1.00043
16 196 1.00043
17 196 1.00042
18 196 1.00042
19 196 1.00042
20 196 1.00042
21 196 1.00042
22 196 1.00041
23 196 1.00041
24 196 1.00041
25 196 1.00041
26 196 1.00041
27 196 1.00041
28 196 1.00041
29 196 1.00041
30 196 1.00041
31 196 1.00040
32 196 1.00040
33 196 1.00040
34 196 1.00041
35 196 1.00041
36 196 1.00041
37 196 1.00041
38 196 1.00041
39 196 1.00041
40 196 1.00041
41 196 1.00041
42 196 1.00041
43 196 1.00042
44 196 1.00042
45 196 1.00042
46 196 1.00042
47 196 1.00042
48 196 1.00043
49 196 1.00043
50 196 1.00043
51 196 1.00043
52 196 1.00043
53 196 1.00044
54 196 1.00044
55 196 1.00044
56 196 1.00044
57 196 1.00044
58 196 1.00045
59 196 1.00045
60 196 1.00045
61 196 1.00045
62 196 1.00045
63 196 1.00045
0 197 1.00043
1 197 1.00043
2 197 1.00043
3 197 1.00043
4 197 1.00043
5 197 1.00043
6 197 1.00043
7 197 1.00043
8 197 1.00043
9 197 1.00042
10 197 1.00042
11 197 1.00042
12 197 1.00042
13 197 1.00042
14 197 1.00042
15 197 1.00041
16 197 1.00041
17 197 1.00041
18 197 1.00041
19 197 1.00041
20 197 1.00041
21 197 1.00040
22 197 1.00040
23 197 1.00040
24 197 1.00040
25 197 1.00040
26 197 1.00040
27 197 1.00040
28 197 1.00040
29 197 1.00039
30 197 1.00039
31 197 1.00039
32 197 1.00039
33 197 1.00039
34 197 1.00039
35 197 1.00039
36 197 1.00040
37 197 1.00040
38 197 1.00040
39 197 1.00040
40 197 1.00040
41 197 1.00040
42 197 1.00040
43 197 1.00040
44 197 1.00041
45 197 1.00041
46 197 1.00041
47 197 1.00041
48 197 1.00041
49 197 1.00041
50 197 1.00042
51 197 1.00042
52 197 1.00042
53 197 1.00042
54 197 1.00042
55 197 1.00043
56 197 1.00043
57 197 1.00043
58 197 1.00043
59 197 1.00043
60 197 1.00043
61 197 1.00043
62 197 1.00043
63 197 1.00043
0 198 1.00042
1 198 1.00042
2 198 1.00042
3 198 1.00042
4 198 1.00042
5 198 1.00042
6 198 1.00042
7 198 1.00042
8 198 1.00042
9 198 1.00041
10 198 1.00041
11 198 1.00041
12 198 1.00041
13 198 1.00041
14 198 1.00041
15 198 1.00041
16 198 1.00040
17 198 1.00040
18 198 1.00040
19 198 1.00040
20 198 1.00040
21 198 1.00040
22 198 1.00040
23 198 1.00039
24 198 1.00039
25 198 1.00039
26 198 1.00039
27 198 1.00039
28 198 1.00039
29 198 1.00039
30 198 1.00039
31 198 1.00039
32 198 1.00039
33 198 1.00039
34 198 1.00039
35 198 1.00039
36 198 1.00039
37 198 1.00039
38 198 1.00039
39 198 1.00039
40 198 1.00039
41 198 1.00039
42 198 1.00040
43 198 1.00040
44 198 1.00040
45 198 1.00040
46 198 1.00040
47 198 1.00040
48 198 1.00040
49 198 1.00041
50 198 1.00041
51 198 1.00041
52 198 1.00041
53 198 1.00041
54 198 1.00041
55 198 1.00041
56 198 1.00042
57 198 1.00042
58 198 1.00042
59 198 1.00042
60 198 1.00042
61 198 1.00042
62 198 1.00042
63 198 1.00042
0 199 1.00041
1 199 1.00041
2 199 1.00041
3 199 1.00041
4 199 1.00041
5 199 1.00041
6 199 1.00041
7 199 1.00041
8 199 1.00041
9 199 1.00041
10 199 1.00041
11 199 1.00041
12 199 1.00040
13 199 1.00040
14 199 1.00040
15 199 1.00040
16 199 1.00040
17 199 1.00040
18 199 1.00040
19 199 1.00040
20 199 1.00039
21 199 1.00039
22 199 1.00039
23 199 1.00039
24 199 1.00039
25 199 1.00039
26 199 1.00039
27 199 1.00039
28 199 1.00039
29 199 1.00039
30 199 1.00039
31 199 1.00039
32 199 1.00038
33 199 1.00039
34 199 1.00039
35 199 1.00039
36 199 1.00039
37 199 1.00039
38 199 1.00039
39 199 1.00039
40 199 1.00039
41 199 1.00039
42 199 1.00039
43 199 1.00039
44 199 1.00039
45 199 1.00040
46 199 1.00040
47 199 1.00040
48 199 1.00040
49 199 1.00040
50 199 1.00040
51 199 1.00040
52 199 1.00040
53 199 1.00041
54 199 1.00041
55 199 1.00041
56 199 1.00041
57 199 1.00041
58 199 1.00041
59 199 1.00041
60 199 1.00041
61 199 1.00041
62 199 1.00041
63 199 1.00041
0 200 1.00041
1 200 1.00041
2 200 1.00041
3 200 1.00041
4 200 1.00041
5 200 1.00041
6 200 1.00041
7 200 1.00041
8 200 1.00041
9 200 1.00041
10 200 1.00041
11 200 1.00041
12 200 1.00040
13 200 1.00040
14 200 1.00040
15 200 1.00040
16 200 1.00040
17 200 1.00040
18 200 1.00040
19 200 1.00040
20 200 1.00039
21 200 1.00039
22 200 1.00039
23 200 1.00039
24 200 1.00039
25 200 1.00039
26 200 1.00039
27 200 1.00039
28 200 1.00039
29 200 1.00039
30 200 1.00039
31 200 1.00039
32 200 1.00038
33 200 1.00039
34 200 1.00039
35 200 1.00039
36 200 1.00039
37 200 1.00039
38 200 1.00039
39 200 1.00039
40 200 1.00039
41 200 1.00039
42 200 1.00039
43 200 1.00039
44 200 1.00039
45 200 1.00040
46 200 1.00040
47 200 1.00040
48 200 1.00040
49 200 1.00040
50 200 1.00040
51 200 1.00040
52 200 1.00040
53 200 1.00041
54 200 1.00041
55 200 1.00041
56 200 1.00041
57 200 1.00041
58 200 1.00041
59 200 1.00041
60 200 1.00041
61 200 1.00041
62 200 1.00041
63 200 1.00041
0 201 1.00041
1 201 1.00041
2 201 1.00041
3 201 1.00041
4 201 1.00041
5 201 1.00041
6 201 1.00041
7 201 1.00041
8 201 1.00040
9 201 1.00041
10 201 1.00040
11 201 1.00041
12 201 1.00040
13 201 1.00040
14 201 1.00040
15 201 1.00040
16 201 1.00040
17 201 1.00040
18 201 1.00040
19 201 1.00040
20 201 1.00039
21 201 1.00039
22 201 1.00039
23 201 1.00039
24 201 1.00039
25 201 1.00039
26 201 1.00039
27 201 1.00039
28 201 1.00039
29 201 1.00039
30 201 1.00039
31 201 1.00039
32 201 1.00038
33 201 1.00038
34 201 1.00039
35 201 1.00039
36 201 1.00039
37 201 1.00039
38 201 1.00039
39 201 1.00039
40 201 1.00039
41 201 1.00039
42 201 1.00039
43 201 1.00039
44 201 1.00039
45 201 1.00040
46 201 1.00040
47 201 1.00040
48 201 1.00040
49 201 1.00040
50 201 1.00040
51 201 1.00040
52 201 1.00040
53 201 1.00040
54 201 1.00040
55 201 1.00041
56 201 1.00040
57 201 1.00041
58 201 1.00041
59 201 1.00041
60 201 1.00041
61 201 1.00041
62 201 1.00041
63 201 1.00041
0 202 1.00041
1 202 1.00041
2 202 1.00041
3 202 1.00041
4 202 1.00041
5 202 1.00041
6 202 1.00041
7 202 1.00041
8 202 1.00041
9 202 1.00041
10 202 1.00041
11 202 1.00041
12 202 1.00040
13 202 1.00040
14 202 1.00040
15 202 1.00040
16 202 1.00040
17 202 1.00040
18 202 1.00040
19 202 1.00040
20 202 1.00039
21 202 1.00039
22 202 1.00039
23 202 1.00039
24 202 1.00039
25 202 1.00039
26 202 1.00039
27 202 1.00039
28 202 1.00039
29 202 1.00039
30 202 1.00039
31 202 1.00039
32 202 1.00039
33 202 1.00039
34 202 1.00039
35 202 1.00039
36 202 1.00039
37 202 1.00039
38 202 1.00039
39 202 1.00039
40 202 1.00039
41 202 1.00039
42 202 1.00039
43 202 1.00039
44 202 1.00039
45 202 1.00040
46 202 1.00040
47 202 1.00040
48 202 1.00040
49 202 1.00040
50 202 1.00040
51 202 1.00040
52 202 1.00040
53 202 1.00041
54 202 1.00041
55 202 1.00041
56 202 1.00041
57 202 1.00041
58 202 1.00041
59 202 1.00041
60 202 1.00041
61 202 1.00041
62 202 1.00041
63 202 1.00041
0 203 1.00041
1 203 1.00041
2 203 1.00041
3 203 1.00041
4 203 1.00041
5 203 1.00041
6 203 1.00041
7 203 1.00041
8 203 1.00041
9 203 1.00041
10 203 1.00041
11 203 1.00040
12 203 1.00040
13 203 1.00040
14 203 1.00040
15 203 1.00040
16 203 1.00040
17 203 1.00040
18 203 1.00040
19 203 1.00040
20 203 1.00040
21 203 1.00040
22 203 1.00040
23 203 1.00040
24 203 1.00040
25 203 1.00040
26 203 1.00040
27 203 1.00039
28 203 1.00039
29 203 1.00039
30 203 1.00039
31 203 1.00039
32 203 1.00039
33 203 1.00039
34 203 1.00039
35 203 1.00039
36 203 1.00039
37 203 1.00040
38 203 1.00040
39 203 1.00040
40 203 1.00040
41 203 1.00040
42 203 1.00040
43 203 1.00040
44 203 1.00040
45 203 1.00040
46 203 1.00040
47 203 1.00040
48 203 1.00040
49 203 1.00040
50 203 1.00040
51 203 1.00040
52 203 1.00040
53 203 1.00040
54 203 1.00041
55 203 1.00041
56 203 1.00041
57 203 1.00041
58 203 1.00041
59 203 1.00041
60 203 1.00041
61 203 1.00041
62 203 1.00041
63 203 1.00041
0 204 1.00041
1 204 1.00041
2 204 1.00041
3 204 1.00041
4 204 1.00041
5 204 1.00041
6 204 1.00041
7 204 1.00041
8 204 1.00041
9 204 1.00041
10 204 1.00041
11 204 1.00041
12 204 1.00041
13 204 1.00041
14 204 1.00041
15 204 1.00041
16 204 1.00041
17 204 1.00041
18 204 1.00041
19 204 1.00041
20 204 1.00041
21 204 1.00041
22 204 1.00041
23 204 1.00041
24 204 1.00041
25 204 1.00041
26 204 1.00041
27 204 1.00041
28 204 1.00041
29 204 1.00041
30 204 1.00041
31 204 1.00041
32 204 1.00041
33 204 1.00041
34 204 1.00041
35 204 1.00041
36 204 1.00041
37 204 1.00041
38 204 1.00041
39 204 1.00041
40 204 1.00041
41 204 1.00041
42 204 1.00041
43 204 1.00041
44 204 1.00041
45 204 1.00041
46 204 1.00041
47 204 1.00041
48 204 1.00041
49 204 1.00041
50 204 1.00041
51 204 1.00041
52 204 1.00041
53 204 1.00041
54 204 1.00041
55 204 1.00041
56 204 1.00041
57 204 1.00041
58 204 1.00041
59 204 1.00041
60 204 1.00041
61 204 1.00041
62 204 1.00041
63 204 1.00041
0 205 1.00043
1 205 1.00043
2 205 1.00043
3 205 1.00043
4 205 1.00043
5 205 1.00043
6 205 1.00043
7 205 1.00043
8 205 1.00043
9 205 1.00043
10 205 1.00043
11 205 1.00043
12 205 1.00043
13 205 1.00043
14 205 1.00043
15 205 1.00043
16 205 1.00043
17 205 1.00043
18 205 1.00043
19 205 1.00042
20 205 1.00042
21 205 1.00042
22 205 1.00042
23 205 1.00042
24 205 1.00042
25 205 1.00042
26 205 1.00042
27 205 1.00042
28 205 1.00042
29 205 1.00042
30 205 1.00042
31 205 1.00042
32 205 1.00042
33 205 1.00042
34 205 1.00042
35 205 1.00042
36 205 1.00042
37 205 1.00042
38 205 1.00042
39 205 1.00042
40 205 1.00042
41 205 1.00042
42 205 1.00042
43 205 1.00042
44 205 1.00042
45 205 1.00042
46 205 1.00042
47 205 1.00043
48 205 1.00043
49 205 1.00043
50 205 1.00043
51 205 1.00043
52 205 1.00043
53 205 1.00043
54 205 1.00043
55 205 1.00043
56 205 1.00043
57 205 1.00043
58 205 1.00043
59 205 1.00043
60 205 1.00043
61 205 1.00043
62 205 1.00043
63 205 1.00043
0 206 1.00044
1 206 1.00044
2 206 1.00044
3 206 1.00044
4 206 1.00044
5 206 1.00044
6 206 1.00044
7 206 1.00044
8 206 1.00044
9 206 1.00044
10 206 1.00044
11 206 1.00044
12 206 1.00044
13 206 1.00044
14 206 1.00044
15 206 1.00044
16 206 1.00044
17 206 1.00044
18 206 1.00044
19 206 1.00044
20 206 1.00044
21 206 1.00044
22 206 1.00044
23 206 1.00044
24 206 1.00044
25 206 1.00044
26 206 1.00044
27 206 1.00044
28 206 1.00044
29 206 1.00044
30 206 1.00044
31 206 1.00044
32 206 1.00044
33 206 1.00044
34 206 1.00044
35 206 1.00044
36 206 1.00044
37 206 1.00044
38 206 1.00044
39 206 1.00044
40 206 1.00044
41 206 1.00044
42 206 1.00044
43 206 1.00044
44 206 1.00044
45 206 1.00044
46 206 1.00044
47 206 1.00044
48 206 1.00044
49 206 1.00044
50 206 1.00044
51 206 1.00044
52 206 1.00044
53 206 1.00044
54 206 1.00044
55 206 1.00044
56 206 1.00044
57 206 1.00044
58 206 1.00044
59 206 1.00044
60 206 1.00044
61 206 1.00044
62 206 1.00044
63 206 1.00044
0 207 1.00047
1 207 1.00047
2 207 1.00047
3 207 1.00047
4 207 1.00047
5 207 1.00047
6 207 1.00047
7 207 1.00047
8 207 1.00047
9 207 1.00047
10 207 1.00047
11 207 1.00047
12 207 1.00047
13 207 1.00047
14 207 1.00047
15 207 1.00047
16 207 1.00047
17 207 1.00047
18 207 1.00047
19 207 1.00047
20 207 1.00047
21 207 1.00047
22 207 1.00047
23 207 1.00047
24 207 1.00047
25 207 1.00047
26 207 1.00047
27 207 1.00047
28 207 1.00047
29 207 1.00047
30 207 1.00047
31 207 1.00047
32 207 1.00047
33 207 1.00047
34 207 1.00047
35 207 1.00047
36 207 1.00047
37 207 1.00047
38 207 1.00047
39 207 1.00047
40 207 1.00047
41 207 1.00047
42 207 1.00047
43 207 1.00047
44 207 1.00047
45 207 1.00047
46 207 1.00047
47 207 1.00047
48 207 1.00047
49 207 1.00047
50 207 1.00047
51 207 1.00047
52 207 1.00047
53 207 1.00047
54 207 1.00047
55 207 1.00047
56 207 1.00047
57 207 1.00047
58 207 1.00047
59 207 1.00047
60 207 1.00047
61 207 1.00047
62 207 1.00047
63 207 1.00047
0 208 1.00049
1 208 1.00049
2 208 1.00049
3 208 1.00049
4 208 1.00049
5 208 1.00049
6 208 1.00049
7 208 1.00049
8 208 1.00049
9 208 1.00049
10 208 1.00049
11 208 1.00049
12 208 1.00049
13 208 1.00049
14 208 1.00049
15 208 1.00049
16 208 1.00049
17 208 1.00049
18 208 1.00049
19 208 1.00049
20 208 1.00049
21 208 1.00049
22 208 1.00049
23 208 1.00049
24 208 1.00049
25 208 1.00049
26 208 1.00049
27 208 1.00049
28 208 1.00049
29 208 1.00049
30 208 1.00049
31 208 1.00049
32 208 1.00049
33 208 1.00049
34 208 1.00049
35 208 1.00049
36 208 1.00049
37 208 1.00049
38 208 1.00049
39 208 1.00049
40 208 1.00049
41 208 1.00049
42 208 1.00049
43 208 1.00049
44 208 1.00049
45 208 1.00049
46 208 1.00049
47 208 1.00049
48 208 1.00049
49 208 1.00049
50 208 1.00049
51 208 1.00049
52 208 1.00049
53 208 1.00049
54 208 1.00049
55 208 1.00049
56 208 1.00049
57 208 1.00049
58 208 1.00049
59 208 1.00049
60 208 1.00049
61 208 1.00049
62 208 1.00049
63 208 1.00049
0 209 1.00052
1 209 1.00052
2 209 1.00052
3 209 1.00052
4 209 1.00052
5 209 1.00052
6 209 1.00052
7 209 1.00052
8 209 1.00052
9 209 1.00052
10 209 1.00052
11 209 1.00052
12 209 1.00052
13 209 1.00052
14 209 1.00052
15 209 1.00052
16 209 1.00052
17 209 1.00052
18 209 1.00052
19 209 1.00052
20 209 1.00052
21 209 1.00052
22 209 1.00052
23 209 1.00052
24 209 1.00052
25 209 1.00052
26 209 1.00052
27 209 1.00052
28 209 1.00052
29 209 1.00052
30 209 1.00052
31 209 1.00052
32 209 1.00052
33 209 1.00052
34 209 1.00052
35 209 1.00052
36 209 1.00052
37 209 1.00052
38 209 1.00052
39 209 1.00052
40 209 1.00052
41 209 1.00052
42 209 1.00052
43 209 1.00052
44 209 1.00052
45 209 1.00052
46 209 1.00052
47 209 1.00052
48 209 1.00052
49 209 1.00052
50 209 1.00052
51 209 1.00052
52 209 1.00052
53 209 1.00052
54 209 1.00052
55 209 1.00052
56 209 1.00052
57 209 1.00052
58 209 1.00052
59 209 1.00052
60 209 1.00052
61 209 1.00052
62 209 1.00052
63 209 1.00052
0 210 1.00055
1 210 1.00055
2 210 1.00055
3 210 1.00055
4 210 1.00055
5 210 1.00055
6 210 1.00055
7 210 1.00056
8 210 1.00056
9 210 1.00056
10 210 1.00056
11 210 1.00056
12 210 1.00056
13 210 1.00056
14 210 1.00056
15 210 1.00056
16 210 1.00056
17 210 1.00056
18 210 1.00056
19 210 1.00056
20 210 1.00056
21 210 1.00056
22 210 1.00056
23 210 1.00056
24 210 1.00056
25 210 1.00056
26 210 1.00056
27 210 1.00056
28 210 1.00056
29 210 1.00056
30 210 1.00056
31 210 1.00056
32 210 1.00056
33 210 1.00056
34 210 1.00056
35 210 1.00056
36 210 1.00056
37 210 1.00056
38 210 1.00056
39 210 1.00056
40 210 1.00056
41 210 1.00056
42 210 1.00056
43 210 1.00056
44 210 1.00056
45 210 1.00056
46 210 1.00056
47 210 1.00056
48 210 1.00056
49 210 1.00056
50 210 1.00056
51 210 1.00056
52 210 1.00056
53 210 1.00056
54 210 1.00056
55 210 1.00056
56 210 1.00056
57 210 1.00056
58 210 1.00055
59 210 1.00055
60 210 1.00055
61 210 1.00055
62 210 1.00055
63 210 1.00055
0 211 1.00059
1 211 1.00059
2 211 1.00059
3 211 1.00059
4 211 1.00059
5 211 1.00059
6 211 1.00059
7 211 1.00059
8 211 1.00059
9 211 1.00059
10 211 1.00059
11 211 1.00059
12 211 1.00059
13 211 1.00059
14 211 1.00059
15 211 1.00060
16 211 1.00060
17 211 1.00060
18 211 1.00060
19 211 1.00060
20 211 1.00060
21 211 1.00060
22 211 1.00060
23 211 1.00060
24 211 1.00060
25 211 1.00060
26 211 1.00060
27 211 1.00060
28 211 1.00060
29 211 1.00060
30 211 1.00060
31 211 1.00060
32 211 1.00060
33 211 1.00060
34 211 1.00060
35 211 1.00060
36 211 1.00060
37 211 1.00060
38 211 1.00060
39 211 1.00060
40 211 1.00060
41 211 1.00060
42 211 1.00060
43 211 1.00060
44 211 1.00060
45 211 1.00060
46 211 1.00060
47 211 1.00060
48 211 1.00060
49 211 1.00060
50 211 1.00059
51 211 1.00059
52 211 1.00059
53 211 1.00059
54 211 1.00059
55 211 1.00059
56 211 1.00059
57 211 1.00059
58 211 1.00059
59 211 1.00059
60 211 1.00059
61 211 1.00059
62 211 1.00059
63 211 1.00059
0 212 1.00063
1 212 1.00063
2 212 1.00063
3 212 1.00063
4 212 1.00063
5 212 1.00063
6 212 1.00063
7 212 1.00064
8 212 1.00064
9 212 1.00064
10 212 1.00064
11 212 1.00064
12 212 1.00064
13 212 1.00064
14 212 1.00064
15 212 1.00064
16 212 1.00064
17 212 1.00064
18 212 1.00064
19 212 1.00064
20 212 1.00064
21 212 1.00064
22 212 1.00064
23 212 1.00064
24 212 1.00064
25 212 1.00064
26 212 1.00064
27 212 1.00064
28 212 1.00064
29 212 1.00064
30 212 1.00064
31 212 1.00064
32 212 1.00064
33 212 1.00064
34 212 1.00064
35 212 1.00064
36 212 1.00064
37 212 1.00064
38 212 1.00064
39 212 1.00064
40 212 1.00064
41 212 1.00064
42 212 1.00064
43 212 1.00064
44 212 1.00064
45 212 1.00064
46 212 1.00064
47 212 1.00064
48 212 1.00064
49 212 1.00064
50 212 1.00064
51 212 1.00064
52 212 1.00064
53 212 1.00064
54 212 1.00064
55 212 1.00064
56 212 1.00064
57 212 1.00064
58 212 1.00063
59 212 1.00063
60 212 1.00063
61 212 1.00063
62 212 1.00063
63 212 1.00063
0 213 1.00068
1 213 1.00068
2 213 1.00068
3 213 1.00068
4 213 1.00068
5 213 1.00068
6 213 1.00068
7 213 1.00068
8 213 1.00068
9 213 1.00068
10 213 1.00068
11 213 1.00068
12 213 1.00068
13 213 1.00068
14 213 1.00068
15 213 1.00068
16 213 1.00068
17 213 1.00068
18 213 1.00068
19 213 1.00068
20 213 1.00068
21 213 1.00068
22 213 1.00068
23 213 1.00068
24 213 1.00068
25 213 1.00068
26 213 1.00068
27 213 1.00068
28 213 1.00068
29 213 1.00068
30 213 1.00068
31 213 1.00068
32 213 1.00068
33 213 1.00068
34 213 1.00068
35 213 1.00068
36 213 1.00068
37 213 1.00068
38 213 1.00068
39 213 1.00068
40 213 1.00068
41 213 1.00068
42 213 1.00068
43 213 1.00068
44 213 1.00068
45 213 1.00068
46 213 1.00068
47 213 1.00068
48 213 1.00068
49 213 1.00068
50 213 1.00068
51 213 1.00068
52 213 1.00068
53 213 1.00068
54 213 1.00068
55 213 1.00068
56 213 1.00068
57 213 1.00068
58 213 1.00068
59 213 1.00068
60 213 1.00068
61 213 1.00068
62 213 1.00068
63 213 1.00068
0 214 1.00073
1 214 1.00073
2 214 1.00073
3 214 1.00073
4 214 1.00073
5 214 1.00073
6 214 1.00073
7 214 1.00073
8 214 1.00073
9 214 1.00073
10 214 1.00073
11 214 1.00073
12 214 1.00073
13 214 1.00073
14 214 1.00073
15 214 1.00073
16 214 1.00073
17 214 1.00073
18 214 1.00073
19 214 1.00073
20 214 1.00073
21 214 1.00073
22 214 1.00073
23 214 1.00073
24 214 1.00073
25 214 1.00073
26 214 1.00073
27 214 1.00073
28 214 1.00073
29 214 1.00073
30 214 1.00073
31 214 1.00073
32 214 1.00073
33 214 1.00073
34 214 1.00073
35 214 1.00073
36 214 1.00073
37 214 1.00073
38 214 1.00073
39 214 1.00073
40 214 1.00073
41 214 1.00073
42 214 1.00073
43 214 1.00073
44 214 1.00073
45 214 1.00073
46 214 1.00073
47 214 1.00073
48 214 1.00073
49 214 1.00073
50 214 1.00073
51 214 1.00073
52 214 1.00073
53 214 1.00073
54 214 1.00073
55 214 1.00073
56 214 1.00073
57 214 1.00073
58 214 1.00073
59 214 1.00073
60 214 1.00073
61 214 1.00073
62 214 1.00073
63 214 1.00073
0 215 1.00078
1 215 1.00078
2 215 1.00078
3 215 1.00078
4 215 1.00078
5 215 1.00078
6 215 1.00078
7 215 1.00078
8 215 1.00078
9 215 1.00078
10 215 1.00078
11 215 1.00079
12 215 1.00079
13 215 1.00079
14 215 1.00079
15 215 1.00079
16 215 1.00079
17 215 1.00079
18 215 1.00079
19 215 1.00079
20 215 1.00079
21 215 1.00079
22 215 1.00079
23 215 1.00079
24 215 1.00079
25 215 1.00079
26 215 1.00079
27 215 1.00079
28 215 1.00079
29 215 1.00079
30 215 1.00079
31 215 1.00079
32 215 1.00079
33 215 1.00079
34 215 1.00079
35 215 1.00079
36 215 1.00079
37 215 1.00079
38 215 1.00079
39 215 1.00079
40 215 1.00079
41 215 1.00079
42 215 1.00079
43 215 1.00079
44 215 1.00079
45 215 1.00079
46 215 1.00079
47 215 1.00079
48 215 1.00079
49 215 1.00079
50 215 1.00079
51 215 1.00079
52 215 1.00079
53 215 1.00079
54 215 1.00078
55 215 1.00078
56 215 1.00078
57 215 1.00078
58 215 1.00078
59 215 1.00078
60 215 1.00078
61 215 1.00078
62 215 1.00078
63 215 1.00078
0 216 1.00084
1 216 1.00084
2 216 1.00084
3 216 1.00084
4 216 1.00084
5 216 1.00084
6 216 1.00084
7 216 1.00084
8 216 1.00084
9 216 1.00084
10 216 1.00084
11 216 1.00084
12 216 1.00084
13 216 1.00084
14 216 1.00084
15 216 1.00084
16 216 1.00084
17 216 1.00084
18 216 1.00084
19 216 1.00084
20 216 1.00084
21 216 1.00084
22 216 1.00084
23 216 1.00084
24 216 1.00084
25 216 1.00084
26 216 1.00084
27 216 1.00084
28 216 1.00084
29 216 1.00084
30 216 1.00084
31 216 1.00084
32 216 1.00084
33 216 1.00084
34 216 1.00084
35 216 1.00084
36 216 1.00084
37 216 1.00084
38 216 1.00084
39 216 1.00084
40 216 1.00084
41 216 1.00084
42 216 1.00084
43 216 1.00084
44 216 1.00084
45 216 1.00084
46 216 1.00084
47 216 1.00084
48 216 1.00084
49 216 1.00084
50 216 1.00084
51 216 1.00084
52 216 1.00084
53 216 1.00084
54 216 1.00084
55 216 1.00084
56 216 1.00084
57 216 1.00084
58 216 1.00084
59 216 1.00084
60 216 1.00084
61 216 1.00084
62 216 1.00084
63 216 1.00084
0 217 1.00090
1 217 1.00090
2 217 1.00090
3 217 1.00090
4 217 1.00090
5 217 1.00090
6 217 1.00090
7 217 1.00090
8 217 1.00090
9 217 1.00090
10 217 1.00090
11 217 1.00090
12 217 1.00090
13 217 1.00090
14 217 1.00090
15 217 1.00090
16 217 1.00090
17 217 1.00090
18 217 1.00090
19 217 1.00090
20 217 1.00090
21 217 1.00090
22 217 1.00090
23 217 1.00090
24 217 1.00090
25 217 1.00090
26 217 1.00090
27 217 1.00090
28 217 1.00090
29 217 1.00090
30 217 1.00090
31 217 1.00090
32 217 1.00090
33 217 1.00090
34 217 1.00090
35 217 1.00090
36 217 1.00090
37 217 1.00090
38 217 1.00090
39 217 1.00090
40 217 1.00090
41 217 1.00090
42 217 1.00090
43 217 1.00090
44 217 1.00090
45 217 1.00090
46 217 1.00090
47 217 1.00090
48 217 1.00090
49 217 1.00090
50 217 1.00090
51 217 1.00090
52 217 1.00090
53 217 1.00090
54 217 1.00090
55 217 1.00090
56 217 1.00090
57 217 1.00090
58 217 1.00090
59 217 1.00090
60 217 1.00090
61 217 1.00090
62 217 1.00090
63 217 1.00090
0 218 1.00096
1 218 1.00096
2 218 1.00096
3 218 1.00096
4 218 1.00096
5 218 1.00096
6 218 1.00096
7 218 1.00096
8 218 1.00096
9 218 1.00096
10 218 1.00096
11 218 1.00096
12 218 1.00097
13 218 1.00097
14 218 1.00097
15 218 1.00097
16 218 1.00097
17 218 1.00097
18 218 1.00097
19 218 1.00097
20 218 1.00097
21 218 1.00097
22 218 1.00097
23 218 1.00097
24 218 1.00097
25 218 1.00097
26 218 1.00097
27 218 1.00097
28 218 1.00097
29 218 1.00097
30 218 1.00097
31 218 1.00096
32 218 1.00096
33 218 1.00096
34 218 1.00097
35 218 1.00097
36 218 1.00097
37 218 1.00097
38 218 1.00097
39 218 1.00097
40 218 1.00097
41 218 1.00097
42 218 1.00097
43 218 1.00097
44 218 1.00097
45 218 1.00097
46 218 1.00097
47 218 1.00097
48 218 1.00097
49 218 1.00097
50 218 1.00097
51 218 1.00097
52 218 1.00097
53 218 1.00096
54 218 1.00096
55 218 1.00096
56 218 1.00096
57 218 1.00096
58 218 1.00096
59 218 1.00096
60 218 1.00096
61 218 1.00096
62 218 1.00096
63 218 1.00096
0 219 1.00103
1 219 1.00103
2 219 1.00103
3 219 1.00103
4 219 1.00103
5 219 1.00103
6 219 1.00103
7 219 1.00103
8 219 1.00103
9 219 1.00103
10 219 1.00103
11 219 1.00103
12 219 1.00103
13 219 1.00103
14 219 1.00103
15 219 1.00103
16 219 1.00103
17 219 1.00103
18 219 1.00103
19 219 1.00103
20 219 1.00103
21 219 1.00103
22 219 1.00103
23 219 1.00103
24 219 1.00103
25 219 1.00103
26 219 1.00103
27 219 1.00103
28 219 1.00103
29 219 1.00103
30 219 1.00103
31 219 1.00103
32 219 1.00103
33 219 1.00103
34 219 1.00103
35 219 1.00103
36 219 1.00103
37 219 1.00103
38 219 1.00103
39 219 1.00103
40 219 1.00103
41 219 1.00103
42 219 1.00103
43 219 1.00103
44 219 1.00103
45 219 1.00103
46 219 1.00103
47 219 1.00103
48 219 1.00103
49 219 1.00103
50 219 1.00103
51 219 1.00103
52 219 1.00103
53 219 1.00103
54 219 1.00103
55 219 1.00103
56 219 1.00103
57 219 1.00103
58 219 1.00103
59 219 1.00103
60 219 1.00103
61 219 1.00103
62 219 1.00103
63 219 1.00103
0 220 1.00110
1 220 1.00110
2 220 1.00110
3 220 1.00110
4 220 1.00110
5 220 1.00110
6 220 1.00110
7 220 1.00110
8 220 1.00110
9 220 1.00110
10 220 1.00110
11 220 1.00110
12 220 1.00110
13 220 1.00110
14 220 1.00110
15 220 1.00110
16 220 1.00110
17 220 1.00110
18 220 1.00110
19 220 1.00110
20 220 1.00110
21 220 1.00110
22 220 1.00110
23 220 1.00110
24 220 1.00110
25 220 1.00110
26 220 1.00110
27 220 1.00110
28 220 1.00110
29 220 1.00110
30 220 1.00110
31 220 1.00110
32 220 1.00110
33 220 1.00110
34 220 1.00110
35 220 1.00110
36 220 1.00110
37 220 1.00110
38 220 1.00110
39 220 1.00110
40 220 1.00110
41 220 1.00110
42 220 1.00110
43 220 1.00110
44 220 1.00110
45 220 1.00110
46 220 1.00110
47 220 1.00110
48 220 1.00110
49 220 1.00110
50 220 1.00110
51 220 1.00110
52 220 1.00110
53 220 1.00110
54 220 1.00110
55 220 1.00110
56 220 1.00110
57 220 1.00110
58 220 1.00110
59 220 1.00110
60 220 1.00110
61 220 1.00110
62 220 1.00110
63 220 1.00110
0 221 1.00117
1 221 1.00117
2 221 1.00117
3 221 1.00117
4 221 1.00117
5 221 1.00117
6 221 1.00117
7 221 1.00117
8 221 1.00117
9 221 1.00117
10 221 1.00117
11 221 1.00117
12 221 1.00117
13 221 1.00117
14 221 1.00117
15 221 1.00117
16 221 1.00117
17 221 1.00117
18 221 1.00117
19 221 1.00117
20 221 1.00117
21 221 1.00117
22 221 1.00117
23 221 1.00117
24 221 1.00117
25 221 1.00117
26 221 1.00117
27 221 1.00117
28 221 1.00117
29 221 1.00117
30 221 1.00117
31 221 1.00117
32 221 1.00117
33 221 1.00117
34 221 1.00117
35 221 1.00117
36 221 1.00117
37 221 1.00117
38 221 1.00117
39 221 1.00117
40 221 1.00117
41 221 1.00117
42 221 1.00117
43 221 1.00117
44 221 1.00117
45 221 1.00117
46 221 1.00117
47 221 1.00117
48 221 1.00117
49 221 1.00117
50 221 1.00117
51 221 1.00117
52 221 1.00117
53 221 1.00117
54 221 1.00117
55 221 1.00117
56 221 1.00117
57 221 1.00117
58 221 1.00117
59 221 1.00117
60 221 1.00117
61 221 1.00117
62 221 1.00117
63 221 1.00117
0 222 1.00124
1 222 1.00124
2 222 1.00124
3 222 1.00124
4 222 1.00124
5 222 1.00124
6 222 1.00124
7 222 1.00124
8 222 1.00124
9 222 1.00124
10 222 1.00124
11 222 1.00124
12 222 1.00124
13 222 1.00124
14 222 1.00125
15 222 1.00125
16 222 1.00125
17 222 1.00125
18 222 1.00125
19 222 1.00125
20 222 1.00125
21 222 1.00125
22 222 1.00125
23 222 1.00125
24 222 1.00125
25 222 1.00125
26 222 1.00125
27 222 1.00125
28 222 1.00125
29 222 1.00124
30 222 1.00124
31 222 1.00124
32 222 1.00124
33 222 1.00124
34 222 1.00124
35 222 1.00124
36 222 1.00125
37 222 1.00125
38 222 1.00125
39 222 1.00125
40 222 1.00125
41 222 1.00125
42 222 1.00125
43 222 1.00125
44 222 1.00125
45 222 1.00125
46 222 1.00125
47 222 1.00125
48 222 1.00125
49 222 1.00125
50 222 1.00125
51 222 1.00124
52 222 1.00124
53 222 1.00124
54 222 1.00124
55 222 1.00124
56 222 1.00124
57 222 1.00124
58 222 1.00124
59 222 1.00124
60 222 1.00124
61 222 1.00124
62 222 1.00124
63 222 1.00124
0 223 1.00132
1 223 1.00132
2 223 1.00132
3 223 1.00132
4 223 1.00132
5 223 1.00132
6 223 1.00132
7 223 1.00132
8 223 1.00132
9 223 1.00132
10 223 1.00132
11 223 1.00132
12 223 1.00132
13 223 1.00132
14 223 1.00132
15 223 1.00132
16 223 1.00132
17 223 1.00132
18 223 1.00132
19 223 1.00132
20 223 1.00132
21 223 1.00132
22 223 1.00132
23 223 1.00132
24 223 1.00132
25 223 1.00132
26 223 1.00132
27 223 1.00132
28 223 1.00132
29 223 1.00132
30 223 1.00132
31 223 1.00132
32 223 1.00132
33 223 1.00132
34 223 1.00132
35 223 1.00132
36 223 1.00132
37 223 1.00132
38 223 1.00132
39 223 1.00132
40 223 1.00132
41 223 1.00132
42 223 1.00132
43 223 1.00132
44 223 1.00132
45 223 1.00132
46 223 1.00132
47 223 1.00132
48 223 1.00132
49 223 1.00132
50 223 1.00132
51 223 1.00132
52 223 1.00132
53 223 1.00132
54 223 1.00132
55 223 1.00132
56 223 1.00132
57 223 1.00132
58 223 1.00132
59 223 1.00132
60 223 1.00132
61 223 1.00132
62 223 1.00132
63 223 1.00132
0 224 1.00139
1 224 1.00139
2 224 1.00139
3 224 1.00139
4 224 1.00139
5 224 1.00139
6 224 1.00139
7 224 1.00139
8 224 1.00139
9 224 1.00139
10 224 1.00140
11 224 1.00140
12 224 1.00140
13 224 1.00140
14 224 1.00140
15 224 1.00140
16 224 1.00140
17 224 1.00140
18 224 1.00140
19 224 1.00140
20 224 1.00140
21 224 1.00140
22 224 1.00140
23 224 1.00140
24 224 1.00140
25 224 1.00140
26 224 1.00140
27 224 1.00140
28 224 1.00140
29 224 1.00140
30 224 1.00140
31 224 1.00140
32 224 1.00140
33 224 1.00140
34 224 1.00140
35 224 1.00140
36 224 1.00140
37 224 1.00140
38 224 1.00140
39 224 1.00140
40 224 1.00140
41 224 1.00140
42 224 1.00140
43 224 1.00140
44 224 1.00140
45 224 1.00140
46 224 1.00140
47 224 1.00140
48 224 1.00140
49 224 1.00140
50 224 1.00140
51 224 1.00140
52 224 1.00140
53 224 1.00140
54 224 1.00140
55 224 1.00139
56 224 1.00139
57 224 1.00139
58 224 1.00139
59 224 1.00139
60 224 1.00139
61 224 1.00139
62 224 1.00139
63 224 1.00139
0 225 1.00147
1 225 1.00147
2 225 1.00147
3 225 1.00147
4 225 1.00147
5 225 1.00147
6 225 1.00147
7 225 1.00147
8 225 1.00147
9 225 1.00147
10 225 1.00147
11 225 1.00148
12 225 1.00148
13 225 1.00148
14 225 1.00148
15 225 1.00148
16 225 1.00148
17 225 1.00148
18 225 1.00148
19 225 1.00148
20 225 1.00148
21 225 1.00148
22 225 1.00148
23 225 1.00148
24 225 1.00148
25 225 1.00148
26 225 1.00148
27 225 1.00148
28 225 1.00148
29 225 1.00148
30 225 1.00148
31 225 1.00148
32 225 1.00148
33 225 1.00148
34 225 1.00148
35 225 1.00148
36 225 1.00148
37 225 1.00148
38 225 1.00148
39 225 1.00148
40 225 1.00148
41 225 1.00148
42 225 1.00148
43 225 1.00148
44 225 1.00148
45 225 1.00148
46 225 1.00148
47 225 1.00148
48 225 1.00148
49 225 1.00148
50 225 1.00148
51 225 1.00148
52 225 1.00148
53 225 1.00148
54 225 1.00147
55 225 1.00147
56 225 1.00147
57 225 1.00147
58 225 1.00147
59 225 1.00147
60 225 1.00147
61 225 1.00147
62 225 1.00147
63 225 1.00147
0 226 1.00155
1 226 1.00155
2 226 1.00155
3 226 1.00155
4 226 1.00155
5 226 1.00155
6 226 1.00155
7 226 1.00155
8 226 1.00155
9 226 1.00155
10 226 1.00155
11 226 1.00155
12 226 1.00155
13 226 1.00155
14 226 1.00156
15 226 1.00156
16 226 1.00156
17 226 1.00156
18 226 1.00156
19 226 1.00156
20 226 1.00156
21 226 1.00156
22 226 1.00156
23 226 1.00156
24 226 1.00156
25 226 1.00156
26 226 1.00156
27 226 1.00156
28 226 1.00156
29 226 1.00156
30 226 1.00156
31 226 1.00156
32 226 1.00156
33 226 1.00156
34 226 1.00156
35 226 1.00156
36 226 1.00156
37 226 1.00156
38 226 1.00156
39 226 1.00156
40 226 1.00156
41 226 1.00156
42 226 1.00156
43 226 1.00156
44 226 1.00156
45 226 1.00156
46 226 1.00156
47 226 1.00156
48 226 1.00156
49 226 1.00156
50 226 1.00156
51 226 1.00155
52 226 1.00155
53 226 1.00155
54 226 1.00155
55 226 1.00155
56 226 1.00155
57 226 1.00155
58 226 1.00155
59 226 1.00155
60 226 1.00155
61 226 1.00155
62 226 1.00155
63 226 1.00155
0 227 1.00163
1 227 1.00163
2 227 1.00163
3 227 1.00163
4 227 1.00163
5 227 1.00163
6 227 1.00163
7 227 1.00163
8 227 1.00163
9 227 1.00163
10 227 1.00163
11 227 1.00163
12 227 1.00163
13 227 1.00164
14 227 1.00164
15 227 1.00164
16 227 1.00164
17 227 1.00164
18 227 1.00164
19 227 1.00164
20 227 1.00164
21 227 1.00164
22 227 1.00164
23 227 1.00164
24 227 1.00164
25 227 1.00164
26 227 1.00164
27 227 1.00164
28 227 1.00164
29 227 1.00164
30 227 1.00164
31 227 1.00164
32 227 1.00164
33 227 1.00164
34 227 1.00164
35 227 1.00164
36 227 1.00164
37 227 1.00164
38 227 1.00164
39 227 1.00164
40 227 1.00164
41 227 1.00164
42 227 1.00164
43 227 1.00164
44 227 1.00164
45 227 1.00164
46 227 1.00164
47 227 1.00164
48 227 1.00164
49 227 1.00164
50 227 1.00164
51 227 1.00164
52 227 1.00163
53 227 1.00163
54 227 1.00163
55 227 1.00163
56 227 1.00163
57 227 1.00163
58 227 1.00163
59 227 1.00163
60 227 1.00163
61 227 1.00163
62 227 1.00163
63 227 1.00163
0 228 1.00171
1 228 1.00171
2 228 1.00171
3 228 1.00171
4 228 1.00171
5 228 1.00171
6 228 1.00171
7 228 1.00171
8 228 1.00171
9 228 1.00171
10 228 1.00171
11 228 1.00171
12 228 1.00171
13 228 1.00171
14 228 1.00171
15 228 1.00171
16 228 1.00172
17 228 1.00172
18 228 1.00172
19 228 1.00172
20 228 1.00172
21 228 1.00172
22 228 1.00172
23 228 1.00172
24 228 1.00172
25 228 1.00172
26 228 1.00172
27 228 1.00172
28 228 1.00172
29 228 1.00172
30 228 1.00172
31 228 1.00172
32 228 1.00172
33 228 1.00172
34 228 1.00172
35 228 1.00172
36 228 1.00172
37 228 1.00172
38 228 1.00172
39 228 1.00172
40 228 1.00172
41 228 1.00172
42 228 1.00172
43 228 1.00172
44 228 1.00172
45 228 1.00172
46 228 1.00172
47 228 1.00172
48 228 1.00172
49 228 1.00171
50 228 1.00171
51 228 1.00171
52 228 1.00171
53 228 1.00171
54 228 1.00171
55 228 1.00171
56 228 1.00171
57 228 1.00171
58 228 1.00171
59 228 1.00171
60 228 1.00171
61 228 1.00171
62 228 1.00171
63 228 1.00171
0 229 1.00178
1 229 1.00178
2 229 1.00178
3 229 1.00178
4 229 1.00178
5 229 1.00179
6 229 1.00179
7 229 1.00179
8 229 1.00179
9 229 1.00179
10 229 1.00179
11 229 1.00179
12 229 1.00179
13 229 1.00179
14 229 1.00179
15 229 1.00179
16 229 1.00179
17 229 1.00180
18 229 1.00180
19 229 1.00180
20 229 1.00180
21 229 1.00180
22 229 1.00180
23 229 1.00180
24 229 1.00180
25 229 1.00180
26 229 1.00180
27 229 1.00180
28 229 1.00180
29 229 1.00180
30 229 1.00180
31 229 1.00180
32 229 1.00180
33 229 1.00180
34 229 1.00180
35 229 1.00180
36 229 1.00180
37 229 1.00180
38 229 1.00180
39 229 1.00180
40 229 1.00180
41 229 1.00180
42 229 1.00180
43 229 1.00180
44 229 1.00180
45 229 1.00180
46 229 1.00180
47 229 1.00180
48 229 1.00179
49 229 1.00179
50 229 1.00179
51 229 1.00179
52 229 1.00179
53 229 1.00179
54 229 1.00179
55 229 1.00179
56 229 1.00179
57 229 1.00179
58 229 1.00179
59 229 1.00179
60 229 1.00178
61 229 1.00178
62 229 1.00178
63 229 1.00178
0 230 1.00186
1 230 1.00186
2 230 1.00186
3 230 1.00186
4 230 1.00186
5 230 1.00186
6 230 1.00186
7 230 1.00186
8 230 1.00186
9 230 1.00186
10 230 1.00186
11 230 1.00187
12 230 1.00187
13 230 1.00187
14 230 1.00187
15 230 1.00187
16 230 1.00187
17 230 1.00187
18 230 1.00187
19 230 1.00187
20 230 1.00187
21 230 1.00187
22 230 1.00187
23 230 1.00187
24 230 1.00187
25 230 1.00187
26 230 1.00187
27 230 1.00187
28 230 1.00187
29 230 1.00187
30 230 1.00187
31 230 1.00187
32 230 1.00187
33 230 1.00187
34 230 1.00187
35 230 1.00187
36 230 1.00187
37 230 1.00187
38 230 1.00187
39 230 1.00187
40 230 1.00187
41 230 1.00187
42 230 1.00187
43 230 1.00187
44 230 1.00187
45 230 1.00187
46 230 1.00187
47 230 1.00187
48 230 1.00187
49 230 1.00187
50 230 1.00187
51 230 1.00187
52 230 1.00187
53 230 1.00187
54 230 1.00186
55 230 1.00186
56 230 1.00186
57 230 1.00186
58 230 1.00186
59 230 1.00186
60 230 1.00186
61 230 1.00186
62 230 1.00186
63 230 1.00186
0 231 1.00193
1 231 1.00193
2 231 1.00193
3 231 1.00193
4 231 1.00193
5 231 1.00194
6 231 1.00194
7 231 1.00194
8 231 1.00194
9 231 1.00194
10 231 1.00194
11 231 1.00194
12 231 1.00194
13 231 1.00194
14 231 1.00195
15 231 1.00195
16 231 1.00195
17 231 1.00195
18 231 1.00195
19 231 1.00195
20 231 1.00195
21 231 1.00195
22 231 1.00195
23 231 1.00195
24 231 1.00195
25 231 1.00195
26 231 1.00195
27 231 1.00195
28 231 1.00195
29 231 1.00195
30 231 1.00195
31 231 1.00195
32 231 1.00195
33 231 1.00195
34 231 1.00195
35 231 1.00195
36 231 1.00195
37 231 1.00195
38 231 1.00195
39 231 1.00195
40 231 1.00195
41 231 1.00195
42 231 1.00195
43 231 1.00195
44 231 1.00195
45 231 1.00195
46 231 1.00195
47 231 1.00195
48 231 1.00195
49 231 1.00195
50 231 1.00195
51 231 1.00194
52 231 1.00194
53 231 1.00194
54 231 1.00194
55 231 1.00194
56 231 1.00194
57 231 1.00194
58 231 1.00194
59 231 1.00194
60 231 1.00193
61 231 1.00193
62 231 1.00193
63 231 1.00193
0 232 1.00201
1 232 1.00201
2 232 1.00201
3 232 1.00201
4 232 1.00201
5 232 1.00201
6 232 1.00201
7 232 1.00201
8 232 1.00201
9 232 1.00201
10 232 1.00201
11 232 1.00201
12 232 1.00202
13 232 1.00202
14 232 1.00202
15 232 1.00202
16 232 1.00202
17 232 1.00202
18 232 1.00202
19 232 1.00202
20 232 1.00202
21 232 1.00202
22 232 1.00202
23 232 1.00202
24 232 1.00202
25 232 1.00202
26 232 1.00202
27 232 1.00202
28 232 1.00202
29 232 1.00202
30 232 1.00202
31 232 1.00202
32 232 1.00202
33 232 1.00202
34 232 1.00202
35 232 1.00202
36 232 1.00202
37 232 1.00202
38 232 1.00202
39 232 1.00202
40 232 1.00202
41 232 1.00202
42 232 1.00202
43 232 1.00202
44 232 1.00202
45 232 1.00202
46 232 1.00202
47 232 1.00202
48 232 1.00202
49 232 1.00202
50 232 1.00202
51 232 1.00202
52 232 1.00202
53 232 1.00201
54 232 1.00201
55 232 1.00201
56 232 1.00201
57 232 1.00201
58 232 1.00201
59 232 1.00201
60 232 1.00201
61 232 1.00201
62 232 1.00201
63 232 1.00201
0 233 1.00208
1 233 1.00208
2 233 1.00208
3 233 1.00208
4 233 1.00208
5 233 1.00208
6 233 1.00208
7 233 1.00208
8 233 1.00208
9 233 1.00208
10 233 1.00209
11 233 1.00209
12 233 1.00209
13 233 1.00209
14 233 1.00209
15 233 1.00209
16 233 1.00209
17 233 1.00209
18 233 1.00210
19 233 1.00210
20 233 1.00210
21 233 1.00210
22 233 1.00210
23 233 1.00210
24 233 1.00210
25 233 1.00210
26 233 1.00210
27 233 1.00210
28 233 1.00210
29 233 1.00210
30 233 1.00210
31 233 1.00210
32 233 1.00210
33 233 1.00210
34 233 1.00210
35 233 1.00210
36 233 1.00210
37 233 1.00210
38 233 1.00210
39 233 1.00210
40 233 1.00210
41 233 1.00210
42 233 1.00210
43 233 1.00210
44 233 1.00210
45 233 1.00210
46 233 1.00210
47 233 1.00209
48 233 1.00209
49 233 1.00209
50 233 1.00209
51 233 1.00209
52 233 1.00209
53 233 1.00209
54 233 1.00209
55 233 1.00208
56 233 1.00208
57 233 1.00208
58 233 1.00208
59 233 1.00208
60 233 1.00208
61 233 1.00208
62 233 1.00208
63 233 1.00208
0 234 1.00215
1 234 1.00215
2 234 1.00215
3 234 1.00215
4 234 1.00215
5 234 1.00215
6 234 1.00215
7 234 1.00215
8 234 1.00215
9 234 1.00215
10 234 1.00215
11 234 1.00216
12 234 1.00216
13 234 1.00216
14 234 1.00216
15 234 1.00216
16 234 1.00216
17 234 1.00216
18 234 1.00216
19 234 1.00216
20 234 1.00217
21 234 1.00217
22 234 1.00217
23 234 1.00217
24 234 1.00217
25 234 1.00217
26 234 1.00217
27 234 1.00217
28 234 1.00217
29 234 1.00217
30 234 1.00217
31 234 1.00217
32 234 1.00217
33 234 1.00217
34 234 1.00217
35 234 1.00217
36 234 1.00217
37 234 1.00217
38 234 1.00217
39 234 1.00217
40 234 1.00217
41 234 1.00217
42 234 1.00217
43 234 1.00217
44 234 1.00217
45 234 1.00216
46 234 1.00216
47 234 1.00216
48 234 1.00216
49 234 1.00216
50 234 1.00216
51 234 1.00216
52 234 1.00216
53 234 1.00216
54 234 1.00215
55 234 1.00215
56 234 1.00215
57 234 1.00215
58 234 1.00215
59 234 1.00215
60 234 1.00215
61 234 1.00215
62 234 1.00215
63 234 1.00215
0 235 1.00222
1 235 1.00222
2 235 1.00222
3 235 1.00222
4 235 1.00222
5 235 1.00222
6 235 1.00222
7 235 1.00222
8 235 1.00222
9 235 1.00222
10 235 1.00222
11 235 1.00222
12 235 1.00222
13 235 1.00223
14 235 1.00223
15 235 1.00223
16 235 1.00223
17 235 1.00223
18 235 1.00223
19 235 1.00223
20 235 1.00223
21 235 1.00223
22 235 1.00223
23 235 1.00224
24 235 1.00224
25 235 1.00224
26 235 1.00224
27 235 1.00224
28 235 1.00224
29 235 1.00224
30 235 1.00224
31 235 1.00224
32 235 1.00224
33 235 1.00224
34 235 1.00224
35 235 1.00224
36 235 1.00224
37 235 1.00224
38 235 1.00224
39 235 1.00224
40 235 1.00224
41 235 1.00224
42 235 1.00223
43 235 1.00223
44 235 1.00223
45 235 1.00223
46 235 1.00223
47 235 1.00223
48 235 1.00223
49 235 1.00223
50 235 1.00223
51 235 1.00223
52 235 1.00222
53 235 1.00222
54 235 1.00222
55 235 1.00222
56 235 1.00222
57 235 1.00222
58 235 1.00222
59 235 1.00222
60 235 1.00222
61 235 1.00222
62 235 1.00222
63 235 1.00222
0 236 1.00228
1 236 1.00228
2 236 1.00228
3 236 1.00228
4 236 1.00228
5 236 1.00228
6 236 1.00228
7 236 1.00228
8 236 1.00228
9 236 1.00228
10 236 1.00228
11 236 1.00228
12 236 1.00228
13 236 1.00228
14 236 1.00229
15 236 1.00229
16 236 1.00229
17 236 1.00229
18 236 1.00229
19 236 1.00229
20 236 1.00229
21 236 1.00230
22 236 1.00230
23 236 1.00230
24 236 1.00230
25 236 1.00230
26 236 1.00230
27 236 1.00230
28 236 1.00230
29 236 1.00230
30 236 1.00230
31 236 1.00230
32 236 1.00230
33 236 1.00230
34 236 1.00230
35 236 1.00230
36 236 1.00230
37 236 1.00230
38 236 1.00230
39 236 1.00230
40 236 1.00230
41 236 1.00230
42 236 1.00230
43 236 1.00230
44 236 1.00229
45 236 1.00229
46 236 1.00229
47 236 1.00229
48 236 1.00229
49 236 1.00229
50 236 1.00229
51 236 1.00229
52 236 1.00228
53 236 1.00228
54 236 1.00228
55 236 1.00228
56 236 1.00228
57 236 1.00228
58 236 1.00228
59 236 1.00228
60 236 1.00228
61 236 1.00228
62 236 1.00228
63 236 1.00228
0 237 1.00233
1 237 1.00233
2 237 1.00233
3 237 1.00233
4 237 1.00233
5 237 1.00233
6 237 1.00233
7 237 1.00233
8 237 1.00233
9 237 1.00233
10 237 1.00234
11 237 1.00234
12 237 1.00234
13 237 1.00234
14 237 1.00234
15 237 1.00234
16 237 1.00235
17 237 1.00235
18 237 1.00235
19 237 1.00235
20 237 1.00235
21 237 1.00235
22 237 1.00235
23 237 1.00235
24 237 1.00235
25 237 1.00236
26 237 1.00236
27 237 1.00236
28 237 1.00236
29 237 1.00236
30 237 1.00236
31 237 1.00236
32 237 1.00236
33 237 1.00236
34 237 1.00236
35 237 1.00236
36 237 1.00236
37 237 1.00236
38 237 1.00236
39 237 1.00236
40 237 1.00235
41 237 1.00235
42 237 1.00235
43 237 1.00235
44 237 1.00235
45 237 1.00235
46 237 1.00235
47 237 1.00235
48 237 1.00235
49 237 1.00234
50 237 1.00234
51 237 1.00234
52 237 1.00234
53 237 1.00234
54 237 1.00234
55 237 1.00233
56 237 1.00233
57 237 1.00233
58 237 1.00233
59 237 1.00233
60 237 1.00233
61 237 1.00233
62 237 1.00233
63 237 1.00233
0 238 1.00237
1 238 1.00237
2 238 1.00237
3 238 1.00237
4 238 1.00237
5 238 1.00237
6 238 1.00237
7 238 1.00237
8 238 1.00238
9 238 1.00238
10 238 1.00238
11 238 1.00238
12 238 1.00238
13 238 1.00238
14 238 1.00239
15 238 1.00239
16 238 1.00239
17 238 1.00239
18 238 1.00239
19 238 1.00240
20 238 1.00240
21 238 1.00240
22 238 1.00240
23 238 1.00240
24 238 1.00240
25 238 1.00240
26 238 1.00240
27 238 1.00240
28 238 1.00240
29 238 1.00240
30 238 1.00240
31 238 1.00240
32 238 1.00240
33 238 1.00240
34 238 1.00240
35 238 1.00240
36 238 1.00240
37 238 1.00240
38 238 1.00240
39 238 1.00240
40 238 1.00240
41 238 1.00240
42 238 1.00240
43 238 1.00240
44 238 1.00240
45 238 1.00240
46 238 1.00239
47 238 1.00239
48 238 1.00239
49 238 1.00239
50 238 1.00239
51 238 1.00238
52 238 1.00238
53 238 1.00238
54 238 1.00238
55 238 1.00238
56 238 1.00238
57 238 1.00237
58 238 1.00237
59 238 1.00237
60 238 1.00237
61 238 1.00237
62 238 1.00237
63 238 1.00237
0 239 1.00241
1 239 1.00241
2 239 1.00241
3 239 1.00241
4 239 1.00241
5 239 1.00241
6 239 1.00241
7 239 1.00241
8 239 1.00241
9 239 1.00241
10 239 1.00242
11 239 1.00242
12 239 1.00242
13 239 1.00242
14 239 1.00243
15 239 1.00243
16 239 1.00243
17 239 1.00243
18 239 1.00243
19 239 1.00244
20 239 1.00244
21 239 1.00244
22 239 1.00244
23 239 1.00244
24 239 1.00244
25 239 1.00244
26 239 1.00244
27 239 1.00245
28 239 1.00245
29 239 1.00245
30 239 1.00245
31 239 1.00244
32 239 1.00244
33 239 1.00244
34 239 1.00244
35 239 1.00245
36 239 1.00245
37 239 1.00245
38 239 1.00244
39 239 1.00244
40 239 1.00244
41 239 1.00244
42 239 1.00244
43 239 1.00244
44 239 1.00244
45 239 1.00244
46 239 1.00243
47 239 1.00243
48 239 1.00243
49 239 1.00243
50 239 1.00243
51 239 1.00242
52 239 1.00242
53 239 1.00242
54 239 1.00242
55 239 1.00241
56 239 1.00241
57 239 1.00241
58 239 1.00241
59 239 1.00241
60 239 1.00241
61 239 1.00241
62 239 1.00241
63 239 1.00241
0 240 1.00243
1 240 1.00243
2 240 1.00243
3 240 1.00243
4 240 1.00244
5 240 1.00243
6 240 1.00243
7 240 1.00243
8 240 1.00244
9 240 1.00244
10 240 1.00244
11 240 1.00244
12 240 1.00245
13 240 1.00245
14 240 1.00245
15 240 1.00245
16 240 1.00246
17 240 1.00246
18 240 1.00246
19 240 1.00246
20 240 1.00247
21 240 1.00247
22 240 1.00247
23 240 1.00247
24 240 1.00247
25 240 1.00247
26 240 1.00247
27 240 1.00248
28 240 1.00248
29 240 1.00248
30 240 1.00247
31 240 1.00247
32 240 1.00247
33 240 1.00247
34 240 1.00247
35 240 1.00248
36 240 1.00248
37 240 1.00248
38 240 1.00247
39 240 1.00247
40 240 1.00247
41 240 1.00247
42 240 1.00247
43 240 1.00247
44 240 1.00247
45 240 1.00246
46 240 1.00246
47 240 1.00246
48 240 1.00246
49 240 1.00245
50 240 1.00245
51 240 1.00245
52 240 1.00245
53 240 1.00244
54 240 1.00244
55 240 1.00244
56 240 1.00244
57 240 1.00243
58 240 1.00243
59 240 1.00243
60 240 1.00243
61 240 1.00244
62 240 1.00243
63 240 1.00243
0 241 1.00244
1 241 1.00244
2 241 1.00244
3 241 1.00245
4 241 1.00246
5 241 1.00245
6 241 1.00245
7 241 1.00245
8 241 1.00245
9 241 1.00246
10 241 1.00246
11 241 1.00246
12 241 1.00247
13 241 1.00247
14 241 1.00247
15 241 1.00247
16 241 1.00248
17 241 1.00248
18 241 1.00248
19 241 1.00249
20 241 1.00249
21 241 1.00249
22 241 1.00249
23 241 1.00249
24 241 1.00249
25 241 1.00249
26 241 1.00249
27 241 1.00249
28 241 1.00250
29 241 1.00250
30 241 1.00249
31 241 1.00249
32 241 1.00249
33 241 1.00249
34 241 1.00249
35 241 1.00250
36 241 1.00250
37 241 1.00249
38 241 1.00249
39 241 1.00249
40 241 1.00249
41 241 1.00249
42 241 1.00249
43 241 1.00249
44 241 1.00249
45 241 1.00249
46 241 1.00248
47 241 1.00248
48 241 1.00248
49 241 1.00247
50 241 1.00247
51 241 1.00247
52 241 1.00247
53 241 1.00246
54 241 1.00246
55 241 1.00246
56 241 1.00245
57 241 1.00245
58 241 1.00245
59 241 1.00245
60 241 1.00245
61 241 1.00246
62 241 1.00245
63 241 1.00244
0 242 1.00244
1 242 1.00244
2 242 1.00244
3 242 1.00246
4 242 1.00247
5 242 1.00246
6 242 1.00246
7 242 1.00245
8 242 1.00246
9 242 1.00246
10 242 1.00246
11 242 1.00247
12 242 1.00247
13 242 1.00247
14 242 1.00248
15 242 1.00248
16 242 1.00248
17 242 1.00249
18 242 1.00249
19 242 1.00249
20 242 1.00250
21 242 1.00250
22 242 1.00250
23 242 1.00249
24 242 1.00249
25 242 1.00249
26 242 1.00249
27 242 1.00250
28 242 1.00251
29 242 1.00252
30 242 1.00251
31 242 1.00250
32 242 1.00249
33 242 1.00250
34 242 1.00250
35 242 1.00251
36 242 1.00251
37 242 1.00250
38 242 1.00249
39 242 1.00249
40 242 1.00249
41 242 1.00249
42 242 1.00250
43 242 1.00250
44 242 1.00250
45 242 1.00249
46 242 1.00249
47 242 1.00249
48 242 1.00248
49 242 1.00248
50 242 1.00248
51 242 1.00247
52 242 1.00247
53 242 1.00247
54 242 1.00246
55 242 1.00246
56 242 1.00246
57 242 1.00245
58 242 1.00245
59 242 1.00246
60 242 1.00246
61 242 1.00246
62 242 1.00245
63 242 1.00244
0 243 1.00244
1 243 1.00244
2 243 1.00245
3 243 1.00247
4 243 1.00248
5 243 1.00247
6 243 1.00247
7 243 1.00247
8 243 1.00247
9 243 1.00247
10 243 1.00247
11 243 1.00247
12 243 1.00247
13 243 1.00248
14 243 1.00248
15 243 1.00248
16 243 1.00249
17 243 1.00249
18 243 1.00249
19 243 1.00249
20 243 1.00250
21 243 1.00252
22 243 1.00251
23 243 1.00250
24 243 1.00249
25 243 1.00249
26 243 1.00249
27 243 1.00250
28 243 1.00252
29 243 1.00252
30 243 1.00251
31 243 1.00250
32 243 1.00249
33 243 1.00250
34 243 1.00251
35 243 1.00252
36 243 1.00252
37 243 1.00250
38 243 1.00249
39 243 1.00249
40 243 1.00249
41 243 1.00250
42 243 1.00250
43 243 1.00251
44 243 1.00251
45 243 1.00249
46 243 1.00249
47 243 1.00249
48 243 1.00249
49 243 1.00248
50 243 1.00248
51 243 1.00248
52 243 1.00247
53 243 1.00247
54 243 1.00247
55 243 1.00247
56 243 1.00246
57 243 1.00247
58 243 1.00247
59 243 1.00247
60 243 1.00248
61 243 1.00248
62 243 1.00246
63 243 1.00245
0 244 1.00244
1 244 1.00244
2 244 1.00244
3 244 1.00246
4 244 1.00247
5 244 1.00247
6 244 1.00247
7 244 1.00247
8 244 1.00247
9 244 1.00247
10 244 1.00247
11 244 1.00247
12 244 1.00247
13 244 1.00248
14 244 1.00248
15 244 1.00248
16 244 1.00249
17 244 1.00249
18 244 1.00249
19 244 1.00249
20 244 1.00250
21 244 1.00252
22 244 1.00252
23 244 1.00251
24 244 1.00250
25 244 1.00249
26 244 1.00249
27 244 1.00251
28 244 1.00252
29 244 1.00253
30 244 1.00252
31 244 1.00251
32 244 1.00250
33 244 1.00250
34 244 1.00252
35 244 1.00253
36 244 1.00253
37 244 1.00251
38 244 1.00249
39 244 1.00249
40 244 1.00250
41 244 1.00251
42 244 1.00252
43 244 1.00252
44 244 1.00250
45 244 1.00249
46 244 1.00249
47 244 1.00249
48 244 1.00249
49 244 1.00248
50 244 1.00248
51 244 1.00248
52 244 1.00247
53 244 1.00247
54 244 1.00247
55 244 1.00246
56 244 1.00246
57 244 1.00246
58 244 1.00246
59 244 1.00247
60 244 1.00247
61 244 1.00247
62 244 1.00245
63 244 1.00244
0 245 1.00245
1 245 1.00245
2 245 1.00245
3 245 1.00245
4 245 1.00246
5 245 1.00246
6 245 1.00246
7 245 1.00246
8 245 1.00247
9 245 1.00247
10 245 1.00247
11 245 1.00247
12 245 1.00248
13 245 1.00248
14 245 1.00248
15 245 1.00248
16 245 1.00249
17 245 1.00249
18 245 1.00249
19 245 1.00249
20 245 1.00249
21 245 1.00250
22 245 1.00251
23 245 1.00250
24 245 1.00250
25 245 1.00249
26 245 1.00249
27 245 1.00250
28 245 1.00251
29 245 1.00252
30 245 1.00251
31 245 1.00250
32 245 1.00249
33 245 1.00250
34 245 1.00251
35 245 1.00252
36 245 1.00251
37 245 1.00250
38 245 1.00249
39 245 1.00249
40 245 1.00250
41 245 1.00250
42 245 1.00251
43 245 1.00251
44 245 1.00249
45 245 1.00249
46 245 1.00249
47 245 1.00249
48 245 1.00249
49 245 1.00248
50 245 1.00248
51 245 1.00248
52 245 1.00248
53 245 1.00247
54 245 1.00247
55 245 1.00247
56 245 1.00247
57 245 1.00246
58 245 1.00246
59 245 1.00246
60 245 1.00246
61 245 1.00246
62 245 1.00245
63 245 1.00245
0 246 1.00244
1 246 1.00244
2 246 1.00245
3 246 1.00245
4 246 1.00245
5 246 1.00245
6 246 1.00245
7 246 1.00245
8 246 1.00246
9 246 1.00246
10 246 1.00246
11 246 1.00247
12 246 1.00247
13 246 1.00247
14 246 1.00248
15 246 1.00248
16 246 1.00249
17 246 1.00249
18 246 1.00249
19 246 1.00249
20 246 1.00249
21 246 1.00250
22 246 1.00250
23 246 1.00250
24 246 1.00250
25 246 1.00250
26 246 1.00250
27 246 1.00251
28 246 1.00251
29 246 1.00251
30 246 1.00251
31 246 1.00251
32 246 1.00251
33 246 1.00251
34 246 1.00251
35 246 1.00251
36 246 1.00251
37 246 1.00251
38 246 1.00250
39 246 1.00250
40 246 1.00250
41 246 1.00250
42 246 1.00250
43 246 1.00250
44 246 1.00249
45 246 1.00249
46 246 1.00249
47 246 1.00249
48 246 1.00249
49 246 1.00248
50 246 1.00248
51 246 1.00247
52 246 1.00247
53 246 1.00247
54 246 1.00246
55 246 1.00246
56 246 1.00246
57 246 1.00246
58 246 1.00245
59 246 1.00245
60 246 1.00244
61 246 1.00244
62 246 1.00245
63 246 1.00244
0 247 1.00235
1 247 1.00235
2 247 1.00235
3 247 1.00236
4 247 1.00236
5 247 1.00236
6 247 1.00236
7 247 1.00237
8 247 1.00237
9 247 1.00238
10 247 1.00238
11 247 1.00239
12 247 1.00239
13 247 1.00240
14 247 1.00240
15 247 1.00241
16 247 1.00241
17 247 1.00242
18 247 1.00242
19 247 1.00243
20 247 1.00243
21 247 1.00244
22 247 1.00244
23 247 1.00245
24 247 1.00245
25 247 1.00246
26 247 1.00246
27 247 1.00246
28 247 1.00246
29 247 1.00246
30 247 1.00246
31 247 1.00246
32 247 1.00246
33 247 1.00246
34 247 1.00246
35 247 1.00246
36 247 1.00246
37 247 1.00246
38 247 1.00246
39 247 1.00245
40 247 1.00245
41 247 1.00245
42 247 1.00244
43 247 1.00244
44 247 1.00243
45 247 1.00243
46 247 1.00242
47 247 1.00242
48 247 1.00241
49 247 1.00241
50 247 1.00240
51 247 1.00240
52 247 1.00239
53 247 1.00239
54 247 1.00238
55 247 1.00238
56 247 1.00237
57 247 1.00237
58 247 1.00236
59 247 1.00236
60 247 1.00236
61 247 1.00236
62 247 1.00235
63 247 1.00235
0 248 1.00203
1 248 1.00203
2 248 1.00203
3 248 1.00203
4 248 1.00204
5 248 1.00204
6 248 1.00204
7 248 1.00205
8 248 1.00205
9 248 1.00206
10 248 1.00206
11 248 1.00207
12 248 1.00207
13 248 1.00208
14 248 1.00209
15 248 1.00209
16 248 1.00210
17 248 1.00210
18 248 1.00211
19 248 1.00211
20 248 1.00212
21 248 1.00212
22 248 1.00213
23 248 1.00213
24 248 1.00214
25 248 1.00214
26 248 1.00214
27 248 1.00214
28 248 1.00215
29 248 1.00215
30 248 1.00215
31 248 1.00215
32 248 1.00215
33 248 1.00215
34 248 1.00215
35 248 1.00215
36 248 1.00215
37 248 1.00214
38 248 1.00214
39 248 1.00214
40 248 1.00214
41 248 1.00213
42 248 1.00213
43 248 1.00212
44 248 1.00212
45 248 1.00211
46 248 1.00211
47 248 1.00210
48 248 1.00210
49 248 1.00209
50 248 1.00209
51 248 1.00208
52 248 1.00207
53 248 1.00207
54 248 1.00206
55 248 1.00206
56 248 1.00205
57 248 1.00205
58 248 1.00204
59 248 1.00204
60 248 1.00204
61 248 1.00203
62 248 1.00203
63 248 1.00203
0 249 1.00111
1 249 1.00111
2 249 1.00111
3 249 1.00111
4 249 1.00111
5 249 1.00112
6 249 1.00112
7 249 1.00113
8 249 1.00113
9 249 1.00114
10 249 1.00114
11 249 1.00115
12 249 1.00116
13 249 1.00116
14 249 1.00117
15 249 1.00118
16 249 1.00119
17 249 1.00119
18 249 1.00120
19 249 1.00120
20 249 1.00121
21 249 1.00122
22 249 1.00122
23 249 1.00123
24 249 1.00123
25 249 1.00123
26 249 1.00124
27 249 1.00124
28 249 1.00124
29 249 1.00124
30 249 1.00124
31 249 1.00124
32 249 1.00124
33 249 1.00124
34 249 1.00124
35 249 1.00124
36 249 1.00124
37 249 1.00124
38 249 1.00124
39 249 1.00123
40 249 1.00123
41 249 1.00123
42 249 1.00122
43 249 1.00122
44 249 1.00121
45 249 1.00120
46 249 1.00120
47 249 1.00119
48 249 1.00119
49 249 1.00118
50 249 1.00117
51 249 1.00116
52 249 1.00116
53 249 1.00115
54 249 1.00114
55 249 1.00114
56 249 1.00113
57 249 1.00113
58 249 1.00112
59 249 1.00112
60 249 1.00111
61 249 1.00111
62 249 1.00111
63 249 1.00111
0 250 0.99872
1 250 0.99872
2 250 0.99872
3 250 0.99872
4 250 0.99872
5 250 0.99873
6 250 0.99873
7 250 0.99874
8 250 0.99875
9 250 0.99875
10 250 0.99876
11 250 0.99877
12 250 0.99878
13 250 0.99878
14 250 0.99879
15 250 0.99880
16 250 0.99881
17 250 0.99882
18 250 0.99882
19 250 0.99883
20 250 0.99884
21 250 0.99884
22 250 0.99885
23 250 0.99885
24 250 0.99886
25 250 0.99886
26 250 0.99886
27 250 0.99886
28 250 0.99886
29 250 0.99887
30 250 0.99887
31 250 0.99887
32 250 0.99887
33 250 0.99887
34 250 0.99887
35 250 0.99887
36 250 0.99886
37 250 0.99886
38 250 0.99886
39 250 0.99886
40 250 0.99886
41 250 0.99885
42 250 0.99885
43 250 0.99884
44 250 0.99884
45 250 0.99883
46 250 0.99882
47 250 0.99882
48 250 0.99881
49 250 0.99880
50 250 0.99879
51 250 0.99878
52 250 0.99878
53 250 0.99877
54 250 0.99876
55 250 0.99875
56 250 0.99875
57 250 0.99874
58 250 0.99873
59 250 0.99873
60 250 0.99872
61 250 0.99872
62 250 0.99872
63 250 0.99872
0 251 0.99293
1 251 0.99293
2 251 0.99293
3 251 0.99294
4 251 0.99294
5 251 0.99294
6 251 0.99295
7 251 0.99296
8 251 0.99297
9 251 0.99297
10 251 0.99298
11 251 0.99299
12 251 0.99300
13 251 0.99301
14 251 0.99302
15 251 0.99303
16 251 0.99304
17 251 0.99305
18 251 0.99306
19 251 0.99307
20 251 0.99308
21 251 0.99308
22 251 0.99309
23 251 0.99310
24 251 0.99310
25 251 0.99310
26 251 0.99310
27 251 0.99311
28 251 0.99311
29 251 0.99311
30 251 0.99311
31 251 0.99311
32 251 0.99311
33 251 0.99311
34 251 0.99311
35 251 0.99311
36 251 0.99311
37 251 0.99311
38 251 0.99310
39 251 0.99310
40 251 0.99310
41 251 0.99310
42 251 0.99309
43 251 0.99308
44 251 0.99308
45 251 0.99307
46 251 0.99306
47 251 0.99305
48 251 0.99304
49 251 0.99303
50 251 0.99302
51 251 0.99301
52 251 0.99300
53 251 0.99299
54 251 0.99298
55 251 0.99297
56 251 0.99297
57 251 0.99296
58 251 0.99295
59 251 0.99294
60 251 0.99294
61 251 0.99294
62 251 0.99293
63 251 0.99293
0 252 0.97949
1 252 0.97949
2 252 0.97949
3 252 0.97949
4 252 0.97950
5 252 0.97950
6 252 0.97951
7 252 0.97952
8 252 0.97953
9 252 0.97954
10 252 0.97955
11 252 0.97957
12 252 0.97958
13 252 0.97960
14 252 0.97961
15 252 0.97962
16 252 0.97964
17 252 0.97965
18 252 0.97966
19 252 0.97967
20 252 0.97968
21 252 0.97969
22 252 0.97969
23 252 0.97970
24 252 0.97971
25 252 0.97971
26 252 0.97971
27 252 0.97971
28 252 0.97971
29 252 0.97972
30 252 0.97972
31 252 0.97972
32 252 0.97972
33 252 0.97972
34 252 0.97972
35 252 0.97972
36 252 0.97971
37 252 0.97971
38 252 0.97971
39 252 0.97971
40 252 0.97971
41 252 0.97970
42 252 0.97969
43 252 0.97969
44 252 0.97968
45 252 0.97967
46 252 0.97966
47 252 0.97965
48 252 0.97964
49 252 0.97962
50 252 0.97961
51 252 0.97960
52 252 0.97958
53 252 0.97957
54 252 0.97955
55 252 0.97954
56 252 0.97953
57 252 0.97952
58 252 0.97951
59 252 0.97950
60 252 0.97950
61 252 0.97949
62 252 0.97949
63 252 0.97949
0 253 0.94990
1 253 0.94990
2 253 0.94990
3 253 0.94990
4 253 0.94991
5 253 0.94992
6 253 0.94993
7 253 0.94995
8 253 0.94996
9 253 0.94998
10 253 0.95000
11 253 0.95002
12 253 0.95004
13 253 0.95007
14 253 0.95009
15 253 0.95011
16 253 0.95013
17 253 0.95015
18 253 0.95017
19 253 0.95018
20 253 0.95020
21 253 0.95021
22 253 0.95022
23 253 0.95023
24 253 0.95024
25 253 0.95025
26 253 0.95025
27 253 0.95026
28 253 0.95026
29 253 0.95026
30 253 0.95026
31 253 0.95026
32 253 0.95026
33 253 0.95026
34 253 0.95026
35 253 0.95026
36 253 0.95026
37 253 0.95026
38 253 0.95025
39 253 0.95025
40 253 0.95024
41 253 0.95023
42 253 0.95022
43 253 0.95021
44 253 0.95020
45 253 0.95018
46 253 0.95017
47 253 0.95015
48 253 0.95013
49 253 0.95011
50 253 0.95009
51 253 0.95007
52 253 0.95004
53 253 0.95002
54 253 0.95000
55 253 0.94998
56 253 0.94996
57 253 0.94995
58 253 0.94993
59 253 0.94992
60 253 0.94991
61 253 0.94990
62 253 0.94990
63 253 0.94990
0 254 0.88865
1 254 0.88865
2 254 0.88866
3 254 0.88867
4 254 0.88868
5 254 0.88870
6 254 0.88871
7 254 0.88874
8 254 0.88876
9 254 0.88879
10 254 0.88882
11 254 0.88886
12 254 0.88889
13 254 0.88893
14 254 0.88896
15 254 0.88899
16 254 0.88903
17 254 0.88906
18 254 0.88909
19 254 0.88912
20 254 0.88914
21 254 0.88916
22 254 0.88918
23 254 0.88920
24 254 0.88921
25 254 0.88922
26 254 0.88923
27 254 0.88923
28 254 0.88924
29 254 0.88924
30 254 0.88924
31 254 0.88924
32 254 0.88924
33 254 0.88924
34 254 0.88924
35 254 0.88924
36 254 0.88924
37 254 0.88923
38 254 0.88923
39 254 0.88922
40 254 0.88921
41 254 0.88920
42 254 0.88918
43 254 0.88916
44 254 0.88914
45 254 0.88912
46 254 0.88909
47 254 0.88906
48 254 0.88903
49 254 0.88899
50 254 0.88896
51 254 0.88893
52 254 0.88889
53 254 0.88886
54 254 0.88882
55 254 0.88879
56 254 0.88876
57 254 0.88874
58 254 0.88871
59 254 0.88870
60 254 0.88868
61 254 0.88867
62 254 0.88866
63 254 0.88865
0 255 0.77687
1 255 0.77687
2 255 0.77688
3 255 0.77689
4 255 0.77691
5 255 0.77693
6 255 0.77696
7 255 0.77699
8 255 0.77703
9 255 0.77708
10 255 0.77712
11 255 0.77717
12 255 0.77723
13 255 0.77728
14 255 0.77733
15 255 0.77738
16 255 0.77743
17 255 0.77748
18 255 0.77752
19 255 0.77756
20 255 0.77760
21 255 0.77763
22 255 0.77766
23 255 0.77769
24 255 0.77771
25 255 0.77772
26 255 0.77774
27 255 0.77774
28 255 0.77775
29 255 0.77775
30 255 0.77775
31 255 0.77775
32 255 0.77775
33 255 0.77775
34 255 0.77775
35 255 0.77775
36 255 0.77775
37 255 0.77774
38 255 0.77774
39 255 0.77772
40 255 0.77771
41 255 0.77769
42 255 0.77766
43 255 0.77763
44 255 0.77760
45 255 0.77756
46 255 0.77752
47 255 0.77748
48 255 0.77743
49 255 0.77738
50 255 0.77733
51 255 0.77728
52 255 0.77723
53 255 0.77717
54 255 0.77712
55 255 0.77708
56 255 0.77703
57 255 0.77699
58 255 0.77696
59 255 0.77693
60 255 0.77691
61 255 0.77689
62 255 0.77688
63 255 0.77687
