# RT 3D W=64 Re=30000 At=0.5 Ca=960 Pe=1024 xi=3 nu=8.5333e-05 sigma=1.0667e-08 M=1.1719e-04 t_ref=2262.7
# phi on the mid-z plane: x y phi
0 0 -0.03327
1 0 -0.02809
2 0 -0.04342
3 0 -0.07282
4 0 -0.05010
5 0 -0.02712
6 0 -0.01164
7 0 0.03748
8 0 0.05990
9 0 0.05951
10 0 0.05662
11 0 0.05488
12 0 0.07131
13 0 0.09650
14 0 0.11091
15 0 0.10792
16 0 0.10430
17 0 0.09876
18 0 0.08751
19 0 0.09765
20 0 0.11681
21 0 0.12010
22 0 0.11458
23 0 0.09947
24 0 0.07560
25 0 0.05345
26 0 0.03927
27 0 0.03396
28 0 0.03590
29 0 0.03500
30 0 0.02904
31 0 0.01786
32 0 0.00922
33 0 0.01786
34 0 0.02904
35 0 0.03500
36 0 0.03590
37 0 0.03396
38 0 0.03927
39 0 0.05345
40 0 0.07560
41 0 0.09947
42 0 0.11458
43 0 0.12010
44 0 0.11681
45 0 0.09765
46 0 0.08751
47 0 0.09876
48 0 0.10430
49 0 0.10792
50 0 0.11091
51 0 0.09650
52 0 0.07131
53 0 0.05488
54 0 0.05662
55 0 0.05951
56 0 0.05990
57 0 0.03748
58 0 -0.01164
59 0 -0.02712
60 0 -0.05010
61 0 -0.07282
62 0 -0.04342
63 0 -0.02809
0 1 -0.00905
1 1 -0.01831
2 1 -0.02875
3 1 0.04487
4 1 0.20786
5 1 0.31837
6 1 0.40938
7 1 0.48066
8 1 0.44892
9 1 0.39529
10 1 0.38718
11 1 0.43522
12 1 0.51084
13 1 0.56639
14 1 0.59959
15 1 0.63146
16 1 0.66504
17 1 0.66614
18 1 0.64671
19 1 0.66351
20 1 0.69596
21 1 0.71511
22 1 0.73862
23 1 0.77252
24 1 0.81663
25 1 0.87194
26 1 0.93270
27 1 0.99468
28 1 1.06485
29 1 1.14243
30 1 1.21665
31 1 1.26326
32 1 1.27487
33 1 1.26326
34 1 1.21665
35 1 1.14243
36 1 1.06485
37 1 0.99468
38 1 0.93270
39 1 0.87194
40 1 0.81663
41 1 0.77252
42 1 0.73862
43 1 0.71511
44 1 0.69596
45 1 0.66351
46 1 0.64671
47 1 0.66614
48 1 0.66504
49 1 0.63146
50 1 0.59959
51 1 0.56639
52 1 0.51084
53 1 0.43522
54 1 0.38718
55 1 0.39529
56 1 0.44892
57 1 0.48066
58 1 0.40938
59 1 0.31837
60 1 0.20786
61 1 0.04487
62 1 -0.02875
63 1 -0.01831
0 2 0.06467
1 2 0.06027
2 2 0.09366
3 2 0.26597
4 2 0.47290
5 2 0.51145
6 2 0.50878
7 2 0.49628
8 2 0.40116
9 2 0.31034
10 2 0.28271
11 2 0.33549
12 2 0.41743
13 2 0.44742
14 2 0.42797
15 2 0.41775
16 2 0.43787
17 2 0.41897
18 2 0.34359
19 2 0.29989
20 2 0.30210
21 2 0.31876
22 2 0.35546
23 2 0.41434
24 2 0.49418
25 2 0.59351
26 2 0.69585
27 2 0.78443
28 2 0.88109
29 2 1.01438
30 2 1.17267
31 2 1.29182
32 2 1.33015
33 2 1.29182
34 2 1.17267
35 2 1.01438
36 2 0.88109
37 2 0.78443
38 2 0.69585
39 2 0.59351
40 2 0.49418
41 2 0.41434
42 2 0.35546
43 2 0.31876
44 2 0.30210
45 2 0.29989
46 2 0.34359
47 2 0.41897
48 2 0.43787
49 2 0.41775
50 2 0.42797
51 2 0.44742
52 2 0.41743
53 2 0.33549
54 2 0.28271
55 2 0.31034
56 2 0.40116
57 2 0.49628
58 2 0.50878
59 2 0.51145
60 2 0.47290
61 2 0.26597
62 2 0.09366
63 2 0.06027
0 3 -0.01353
1 3 -0.01564
2 3 0.03718
3 3 0.24792
4 3 0.45336
5 3 0.43623
6 3 0.41410
7 3 0.47988
8 3 0.52078
9 3 0.53005
10 3 0.52276
11 3 0.55553
12 3 0.62065
13 3 0.61572
14 3 0.50772
15 3 0.39108
16 3 0.36993
17 3 0.37585
18 3 0.30049
19 3 0.21244
20 3 0.18013
21 3 0.18120
22 3 0.20253
23 3 0.24491
24 3 0.31361
25 3 0.41425
26 3 0.52094
27 3 0.59183
28 3 0.66317
29 3 0.81026
30 3 1.03115
31 3 1.21440
32 3 1.27606
33 3 1.21440
34 3 1.03115
35 3 0.81026
36 3 0.66317
37 3 0.59183
38 3 0.52094
39 3 0.41425
40 3 0.31361
41 3 0.24491
42 3 0.20253
43 3 0.18120
44 3 0.18013
45 3 0.21244
46 3 0.30049
47 3 0.37585
48 3 0.36993
49 3 0.39108
50 3 0.50772
51 3 0.61572
52 3 0.62065
53 3 0.55553
54 3 0.52276
55 3 0.53005
56 3 0.52078
57 3 0.47988
58 3 0.41410
59 3 0.43623
60 3 0.45336
61 3 0.24792
62 3 0.03718
63 3 -0.01564
0 4 -0.01889
1 4 -0.02146
2 4 0.02879
3 4 0.24619
4 4 0.48751
5 4 0.50827
6 4 0.47385
7 4 0.52763
8 4 0.61256
9 4 0.68982
10 4 0.71052
11 4 0.71039
12 4 0.73469
13 4 0.71513
14 4 0.56771
15 4 0.36156
16 4 0.29110
17 4 0.35357
18 4 0.35674
19 4 0.29465
20 4 0.26122
21 4 0.25327
22 4 0.25238
23 4 0.26406
24 4 0.30474
25 4 0.40498
26 4 0.54743
27 4 0.64460
28 4 0.70168
29 4 0.81972
30 4 1.03205
31 4 1.22355
32 4 1.28914
33 4 1.22355
34 4 1.03205
35 4 0.81972
36 4 0.70168
37 4 0.64460
38 4 0.54743
39 4 0.40498
40 4 0.30474
41 4 0.26406
42 4 0.25238
43 4 0.25327
44 4 0.26122
45 4 0.29465
46 4 0.35674
47 4 0.35357
48 4 0.29110
49 4 0.36156
50 4 0.56771
51 4 0.71513
52 4 0.73469
53 4 0.71039
54 4 0.71052
55 4 0.68982
56 4 0.61256
57 4 0.52763
58 4 0.47385
59 4 0.50827
60 4 0.48751
61 4 0.24619
62 4 0.02879
63 4 -0.02146
0 5 -0.01212
1 5 -0.01636
2 5 0.00980
3 5 0.18266
4 5 0.43761
5 5 0.52424
6 5 0.46796
7 5 0.43393
8 5 0.48343
9 5 0.58454
10 5 0.63490
11 5 0.62358
12 5 0.63435
13 5 0.68345
14 5 0.62802
15 5 0.40050
16 5 0.21920
17 5 0.23387
18 5 0.27837
19 5 0.25774
20 5 0.24235
21 5 0.24545
22 5 0.24518
23 5 0.24220
24 5 0.25892
25 5 0.35796
26 5 0.53685
27 5 0.65718
28 5 0.69872
29 5 0.79632
30 5 1.00518
31 5 1.19772
32 5 1.26118
33 5 1.19772
34 5 1.00518
35 5 0.79632
36 5 0.69872
37 5 0.65718
38 5 0.53685
39 5 0.35796
40 5 0.25892
41 5 0.24220
42 5 0.24518
43 5 0.24545
44 5 0.24235
45 5 0.25774
46 5 0.27837
47 5 0.23387
48 5 0.21920
49 5 0.40050
50 5 0.62802
51 5 0.68345
52 5 0.63435
53 5 0.62358
54 5 0.63490
55 5 0.58454
56 5 0.48343
57 5 0.43393
58 5 0.46796
59 5 0.52424
60 5 0.43761
61 5 0.18266
62 5 0.00980
63 5 -0.01636
0 6 0.01359
1 6 0.01065
2 6 0.00789
3 6 0.09162
4 6 0.28456
5 6 0.40618
6 6 0.38097
7 6 0.33735
8 6 0.39042
9 6 0.50854
10 6 0.59604
11 6 0.61816
12 6 0.62435
13 6 0.69098
14 6 0.69972
15 6 0.49443
16 6 0.26270
17 6 0.24584
18 6 0.31726
19 6 0.32722
20 6 0.32248
21 6 0.32976
22 6 0.33073
23 6 0.31221
24 6 0.28118
25 6 0.33968
26 6 0.53417
27 6 0.68457
28 6 0.73026
29 6 0.82084
30 6 1.01828
31 6 1.19343
32 6 1.24672
33 6 1.19343
34 6 1.01828
35 6 0.82084
36 6 0.73026
37 6 0.68457
38 6 0.53417
39 6 0.33968
40 6 0.28118
41 6 0.31221
42 6 0.33073
43 6 0.32976
44 6 0.32248
45 6 0.32722
46 6 0.31726
47 6 0.24584
48 6 0.26270
49 6 0.49443
50 6 0.69972
51 6 0.69098
52 6 0.62435
53 6 0.61816
54 6 0.59604
55 6 0.50854
56 6 0.39042
57 6 0.33735
58 6 0.38097
59 6 0.40618
60 6 0.28456
61 6 0.09162
62 6 0.00789
63 6 0.01065
0 7 0.00544
1 7 0.00560
2 7 -0.01843
3 7 -0.03317
4 7 0.02883
5 7 0.10825
6 7 0.13956
7 7 0.19074
8 7 0.31920
9 7 0.44745
10 7 0.52849
11 7 0.54900
12 7 0.50435
13 7 0.51540
14 7 0.55615
15 7 0.42383
16 7 0.20479
17 7 0.15784
18 7 0.22220
19 7 0.24563
20 7 0.25378
21 7 0.27735
22 7 0.30034
23 7 0.29507
24 7 0.25459
25 7 0.31453
26 7 0.54851
27 7 0.72578
28 7 0.76692
29 7 0.85170
30 7 1.03783
31 7 1.18707
32 7 1.22457
33 7 1.18707
34 7 1.03783
35 7 0.85170
36 7 0.76692
37 7 0.72578
38 7 0.54851
39 7 0.31453
40 7 0.25459
41 7 0.29507
42 7 0.30034
43 7 0.27735
44 7 0.25378
45 7 0.24563
46 7 0.22220
47 7 0.15784
48 7 0.20479
49 7 0.42383
50 7 0.55615
51 7 0.51540
52 7 0.50435
53 7 0.54900
54 7 0.52849
55 7 0.44745
56 7 0.31920
57 7 0.19074
58 7 0.13956
59 7 0.10825
60 7 0.02883
61 7 -0.03317
62 7 -0.01843
63 7 0.00560
0 8 0.00140
1 8 0.00885
2 8 -0.00587
3 8 -0.04766
4 8 -0.05600
5 8 -0.00891
6 8 0.08032
7 8 0.23075
8 8 0.41566
9 8 0.52006
10 8 0.56448
11 8 0.58348
12 8 0.52243
13 8 0.48336
14 8 0.49129
15 8 0.37826
16 8 0.20225
17 8 0.16822
18 8 0.21977
19 8 0.23671
20 8 0.24830
21 8 0.28460
22 8 0.32980
23 8 0.34135
24 8 0.29386
25 8 0.34321
26 8 0.58799
27 8 0.77336
28 8 0.81182
29 8 0.89208
30 8 1.05618
31 8 1.16913
32 8 1.18829
33 8 1.16913
34 8 1.05618
35 8 0.89208
36 8 0.81182
37 8 0.77336
38 8 0.58799
39 8 0.34321
40 8 0.29386
41 8 0.34135
42 8 0.32980
43 8 0.28460
44 8 0.24830
45 8 0.23671
46 8 0.21977
47 8 0.16822
48 8 0.20225
49 8 0.37826
50 8 0.49129
51 8 0.48336
52 8 0.52243
53 8 0.58348
54 8 0.56448
55 8 0.52006
56 8 0.41566
57 8 0.23075
58 8 0.08032
59 8 -0.00891
60 8 -0.05600
61 8 -0.04766
62 8 -0.00587
63 8 0.00885
0 9 -0.00336
1 9 0.01037
2 9 0.01630
3 9 -0.00058
4 9 -0.01327
5 9 0.01440
6 9 0.11549
7 9 0.29713
8 9 0.48155
9 9 0.53930
10 9 0.54036
11 9 0.54477
12 9 0.46047
13 9 0.36178
14 9 0.30864
15 9 0.20656
16 9 0.09827
17 9 0.10404
18 9 0.17558
19 9 0.22134
20 9 0.24507
21 9 0.27378
22 9 0.31410
23 9 0.32259
24 9 0.27262
25 9 0.34980
26 9 0.63945
27 9 0.83772
28 9 0.86884
29 9 0.94109
30 9 1.08033
31 9 1.15583
32 9 1.15678
33 9 1.15583
34 9 1.08033
35 9 0.94109
36 9 0.86884
37 9 0.83772
38 9 0.63945
39 9 0.34980
40 9 0.27262
41 9 0.32259
42 9 0.31410
43 9 0.27378
44 9 0.24507
45 9 0.22134
46 9 0.17558
47 9 0.10404
48 9 0.09827
49 9 0.20656
50 9 0.30864
51 9 0.36178
52 9 0.46047
53 9 0.54477
54 9 0.54036
55 9 0.53930
56 9 0.48155
57 9 0.29713
58 9 0.11549
59 9 0.01440
60 9 -0.01327
61 9 -0.00058
62 9 0.01630
63 9 0.01037
0 10 -0.00982
1 10 0.00439
2 10 0.01228
3 10 0.00925
4 10 0.00741
5 10 0.04033
6 10 0.16730
7 10 0.37001
8 10 0.52933
9 10 0.53687
10 10 0.50092
11 10 0.47631
12 10 0.36965
13 10 0.25781
14 10 0.20722
15 10 0.16428
16 10 0.14040
17 10 0.17464
18 10 0.23447
19 10 0.27269
20 10 0.28837
21 10 0.30269
22 10 0.33576
23 10 0.34753
24 10 0.31102
25 10 0.41879
26 10 0.72534
27 10 0.90928
28 10 0.92394
29 10 0.97783
30 10 1.08409
31 10 1.12595
32 10 1.11318
33 10 1.12595
34 10 1.08409
35 10 0.97783
36 10 0.92394
37 10 0.90928
38 10 0.72534
39 10 0.41879
40 10 0.31102
41 10 0.34753
42 10 0.33576
43 10 0.30269
44 10 0.28837
45 10 0.27269
46 10 0.23447
47 10 0.17464
48 10 0.14040
49 10 0.16428
50 10 0.20722
51 10 0.25781
52 10 0.36965
53 10 0.47631
54 10 0.50092
55 10 0.53687
56 10 0.52933
57 10 0.37001
58 10 0.16730
59 10 0.04033
60 10 0.00741
61 10 0.00925
62 10 0.01228
63 10 0.00439
0 11 -0.00358
1 11 0.00805
2 11 -0.00417
3 11 -0.02315
4 11 -0.00996
5 11 0.06906
6 11 0.24762
7 11 0.44012
8 11 0.52256
9 11 0.46636
10 11 0.40466
11 11 0.36042
12 11 0.26400
13 11 0.19676
14 11 0.18931
15 11 0.19585
16 11 0.21133
17 11 0.24031
18 11 0.27280
19 11 0.29346
20 11 0.30058
21 11 0.30867
22 11 0.33561
23 11 0.33764
24 11 0.30989
25 11 0.46253
26 11 0.79736
27 11 0.97024
28 11 0.96901
29 11 1.00513
30 11 1.08659
31 11 1.10646
32 11 1.08471
33 11 1.10646
34 11 1.08659
35 11 1.00513
36 11 0.96901
37 11 0.97024
38 11 0.79736
39 11 0.46253
40 11 0.30989
41 11 0.33764
42 11 0.33561
43 11 0.30867
44 11 0.30058
45 11 0.29346
46 11 0.27280
47 11 0.24031
48 11 0.21133
49 11 0.19585
50 11 0.18931
51 11 0.19676
52 11 0.26400
53 11 0.36042
54 11 0.40466
55 11 0.46636
56 11 0.52256
57 11 0.44012
58 11 0.24762
59 11 0.06906
60 11 -0.00996
61 11 -0.02315
62 11 -0.00417
63 11 0.00805
0 12 0.00664
1 12 0.02173
2 12 -0.00837
3 12 -0.03969
4 12 0.02000
5 12 0.17373
6 12 0.36935
7 12 0.47613
8 12 0.45319
9 12 0.36884
10 12 0.32660
11 12 0.30046
12 12 0.25270
13 12 0.24810
14 12 0.27056
15 12 0.28354
16 12 0.28993
17 12 0.29130
18 12 0.29212
19 12 0.29263
20 12 0.29488
21 12 0.31299
22 12 0.35037
23 12 0.34855
24 12 0.33298
25 12 0.52466
26 12 0.86927
27 12 1.02227
28 12 1.00544
29 12 1.02239
30 12 1.08177
31 12 1.08671
32 12 1.05932
33 12 1.08671
34 12 1.08177
35 12 1.02239
36 12 1.00544
37 12 1.02227
38 12 0.86927
39 12 0.52466
40 12 0.33298
41 12 0.34855
42 12 0.35037
43 12 0.31299
44 12 0.29488
45 12 0.29263
46 12 0.29212
47 12 0.29130
48 12 0.28993
49 12 0.28354
50 12 0.27056
51 12 0.24810
52 12 0.25270
53 12 0.30046
54 12 0.32660
55 12 0.36884
56 12 0.45319
57 12 0.47613
58 12 0.36935
59 12 0.17373
60 12 0.02000
61 12 -0.03969
62 12 -0.00837
63 12 0.02173
0 13 -0.02390
1 13 0.01197
2 13 -0.00611
3 13 -0.02067
4 13 0.10694
5 13 0.30319
6 13 0.42903
7 13 0.40369
8 13 0.31864
9 13 0.26668
10 13 0.26674
11 13 0.26416
12 13 0.25366
13 13 0.27685
14 13 0.29792
15 13 0.29852
16 13 0.29311
17 13 0.28320
18 13 0.27446
19 13 0.27025
20 13 0.27601
21 13 0.30669
22 13 0.34172
23 13 0.31862
24 13 0.32377
25 13 0.57539
26 13 0.93463
27 13 1.06388
28 13 1.03116
29 13 1.03527
30 13 1.08178
31 13 1.07473
32 13 1.04070
33 13 1.07473
34 13 1.08178
35 13 1.03527
36 13 1.03116
37 13 1.06388
38 13 0.93463
39 13 0.57539
40 13 0.32377
41 13 0.31862
42 13 0.34172
43 13 0.30669
44 13 0.27601
45 13 0.27025
46 13 0.27446
47 13 0.28320
48 13 0.29311
49 13 0.29852
50 13 0.29792
51 13 0.27685
52 13 0.25366
53 13 0.26416
54 13 0.26674
55 13 0.26668
56 13 0.31864
57 13 0.40369
58 13 0.42903
59 13 0.30319
60 13 0.10694
61 13 -0.02067
62 13 -0.00611
63 13 0.01197
0 14 -0.08991
1 14 -0.00616
2 14 0.03403
3 14 0.05874
4 14 0.22959
5 14 0.39171
6 14 0.39478
7 14 0.28600
8 14 0.22751
9 14 0.23627
10 14 0.26058
11 14 0.26463
12 14 0.26858
13 14 0.29629
14 14 0.31109
15 14 0.30579
16 14 0.30040
17 14 0.29374
18 14 0.28711
19 14 0.28987
20 14 0.31649
21 14 0.36767
22 14 0.37888
23 14 0.30945
24 14 0.32806
25 14 0.62541
26 14 0.98034
27 14 1.08284
28 14 1.04100
29 14 1.03862
30 14 1.07630
31 14 1.05610
32 14 1.01333
33 14 1.05610
34 14 1.07630
35 14 1.03862
36 14 1.04100
37 14 1.08284
38 14 0.98034
39 14 0.62541
40 14 0.32806
41 14 0.30945
42 14 0.37888
43 14 0.36767
44 14 0.31649
45 14 0.28987
46 14 0.28711
47 14 0.29374
48 14 0.30040
49 14 0.30579
50 14 0.31109
51 14 0.29629
52 14 0.26858
53 14 0.26463
54 14 0.26058
55 14 0.23627
56 14 0.22751
57 14 0.28600
58 14 0.39478
59 14 0.39171
60 14 0.22959
61 14 0.05874
62 14 0.03403
63 14 -0.00616
0 15 -0.13027
1 15 0.02530
2 15 0.15609
3 15 0.20461
4 15 0.34448
5 15 0.39873
6 15 0.30045
7 15 0.20039
8 15 0.20596
9 15 0.23797
10 15 0.25039
11 15 0.24899
12 15 0.25651
13 15 0.28240
14 15 0.29455
15 15 0.29050
16 15 0.29035
17 15 0.28517
18 15 0.27259
19 15 0.27712
20 15 0.32228
21 15 0.37394
22 15 0.33079
23 15 0.22253
24 15 0.29029
25 15 0.65012
26 15 1.00713
27 15 1.09330
28 15 1.05099
29 15 1.04846
30 15 1.07947
31 15 1.04111
32 15 0.98547
33 15 1.04111
34 15 1.07947
35 15 1.04846
36 15 1.05099
37 15 1.09330
38 15 1.00713
39 15 0.65012
40 15 0.29029
41 15 0.22253
42 15 0.33079
43 15 0.37394
44 15 0.32228
45 15 0.27712
46 15 0.27259
47 15 0.28517
48 15 0.29035
49 15 0.29050
50 15 0.29455
51 15 0.28240
52 15 0.25651
53 15 0.24899
54 15 0.25039
55 15 0.23797
56 15 0.20596
57 15 0.20039
58 15 0.30045
59 15 0.39873
60 15 0.34448
61 15 0.20461
62 15 0.15609
63 15 0.02530
0 16 -0.13333
1 16 0.10090
2 16 0.32561
3 16 0.36257
4 16 0.40281
5 16 0.33227
6 16 0.20693
7 16 0.17538
8 16 0.22120
9 16 0.23902
10 16 0.23733
11 16 0.23754
12 16 0.24794
13 16 0.27273
14 16 0.28959
15 16 0.29610
16 16 0.30588
17 16 0.30346
18 16 0.29159
19 16 0.30970
20 16 0.36758
21 16 0.38398
22 16 0.26501
23 16 0.13527
24 16 0.25425
25 16 0.65261
26 16 1.01100
27 16 1.09909
28 16 1.06470
29 16 1.06143
30 16 1.08124
31 16 1.01946
32 16 0.94882
33 16 1.01946
34 16 1.08124
35 16 1.06143
36 16 1.06470
37 16 1.09909
38 16 1.01100
39 16 0.65261
40 16 0.25425
41 16 0.13527
42 16 0.26501
43 16 0.38398
44 16 0.36758
45 16 0.30970
46 16 0.29159
47 16 0.30346
48 16 0.30588
49 16 0.29610
50 16 0.28959
51 16 0.27273
52 16 0.24794
53 16 0.23754
54 16 0.23733
55 16 0.23902
56 16 0.22120
57 16 0.17538
58 16 0.20693
59 16 0.33227
60 16 0.40281
61 16 0.36257
62 16 0.32561
63 16 0.10090
0 17 -0.08050
1 17 0.21006
2 17 0.48798
3 17 0.47580
4 17 0.39191
5 17 0.23299
6 17 0.14279
7 17 0.17291
8 17 0.21804
9 17 0.21789
10 17 0.21631
11 17 0.21973
12 17 0.22740
13 17 0.25019
14 17 0.27645
15 17 0.29526
16 17 0.30612
17 17 0.29471
18 17 0.28220
19 17 0.31322
20 17 0.35958
21 17 0.31846
22 17 0.15431
23 17 0.05051
24 17 0.21036
25 17 0.61684
26 17 0.98820
27 17 1.10351
28 17 1.08505
29 17 1.07837
30 17 1.08149
31 17 0.99444
32 17 0.90969
33 17 0.99444
34 17 1.08149
35 17 1.07837
36 17 1.08505
37 17 1.10351
38 17 0.98820
39 17 0.61684
40 17 0.21036
41 17 0.05051
42 17 0.15431
43 17 0.31846
44 17 0.35958
45 17 0.31322
46 17 0.28220
47 17 0.29471
48 17 0.30612
49 17 0.29526
50 17 0.27645
51 17 0.25019
52 17 0.22740
53 17 0.21973
54 17 0.21631
55 17 0.21789
56 17 0.21804
57 17 0.17291
58 17 0.14279
59 17 0.23299
60 17 0.39191
61 17 0.47580
62 17 0.48798
63 17 0.21006
0 18 0.13142
1 18 0.41643
2 18 0.64524
3 18 0.53796
4 18 0.34303
5 18 0.15169
6 18 0.11620
7 18 0.17008
8 18 0.19886
9 18 0.19551
10 18 0.19977
11 18 0.20227
12 18 0.20772
13 18 0.23593
14 18 0.27838
15 18 0.30839
16 18 0.31455
17 18 0.29702
18 18 0.29368
19 18 0.32760
20 18 0.33259
21 18 0.23655
22 18 0.07370
23 18 0.01005
24 18 0.15458
25 18 0.52114
26 18 0.91563
27 18 1.08159
28 18 1.08920
29 18 1.08027
30 18 1.06857
31 18 0.96617
32 18 0.87483
33 18 0.96617
34 18 1.06857
35 18 1.08027
36 18 1.08920
37 18 1.08159
38 18 0.91563
39 18 0.52114
40 18 0.15458
41 18 0.01005
42 18 0.07370
43 18 0.23655
44 18 0.33259
45 18 0.32760
46 18 0.29368
47 18 0.29702
48 18 0.31455
49 18 0.30839
50 18 0.27838
51 18 0.23593
52 18 0.20772
53 18 0.20227
54 18 0.19977
55 18 0.19551
56 18 0.19886
57 18 0.17008
58 18 0.11620
59 18 0.15169
60 18 0.34303
61 18 0.53796
62 18 0.64524
63 18 0.41643
0 19 0.37598
1 19 0.57991
2 19 0.65930
3 19 0.46248
4 19 0.23738
5 19 0.08635
6 19 0.10203
7 19 0.15197
8 19 0.16961
9 19 0.16962
10 19 0.17365
11 19 0.17180
12 19 0.18022
13 19 0.21974
14 19 0.27412
15 19 0.30158
16 19 0.29632
17 19 0.28203
18 19 0.28932
19 19 0.30001
20 19 0.24736
21 19 0.13054
22 19 0.01644
23 19 -0.01814
24 19 0.05251
25 19 0.35317
26 19 0.78766
27 19 1.02108
28 19 1.06255
29 19 1.05806
30 19 1.04288
31 19 0.94331
32 19 0.85612
33 19 0.94331
34 19 1.04288
35 19 1.05806
36 19 1.06255
37 19 1.02108
38 19 0.78766
39 19 0.35317
40 19 0.05251
41 19 -0.01814
42 19 0.01644
43 19 0.13054
44 19 0.24736
45 19 0.30001
46 19 0.28932
47 19 0.28203
48 19 0.29632
49 19 0.30158
50 19 0.27412
51 19 0.21974
52 19 0.18022
53 19 0.17180
54 19 0.17365
55 19 0.16962
56 19 0.16961
57 19 0.15197
58 19 0.10203
59 19 0.08635
60 19 0.23738
61 19 0.46248
62 19 0.65930
63 19 0.57991
0 20 0.47524
1 20 0.56527
2 20 0.48971
3 20 0.28941
4 20 0.13741
5 20 0.06273
6 20 0.10172
7 20 0.13140
8 20 0.14134
9 20 0.14110
10 20 0.14256
11 20 0.14401
12 20 0.16654
13 20 0.22122
14 20 0.28102
15 20 0.30174
16 20 0.29609
17 20 0.29393
18 20 0.29127
19 20 0.24988
20 20 0.14989
21 20 0.05276
22 20 -0.00135
23 20 -0.04372
24 20 -0.07707
25 20 0.17404
26 20 0.66575
27 20 0.95608
28 20 1.01689
29 20 1.01463
30 20 1.00538
31 20 0.92551
32 20 0.85213
33 20 0.92551
34 20 1.00538
35 20 1.01463
36 20 1.01689
37 20 0.95608
38 20 0.66575
39 20 0.17404
40 20 -0.07707
41 20 -0.04372
42 20 -0.00135
43 20 0.05276
44 20 0.14989
45 20 0.24988
46 20 0.29127
47 20 0.29393
48 20 0.29609
49 20 0.30174
50 20 0.28102
51 20 0.22122
52 20 0.16654
53 20 0.14401
54 20 0.14256
55 20 0.14110
56 20 0.14134
57 20 0.13140
58 20 0.10172
59 20 0.06273
60 20 0.13741
61 20 0.28941
62 20 0.48971
63 20 0.56527
0 21 0.51729
1 21 0.51366
2 21 0.34824
3 21 0.20360
4 21 0.12196
5 21 0.07948
6 21 0.10722
7 21 0.11236
8 21 0.11242
9 21 0.10500
10 21 0.10561
11 21 0.11908
12 21 0.16147
13 21 0.22927
14 21 0.29050
15 21 0.30800
16 21 0.30446
17 21 0.29268
18 21 0.24647
19 21 0.15753
20 21 0.05844
21 21 0.01157
22 21 -0.00545
23 21 -0.08146
24 21 -0.17367
25 21 0.10620
26 21 0.66824
27 21 0.96689
28 21 1.00145
29 21 0.98262
30 21 0.97805
31 21 0.92379
32 21 0.86820
33 21 0.92379
34 21 0.97805
35 21 0.98262
36 21 1.00145
37 21 0.96689
38 21 0.66824
39 21 0.10620
40 21 -0.17367
41 21 -0.08146
42 21 -0.00545
43 21 0.01157
44 21 0.05844
45 21 0.15753
46 21 0.24647
47 21 0.29268
48 21 0.30446
49 21 0.30800
50 21 0.29050
51 21 0.22927
52 21 0.16147
53 21 0.11908
54 21 0.10561
55 21 0.10500
56 21 0.11242
57 21 0.11236
58 21 0.10722
59 21 0.07948
60 21 0.12196
61 21 0.20360
62 21 0.34824
63 21 0.51366
0 22 0.55392
1 22 0.49082
2 22 0.29396
3 22 0.19862
4 22 0.12728
5 22 0.07774
6 22 0.09628
7 22 0.09265
8 22 0.08685
9 22 0.07255
10 22 0.07885
11 22 0.11289
12 22 0.17936
13 22 0.25779
14 22 0.31125
15 22 0.30659
16 22 0.27211
17 22 0.21873
18 22 0.13650
19 22 0.05365
20 22 0.00246
21 22 -0.00029
22 22 -0.01316
23 22 -0.10054
24 22 -0.15011
25 22 0.23064
26 22 0.82860
27 22 1.05983
28 22 1.02009
29 22 0.96978
30 22 0.96792
31 22 0.93897
32 22 0.90094
33 22 0.93897
34 22 0.96792
35 22 0.96978
36 22 1.02009
37 22 1.05983
38 22 0.82860
39 22 0.23064
40 22 -0.15011
41 22 -0.10054
42 22 -0.01316
43 22 -0.00029
44 22 0.00246
45 22 0.05365
46 22 0.13650
47 22 0.21873
48 22 0.27211
49 22 0.30659
50 22 0.31125
51 22 0.25779
52 22 0.17936
53 22 0.11289
54 22 0.07885
55 22 0.07255
56 22 0.08685
57 22 0.09265
58 22 0.09628
59 22 0.07774
60 22 0.12728
61 22 0.19862
62 22 0.29396
63 22 0.49082
0 23 0.55872
1 23 0.46637
2 23 0.27469
3 23 0.21467
4 23 0.12770
5 23 0.06155
6 23 0.07770
7 23 0.07880
8 23 0.07750
9 23 0.06529
10 23 0.08362
11 23 0.13785
12 23 0.21511
13 23 0.27582
14 23 0.28572
15 23 0.22530
16 23 0.14427
17 23 0.07410
18 23 0.01594
19 23 -0.01113
20 23 -0.01239
21 23 -0.00266
22 23 -0.02295
23 23 -0.07344
24 23 -0.02054
25 23 0.43929
26 23 0.99854
27 23 1.12606
28 23 1.01876
29 23 0.95376
30 23 0.96322
31 23 0.95828
32 23 0.93511
33 23 0.95828
34 23 0.96322
35 23 0.95376
36 23 1.01876
37 23 1.12606
38 23 0.99854
39 23 0.43929
40 23 -0.02054
41 23 -0.07344
42 23 -0.02295
43 23 -0.00266
44 23 -0.01239
45 23 -0.01113
46 23 0.01594
47 23 0.07410
48 23 0.14427
49 23 0.22530
50 23 0.28572
51 23 0.27582
52 23 0.21511
53 23 0.13785
54 23 0.08362
55 23 0.06529
56 23 0.07750
57 23 0.07880
58 23 0.07770
59 23 0.06155
60 23 0.12770
61 23 0.21467
62 23 0.27469
63 23 0.46637
0 24 0.53749
1 24 0.44197
2 24 0.28342
3 24 0.26278
4 24 0.16501
5 24 0.06101
6 24 0.04629
7 24 0.04206
8 24 0.05244
9 24 0.05736
10 24 0.09720
11 24 0.16432
12 24 0.22373
13 24 0.24270
14 24 0.22128
15 24 0.14014
16 24 0.04692
17 24 -0.00791
18 24 -0.02634
19 24 -0.01346
20 24 0.00154
21 24 0.00210
22 24 -0.01884
23 24 -0.02068
24 24 0.08619
25 24 0.52415
26 24 1.00914
27 24 1.08820
28 24 0.97967
29 24 0.93399
30 24 0.96222
31 24 0.97480
32 24 0.96124
33 24 0.97480
34 24 0.96222
35 24 0.93399
36 24 0.97967
37 24 1.08820
38 24 1.00914
39 24 0.52415
40 24 0.08619
41 24 -0.02068
42 24 -0.01884
43 24 0.00210
44 24 0.00154
45 24 -0.01346
46 24 -0.02634
47 24 -0.00791
48 24 0.04692
49 24 0.14014
50 24 0.22128
51 24 0.24270
52 24 0.22373
53 24 0.16432
54 24 0.09720
55 24 0.05736
56 24 0.05244
57 24 0.04206
58 24 0.04629
59 24 0.06101
60 24 0.16501
61 24 0.26278
62 24 0.28342
63 24 0.44197
0 25 0.53595
1 25 0.45709
2 25 0.35380
3 25 0.38827
4 25 0.30503
5 25 0.15278
6 25 0.07187
7 25 0.02859
8 25 0.02987
9 25 0.04544
10 25 0.10353
11 25 0.17026
12 25 0.20215
13 25 0.22284
14 25 0.25699
15 25 0.19546
16 25 0.06562
17 25 -0.01231
18 25 -0.02832
19 25 -0.00797
20 25 0.00672
21 25 -0.00068
22 25 -0.02023
23 25 -0.00728
24 25 0.06101
25 25 0.40583
26 25 0.86427
27 25 1.00010
28 25 0.95325
29 25 0.93864
30 25 0.97565
31 25 0.99135
32 25 0.98038
33 25 0.99135
34 25 0.97565
35 25 0.93864
36 25 0.95325
37 25 1.00010
38 25 0.86427
39 25 0.40583
40 25 0.06101
41 25 -0.00728
42 25 -0.02023
43 25 -0.00068
44 25 0.00672
45 25 -0.00797
46 25 -0.02832
47 25 -0.01231
48 25 0.06562
49 25 0.19546
50 25 0.25699
51 25 0.22284
52 25 0.20215
53 25 0.17026
54 25 0.10353
55 25 0.04544
56 25 0.02987
57 25 0.02859
58 25 0.07187
59 25 0.15278
60 25 0.30503
61 25 0.38827
62 25 0.35380
63 25 0.45709
0 26 0.56878
1 26 0.50913
2 26 0.45615
3 26 0.53979
4 26 0.49451
5 26 0.33925
6 26 0.22551
7 26 0.14959
8 26 0.12800
9 26 0.12948
10 26 0.16845
11 26 0.19560
12 26 0.20232
13 26 0.27908
14 26 0.39608
15 26 0.30718
16 26 0.09010
17 26 -0.02490
18 26 -0.04132
19 26 -0.01315
20 26 0.00732
21 26 -0.00011
22 26 -0.01765
23 26 -0.01406
24 26 -0.03322
25 26 0.20329
26 26 0.68777
27 26 0.93813
28 26 0.96446
29 26 0.96448
30 26 0.99340
31 26 1.00120
32 26 0.98852
33 26 1.00120
34 26 0.99340
35 26 0.96448
36 26 0.96446
37 26 0.93813
38 26 0.68777
39 26 0.20329
40 26 -0.03322
41 26 -0.01406
42 26 -0.01765
43 26 -0.00011
44 26 0.00732
45 26 -0.01315
46 26 -0.04132
47 26 -0.02490
48 26 0.09010
49 26 0.30718
50 26 0.39608
51 26 0.27908
52 26 0.20232
53 26 0.19560
54 26 0.16845
55 26 0.12948
56 26 0.12800
57 26 0.14959
58 26 0.22551
59 26 0.33925
60 26 0.49451
61 26 0.53979
62 26 0.45615
63 26 0.50913
0 27 0.56344
1 27 0.51807
2 27 0.49869
3 27 0.60416
4 27 0.58934
5 27 0.47827
6 27 0.39781
7 27 0.34336
8 27 0.32764
9 27 0.30852
10 27 0.28352
11 27 0.22687
12 27 0.20674
13 27 0.33384
14 27 0.47274
15 27 0.32096
16 27 0.05645
17 27 -0.04767
18 27 -0.04864
19 27 -0.01080
20 27 0.01567
21 27 0.00930
22 27 -0.00216
23 27 -0.00552
24 27 -0.11071
25 27 0.02999
26 27 0.55221
27 27 0.90603
28 27 0.97878
29 27 0.97537
30 27 0.99303
31 27 0.99475
32 27 0.98103
33 27 0.99475
34 27 0.99303
35 27 0.97537
36 27 0.97878
37 27 0.90603
38 27 0.55221
39 27 0.02999
40 27 -0.11071
41 27 -0.00552
42 27 -0.00216
43 27 0.00930
44 27 0.01567
45 27 -0.01080
46 27 -0.04864
47 27 -0.04767
48 27 0.05645
49 27 0.32096
50 27 0.47274
51 27 0.33384
52 27 0.20674
53 27 0.22687
54 27 0.28352
55 27 0.30852
56 27 0.32764
57 27 0.34336
58 27 0.39781
59 27 0.47827
60 27 0.58934
61 27 0.60416
62 27 0.49869
63 27 0.51807
0 28 0.53220
1 28 0.50578
2 28 0.52187
3 28 0.63620
4 28 0.63388
5 28 0.55338
6 28 0.49687
7 28 0.47003
8 28 0.48259
9 28 0.47574
10 28 0.42691
11 28 0.33648
12 28 0.30966
13 28 0.41569
14 28 0.46837
15 28 0.25006
16 28 0.01210
17 28 -0.04893
18 28 -0.04185
19 28 -0.00412
20 28 0.02391
21 28 0.01546
22 28 0.00987
23 28 0.00907
24 28 -0.14735
25 28 -0.05416
26 28 0.50986
27 28 0.91942
28 28 0.99407
29 28 0.97459
30 28 0.98624
31 28 0.98816
32 28 0.97531
33 28 0.98816
34 28 0.98624
35 28 0.97459
36 28 0.99407
37 28 0.91942
38 28 0.50986
39 28 -0.05416
40 28 -0.14735
41 28 0.00907
42 28 0.00987
43 28 0.01546
44 28 0.02391
45 28 -0.00412
46 28 -0.04185
47 28 -0.04893
48 28 0.01210
49 28 0.25006
50 28 0.46837
51 28 0.41569
52 28 0.30966
53 28 0.33648
54 28 0.42691
55 28 0.47574
56 28 0.48259
57 28 0.47003
58 28 0.49687
59 28 0.55338
60 28 0.63388
61 28 0.63620
62 28 0.52187
63 28 0.50578
0 29 0.50611
1 29 0.48943
2 29 0.51119
3 29 0.60289
4 29 0.59652
5 29 0.52202
6 29 0.45642
7 29 0.43445
8 29 0.46934
9 29 0.49820
10 29 0.49551
11 29 0.45745
12 29 0.44375
13 29 0.46019
14 29 0.37827
15 29 0.14233
16 29 -0.01487
17 29 -0.03805
18 29 -0.03871
19 29 -0.00485
20 29 0.02545
21 29 0.01145
22 29 0.00617
23 29 0.01726
24 29 -0.13527
25 29 -0.01510
26 29 0.59342
27 29 0.99541
28 29 1.02561
29 29 0.98099
30 29 0.98965
31 29 0.99373
32 29 0.98198
33 29 0.99373
34 29 0.98965
35 29 0.98099
36 29 1.02561
37 29 0.99541
38 29 0.59342
39 29 -0.01510
40 29 -0.13527
41 29 0.01726
42 29 0.00617
43 29 0.01145
44 29 0.02545
45 29 -0.00485
46 29 -0.03871
47 29 -0.03805
48 29 -0.01487
49 29 0.14233
50 29 0.37827
51 29 0.46019
52 29 0.44375
53 29 0.45745
54 29 0.49551
55 29 0.49820
56 29 0.46934
57 29 0.43445
58 29 0.45642
59 29 0.52202
60 29 0.59652
61 29 0.60289
62 29 0.51119
63 29 0.48943
0 30 0.45302
1 30 0.43367
2 30 0.43073
3 30 0.47011
4 30 0.44908
5 30 0.39708
6 30 0.35999
7 30 0.37181
8 30 0.42098
9 30 0.45338
10 30 0.47050
11 30 0.46696
12 30 0.45026
13 30 0.39283
14 30 0.25115
15 30 0.06884
16 30 -0.00925
17 30 -0.02341
18 30 -0.03962
19 30 -0.00606
20 30 0.02912
21 30 0.00884
22 30 0.00189
23 30 0.02977
24 30 -0.08877
25 30 0.08463
26 30 0.71147
27 30 1.06470
28 30 1.04068
29 30 0.97905
30 30 0.98973
31 30 0.99607
32 30 0.98484
33 30 0.99607
34 30 0.98973
35 30 0.97905
36 30 1.04068
37 30 1.06470
38 30 0.71147
39 30 0.08463
40 30 -0.08877
41 30 0.02977
42 30 0.00189
43 30 0.00884
44 30 0.02912
45 30 -0.00606
46 30 -0.03962
47 30 -0.02341
48 30 -0.00925
49 30 0.06884
50 30 0.25115
51 30 0.39283
52 30 0.45026
53 30 0.46696
54 30 0.47050
55 30 0.45338
56 30 0.42098
57 30 0.37181
58 30 0.35999
59 30 0.39708
60 30 0.44908
61 30 0.47011
62 30 0.43073
63 30 0.43367
0 31 0.36578
1 31 0.36340
2 31 0.37133
3 31 0.38051
4 31 0.35802
5 31 0.34902
6 31 0.36361
7 31 0.41325
8 31 0.45953
9 31 0.46972
10 31 0.46956
11 31 0.45588
12 31 0.41548
13 31 0.31899
14 31 0.17666
15 31 0.05166
16 31 0.00932
17 31 -0.01717
18 31 -0.04485
19 31 -0.00790
20 31 0.03199
21 31 0.00702
22 31 0.00076
23 31 0.03583
24 31 -0.07033
25 31 0.12152
26 31 0.74351
27 31 1.06656
28 31 1.02297
29 31 0.96579
30 31 0.98473
31 31 0.99312
32 31 0.98182
33 31 0.99312
34 31 0.98473
35 31 0.96579
36 31 1.02297
37 31 1.06656
38 31 0.74351
39 31 0.12152
40 31 -0.07033
41 31 0.03583
42 31 0.00076
43 31 0.00702
44 31 0.03199
45 31 -0.00790
46 31 -0.04485
47 31 -0.01717
48 31 0.00932
49 31 0.05166
50 31 0.17666
51 31 0.31899
52 31 0.41548
53 31 0.45588
54 31 0.46956
55 31 0.46972
56 31 0.45953
57 31 0.41325
58 31 0.36361
59 31 0.34902
60 31 0.35802
61 31 0.38051
62 31 0.37133
63 31 0.36340
0 32 0.26484
1 32 0.30903
2 32 0.36744
3 32 0.36639
4 32 0.35028
5 32 0.36599
6 32 0.39040
7 32 0.43620
8 32 0.46784
9 32 0.46852
10 32 0.45957
11 32 0.43086
12 32 0.37013
13 32 0.26236
14 32 0.14037
15 32 0.05319
16 32 0.02021
17 32 -0.01842
18 32 -0.05009
19 32 -0.01010
20 32 0.03187
21 32 0.00481
22 32 0.00412
23 32 0.03059
24 32 -0.09657
25 32 0.08797
26 32 0.71311
27 32 1.04243
28 32 1.00697
29 32 0.96291
30 32 0.98893
31 32 0.99689
32 32 0.98474
33 32 0.99689
34 32 0.98893
35 32 0.96291
36 32 1.00697
37 32 1.04243
38 32 0.71311
39 32 0.08797
40 32 -0.09657
41 32 0.03059
42 32 0.00412
43 32 0.00481
44 32 0.03187
45 32 -0.01010
46 32 -0.05009
47 32 -0.01842
48 32 0.02021
49 32 0.05319
50 32 0.14037
51 32 0.26236
52 32 0.37013
53 32 0.43086
54 32 0.45957
55 32 0.46852
56 32 0.46784
57 32 0.43620
58 32 0.39040
59 32 0.36599
60 32 0.35028
61 32 0.36639
62 32 0.36744
63 32 0.30903
0 33 0.17909
1 33 0.26930
2 33 0.36555
3 33 0.34917
4 33 0.33983
5 33 0.36333
6 33 0.37406
7 33 0.40450
8 33 0.43160
9 33 0.44022
10 33 0.43289
11 33 0.39541
12 33 0.32975
13 33 0.23245
14 33 0.13469
15 33 0.06635
16 33 0.02902
17 33 -0.01960
18 33 -0.05263
19 33 -0.01101
20 33 0.03137
21 33 0.00468
22 33 0.01346
23 33 0.02025
24 33 -0.13186
25 33 0.06515
26 33 0.70562
27 33 1.03794
28 33 1.00327
29 33 0.96574
30 33 0.99385
31 33 0.99914
32 33 0.98582
33 33 0.99914
34 33 0.99385
35 33 0.96574
36 33 1.00327
37 33 1.03794
38 33 0.70562
39 33 0.06515
40 33 -0.13186
41 33 0.02025
42 33 0.01346
43 33 0.00468
44 33 0.03137
45 33 -0.01101
46 33 -0.05263
47 33 -0.01960
48 33 0.02902
49 33 0.06635
50 33 0.13469
51 33 0.23245
52 33 0.32975
53 33 0.39541
54 33 0.43289
55 33 0.44022
56 33 0.43160
57 33 0.40450
58 33 0.37406
59 33 0.36333
60 33 0.33983
61 33 0.34917
62 33 0.36555
63 33 0.26930
0 34 0.11066
1 34 0.22714
2 34 0.34200
3 34 0.32404
4 34 0.33146
5 34 0.35930
6 34 0.35925
7 34 0.38196
8 34 0.41082
9 34 0.42747
10 34 0.42033
11 34 0.37875
12 34 0.31882
13 34 0.23612
14 34 0.15003
15 34 0.08108
16 34 0.03118
17 34 -0.02449
18 34 -0.05541
19 34 -0.01087
20 34 0.03151
21 34 0.00531
22 34 0.02171
23 34 0.00278
24 34 -0.14676
25 34 0.10837
26 34 0.75386
27 34 1.04951
28 34 0.99669
29 34 0.96244
30 34 0.99234
31 34 0.99549
32 34 0.98157
33 34 0.99549
34 34 0.99234
35 34 0.96244
36 34 0.99669
37 34 1.04951
38 34 0.75386
39 34 0.10837
40 34 -0.14676
41 34 0.00278
42 34 0.02171
43 34 0.00531
44 34 0.03151
45 34 -0.01087
46 34 -0.05541
47 34 -0.02449
48 34 0.03118
49 34 0.08108
50 34 0.15003
51 34 0.23612
52 34 0.31882
53 34 0.37875
54 34 0.42033
55 34 0.42747
56 34 0.41082
57 34 0.38196
58 34 0.35925
59 34 0.35930
60 34 0.33146
61 34 0.32404
62 34 0.34200
63 34 0.22714
0 35 0.05153
1 35 0.18998
2 35 0.33510
3 35 0.33830
4 35 0.35897
5 35 0.37877
6 35 0.36787
7 35 0.38499
8 35 0.41375
9 35 0.43327
10 35 0.42567
11 35 0.38532
12 35 0.33485
13 35 0.26081
14 35 0.17193
15 35 0.09063
16 35 0.02669
17 35 -0.03181
18 35 -0.05773
19 35 -0.00996
20 35 0.03068
21 35 0.00353
22 35 0.02376
23 35 -0.01925
24 35 -0.12399
25 35 0.22818
26 35 0.84709
27 35 1.06365
28 35 0.98569
29 35 0.95969
30 35 0.99332
31 35 0.99499
32 35 0.98097
33 35 0.99499
34 35 0.99332
35 35 0.95969
36 35 0.98569
37 35 1.06365
38 35 0.84709
39 35 0.22818
40 35 -0.12399
41 35 -0.01925
42 35 0.02376
43 35 0.00353
44 35 0.03068
45 35 -0.00996
46 35 -0.05773
47 35 -0.03181
48 35 0.02669
49 35 0.09063
50 35 0.17193
51 35 0.26081
52 35 0.33485
53 35 0.38532
54 35 0.42567
55 35 0.43327
56 35 0.41375
57 35 0.38499
58 35 0.36787
59 35 0.37877
60 35 0.35897
61 35 0.33830
62 35 0.33510
63 35 0.18998
0 36 0.01066
1 36 0.17387
2 36 0.35238
3 36 0.36867
4 36 0.38462
5 36 0.38844
6 36 0.36937
7 36 0.38436
8 36 0.41683
9 36 0.44241
10 36 0.44043
11 36 0.40741
12 36 0.36603
13 36 0.29310
14 36 0.19204
15 36 0.09427
16 36 0.01855
17 36 -0.03900
18 36 -0.05830
19 36 -0.00802
20 36 0.02907
21 36 0.00167
22 36 0.02592
23 36 -0.03362
24 36 -0.06501
25 36 0.38831
26 36 0.94518
27 36 1.06642
28 36 0.97310
29 36 0.96140
30 36 0.99754
31 36 0.99657
32 36 0.98245
33 36 0.99657
34 36 0.99754
35 36 0.96140
36 36 0.97310
37 36 1.06642
38 36 0.94518
39 36 0.38831
40 36 -0.06501
41 36 -0.03362
42 36 0.02592
43 36 0.00167
44 36 0.02907
45 36 -0.00802
46 36 -0.05830
47 36 -0.03900
48 36 0.01855
49 36 0.09427
50 36 0.19204
51 36 0.29310
52 36 0.36603
53 36 0.40741
54 36 0.44043
55 36 0.44241
56 36 0.41683
57 36 0.38436
58 36 0.36937
59 36 0.38844
60 36 0.38462
61 36 0.36867
62 36 0.35238
63 36 0.17387
0 37 0.00033
1 37 0.18103
2 37 0.37022
3 37 0.38090
4 37 0.38981
5 37 0.38524
6 37 0.36235
7 37 0.37526
8 37 0.41378
9 37 0.44862
10 37 0.45739
11 37 0.43560
12 37 0.40117
13 37 0.32357
14 37 0.20648
15 37 0.09324
16 37 0.00953
17 37 -0.04433
18 37 -0.05665
19 37 -0.00543
20 37 0.02621
21 37 0.00073
22 37 0.03042
23 37 -0.04472
24 37 -0.01116
25 37 0.51482
26 37 1.00074
27 37 1.04946
28 37 0.96073
29 37 0.96538
30 37 1.00003
31 37 0.99518
32 37 0.98117
33 37 0.99518
34 37 1.00003
35 37 0.96538
36 37 0.96073
37 37 1.04946
38 37 1.00074
39 37 0.51482
40 37 -0.01116
41 37 -0.04472
42 37 0.03042
43 37 0.00073
44 37 0.02621
45 37 -0.00543
46 37 -0.05665
47 37 -0.04433
48 37 0.00953
49 37 0.09324
50 37 0.20648
51 37 0.32357
52 37 0.40117
53 37 0.43560
54 37 0.45739
55 37 0.44862
56 37 0.41378
57 37 0.37526
58 37 0.36235
59 37 0.38524
60 37 0.38981
61 37 0.38090
62 37 0.37022
63 37 0.18103
0 38 0.05753
1 38 0.23270
2 38 0.39199
3 38 0.38536
4 38 0.39484
5 38 0.38742
6 38 0.35827
7 38 0.36526
8 38 0.41027
9 38 0.45533
10 38 0.47613
11 38 0.46577
12 38 0.43433
13 38 0.34775
14 38 0.21451
15 38 0.08955
16 38 0.00154
17 38 -0.04735
18 38 -0.05333
19 38 -0.00293
20 38 0.02200
21 38 0.00107
22 38 0.03521
23 38 -0.06355
24 38 0.00480
25 38 0.57353
26 38 1.01037
27 38 1.02563
28 38 0.95587
29 38 0.97305
30 38 1.00202
31 38 0.99361
32 38 0.98053
33 38 0.99361
34 38 1.00202
35 38 0.97305
36 38 0.95587
37 38 1.02563
38 38 1.01037
39 38 0.57353
40 38 0.00480
41 38 -0.06355
42 38 0.03521
43 38 0.00107
44 38 0.02200
45 38 -0.00293
46 38 -0.05333
47 38 -0.04735
48 38 0.00154
49 38 0.08955
50 38 0.21451
51 38 0.34775
52 38 0.43433
53 38 0.46577
54 38 0.47613
55 38 0.45533
56 38 0.41027
57 38 0.36526
58 38 0.35827
59 38 0.38742
60 38 0.39484
61 38 0.38536
62 38 0.39199
63 38 0.23270
0 39 0.15735
1 39 0.30160
2 39 0.40551
3 39 0.38646
4 39 0.40158
5 39 0.38955
6 39 0.34936
7 39 0.34863
8 39 0.40236
9 39 0.45913
10 39 0.49289
11 39 0.49364
12 39 0.46150
13 39 0.36335
14 39 0.21653
15 39 0.08469
16 39 -0.00480
17 39 -0.04856
18 39 -0.04924
19 39 -0.00088
20 39 0.01729
21 39 0.00250
22 39 0.03635
23 39 -0.09024
24 39 -0.00082
25 39 0.59915
26 39 1.00776
27 39 1.01032
28 39 0.95937
29 39 0.98197
30 39 1.00316
31 39 0.99292
32 39 0.98178
33 39 0.99292
34 39 1.00316
35 39 0.98197
36 39 0.95937
37 39 1.01032
38 39 1.00776
39 39 0.59915
40 39 -0.00082
41 39 -0.09024
42 39 0.03635
43 39 0.00250
44 39 0.01729
45 39 -0.00088
46 39 -0.04924
47 39 -0.04856
48 39 -0.00480
49 39 0.08469
50 39 0.21653
51 39 0.36335
52 39 0.46150
53 39 0.49364
54 39 0.49289
55 39 0.45913
56 39 0.40236
57 39 0.34863
58 39 0.34936
59 39 0.38955
60 39 0.40158
61 39 0.38646
62 39 0.40551
63 39 0.30160
0 40 0.20991
1 40 0.32737
2 40 0.40026
3 40 0.38956
4 40 0.41150
5 40 0.39122
6 40 0.33581
7 40 0.32601
8 40 0.38947
9 40 0.45921
10 40 0.50756
11 40 0.51975
12 40 0.48349
13 40 0.37165
14 40 0.21417
15 40 0.07937
16 40 -0.01011
17 40 -0.04935
18 40 -0.04593
19 40 -0.00026
20 40 0.01168
21 40 0.00174
22 40 0.02761
23 40 -0.11535
24 40 0.01543
25 40 0.64443
26 40 1.01844
27 40 1.00412
28 40 0.96499
29 40 0.98849
30 40 1.00269
31 40 0.99267
32 40 0.98409
33 40 0.99267
34 40 1.00269
35 40 0.98849
36 40 0.96499
37 40 1.00412
38 40 1.01844
39 40 0.64443
40 40 0.01543
41 40 -0.11535
42 40 0.02761
43 40 0.00174
44 40 0.01168
45 40 -0.00026
46 40 -0.04593
47 40 -0.04935
48 40 -0.01011
49 40 0.07937
50 40 0.21417
51 40 0.37165
52 40 0.48349
53 40 0.51975
54 40 0.50756
55 40 0.45921
56 40 0.38947
57 40 0.32601
58 40 0.33581
59 40 0.39122
60 40 0.41150
61 40 0.38956
62 40 0.40026
63 40 0.32737
0 41 0.21290
1 41 0.32126
2 41 0.39684
3 41 0.40552
4 41 0.42954
5 41 0.39542
6 41 0.31875
7 41 0.29538
8 41 0.36576
9 41 0.44854
10 41 0.51425
11 41 0.53955
12 41 0.49683
13 41 0.37046
14 41 0.20604
15 41 0.07219
16 41 -0.01568
17 41 -0.05054
18 41 -0.04388
19 41 -0.00095
20 41 0.00557
21 41 -0.00269
22 41 0.00996
23 41 -0.12050
24 41 0.09046
25 41 0.73442
26 41 1.04280
27 41 0.99974
28 41 0.96911
29 41 0.99298
30 41 1.00208
31 41 0.99357
32 41 0.98760
33 41 0.99357
34 41 1.00208
35 41 0.99298
36 41 0.96911
37 41 0.99974
38 41 1.04280
39 41 0.73442
40 41 0.09046
41 41 -0.12050
42 41 0.00996
43 41 -0.00269
44 41 0.00557
45 41 -0.00095
46 41 -0.04388
47 41 -0.05054
48 41 -0.01568
49 41 0.07219
50 41 0.20604
51 41 0.37046
52 41 0.49683
53 41 0.53955
54 41 0.51425
55 41 0.44854
56 41 0.36576
57 41 0.29538
58 41 0.31875
59 41 0.39542
60 41 0.42954
61 41 0.40552
62 41 0.39684
63 41 0.32126
0 42 0.20696
1 42 0.31393
2 42 0.40465
3 42 0.43211
4 42 0.45279
5 42 0.39939
6 42 0.29587
7 42 0.25381
8 42 0.32574
9 42 0.41971
10 42 0.50507
11 42 0.54604
12 42 0.49700
13 42 0.35785
14 42 0.19166
15 42 0.06324
16 42 -0.02091
17 42 -0.05094
18 42 -0.04152
19 42 -0.00102
20 42 0.00131
21 42 -0.00696
22 42 -0.00439
23 42 -0.08879
24 42 0.22459
25 42 0.84910
26 42 1.06283
27 42 0.99147
28 42 0.97210
29 42 0.99668
30 42 1.00177
31 42 0.99514
32 42 0.99149
33 42 0.99514
34 42 1.00177
35 42 0.99668
36 42 0.97210
37 42 0.99147
38 42 1.06283
39 42 0.84910
40 42 0.22459
41 42 -0.08879
42 42 -0.00439
43 42 -0.00696
44 42 0.00131
45 42 -0.00102
46 42 -0.04152
47 42 -0.05094
48 42 -0.02091
49 42 0.06324
50 42 0.19166
51 42 0.35785
52 42 0.49700
53 42 0.54604
54 42 0.50507
55 42 0.41971
56 42 0.32574
57 42 0.25381
58 42 0.29587
59 42 0.39939
60 42 0.45279
61 42 0.43211
62 42 0.40465
63 42 0.31393
0 43 0.19248
1 43 0.29614
2 43 0.40040
3 43 0.44504
4 43 0.46074
5 43 0.38798
6 43 0.26109
7 43 0.20213
8 43 0.27094
9 43 0.37054
10 43 0.47281
11 43 0.53065
12 43 0.47883
13 43 0.33228
14 43 0.17089
15 43 0.05252
16 43 -0.02570
17 43 -0.05028
18 43 -0.03839
19 43 0.00005
20 43 -0.00063
21 43 -0.00887
22 43 -0.00938
23 43 -0.03586
24 43 0.36063
25 43 0.93355
26 43 1.05966
27 43 0.98026
28 43 0.97642
29 43 1.00004
30 43 1.00135
31 43 0.99667
32 43 0.99497
33 43 0.99667
34 43 1.00135
35 43 1.00004
36 43 0.97642
37 43 0.98026
38 43 1.05966
39 43 0.93355
40 43 0.36063
41 43 -0.03586
42 43 -0.00938
43 43 -0.00887
44 43 -0.00063
45 43 0.00005
46 43 -0.03839
47 43 -0.05028
48 43 -0.02570
49 43 0.05252
50 43 0.17089
51 43 0.33228
52 43 0.47883
53 43 0.53065
54 43 0.47281
55 43 0.37054
56 43 0.27094
57 43 0.20213
58 43 0.26109
59 43 0.38798
60 43 0.46074
61 43 0.44504
62 43 0.40040
63 43 0.29614
0 44 0.16190
1 44 0.25465
2 44 0.36345
3 44 0.42442
4 44 0.43850
5 44 0.35481
6 44 0.21939
7 44 0.15203
8 44 0.21267
9 44 0.30688
10 44 0.41581
11 44 0.48880
12 44 0.44110
13 44 0.29612
14 44 0.14632
15 44 0.04145
16 44 -0.02950
17 44 -0.04850
18 44 -0.03491
19 44 0.00123
20 44 -0.00221
21 44 -0.01067
22 44 -0.01174
23 44 -0.00216
24 44 0.42853
25 44 0.94923
26 44 1.03465
27 44 0.97391
28 44 0.98433
29 44 1.00308
30 44 1.00076
31 44 0.99807
32 44 0.99790
33 44 0.99807
34 44 1.00076
35 44 1.00308
36 44 0.98433
37 44 0.97391
38 44 1.03465
39 44 0.94923
40 44 0.42853
41 44 -0.00216
42 44 -0.01174
43 44 -0.01067
44 44 -0.00221
45 44 0.00123
46 44 -0.03491
47 44 -0.04850
48 44 -0.02950
49 44 0.04145
50 44 0.14632
51 44 0.29612
52 44 0.44110
53 44 0.48880
54 44 0.41581
55 44 0.30688
56 44 0.21267
57 44 0.15203
58 44 0.21939
59 44 0.35481
60 44 0.43850
61 44 0.42442
62 44 0.36345
63 44 0.25465
0 45 0.12771
1 45 0.19893
2 45 0.29667
3 45 0.36997
4 45 0.38635
5 45 0.30259
6 45 0.17453
7 45 0.10763
8 45 0.15709
9 45 0.23657
10 45 0.34006
11 45 0.42432
12 45 0.38845
13 45 0.25441
14 45 0.12100
15 45 0.03088
16 45 -0.03246
17 45 -0.04627
18 45 -0.03210
19 45 0.00120
20 45 -0.00495
21 45 -0.01299
22 45 -0.01380
23 45 -0.00353
24 45 0.41273
25 45 0.90504
26 45 1.00345
27 45 0.97665
28 45 0.99413
29 45 1.00481
30 45 0.99994
31 45 0.99920
32 45 1.00000
33 45 0.99920
34 45 0.99994
35 45 1.00481
36 45 0.99413
37 45 0.97665
38 45 1.00345
39 45 0.90504
40 45 0.41273
41 45 -0.00353
42 45 -0.01380
43 45 -0.01299
44 45 -0.00495
45 45 0.00120
46 45 -0.03210
47 45 -0.04627
48 45 -0.03246
49 45 0.03088
50 45 0.12100
51 45 0.25441
52 45 0.38845
53 45 0.42432
54 45 0.34006
55 45 0.23657
56 45 0.15709
57 45 0.10763
58 45 0.17453
59 45 0.30259
60 45 0.38635
61 45 0.36997
62 45 0.29667
63 45 0.19893
0 46 0.09496
1 46 0.13456
2 46 0.20067
3 46 0.27337
4 46 0.29235
5 46 0.22091
6 46 0.11848
7 46 0.06692
8 46 0.11211
9 46 0.17681
10 46 0.26622
11 46 0.35406
12 46 0.33185
13 46 0.21317
14 46 0.09725
15 46 0.02123
16 46 -0.03456
17 46 -0.04354
18 46 -0.02983
19 46 0.00028
20 46 -0.00810
21 46 -0.01360
22 46 -0.01018
23 46 -0.02552
24 46 0.33994
25 46 0.82415
26 46 0.97115
27 46 0.98274
28 46 1.00168
29 46 1.00477
30 46 0.99934
31 46 1.00024
32 46 1.00138
33 46 1.00024
34 46 0.99934
35 46 1.00477
36 46 1.00168
37 46 0.98274
38 46 0.97115
39 46 0.82415
40 46 0.33994
41 46 -0.02552
42 46 -0.01018
43 46 -0.01360
44 46 -0.00810
45 46 0.00028
46 46 -0.02983
47 46 -0.04354
48 46 -0.03456
49 46 0.02123
50 46 0.09725
51 46 0.21317
52 46 0.33185
53 46 0.35406
54 46 0.26622
55 46 0.17681
56 46 0.11211
57 46 0.06692
58 46 0.11848
59 46 0.22091
60 46 0.29235
61 46 0.27337
62 46 0.20067
63 46 0.13456
0 47 0.04993
1 47 0.05618
2 47 0.07867
3 47 0.13742
4 47 0.16201
5 47 0.12053
6 47 0.06244
7 47 0.03884
8 47 0.08621
9 47 0.13872
10 47 0.20849
11 47 0.28958
12 47 0.27665
13 47 0.17351
14 47 0.07447
15 47 0.01164
16 47 -0.03635
17 47 -0.04066
18 47 -0.02810
19 47 -0.00125
20 47 -0.01141
21 47 -0.01325
22 47 -0.00088
23 47 -0.05361
24 47 0.23816
25 47 0.72169
26 47 0.93456
27 47 0.98605
28 47 1.00573
29 47 1.00381
30 47 0.99911
31 47 1.00096
32 47 1.00187
33 47 1.00096
34 47 0.99911
35 47 1.00381
36 47 1.00573
37 47 0.98605
38 47 0.93456
39 47 0.72169
40 47 0.23816
41 47 -0.05361
42 47 -0.00088
43 47 -0.01325
44 47 -0.01141
45 47 -0.00125
46 47 -0.02810
47 47 -0.04066
48 47 -0.03635
49 47 0.01164
50 47 0.07447
51 47 0.17351
52 47 0.27665
53 47 0.28958
54 47 0.20849
55 47 0.13872
56 47 0.08621
57 47 0.03884
58 47 0.06244
59 47 0.12053
60 47 0.16201
61 47 0.13742
62 47 0.07867
63 47 0.05618
0 48 0.00664
1 48 -0.00803
2 48 -0.01845
3 48 0.02203
4 48 0.05170
5 48 0.04322
6 48 0.02667
7 48 0.02547
8 48 0.07222
9 48 0.11424
10 48 0.16401
11 48 0.23205
12 48 0.22427
13 48 0.13648
14 48 0.05369
15 48 0.00300
16 48 -0.03730
17 48 -0.03756
18 48 -0.02686
19 48 -0.00313
20 48 -0.01497
21 48 -0.01403
22 48 0.00998
23 48 -0.07769
24 48 0.13595
25 48 0.61830
26 48 0.89795
27 48 0.98691
28 48 1.00776
29 48 1.00275
30 48 0.99899
31 48 1.00107
32 48 1.00147
33 48 1.00107
34 48 0.99899
35 48 1.00275
36 48 1.00776
37 48 0.98691
38 48 0.89795
39 48 0.61830
40 48 0.13595
41 48 -0.07769
42 48 0.00998
43 48 -0.01403
44 48 -0.01497
45 48 -0.00313
46 48 -0.02686
47 48 -0.03756
48 48 -0.03730
49 48 0.00300
50 48 0.05369
51 48 0.13648
52 48 0.22427
53 48 0.23205
54 48 0.16401
55 48 0.11424
56 48 0.07222
57 48 0.02547
58 48 0.02667
59 48 0.04322
60 48 0.05170
61 48 0.02203
62 48 -0.01845
63 48 -0.00803
0 49 -0.00863
1 49 -0.02610
2 49 -0.04571
3 49 -0.02210
4 49 0.00043
5 49 0.00542
6 49 0.00975
7 49 0.01898
8 49 0.06260
9 49 0.09757
10 49 0.13127
11 49 0.18439
12 49 0.17865
13 49 0.10533
14 49 0.03753
15 49 -0.00257
16 49 -0.03581
17 49 -0.03308
18 49 -0.02492
19 49 -0.00418
20 49 -0.01783
21 49 -0.01580
22 49 0.02054
23 49 -0.08912
24 49 0.05967
25 49 0.53585
26 49 0.86816
27 49 0.98657
28 49 1.00838
29 49 1.00176
30 49 0.99907
31 49 1.00112
32 49 1.00098
33 49 1.00112
34 49 0.99907
35 49 1.00176
36 49 1.00838
37 49 0.98657
38 49 0.86816
39 49 0.53585
40 49 0.05967
41 49 -0.08912
42 49 0.02054
43 49 -0.01580
44 49 -0.01783
45 49 -0.00418
46 49 -0.02492
47 49 -0.03308
48 49 -0.03581
49 49 -0.00257
50 49 0.03753
51 49 0.10533
52 49 0.17865
53 49 0.18439
54 49 0.13127
55 49 0.09757
56 49 0.06260
57 49 0.01898
58 49 0.00975
59 49 0.00542
60 49 0.00043
61 49 -0.02210
62 49 -0.04571
63 49 -0.02610
0 50 -0.01473
1 50 -0.02545
2 50 -0.03981
3 50 -0.02901
4 50 -0.02006
5 50 -0.01488
6 50 -0.00113
7 50 0.01514
8 50 0.05658
9 50 0.08655
10 50 0.10740
11 50 0.14507
12 50 0.13857
13 50 0.07832
14 50 0.02436
15 50 -0.00615
16 50 -0.03264
17 50 -0.02784
18 50 -0.02252
19 50 -0.00460
20 50 -0.02031
21 50 -0.01804
22 50 0.02967
23 50 -0.08743
24 50 0.01720
25 50 0.48170
26 50 0.84691
27 50 0.98518
28 50 1.00788
29 50 1.00095
30 50 0.99946
31 50 1.00136
32 50 1.00072
33 50 1.00136
34 50 0.99946
35 50 1.00095
36 50 1.00788
37 50 0.98518
38 50 0.84691
39 50 0.48170
40 50 0.01720
41 50 -0.08743
42 50 0.02967
43 50 -0.01804
44 50 -0.02031
45 50 -0.00460
46 50 -0.02252
47 50 -0.02784
48 50 -0.03264
49 50 -0.00615
50 50 0.02436
51 50 0.07832
52 50 0.13857
53 50 0.14507
54 50 0.10740
55 50 0.08655
56 50 0.05658
57 50 0.01514
58 50 -0.00113
59 50 -0.01488
60 50 -0.02006
61 50 -0.02901
62 50 -0.03981
63 50 -0.02545
0 51 -0.02569
1 51 -0.02919
2 51 -0.03605
3 51 -0.03217
4 51 -0.03072
5 51 -0.02423
6 51 -0.00350
7 51 0.01761
8 51 0.05451
9 51 0.07753
10 51 0.08705
11 51 0.11023
12 51 0.10180
13 51 0.05372
14 51 0.01288
15 51 -0.00877
16 51 -0.02901
17 51 -0.02316
18 51 -0.02061
19 51 -0.00545
20 51 -0.02335
21 51 -0.01985
22 51 0.03654
23 51 -0.08015
24 51 -0.00149
25 51 0.45018
26 51 0.83348
27 51 0.98385
28 51 1.00691
29 51 1.00019
30 51 0.99964
31 51 1.00119
32 51 1.00011
33 51 1.00119
34 51 0.99964
35 51 1.00019
36 51 1.00691
37 51 0.98385
38 51 0.83348
39 51 0.45018
40 51 -0.00149
41 51 -0.08015
42 51 0.03654
43 51 -0.01985
44 51 -0.02335
45 51 -0.00545
46 51 -0.02061
47 51 -0.02316
48 51 -0.02901
49 51 -0.00877
50 51 0.01288
51 51 0.05372
52 51 0.10180
53 51 0.11023
54 51 0.08705
55 51 0.07753
56 51 0.05451
57 51 0.01761
58 51 -0.00350
59 51 -0.02423
60 51 -0.03072
61 51 -0.03217
62 51 -0.03605
63 51 -0.02919
0 52 -0.02888
1 52 -0.02673
2 52 -0.02650
3 52 -0.02428
4 52 -0.02444
5 52 -0.01612
6 52 0.00631
7 52 0.02558
8 52 0.05328
9 52 0.06746
10 52 0.06792
11 52 0.07950
12 52 0.06981
13 52 0.03342
14 52 0.00485
15 52 -0.00889
16 52 -0.02387
17 52 -0.01812
18 52 -0.01797
19 52 -0.00568
20 52 -0.02566
21 52 -0.01831
22 52 0.04219
23 52 -0.07472
24 52 -0.00894
25 52 0.43490
26 52 0.82860
27 52 0.98435
28 52 1.00601
29 52 0.99942
30 52 0.99959
31 52 1.00078
32 52 0.99937
33 52 1.00078
34 52 0.99959
35 52 0.99942
36 52 1.00601
37 52 0.98435
38 52 0.82860
39 52 0.43490
40 52 -0.00894
41 52 -0.07472
42 52 0.04219
43 52 -0.01831
44 52 -0.02566
45 52 -0.00568
46 52 -0.01797
47 52 -0.01812
48 52 -0.02387
49 52 -0.00889
50 52 0.00485
51 52 0.03342
52 52 0.06981
53 52 0.07950
54 52 0.06792
55 52 0.06746
56 52 0.05328
57 52 0.02558
58 52 0.00631
59 52 -0.01612
60 52 -0.02444
61 52 -0.02428
62 52 -0.02650
63 52 -0.02673
0 53 -0.02050
1 53 -0.01470
2 53 -0.00945
3 53 -0.00789
4 53 -0.00929
5 53 -0.00187
6 53 0.01688
7 53 0.02997
8 53 0.04772
9 53 0.05429
10 53 0.04880
11 53 0.05228
12 53 0.04273
13 53 0.01742
14 53 -0.00021
15 53 -0.00746
16 53 -0.01863
17 53 -0.01400
18 53 -0.01549
19 53 -0.00617
20 53 -0.02734
21 53 -0.01247
22 53 0.04623
23 53 -0.07585
24 53 -0.01140
25 53 0.43415
26 53 0.83357
27 53 0.98722
28 53 1.00497
29 53 0.99854
30 53 0.99950
31 53 1.00042
32 53 0.99879
33 53 1.00042
34 53 0.99950
35 53 0.99854
36 53 1.00497
37 53 0.98722
38 53 0.83357
39 53 0.43415
40 53 -0.01140
41 53 -0.07585
42 53 0.04623
43 53 -0.01247
44 53 -0.02734
45 53 -0.00617
46 53 -0.01549
47 53 -0.01400
48 53 -0.01863
49 53 -0.00746
50 53 -0.00021
51 53 0.01742
52 53 0.04273
53 53 0.05228
54 53 0.04880
55 53 0.05429
56 53 0.04772
57 53 0.02997
58 53 0.01688
59 53 -0.00187
60 53 -0.00929
61 53 -0.00789
62 53 -0.00945
63 53 -0.01470
0 54 -0.01170
1 54 -0.00501
2 54 0.00114
3 54 0.00103
4 54 -0.00125
5 54 0.00537
6 54 0.02023
7 54 0.02804
8 54 0.03843
9 54 0.03966
10 54 0.03067
11 54 0.02926
12 54 0.02164
13 54 0.00668
14 54 -0.00178
15 54 -0.00447
16 54 -0.01366
17 54 -0.01083
18 54 -0.01300
19 54 -0.00680
20 54 -0.02752
21 54 -0.00205
22 54 0.04770
23 54 -0.08419
24 54 -0.00861
25 54 0.44884
26 54 0.84840
27 54 0.99187
28 54 1.00368
29 54 0.99774
30 54 0.99951
31 54 1.00011
32 54 0.99833
33 54 1.00011
34 54 0.99951
35 54 0.99774
36 54 1.00368
37 54 0.99187
38 54 0.84840
39 54 0.44884
40 54 -0.00861
41 54 -0.08419
42 54 0.04770
43 54 -0.00205
44 54 -0.02752
45 54 -0.00680
46 54 -0.01300
47 54 -0.01083
48 54 -0.01366
49 54 -0.00447
50 54 -0.00178
51 54 0.00668
52 54 0.02164
53 54 0.02926
54 54 0.03067
55 54 0.03966
56 54 0.03843
57 54 0.02804
58 54 0.02023
59 54 0.00537
60 54 -0.00125
61 54 0.00103
62 54 0.00114
63 54 -0.00501
0 55 -0.01237
1 55 -0.00651
2 55 -0.00136
3 55 -0.00171
4 55 -0.00181
5 55 0.00638
6 55 0.01876
7 55 0.02265
8 55 0.02752
9 55 0.02473
10 55 0.01409
11 55 0.01098
12 55 0.00713
13 55 0.00142
14 55 -0.00029
15 55 -0.00079
16 55 -0.00973
17 55 -0.00864
18 55 -0.01052
19 55 -0.00771
20 55 -0.02569
21 55 0.01136
22 55 0.04416
23 55 -0.09827
24 55 0.00245
25 55 0.47891
26 55 0.87079
27 55 0.99710
28 55 1.00233
29 55 0.99735
30 55 0.99971
31 55 0.99990
32 55 0.99802
33 55 0.99990
34 55 0.99971
35 55 0.99735
36 55 1.00233
37 55 0.99710
38 55 0.87079
39 55 0.47891
40 55 0.00245
41 55 -0.09827
42 55 0.04416
43 55 0.01136
44 55 -0.02569
45 55 -0.00771
46 55 -0.01052
47 55 -0.00864
48 55 -0.00973
49 55 -0.00079
50 55 -0.00029
51 55 0.00142
52 55 0.00713
53 55 0.01098
54 55 0.01409
55 55 0.02473
56 55 0.02752
57 55 0.02265
58 55 0.01876
59 55 0.00638
60 55 -0.00181
61 55 -0.00171
62 55 -0.00136
63 55 -0.00651
0 56 -0.01481
1 56 -0.01002
2 56 -0.00563
3 56 -0.00468
4 56 -0.00174
5 56 0.00713
6 56 0.01563
7 56 0.01520
8 56 0.01552
9 56 0.01017
10 56 0.00013
11 56 -0.00159
12 56 -0.00049
13 56 0.00098
14 56 0.00295
15 56 0.00219
16 56 -0.00737
17 56 -0.00693
18 56 -0.00784
19 56 -0.00859
20 56 -0.02102
21 56 0.02573
22 56 0.03386
23 56 -0.11345
24 56 0.02755
25 56 0.52440
26 56 0.89815
27 56 1.00198
28 56 1.00101
29 56 0.99725
30 56 0.99979
31 56 0.99958
32 56 0.99772
33 56 0.99958
34 56 0.99979
35 56 0.99725
36 56 1.00101
37 56 1.00198
38 56 0.89815
39 56 0.52440
40 56 0.02755
41 56 -0.11345
42 56 0.03386
43 56 0.02573
44 56 -0.02102
45 56 -0.00859
46 56 -0.00784
47 56 -0.00693
48 56 -0.00737
49 56 0.00219
50 56 0.00295
51 56 0.00098
52 56 -0.00049
53 56 -0.00159
54 56 0.00013
55 56 0.01017
56 56 0.01552
57 56 0.01520
58 56 0.01563
59 56 0.00713
60 56 -0.00174
61 56 -0.00468
62 56 -0.00563
63 56 -0.01002
0 57 -0.01229
1 57 -0.00860
2 57 -0.00513
3 57 -0.00372
4 57 -0.00024
5 57 0.00608
6 57 0.00920
7 57 0.00522
8 57 0.00327
9 57 -0.00213
10 57 -0.00911
11 57 -0.00734
12 57 -0.00160
13 57 0.00397
14 57 0.00635
15 57 0.00365
16 57 -0.00589
17 57 -0.00435
18 57 -0.00473
19 57 -0.00901
20 57 -0.01291
21 57 0.03861
22 57 0.01619
23 57 -0.12396
24 57 0.07130
25 57 0.58338
26 57 0.92724
27 57 1.00548
28 57 0.99950
29 57 0.99710
30 57 0.99956
31 57 0.99906
32 57 0.99737
33 57 0.99906
34 57 0.99956
35 57 0.99710
36 57 0.99950
37 57 1.00548
38 57 0.92724
39 57 0.58338
40 57 0.07130
41 57 -0.12396
42 57 0.01619
43 57 0.03861
44 57 -0.01291
45 57 -0.00901
46 57 -0.00473
47 57 -0.00435
48 57 -0.00589
49 57 0.00365
50 57 0.00635
51 57 0.00397
52 57 -0.00160
53 57 -0.00734
54 57 -0.00911
55 57 -0.00213
56 57 0.00327
57 57 0.00522
58 57 0.00920
59 57 0.00608
60 57 -0.00024
61 57 -0.00372
62 57 -0.00513
63 57 -0.00860
0 58 -0.01091
1 58 -0.00832
2 58 -0.00620
3 58 -0.00564
4 58 -0.00365
5 58 -0.00087
6 58 -0.00143
7 58 -0.00572
8 58 -0.00674
9 58 -0.00982
10 58 -0.01243
11 58 -0.00698
12 58 0.00135
13 58 0.00734
14 58 0.00758
15 58 0.00306
16 58 -0.00435
17 58 -0.00077
18 58 -0.00265
19 58 -0.00922
20 58 -0.00158
21 58 0.04726
22 58 -0.00837
23 58 -0.12592
24 58 0.13264
25 58 0.65041
26 58 0.95480
27 58 1.00729
28 58 0.99810
29 58 0.99728
30 58 0.99959
31 58 0.99901
32 58 0.99756
33 58 0.99901
34 58 0.99959
35 58 0.99728
36 58 0.99810
37 58 1.00729
38 58 0.95480
39 58 0.65041
40 58 0.13264
41 58 -0.12592
42 58 -0.00837
43 58 0.04726
44 58 -0.00158
45 58 -0.00922
46 58 -0.00265
47 58 -0.00077
48 58 -0.00435
49 58 0.00306
50 58 0.00758
51 58 0.00734
52 58 0.00135
53 58 -0.00698
54 58 -0.01243
55 58 -0.00982
56 58 -0.00674
57 58 -0.00572
58 58 -0.00143
59 58 -0.00087
60 58 -0.00365
61 58 -0.00564
62 58 -0.00620
63 58 -0.00832
0 59 -0.01010
1 59 -0.00844
2 59 -0.00773
3 59 -0.00850
4 59 -0.00830
5 59 -0.00778
6 59 -0.00904
7 59 -0.01104
8 59 -0.00982
9 59 -0.01040
10 59 -0.00954
11 59 -0.00239
12 59 0.00528
13 59 0.00863
14 59 0.00635
15 59 0.00231
16 59 -0.00104
17 59 0.00287
18 59 -0.00285
19 59 -0.00731
20 59 0.01387
21 59 0.04974
22 59 -0.03862
23 59 -0.11855
24 59 0.20589
25 59 0.71894
26 59 0.97834
27 59 1.00716
28 59 0.99665
29 59 0.99757
30 59 0.99969
31 59 0.99905
32 59 0.99783
33 59 0.99905
34 59 0.99969
35 59 0.99757
36 59 0.99665
37 59 1.00716
38 59 0.97834
39 59 0.71894
40 59 0.20589
41 59 -0.11855
42 59 -0.03862
43 59 0.04974
44 59 0.01387
45 59 -0.00731
46 59 -0.00285
47 59 0.00287
48 59 -0.00104
49 59 0.00231
50 59 0.00635
51 59 0.00863
52 59 0.00528
53 59 -0.00239
54 59 -0.00954
55 59 -0.01040
56 59 -0.00982
57 59 -0.01104
58 59 -0.00904
59 59 -0.00778
60 59 -0.00830
61 59 -0.00850
62 59 -0.00773
63 59 -0.00844
0 60 -0.00271
1 60 -0.00189
2 60 -0.00255
3 60 -0.00480
4 60 -0.00622
5 60 -0.00701
6 60 -0.00796
7 60 -0.00817
8 60 -0.00626
9 60 -0.00613
10 60 -0.00420
11 60 0.00180
12 60 0.00632
13 60 0.00669
14 60 0.00444
15 60 0.00359
16 60 0.00313
17 60 0.00348
18 60 -0.00465
19 60 0.00100
20 60 0.03280
21 60 0.04142
22 60 -0.07513
23 60 -0.10177
24 60 0.28799
25 60 0.78669
26 60 0.99771
27 60 1.00533
28 60 0.99516
29 60 0.99788
30 60 0.99966
31 60 0.99889
32 60 0.99787
33 60 0.99889
34 60 0.99966
35 60 0.99788
36 60 0.99516
37 60 1.00533
38 60 0.99771
39 60 0.78669
40 60 0.28799
41 60 -0.10177
42 60 -0.07513
43 60 0.04142
44 60 0.03280
45 60 0.00100
46 60 -0.00465
47 60 0.00348
48 60 0.00313
49 60 0.00359
50 60 0.00444
51 60 0.00669
52 60 0.00632
53 60 0.00180
54 60 -0.00420
55 60 -0.00613
56 60 -0.00626
57 60 -0.00817
58 60 -0.00796
59 60 -0.00701
60 60 -0.00622
61 60 -0.00480
62 60 -0.00255
63 60 -0.00189
0 61 0.00696
1 61 0.00714
2 61 0.00554
3 61 0.00237
4 61 -0.00015
5 61 -0.00183
6 61 -0.00283
7 61 -0.00280
8 61 -0.00182
9 61 -0.00236
10 61 -0.00109
11 61 0.00239
12 61 0.00428
13 61 0.00454
14 61 0.00516
15 61 0.00637
16 61 0.00387
17 61 -0.00020
18 61 -0.00225
19 61 0.01913
20 61 0.04687
21 61 0.01227
22 61 -0.11691
23 61 -0.06743
24 61 0.38566
25 61 0.85627
26 61 1.01331
27 61 1.00204
28 61 0.99399
29 61 0.99842
30 61 0.99963
31 61 0.99882
32 61 0.99809
33 61 0.99882
34 61 0.99963
35 61 0.99842
36 61 0.99399
37 61 1.00204
38 61 1.01331
39 61 0.85627
40 61 0.38566
41 61 -0.06743
42 61 -0.11691
43 61 0.01227
44 61 0.04687
45 61 0.01913
46 61 -0.00225
47 61 -0.00020
48 61 0.00387
49 61 0.00637
50 61 0.00516
51 61 0.00454
52 61 0.00428
53 61 0.00239
54 61 -0.00109
55 61 -0.00236
56 61 -0.00182
57 61 -0.00280
58 61 -0.00283
59 61 -0.00183
60 61 -0.00015
61 61 0.00237
62 61 0.00554
63 61 0.00714
0 62 0.00937
1 62 0.00934
2 62 0.00781
3 62 0.00499
4 62 0.00257
5 62 0.00089
6 62 0.00010
7 62 0.00002
8 62 -0.00009
9 62 -0.00147
10 62 -0.00118
11 62 0.00088
12 62 0.00300
13 62 0.00534
14 62 0.00678
15 62 0.00459
16 62 -0.00126
17 62 -0.00054
18 62 0.01398
19 62 0.04225
20 62 0.03903
21 62 -0.04348
22 62 -0.14728
23 62 0.00957
24 62 0.51319
25 62 0.92892
26 62 1.02340
27 62 0.99722
28 62 0.99341
29 62 0.99908
30 62 0.99951
31 62 0.99896
32 62 0.99867
33 62 0.99896
34 62 0.99951
35 62 0.99908
36 62 0.99341
37 62 0.99722
38 62 1.02340
39 62 0.92892
40 62 0.51319
41 62 0.00957
42 62 -0.14728
43 62 -0.04348
44 62 0.03903
45 62 0.04225
46 62 0.01398
47 62 -0.00054
48 62 -0.00126
49 62 0.00459
50 62 0.00678
51 62 0.00534
52 62 0.00300
53 62 0.00088
54 62 -0.00118
55 62 -0.00147
56 62 -0.00009
57 62 0.00002
58 62 0.00010
59 62 0.00089
60 62 0.00257
61 62 0.00499
62 62 0.00781
63 62 0.00934
0 63 0.00536
1 63 0.00547
2 63 0.00477
3 63 0.00315
4 63 0.00173
5 63 0.00095
6 63 0.00089
7 63 0.00072
8 63 -0.00039
9 63 -0.00233
10 63 -0.00185
11 63 0.00117
12 63 0.00453
13 63 0.00574
14 63 0.00257
15 63 -0.00258
16 63 -0.00037
17 63 0.01803
18 63 0.04271
19 63 0.04725
20 63 -0.00886
21 63 -0.11056
22 63 -0.12668
23 63 0.15916
24 63 0.67377
25 63 0.99586
26 63 1.02430
27 63 0.99143
28 63 0.99368
29 63 0.99958
30 63 0.99915
31 63 0.99918
32 63 0.99946
33 63 0.99918
34 63 0.99915
35 63 0.99958
36 63 0.99368
37 63 0.99143
38 63 1.02430
39 63 0.99586
40 63 0.67377
41 63 0.15916
42 63 -0.12668
43 63 -0.11056
44 63 -0.00886
45 63 0.04725
46 63 0.04271
47 63 0.01803
48 63 -0.00037
49 63 -0.00258
50 63 0.00257
51 63 0.00574
52 63 0.00453
53 63 0.00117
54 63 -0.00185
55 63 -0.00233
56 63 -0.00039
57 63 0.00072
58 63 0.00089
59 63 0.00095
60 63 0.00173
61 63 0.00315
62 63 0.00477
63 63 0.00547
0 64 0.00133
1 64 0.00161
2 64 0.00166
3 64 0.00110
4 64 0.00073
5 64 0.00091
6 64 0.00121
7 64 0.00034
8 64 -0.00159
9 64 -0.00269
10 64 -0.00029
11 64 0.00330
12 64 0.00352
13 64 -0.00109
14 64 -0.00554
15 64 0.00069
16 64 0.02309
17 64 0.04809
18 64 0.04515
19 64 -0.00693
20 64 -0.09840
21 64 -0.14676
22 64 -0.01487
23 64 0.38072
24 64 0.84037
25 64 1.03889
26 64 1.01440
27 64 0.98669
28 64 0.99512
29 64 0.99982
30 64 0.99880
31 64 0.99961
32 64 1.00034
33 64 0.99961
34 64 0.99880
35 64 0.99982
36 64 0.99512
37 64 0.98669
38 64 1.01440
39 64 1.03889
40 64 0.84037
41 64 0.38072
42 64 -0.01487
43 64 -0.14676
44 64 -0.09840
45 64 -0.00693
46 64 0.04515
47 64 0.04809
48 64 0.02309
49 64 0.00069
50 64 -0.00554
51 64 -0.00109
52 64 0.00352
53 64 0.00330
54 64 -0.00029
55 64 -0.00269
56 64 -0.00159
57 64 0.00034
58 64 0.00121
59 64 0.00091
60 64 0.00073
61 64 0.00110
62 64 0.00166
63 64 0.00161
0 65 -0.00028
1 65 -0.00000
2 65 0.00031
3 65 0.00031
4 65 0.00059
5 65 0.00107
6 65 0.00083
7 65 -0.00083
8 65 -0.00201
9 65 -0.00074
10 65 0.00192
11 65 0.00076
12 65 -0.00550
13 65 -0.00870
14 65 0.00260
15 65 0.02974
16 65 0.05299
17 65 0.03918
18 65 -0.02540
19 65 -0.11182
20 65 -0.15344
21 65 -0.05887
22 65 0.22547
23 65 0.64441
24 65 0.97427
25 65 1.04828
26 65 0.99961
27 65 0.98636
28 65 0.99775
29 65 0.99976
30 65 0.99865
31 65 1.00020
32 65 1.00115
33 65 1.00020
34 65 0.99865
35 65 0.99976
36 65 0.99775
37 65 0.98636
38 65 0.99961
39 65 1.04828
40 65 0.97427
41 65 0.64441
42 65 0.22547
43 65 -0.05887
44 65 -0.15344
45 65 -0.11182
46 65 -0.02540
47 65 0.03918
48 65 0.05299
49 65 0.02974
50 65 0.00260
51 65 -0.00870
52 65 -0.00550
53 65 0.00076
54 65 0.00192
55 65 -0.00074
56 65 -0.00201
57 65 -0.00083
58 65 0.00083
59 65 0.00107
60 65 0.00059
61 65 0.00031
62 65 0.00031
63 65 -0.00000
0 66 -0.00048
1 66 -0.00034
2 66 -0.00007
3 66 0.00020
4 66 0.00066
5 66 0.00070
6 66 -0.00025
7 66 -0.00126
8 66 -0.00020
9 66 0.00115
10 66 -0.00171
11 66 -0.00917
12 66 -0.01089
13 66 0.00611
14 66 0.03764
15 66 0.05656
16 66 0.03000
17 66 -0.04769
18 66 -0.12959
19 66 -0.14134
20 66 -0.02339
21 66 0.23646
22 66 0.57633
23 66 0.88827
24 66 1.04343
25 66 1.02920
26 66 0.98827
27 66 0.99086
28 66 1.00010
29 66 0.99894
30 66 0.99840
31 66 1.00058
32 66 1.00159
33 66 1.00058
34 66 0.99840
35 66 0.99894
36 66 1.00010
37 66 0.99086
38 66 0.98827
39 66 1.02920
40 66 1.04343
41 66 0.88827
42 66 0.57633
43 66 0.23646
44 66 -0.02339
45 66 -0.14134
46 66 -0.12959
47 66 -0.04769
48 66 0.03000
49 66 0.05656
50 66 0.03764
51 66 0.00611
52 66 -0.01089
53 66 -0.00917
54 66 -0.00171
55 66 0.00115
56 66 -0.00020
57 66 -0.00126
58 66 -0.00025
59 66 0.00070
60 66 0.00066
61 66 0.00020
62 66 -0.00007
63 66 -0.00034
0 67 -0.00032
1 67 -0.00034
2 67 -0.00012
3 67 0.00031
4 67 0.00047
5 67 -0.00016
6 67 -0.00067
7 67 0.00034
8 67 0.00153
9 67 -0.00267
10 67 -0.01139
11 67 -0.01185
12 67 0.00932
13 67 0.04388
14 67 0.05584
15 67 0.01365
16 67 -0.07278
17 67 -0.14198
18 67 -0.10970
19 67 0.06271
20 67 0.34396
21 67 0.65151
22 67 0.89129
23 67 1.01926
24 67 1.03431
25 67 0.99632
26 67 0.98516
27 67 0.99753
28 67 1.00074
29 67 0.99757
30 67 0.99830
31 67 1.00088
32 67 1.00180
33 67 1.00088
34 67 0.99830
35 67 0.99757
36 67 1.00074
37 67 0.99753
38 67 0.98516
39 67 0.99632
40 67 1.03431
41 67 1.01926
42 67 0.89129
43 67 0.65151
44 67 0.34396
45 67 0.06271
46 67 -0.10970
47 67 -0.14198
48 67 -0.07278
49 67 0.01365
50 67 0.05584
51 67 0.04388
52 67 0.00932
53 67 -0.01185
54 67 -0.01139
55 67 -0.00267
56 67 0.00153
57 67 0.00034
58 67 -0.00067
59 67 -0.00016
60 67 0.00047
61 67 0.00031
62 67 -0.00012
63 67 -0.00034
0 68 -0.00016
1 68 -0.00025
2 68 0.00000
3 68 0.00038
4 68 -0.00007
5 68 -0.00065
6 68 0.00063
7 68 0.00221
8 68 -0.00155
9 68 -0.01171
10 68 -0.01305
11 68 0.01014
12 68 0.04544
13 68 0.05082
14 68 -0.00627
15 68 -0.09814
16 68 -0.14272
17 68 -0.05834
18 68 0.17727
19 68 0.49350
20 68 0.78429
21 68 0.97092
22 68 1.03406
23 68 1.02080
24 68 0.98637
25 68 0.97497
26 68 0.99275
27 68 1.00424
28 68 1.00018
29 68 0.99671
30 68 0.99870
31 68 1.00112
32 68 1.00175
33 68 1.00112
34 68 0.99870
35 68 0.99671
36 68 1.00018
37 68 1.00424
38 68 0.99275
39 68 0.97497
40 68 0.98637
41 68 1.02080
42 68 1.03406
43 68 0.97092
44 68 0.78429
45 68 0.49350
46 68 0.17727
47 68 -0.05834
48 68 -0.14272
49 68 -0.09814
50 68 -0.00627
51 68 0.05082
52 68 0.04544
53 68 0.01014
54 68 -0.01305
55 68 -0.01171
56 68 -0.00155
57 68 0.00221
58 68 0.00063
59 68 -0.00065
60 68 -0.00007
61 68 0.00038
62 68 0.00000
63 68 -0.00025
0 69 -0.00005
1 69 -0.00013
2 69 0.00019
3 69 0.00024
4 69 -0.00062
5 69 0.00007
6 69 0.00273
7 69 0.00065
8 69 -0.00957
9 69 -0.01463
10 69 0.00671
11 69 0.04326
12 69 0.04521
13 69 -0.02019
14 69 -0.11352
15 69 -0.12983
16 69 0.01253
17 69 0.30150
18 69 0.64428
19 69 0.91929
20 69 1.06271
21 69 1.08348
22 69 1.03411
23 69 0.98075
24 69 0.95835
25 69 0.97556
26 69 1.00278
27 69 1.00657
28 69 0.99843
29 69 0.99635
30 69 0.99884
31 69 1.00054
32 69 1.00086
33 69 1.00054
34 69 0.99884
35 69 0.99635
36 69 0.99843
37 69 1.00657
38 69 1.00278
39 69 0.97556
40 69 0.95835
41 69 0.98075
42 69 1.03411
43 69 1.08348
44 69 1.06271
45 69 0.91929
46 69 0.64428
47 69 0.30150
48 69 0.01253
49 69 -0.12983
50 69 -0.11352
51 69 -0.02019
52 69 0.04521
53 69 0.04326
54 69 0.00671
55 69 -0.01463
56 69 -0.00957
57 69 0.00065
58 69 0.00273
59 69 0.00007
60 69 -0.00062
61 69 0.00024
62 69 0.00019
63 69 -0.00013
0 70 0.00001
1 70 -0.00000
2 70 0.00028
3 70 -0.00012
4 70 -0.00064
5 70 0.00185
6 70 0.00309
7 70 -0.00554
8 70 -0.01486
9 70 -0.00052
10 70 0.03691
11 70 0.04400
12 70 -0.02296
13 70 -0.11511
14 70 -0.11102
15 70 0.07939
16 70 0.41498
17 70 0.76072
18 70 1.00859
19 70 1.11879
20 70 1.12254
21 70 1.07465
22 70 1.01892
23 70 0.98046
24 70 0.96592
25 70 0.98287
26 70 1.00395
27 70 1.00346
28 70 0.99724
29 70 0.99736
30 70 0.99939
31 70 1.00029
32 70 1.00045
33 70 1.00029
34 70 0.99939
35 70 0.99736
36 70 0.99724
37 70 1.00346
38 70 1.00395
39 70 0.98287
40 70 0.96592
41 70 0.98046
42 70 1.01892
43 70 1.07465
44 70 1.12254
45 70 1.11879
46 70 1.00859
47 70 0.76072
48 70 0.41498
49 70 0.07939
50 70 -0.11102
51 70 -0.11511
52 70 -0.02296
53 70 0.04400
54 70 0.03691
55 70 -0.00052
56 70 -0.01486
57 70 -0.00554
58 70 0.00309
59 70 0.00185
60 70 -0.00064
61 70 -0.00012
62 70 0.00028
63 70 -0.00000
0 71 0.00006
1 71 0.00009
2 71 0.00020
3 71 -0.00043
4 71 0.00016
5 71 0.00346
6 71 -0.00001
7 71 -0.01246
8 71 -0.00844
9 71 0.02554
10 71 0.04531
11 71 -0.01120
12 71 -0.10742
13 71 -0.09967
14 71 0.11328
15 71 0.48119
16 71 0.83166
17 71 1.03419
18 71 1.10201
19 71 1.10103
20 71 1.08490
21 71 1.07123
22 71 1.05449
23 71 1.02413
24 71 0.98862
25 71 0.98393
26 71 0.99685
27 71 0.99886
28 71 0.99736
29 71 0.99876
30 71 0.99990
31 71 1.00042
32 71 1.00067
33 71 1.00042
34 71 0.99990
35 71 0.99876
36 71 0.99736
37 71 0.99886
38 71 0.99685
39 71 0.98393
40 71 0.98862
41 71 1.02413
42 71 1.05449
43 71 1.07123
44 71 1.08490
45 71 1.10103
46 71 1.10201
47 71 1.03419
48 71 0.83166
49 71 0.48119
50 71 0.11328
51 71 -0.09967
52 71 -0.10742
53 71 -0.01120
54 71 0.04531
55 71 0.02554
56 71 -0.00844
57 71 -0.01246
58 71 -0.00001
59 71 0.00346
60 71 0.00016
61 71 -0.00043
62 71 0.00020
63 71 0.00009
0 72 0.00012
1 72 0.00011
2 72 0.00002
3 72 -0.00042
4 72 0.00145
5 72 0.00346
6 72 -0.00561
7 72 -0.01374
8 72 0.01024
9 72 0.04282
10 72 0.01080
11 72 -0.08725
12 72 -0.10558
13 72 0.10009
14 72 0.47797
15 72 0.83551
16 72 1.01202
17 72 1.01210
18 72 0.97012
19 72 0.96878
20 72 1.01124
21 72 1.06431
22 72 1.09302
23 72 1.07005
24 72 1.01210
25 72 0.98554
26 72 0.99211
27 72 0.99699
28 72 0.99780
29 72 0.99871
30 72 0.99912
31 72 0.99980
32 72 1.00028
33 72 0.99980
34 72 0.99912
35 72 0.99871
36 72 0.99780
37 72 0.99699
38 72 0.99211
39 72 0.98554
40 72 1.01210
41 72 1.07005
42 72 1.09302
43 72 1.06431
44 72 1.01124
45 72 0.96878
46 72 0.97012
47 72 1.01210
48 72 1.01202
49 72 0.83551
50 72 0.47797
51 72 0.10009
52 72 -0.10558
53 72 -0.08725
54 72 0.01080
55 72 0.04282
56 72 0.01024
57 72 -0.01374
58 72 -0.00561
59 72 0.00346
60 72 0.00145
61 72 -0.00042
62 72 0.00002
63 72 0.00011
0 73 0.00016
1 73 0.00009
2 73 -0.00015
3 73 -0.00004
4 73 0.00254
5 73 0.00141
6 73 -0.01052
7 73 -0.00607
8 73 0.03094
9 73 0.03237
10 73 -0.05188
11 73 -0.11314
12 73 0.03846
13 73 0.41238
14 73 0.78107
15 73 0.94906
16 73 0.90179
17 73 0.76816
18 73 0.70164
19 73 0.73401
20 73 0.82980
21 73 0.95078
22 73 1.05556
23 73 1.08459
24 73 1.03549
25 73 0.99704
26 73 0.99595
27 73 0.99967
28 73 0.99957
29 73 0.99885
30 73 0.99857
31 73 0.99934
32 73 0.99989
33 73 0.99934
34 73 0.99857
35 73 0.99885
36 73 0.99957
37 73 0.99967
38 73 0.99595
39 73 0.99704
40 73 1.03549
41 73 1.08459
42 73 1.05556
43 73 0.95078
44 73 0.82980
45 73 0.73401
46 73 0.70164
47 73 0.76816
48 73 0.90179
49 73 0.94906
50 73 0.78107
51 73 0.41238
52 73 0.03846
53 73 -0.11314
54 73 -0.05188
55 73 0.03237
56 73 0.03094
57 73 -0.00607
58 73 -0.01052
59 73 0.00141
60 73 0.00254
61 73 -0.00004
62 73 -0.00015
63 73 0.00009
0 74 0.00017
1 74 0.00003
2 74 -0.00018
3 74 0.00059
4 74 0.00290
5 74 -0.00180
6 74 -0.01174
7 74 0.00793
8 74 0.04037
9 74 -0.00613
10 74 -0.09974
11 74 -0.03997
12 74 0.28404
13 74 0.69072
14 74 0.88466
15 74 0.80813
16 74 0.60387
17 74 0.42252
18 74 0.35262
19 74 0.38064
20 74 0.48917
21 74 0.67860
22 74 0.90460
23 74 1.04557
24 74 1.04465
25 74 1.00620
26 74 0.99824
27 74 1.00108
28 74 1.00113
29 74 0.99987
30 74 0.99933
31 74 1.00003
32 74 1.00052
33 74 1.00003
34 74 0.99933
35 74 0.99987
36 74 1.00113
37 74 1.00108
38 74 0.99824
39 74 1.00620
40 74 1.04465
41 74 1.04557
42 74 0.90460
43 74 0.67860
44 74 0.48917
45 74 0.38064
46 74 0.35262
47 74 0.42252
48 74 0.60387
49 74 0.80813
50 74 0.88466
51 74 0.69072
52 74 0.28404
53 74 -0.03997
54 74 -0.09974
55 74 -0.00613
56 74 0.04037
57 74 0.00793
58 74 -0.01174
59 74 -0.00180
60 74 0.00290
61 74 0.00059
62 74 -0.00018
63 74 0.00003
0 75 0.00015
1 75 -0.00003
2 75 -0.00009
3 75 0.00118
4 75 0.00240
5 75 -0.00480
6 75 -0.00855
7 75 0.02183
8 75 0.03198
9 75 -0.05363
10 75 -0.09374
11 75 0.12182
12 75 0.53395
13 75 0.83055
14 75 0.78374
15 75 0.51963
16 75 0.27051
17 75 0.11381
18 75 0.04078
19 75 0.02567
20 75 0.10786
21 75 0.34362
22 75 0.69471
23 75 0.97242
24 75 1.04099
25 75 1.00865
26 75 0.99403
27 75 0.99730
28 75 0.99966
29 75 0.99944
30 75 0.99935
31 75 1.00022
32 75 1.00068
33 75 1.00022
34 75 0.99935
35 75 0.99944
36 75 0.99966
37 75 0.99730
38 75 0.99403
39 75 1.00865
40 75 1.04099
41 75 0.97242
42 75 0.69471
43 75 0.34362
44 75 0.10786
45 75 0.02567
46 75 0.04078
47 75 0.11381
48 75 0.27051
49 75 0.51963
50 75 0.78374
51 75 0.83055
52 75 0.53395
53 75 0.12182
54 75 -0.09374
55 75 -0.05363
56 75 0.03198
57 75 0.02183
58 75 -0.00855
59 75 -0.00480
60 75 0.00240
61 75 0.00118
62 75 -0.00009
63 75 -0.00003
0 76 0.00011
1 76 -0.00006
2 76 0.00011
3 76 0.00158
4 76 0.00138
5 76 -0.00651
6 76 -0.00253
7 76 0.03014
8 76 0.00954
9 76 -0.08635
10 76 -0.02620
11 76 0.31606
12 76 0.70684
13 76 0.81994
14 76 0.56968
15 76 0.23677
16 76 0.07054
17 76 0.01835
18 76 -0.03649
19 76 -0.10987
20 76 -0.09541
21 76 0.12256
22 76 0.53855
23 76 0.92413
24 76 1.05662
25 76 1.02586
26 76 0.99730
27 76 0.99574
28 76 0.99802
29 76 0.99791
30 76 0.99787
31 76 0.99872
32 76 0.99910
33 76 0.99872
34 76 0.99787
35 76 0.99791
36 76 0.99802
37 76 0.99574
38 76 0.99730
39 76 1.02586
40 76 1.05662
41 76 0.92413
42 76 0.53855
43 76 0.12256
44 76 -0.09541
45 76 -0.10987
46 76 -0.03649
47 76 0.01835
48 76 0.07054
49 76 0.23677
50 76 0.56968
51 76 0.81994
52 76 0.70684
53 76 0.31606
54 76 -0.02620
55 76 -0.08635
56 76 0.00954
57 76 0.03014
58 76 -0.00253
59 76 -0.00651
60 76 0.00138
61 76 0.00158
62 76 0.00011
63 76 -0.00006
0 77 0.00006
1 77 -0.00007
2 77 0.00033
3 77 0.00173
4 77 0.00025
5 77 -0.00674
6 77 0.00389
7 77 0.03114
8 77 -0.01699
9 77 -0.09118
10 77 0.08085
11 77 0.48775
12 77 0.78338
13 77 0.72455
14 77 0.36791
15 77 0.08473
16 77 0.09097
17 77 0.18358
18 77 0.14469
19 77 -0.00913
20 77 -0.10133
21 77 0.03180
22 77 0.43580
23 77 0.88501
24 77 1.07709
25 77 1.05325
26 77 1.00954
27 77 0.99985
28 77 1.00025
29 77 0.99953
30 77 0.99906
31 77 0.99954
32 77 0.99975
33 77 0.99954
34 77 0.99906
35 77 0.99953
36 77 1.00025
37 77 0.99985
38 77 1.00954
39 77 1.05325
40 77 1.07709
41 77 0.88501
42 77 0.43580
43 77 0.03180
44 77 -0.10133
45 77 -0.00913
46 77 0.14469
47 77 0.18358
48 77 0.09097
49 77 0.08473
50 77 0.36791
51 77 0.72455
52 77 0.78338
53 77 0.48775
54 77 0.08085
55 77 -0.09118
56 77 -0.01699
57 77 0.03114
58 77 0.00389
59 77 -0.00674
60 77 0.00025
61 77 0.00173
62 77 0.00033
63 77 -0.00007
0 78 0.00002
1 78 -0.00004
2 78 0.00052
3 78 0.00167
4 78 -0.00068
5 78 -0.00596
6 78 0.00886
7 78 0.02662
8 78 -0.03866
9 78 -0.07097
10 78 0.19539
11 78 0.61159
12 78 0.79512
13 78 0.62546
14 78 0.25130
15 78 0.05741
16 78 0.20965
17 78 0.39507
18 78 0.33818
19 78 0.10339
20 78 -0.08516
21 78 -0.05523
22 78 0.28952
23 78 0.77592
24 78 1.04489
25 78 1.05567
26 78 1.01076
27 78 0.99841
28 78 1.00000
29 78 1.00044
30 78 1.00034
31 78 1.00086
32 78 1.00102
33 78 1.00086
34 78 1.00034
35 78 1.00044
36 78 1.00000
37 78 0.99841
38 78 1.01076
39 78 1.05567
40 78 1.04489
41 78 0.77592
42 78 0.28952
43 78 -0.05523
44 78 -0.08516
45 78 0.10339
46 78 0.33818
47 78 0.39507
48 78 0.20965
49 78 0.05741
50 78 0.25130
51 78 0.62546
52 78 0.79512
53 78 0.61159
54 78 0.19539
55 78 -0.07097
56 78 -0.03866
57 78 0.02662
58 78 0.00886
59 78 -0.00596
60 78 -0.00068
61 78 0.00167
62 78 0.00052
63 78 -0.00004
0 79 -0.00001
1 79 -0.00001
2 79 0.00065
3 79 0.00152
4 79 -0.00126
5 79 -0.00477
6 79 0.01175
7 79 0.01993
8 79 -0.05142
9 79 -0.03837
10 79 0.29209
11 79 0.68735
12 79 0.78079
13 79 0.56414
14 79 0.21163
15 79 0.05857
16 79 0.24900
17 79 0.45733
18 79 0.39569
19 79 0.14447
20 79 -0.07797
21 79 -0.13268
22 79 0.12354
23 79 0.62099
24 79 0.97726
25 79 1.04301
26 79 1.00608
27 79 0.99312
28 79 0.99627
29 79 0.99795
30 79 0.99823
31 79 0.99887
32 79 0.99906
33 79 0.99887
34 79 0.99823
35 79 0.99795
36 79 0.99627
37 79 0.99312
38 79 1.00608
39 79 1.04301
40 79 0.97726
41 79 0.62099
42 79 0.12354
43 79 -0.13268
44 79 -0.07797
45 79 0.14447
46 79 0.39569
47 79 0.45733
48 79 0.24900
49 79 0.05857
50 79 0.21163
51 79 0.56414
52 79 0.78079
53 79 0.68735
54 79 0.29209
55 79 -0.03837
56 79 -0.05142
57 79 0.01993
58 79 0.01175
59 79 -0.00477
60 79 -0.00126
61 79 0.00152
62 79 0.00065
63 79 -0.00001
0 80 -0.00002
1 80 0.00003
2 80 0.00073
3 80 0.00137
4 80 -0.00157
5 80 -0.00374
6 80 0.01292
7 80 0.01423
8 80 -0.05561
9 80 -0.00691
10 80 0.35810
11 80 0.72670
12 80 0.76608
13 80 0.54659
14 80 0.22201
15 80 0.05078
16 80 0.19949
17 80 0.40867
18 80 0.38374
19 80 0.17497
20 80 -0.03062
21 80 -0.13870
22 80 0.02412
23 80 0.50826
24 80 0.93623
25 80 1.04944
26 80 1.01454
27 80 0.99611
28 80 0.99775
29 80 0.99888
30 80 0.99855
31 80 0.99887
32 80 0.99895
33 80 0.99887
34 80 0.99855
35 80 0.99888
36 80 0.99775
37 80 0.99611
38 80 1.01454
39 80 1.04944
40 80 0.93623
41 80 0.50826
42 80 0.02412
43 80 -0.13870
44 80 -0.03062
45 80 0.17497
46 80 0.38374
47 80 0.40867
48 80 0.19949
49 80 0.05078
50 80 0.22201
51 80 0.54659
52 80 0.76608
53 80 0.72670
54 80 0.35810
55 80 -0.00691
56 80 -0.05561
57 80 0.01423
58 80 0.01292
59 80 -0.00374
60 80 -0.00157
61 80 0.00137
62 80 0.00073
63 80 0.00003
0 81 -0.00003
1 81 0.00006
2 81 0.00079
3 81 0.00123
4 81 -0.00177
5 81 -0.00311
6 81 0.01329
7 81 0.01143
8 81 -0.05443
9 81 0.01289
10 81 0.39068
11 81 0.74416
12 81 0.76329
13 81 0.56263
14 81 0.26779
15 81 0.06504
16 81 0.15655
17 81 0.35698
18 81 0.35820
19 81 0.18122
20 81 0.00211
21 81 -0.11857
22 81 -0.01316
23 81 0.45436
24 81 0.92632
25 81 1.06528
26 81 1.02447
27 81 0.99921
28 81 0.99979
29 81 1.00094
30 81 1.00040
31 81 1.00061
32 81 1.00065
33 81 1.00061
34 81 1.00040
35 81 1.00094
36 81 0.99979
37 81 0.99921
38 81 1.02447
39 81 1.06528
40 81 0.92632
41 81 0.45436
42 81 -0.01316
43 81 -0.11857
44 81 0.00211
45 81 0.18122
46 81 0.35820
47 81 0.35698
48 81 0.15655
49 81 0.06504
50 81 0.26779
51 81 0.56263
52 81 0.76329
53 81 0.74416
54 81 0.39068
55 81 0.01289
56 81 -0.05443
57 81 0.01143
58 81 0.01329
59 81 -0.00311
60 81 -0.00177
61 81 0.00123
62 81 0.00079
63 81 0.00006
0 82 -0.00003
1 82 0.00009
2 82 0.00083
3 82 0.00111
4 82 -0.00191
5 82 -0.00270
6 82 0.01372
7 82 0.01156
8 82 -0.05197
9 82 0.01652
10 82 0.39487
11 82 0.75000
12 82 0.76728
13 82 0.58303
14 82 0.32054
15 82 0.11688
16 82 0.17924
17 82 0.35264
18 82 0.33216
19 82 0.14973
20 82 -0.00859
21 82 -0.10562
22 82 -0.00967
23 82 0.44771
24 82 0.93317
25 82 1.07496
26 82 1.02429
27 82 0.99500
28 82 0.99707
29 82 0.99951
30 82 0.99930
31 82 0.99966
32 82 0.99974
33 82 0.99966
34 82 0.99930
35 82 0.99951
36 82 0.99707
37 82 0.99500
38 82 1.02429
39 82 1.07496
40 82 0.93317
41 82 0.44771
42 82 -0.00967
43 82 -0.10562
44 82 -0.00859
45 82 0.14973
46 82 0.33216
47 82 0.35264
48 82 0.17924
49 82 0.11688
50 82 0.32054
51 82 0.58303
52 82 0.76728
53 82 0.75000
54 82 0.39487
55 82 0.01652
56 82 -0.05197
57 82 0.01156
58 82 0.01372
59 82 -0.00270
60 82 -0.00191
61 82 0.00111
62 82 0.00083
63 82 0.00009
0 83 -0.00003
1 83 0.00012
2 83 0.00085
3 83 0.00099
4 83 -0.00198
5 83 -0.00234
6 83 0.01437
7 83 0.01353
8 83 -0.04971
9 83 0.00711
10 83 0.37678
11 83 0.73887
12 83 0.74956
13 83 0.56078
14 83 0.33613
15 83 0.18474
16 83 0.25784
17 83 0.38239
18 83 0.30280
19 83 0.10022
20 83 -0.03607
21 83 -0.08721
22 83 0.03430
23 83 0.48645
24 83 0.95768
25 83 1.08255
26 83 1.02066
27 83 0.99070
28 83 0.99558
29 83 0.99902
30 83 0.99868
31 83 0.99895
32 83 0.99899
33 83 0.99895
34 83 0.99868
35 83 0.99902
36 83 0.99558
37 83 0.99070
38 83 1.02066
39 83 1.08255
40 83 0.95768
41 83 0.48645
42 83 0.03430
43 83 -0.08721
44 83 -0.03607
45 83 0.10022
46 83 0.30280
47 83 0.38239
48 83 0.25784
49 83 0.18474
50 83 0.33613
51 83 0.56078
52 83 0.74956
53 83 0.73887
54 83 0.37678
55 83 0.00711
56 83 -0.04971
57 83 0.01353
58 83 0.01437
59 83 -0.00234
60 83 -0.00198
61 83 0.00099
62 83 0.00085
63 83 0.00012
0 84 -0.00002
1 84 0.00014
2 84 0.00084
3 84 0.00088
4 84 -0.00199
5 84 -0.00202
6 84 0.01498
7 84 0.01672
8 84 -0.04643
9 84 -0.01069
10 84 0.33519
11 84 0.69578
12 84 0.69139
13 84 0.48856
14 84 0.31913
15 84 0.26000
16 84 0.34984
17 84 0.39547
18 84 0.24618
19 84 0.03756
20 84 -0.06462
21 84 -0.05575
22 84 0.11433
23 84 0.56416
24 84 0.99742
25 84 1.08845
26 84 1.01542
27 84 0.98826
28 84 0.99672
29 84 1.00057
30 84 0.99975
31 84 0.99989
32 84 0.99991
33 84 0.99989
34 84 0.99975
35 84 1.00057
36 84 0.99672
37 84 0.98826
38 84 1.01542
39 84 1.08845
40 84 0.99742
41 84 0.56416
42 84 0.11433
43 84 -0.05575
44 84 -0.06462
45 84 0.03756
46 84 0.24618
47 84 0.39547
48 84 0.34984
49 84 0.26000
50 84 0.31913
51 84 0.48856
52 84 0.69139
53 84 0.69578
54 84 0.33519
55 84 -0.01069
56 84 -0.04643
57 84 0.01672
58 84 0.01498
59 84 -0.00202
60 84 -0.00199
61 84 0.00088
62 84 0.00084
63 84 0.00014
0 85 0.00000
1 85 0.00017
2 85 0.00081
3 85 0.00078
4 85 -0.00188
5 85 -0.00171
6 85 0.01533
7 85 0.02072
8 85 -0.04124
9 85 -0.03415
10 85 0.27262
11 85 0.63315
12 85 0.63844
13 85 0.44914
14 85 0.34875
15 85 0.36118
16 85 0.41691
17 85 0.35833
18 85 0.15991
19 85 -0.02450
20 85 -0.07638
21 85 0.00258
22 85 0.23362
23 85 0.67599
24 85 1.04678
25 85 1.08934
26 85 1.00640
27 85 0.98531
28 85 0.99750
29 85 1.00105
30 85 0.99957
31 85 0.99968
32 85 0.99974
33 85 0.99968
34 85 0.99957
35 85 1.00105
36 85 0.99750
37 85 0.98531
38 85 1.00640
39 85 1.08934
40 85 1.04678
41 85 0.67599
42 85 0.23362
43 85 0.00258
44 85 -0.07638
45 85 -0.02450
46 85 0.15991
47 85 0.35833
48 85 0.41691
49 85 0.36118
50 85 0.34875
51 85 0.44914
52 85 0.63844
53 85 0.63315
54 85 0.27262
55 85 -0.03415
56 85 -0.04124
57 85 0.02072
58 85 0.01533
59 85 -0.00171
60 85 -0.00188
61 85 0.00078
62 85 0.00081
63 85 0.00017
0 86 0.00002
1 86 0.00017
2 86 0.00074
3 86 0.00069
4 86 -0.00171
5 86 -0.00148
6 86 0.01511
7 86 0.02466
8 86 -0.03405
9 86 -0.05771
10 86 0.20516
11 86 0.58622
12 86 0.65287
13 86 0.51223
14 86 0.45336
15 86 0.45739
16 86 0.42131
17 86 0.27292
18 86 0.06924
19 86 -0.06458
20 86 -0.05559
21 86 0.09927
22 86 0.39116
23 86 0.80922
24 86 1.09458
25 86 1.08200
26 86 0.99465
27 86 0.98342
28 86 0.99896
29 86 1.00129
30 86 0.99903
31 86 0.99925
32 86 0.99941
33 86 0.99925
34 86 0.99903
35 86 1.00129
36 86 0.99896
37 86 0.98342
38 86 0.99465
39 86 1.08200
40 86 1.09458
41 86 0.80922
42 86 0.39116
43 86 0.09927
44 86 -0.05559
45 86 -0.06458
46 86 0.06924
47 86 0.27292
48 86 0.42131
49 86 0.45739
50 86 0.45336
51 86 0.51223
52 86 0.65287
53 86 0.58622
54 86 0.20516
55 86 -0.05771
56 86 -0.03405
57 86 0.02466
58 86 0.01511
59 86 -0.00148
60 86 -0.00171
61 86 0.00069
62 86 0.00074
63 86 0.00017
0 87 0.00005
1 87 0.00018
2 87 0.00067
3 87 0.00062
4 87 -0.00146
5 87 -0.00134
6 87 0.01408
7 87 0.02768
8 87 -0.02418
9 87 -0.07388
10 87 0.14317
11 87 0.55337
12 87 0.71112
13 87 0.62173
14 87 0.54650
15 87 0.47728
16 87 0.35156
17 87 0.16853
18 87 -0.00069
19 87 -0.07416
20 87 0.00114
21 87 0.23424
22 87 0.57283
23 87 0.94053
24 87 1.12552
25 87 1.06341
26 87 0.98221
27 87 0.98431
28 87 1.00193
29 87 1.00216
30 87 0.99923
31 87 0.99980
32 87 1.00013
33 87 0.99980
34 87 0.99923
35 87 1.00216
36 87 1.00193
37 87 0.98431
38 87 0.98221
39 87 1.06341
40 87 1.12552
41 87 0.94053
42 87 0.57283
43 87 0.23424
44 87 0.00114
45 87 -0.07416
46 87 -0.00069
47 87 0.16853
48 87 0.35156
49 87 0.47728
50 87 0.54650
51 87 0.62173
52 87 0.71112
53 87 0.55337
54 87 0.14317
55 87 -0.07388
56 87 -0.02418
57 87 0.02768
58 87 0.01408
59 87 -0.00134
60 87 -0.00146
61 87 0.00062
62 87 0.00067
63 87 0.00018
0 88 0.00009
1 88 0.00018
2 88 0.00057
3 88 0.00055
4 88 -0.00118
5 88 -0.00135
6 88 0.01204
7 88 0.02910
8 88 -0.01129
9 88 -0.07887
10 88 0.07918
11 88 0.48604
12 88 0.72044
13 88 0.67002
14 88 0.55140
15 88 0.41147
16 88 0.24676
17 88 0.07911
18 88 -0.04183
19 88 -0.05537
20 88 0.09369
21 88 0.40193
22 88 0.75880
23 88 1.04694
24 88 1.12956
25 88 1.03484
26 88 0.97177
27 88 0.98787
28 88 1.00477
29 88 1.00207
30 88 0.99884
31 88 0.99996
32 88 1.00044
33 88 0.99996
34 88 0.99884
35 88 1.00207
36 88 1.00477
37 88 0.98787
38 88 0.97177
39 88 1.03484
40 88 1.12956
41 88 1.04694
42 88 0.75880
43 88 0.40193
44 88 0.09369
45 88 -0.05537
46 88 -0.04183
47 88 0.07911
48 88 0.24676
49 88 0.41147
50 88 0.55140
51 88 0.67002
52 88 0.72044
53 88 0.48604
54 88 0.07918
55 88 -0.07887
56 88 -0.01129
57 88 0.02910
58 88 0.01204
59 88 -0.00135
60 88 -0.00118
61 88 0.00055
62 88 0.00057
63 88 0.00018
0 89 0.00009
1 89 0.00014
2 89 0.00044
3 89 0.00048
4 89 -0.00089
5 89 -0.00149
6 89 0.00910
7 89 0.02858
8 89 0.00372
9 89 -0.07169
10 89 0.00905
11 89 0.34924
12 89 0.61441
13 89 0.60409
14 89 0.46815
15 89 0.30312
16 89 0.14567
17 89 0.01271
18 89 -0.06047
19 89 -0.00792
20 89 0.22364
21 89 0.58972
22 89 0.92458
23 89 1.11109
24 89 1.10584
25 89 1.00275
26 89 0.96708
27 89 0.99407
28 89 1.00674
29 89 1.00097
30 89 0.99811
31 89 0.99989
32 89 1.00044
33 89 0.99989
34 89 0.99811
35 89 1.00097
36 89 1.00674
37 89 0.99407
38 89 0.96708
39 89 1.00275
40 89 1.10584
41 89 1.11109
42 89 0.92458
43 89 0.58972
44 89 0.22364
45 89 -0.00792
46 89 -0.06047
47 89 0.01271
48 89 0.14567
49 89 0.30312
50 89 0.46815
51 89 0.60409
52 89 0.61441
53 89 0.34924
54 89 0.00905
55 89 -0.07169
56 89 0.00372
57 89 0.02858
58 89 0.00910
59 89 -0.00149
60 89 -0.00089
61 89 0.00048
62 89 0.00044
63 89 0.00014
0 90 0.00012
1 90 0.00013
2 90 0.00036
3 90 0.00048
4 90 -0.00058
5 90 -0.00164
6 90 0.00561
7 90 0.02576
8 90 0.01814
9 90 -0.05237
10 90 -0.05041
11 90 0.16865
12 90 0.40332
13 90 0.43175
14 90 0.32264
15 90 0.18061
16 90 0.05616
17 90 -0.03732
18 90 -0.05521
19 90 0.07956
20 90 0.39160
21 90 0.77745
22 90 1.04608
23 90 1.12587
24 90 1.06275
25 90 0.97631
26 90 0.97098
27 90 1.00222
28 90 1.00771
29 90 0.99972
30 90 0.99807
31 90 1.00045
32 90 1.00090
33 90 1.00045
34 90 0.99807
35 90 0.99972
36 90 1.00771
37 90 1.00222
38 90 0.97098
39 90 0.97631
40 90 1.06275
41 90 1.12587
42 90 1.04608
43 90 0.77745
44 90 0.39160
45 90 0.07956
46 90 -0.05521
47 90 -0.03732
48 90 0.05616
49 90 0.18061
50 90 0.32264
51 90 0.43175
52 90 0.40332
53 90 0.16865
54 90 -0.05041
55 90 -0.05237
56 90 0.01814
57 90 0.02576
58 90 0.00561
59 90 -0.00164
60 90 -0.00058
61 90 0.00048
62 90 0.00036
63 90 0.00013
0 91 0.00010
1 91 0.00009
2 91 0.00027
3 91 0.00042
4 91 -0.00036
5 91 -0.00178
6 91 0.00198
7 91 0.02037
8 91 0.02829
9 91 -0.02395
10 91 -0.07459
11 91 0.01455
12 91 0.16832
13 91 0.21252
14 91 0.15383
15 91 0.06384
16 91 -0.01684
17 91 -0.06408
18 91 -0.00756
19 91 0.22128
20 91 0.58857
21 91 0.94121
22 91 1.11039
23 91 1.09990
24 91 1.01646
25 91 0.96385
26 91 0.98279
27 91 1.00962
28 91 1.00668
29 91 0.99816
30 91 0.99826
31 91 1.00094
32 91 1.00112
33 91 1.00094
34 91 0.99826
35 91 0.99816
36 91 1.00668
37 91 1.00962
38 91 0.98279
39 91 0.96385
40 91 1.01646
41 91 1.09990
42 91 1.11039
43 91 0.94121
44 91 0.58857
45 91 0.22128
46 91 -0.00756
47 91 -0.06408
48 91 -0.01684
49 91 0.06384
50 91 0.15383
51 91 0.21252
52 91 0.16832
53 91 0.01455
54 91 -0.07459
55 91 -0.02395
56 91 0.02829
57 91 0.02037
58 91 0.00198
59 91 -0.00178
60 91 -0.00036
61 91 0.00042
62 91 0.00027
63 91 0.00009
0 92 0.00010
1 92 0.00008
2 92 0.00021
3 92 0.00038
4 92 -0.00007
5 92 -0.00158
6 92 -0.00109
7 92 0.01306
8 92 0.03149
9 92 0.00560
10 92 -0.05835
11 92 -0.06004
12 92 0.00459
13 92 0.03812
14 92 0.02236
15 92 -0.01829
16 92 -0.05889
17 92 -0.04794
18 92 0.10330
19 92 0.41748
20 92 0.79093
21 92 1.05879
22 92 1.11995
23 92 1.05361
24 92 0.98331
25 92 0.96800
26 92 0.99796
27 92 1.01321
28 92 1.00340
29 92 0.99645
30 92 0.99835
31 92 1.00093
32 92 1.00076
33 92 1.00093
34 92 0.99835
35 92 0.99645
36 92 1.00340
37 92 1.01321
38 92 0.99796
39 92 0.96800
40 92 0.98331
41 92 1.05361
42 92 1.11995
43 92 1.05879
44 92 0.79093
45 92 0.41748
46 92 0.10330
47 92 -0.04794
48 92 -0.05889
49 92 -0.01829
50 92 0.02236
51 92 0.03812
52 92 0.00459
53 92 -0.06004
54 92 -0.05835
55 92 0.00560
56 92 0.03149
57 92 0.01306
58 92 -0.00109
59 92 -0.00158
60 92 -0.00007
61 92 0.00038
62 92 0.00021
63 92 0.00008
0 93 0.00010
1 93 0.00007
2 93 0.00014
3 93 0.00033
4 93 0.00024
5 93 -0.00113
6 93 -0.00334
7 93 0.00506
8 93 0.02728
9 93 0.02598
10 93 -0.02309
11 93 -0.06127
12 93 -0.05272
13 93 -0.03615
14 93 -0.03438
15 93 -0.05267
16 93 -0.05890
17 93 0.02996
18 93 0.28287
19 93 0.64467
20 93 0.96419
21 93 1.11592
22 93 1.08896
23 93 1.00821
24 93 0.97087
25 93 0.98325
26 93 1.01005
27 93 1.01170
28 93 0.99914
29 93 0.99553
30 93 0.99875
31 93 1.00089
32 93 1.00040
33 93 1.00089
34 93 0.99875
35 93 0.99553
36 93 0.99914
37 93 1.01170
38 93 1.01005
39 93 0.98325
40 93 0.97087
41 93 1.00821
42 93 1.08896
43 93 1.11592
44 93 0.96419
45 93 0.64467
46 93 0.28287
47 93 0.02996
48 93 -0.05890
49 93 -0.05267
50 93 -0.03438
51 93 -0.03615
52 93 -0.05272
53 93 -0.06127
54 93 -0.02309
55 93 0.02598
56 93 0.02728
57 93 0.00506
58 93 -0.00334
59 93 -0.00113
60 93 0.00024
61 93 0.00033
62 93 0.00014
63 93 0.00007
0 94 0.00005
1 94 0.00005
2 94 0.00008
3 94 0.00027
4 94 0.00050
5 94 -0.00058
6 94 -0.00442
7 94 -0.00150
8 94 0.01837
9 94 0.03177
10 94 0.00562
11 94 -0.03028
12 94 -0.03769
13 94 -0.03285
14 94 -0.03865
15 94 -0.05245
16 94 -0.00834
17 94 0.18003
18 94 0.51303
19 94 0.86049
20 94 1.07592
21 94 1.11336
22 94 1.03923
23 94 0.97880
24 94 0.97677
25 94 1.00028
26 94 1.01485
27 94 1.00640
28 94 0.99573
29 94 0.99593
30 94 0.99949
31 94 1.00094
32 94 1.00021
33 94 1.00094
34 94 0.99949
35 94 0.99593
36 94 0.99573
37 94 1.00640
38 94 1.01485
39 94 1.00028
40 94 0.97677
41 94 0.97880
42 94 1.03923
43 94 1.11336
44 94 1.07592
45 94 0.86049
46 94 0.51303
47 94 0.18003
48 94 -0.00834
49 94 -0.05245
50 94 -0.03865
51 94 -0.03285
52 94 -0.03769
53 94 -0.03028
54 94 0.00562
55 94 0.03177
56 94 0.01837
57 94 -0.00150
58 94 -0.00442
59 94 -0.00058
60 94 0.00050
61 94 0.00027
62 94 0.00008
63 94 0.00005
0 95 -0.00011
1 95 -0.00002
2 95 0.00004
3 95 0.00019
4 95 0.00060
5 95 -0.00006
6 95 -0.00415
7 95 -0.00522
8 95 0.00797
9 95 0.02461
10 95 0.01763
11 95 0.00074
12 95 -0.00300
13 95 -0.01115
14 95 -0.03245
15 95 -0.02325
16 95 0.10675
17 95 0.39438
18 95 0.75181
19 95 1.01953
20 95 1.11174
21 95 1.06957
22 95 0.99440
23 95 0.97162
24 95 0.99265
25 95 1.01180
26 95 1.01271
27 95 1.00042
28 95 0.99444
29 95 0.99728
30 95 1.00008
31 95 1.00080
32 95 0.99996
33 95 1.00080
34 95 1.00008
35 95 0.99728
36 95 0.99444
37 95 1.00042
38 95 1.01271
39 95 1.01180
40 95 0.99265
41 95 0.97162
42 95 0.99440
43 95 1.06957
44 95 1.11174
45 95 1.01953
46 95 0.75181
47 95 0.39438
48 95 0.10675
49 95 -0.02325
50 95 -0.03245
51 95 -0.01115
52 95 -0.00300
53 95 0.00074
54 95 0.01763
55 95 0.02461
56 95 0.00797
57 95 -0.00522
58 95 -0.00415
59 95 -0.00006
60 95 0.00060
61 95 0.00019
62 95 0.00004
63 95 -0.00002
0 96 -0.00026
1 96 -0.00002
2 96 0.00006
3 96 -0.00002
4 96 0.00043
5 96 0.00039
6 96 -0.00278
7 96 -0.00636
8 96 -0.00166
9 96 0.01139
10 96 0.01808
11 96 0.01998
12 96 0.01688
13 96 -0.00733
14 96 -0.02335
15 96 0.05398
16 96 0.29088
17 96 0.63671
18 96 0.94584
19 96 1.09410
20 96 1.08487
21 96 1.01539
22 96 0.97202
23 96 0.98309
24 96 1.00852
25 96 1.01496
26 96 1.00687
27 96 0.99634
28 96 0.99522
29 96 0.99875
30 96 1.00014
31 96 1.00047
32 96 0.99972
33 96 1.00047
34 96 1.00014
35 96 0.99875
36 96 0.99522
37 96 0.99634
38 96 1.00687
39 96 1.01496
40 96 1.00852
41 96 0.98309
42 96 0.97202
43 96 1.01539
44 96 1.08487
45 96 1.09410
46 96 0.94584
47 96 0.63671
48 96 0.29088
49 96 0.05398
50 96 -0.02335
51 96 -0.00733
52 96 0.01688
53 96 0.01998
54 96 0.01808
55 96 0.01139
56 96 -0.00166
57 96 -0.00636
58 96 -0.00278
59 96 0.00039
60 96 0.00043
61 96 -0.00002
62 96 0.00006
63 96 -0.00002
0 97 -0.00049
1 97 -0.00007
2 97 -0.00010
3 97 -0.00055
4 97 0.00006
5 97 0.00092
6 97 -0.00088
7 97 -0.00608
8 97 -0.00866
9 97 0.00036
10 97 0.01541
11 97 0.02429
12 97 0.01088
13 97 -0.01747
14 97 0.01514
15 97 0.19635
16 97 0.51872
17 97 0.85264
18 97 1.05733
19 97 1.09081
20 97 1.03098
21 97 0.97977
22 97 0.97579
23 97 1.00197
24 97 1.01697
25 97 1.01132
26 97 1.00109
27 97 0.99512
28 97 0.99713
29 97 0.99973
30 97 0.99989
31 97 1.00038
32 97 0.99990
33 97 1.00038
34 97 0.99989
35 97 0.99973
36 97 0.99713
37 97 0.99512
38 97 1.00109
39 97 1.01132
40 97 1.01697
41 97 1.00197
42 97 0.97579
43 97 0.97977
44 97 1.03098
45 97 1.09081
46 97 1.05733
47 97 0.85264
48 97 0.51872
49 97 0.19635
50 97 0.01514
51 97 -0.01747
52 97 0.01088
53 97 0.02429
54 97 0.01541
55 97 0.00036
56 97 -0.00866
57 97 -0.00608
58 97 -0.00088
59 97 0.00092
60 97 0.00006
61 97 -0.00055
62 97 -0.00010
63 97 -0.00007
0 98 -0.00059
1 98 -0.00001
2 98 -0.00027
3 98 -0.00104
4 98 0.00012
5 98 0.00183
6 98 0.00084
7 98 -0.00520
8 98 -0.01120
9 98 -0.00340
10 98 0.01281
11 98 0.01369
12 98 -0.01071
13 98 -0.01107
14 98 0.11106
15 98 0.39232
16 98 0.73942
17 98 0.99577
18 98 1.08267
19 98 1.04433
20 98 0.98686
21 98 0.97361
22 98 0.99410
23 98 1.01543
24 98 1.01579
25 98 1.00474
26 98 0.99765
27 98 0.99599
28 98 0.99885
29 98 0.99992
30 98 0.99958
31 98 1.00069
32 98 1.00053
33 98 1.00069
34 98 0.99958
35 98 0.99992
36 98 0.99885
37 98 0.99599
38 98 0.99765
39 98 1.00474
40 98 1.01579
41 98 1.01543
42 98 0.99410
43 98 0.97361
44 98 0.98686
45 98 1.04433
46 98 1.08267
47 98 0.99577
48 98 0.73942
49 98 0.39232
50 98 0.11106
51 98 -0.01107
52 98 -0.01071
53 98 0.01369
54 98 0.01281
55 98 -0.00340
56 98 -0.01120
57 98 -0.00520
58 98 0.00084
59 98 0.00183
60 98 0.00012
61 98 -0.00104
62 98 -0.00027
63 98 -0.00001
0 99 -0.00091
1 99 -0.00012
2 99 -0.00064
3 99 -0.00153
4 99 0.00039
5 99 0.00221
6 99 0.00111
7 99 -0.00420
8 99 -0.00891
9 99 -0.00121
10 99 0.00704
11 99 -0.00729
12 99 -0.02466
13 99 0.04065
14 99 0.26393
15 99 0.60055
16 99 0.90396
17 99 1.05206
18 99 1.05101
19 99 0.99574
20 99 0.97121
21 99 0.98801
22 99 1.01075
23 99 1.01776
24 99 1.00896
25 99 0.99965
26 99 0.99723
27 99 0.99768
28 99 0.99976
29 99 0.99967
30 99 0.99958
31 99 1.00138
32 99 1.00141
33 99 1.00138
34 99 0.99958
35 99 0.99967
36 99 0.99976
37 99 0.99768
38 99 0.99723
39 99 0.99965
40 99 1.00896
41 99 1.01776
42 99 1.01075
43 99 0.98801
44 99 0.97121
45 99 0.99574
46 99 1.05101
47 99 1.05206
48 99 0.90396
49 99 0.60055
50 99 0.26393
51 99 0.04065
52 99 -0.02466
53 99 -0.00729
54 99 0.00704
55 99 -0.00121
56 99 -0.00891
57 99 -0.00420
58 99 0.00111
59 99 0.00221
60 99 0.00039
61 99 -0.00153
62 99 -0.00064
63 99 -0.00012
0 100 -0.00139
1 100 -0.00021
2 100 -0.00077
3 100 -0.00165
4 100 0.00073
5 100 0.00149
6 100 0.00003
7 100 -0.00217
8 100 -0.00293
9 100 0.00166
10 100 -0.00475
11 100 -0.02722
12 100 -0.00895
13 100 0.14252
14 100 0.44202
15 100 0.77424
16 100 0.99208
17 100 1.04456
18 100 1.00556
19 100 0.97185
20 100 0.98063
21 100 1.00597
22 100 1.01684
23 100 1.01225
24 100 1.00263
25 100 0.99827
26 100 0.99863
27 100 0.99879
28 100 0.99969
29 100 0.99929
30 100 0.99984
31 100 1.00202
32 100 1.00203
33 100 1.00202
34 100 0.99984
35 100 0.99929
36 100 0.99969
37 100 0.99879
38 100 0.99863
39 100 0.99827
40 100 1.00263
41 100 1.01225
42 100 1.01684
43 100 1.00597
44 100 0.98063
45 100 0.97185
46 100 1.00556
47 100 1.04456
48 100 0.99208
49 100 0.77424
50 100 0.44202
51 100 0.14252
52 100 -0.00895
53 100 -0.02722
54 100 -0.00475
55 100 0.00166
56 100 -0.00293
57 100 -0.00217
58 100 0.00003
59 100 0.00149
60 100 0.00073
61 100 -0.00165
62 100 -0.00077
63 100 -0.00021
0 101 -0.00274
1 101 -0.00070
2 101 -0.00075
3 101 -0.00164
4 101 0.00052
5 101 -0.00066
6 101 -0.00168
7 101 0.00117
8 101 0.00337
9 101 -0.00005
10 101 -0.02030
11 101 -0.03289
12 101 0.04329
13 101 0.27391
14 101 0.60606
15 101 0.88925
16 101 1.01685
17 101 1.01174
18 101 0.97666
19 101 0.97424
20 101 0.99810
21 101 1.01472
22 101 1.01302
23 101 1.00517
24 101 0.99978
25 101 0.99918
26 101 0.99954
27 101 0.99844
28 101 0.99886
29 101 0.99892
30 101 1.00009
31 101 1.00230
32 101 1.00213
33 101 1.00230
34 101 1.00009
35 101 0.99892
36 101 0.99886
37 101 0.99844
38 101 0.99954
39 101 0.99918
40 101 0.99978
41 101 1.00517
42 101 1.01302
43 101 1.01472
44 101 0.99810
45 101 0.97424
46 101 0.97666
47 101 1.01174
48 101 1.01685
49 101 0.88925
50 101 0.60606
51 101 0.27391
52 101 0.04329
53 101 -0.03289
54 101 -0.02030
55 101 -0.00005
56 101 0.00337
57 101 0.00117
58 101 -0.00168
59 101 -0.00066
60 101 0.00052
61 101 -0.00164
62 101 -0.00075
63 101 -0.00070
0 102 -0.00419
1 102 -0.00076
2 102 0.00005
3 102 -0.00146
4 102 -0.00040
5 102 -0.00349
6 102 -0.00229
7 102 0.00614
8 102 0.00741
9 102 -0.00735
10 102 -0.03372
11 102 -0.01820
12 102 0.12202
13 102 0.40809
14 102 0.73508
15 102 0.95103
16 102 1.00802
17 102 0.98330
18 102 0.97076
19 102 0.98841
20 102 1.00921
21 102 1.01303
22 102 1.00605
23 102 1.00126
24 102 1.00010
25 102 1.00030
26 102 0.99922
27 102 0.99743
28 102 0.99829
29 102 0.99911
30 102 1.00065
31 102 1.00271
32 102 1.00237
33 102 1.00271
34 102 1.00065
35 102 0.99911
36 102 0.99829
37 102 0.99743
38 102 0.99922
39 102 1.00030
40 102 1.00010
41 102 1.00126
42 102 1.00605
43 102 1.01303
44 102 1.00921
45 102 0.98841
46 102 0.97076
47 102 0.98330
48 102 1.00802
49 102 0.95103
50 102 0.73508
51 102 0.40809
52 102 0.12202
53 102 -0.01820
54 102 -0.03372
55 102 -0.00735
56 102 0.00741
57 102 0.00614
58 102 -0.00229
59 102 -0.00349
60 102 -0.00040
61 102 -0.00146
62 102 0.00005
63 102 -0.00076
0 103 -0.00440
1 103 0.00027
2 103 0.00057
3 103 -0.00350
4 103 -0.00371
5 103 -0.00638
6 103 0.00025
7 103 0.01334
8 103 0.00772
9 103 -0.02019
10 103 -0.04231
11 103 0.01535
12 103 0.21728
13 103 0.53603
14 103 0.83321
15 103 0.97963
16 103 0.99065
17 103 0.97015
18 103 0.97886
19 103 1.00064
20 103 1.01090
21 103 1.00716
22 103 1.00157
23 103 1.00076
24 103 1.00104
25 103 1.00006
26 103 0.99788
27 103 0.99634
28 103 0.99799
29 103 0.99938
30 103 1.00107
31 103 1.00306
32 103 1.00269
33 103 1.00306
34 103 1.00107
35 103 0.99938
36 103 0.99799
37 103 0.99634
38 103 0.99788
39 103 1.00006
40 103 1.00104
41 103 1.00076
42 103 1.00157
43 103 1.00716
44 103 1.01090
45 103 1.00064
46 103 0.97886
47 103 0.97015
48 103 0.99065
49 103 0.97963
50 103 0.83321
51 103 0.53603
52 103 0.21728
53 103 0.01535
54 103 -0.04231
55 103 -0.02018
56 103 0.00772
57 103 0.01334
58 103 0.00025
59 103 -0.00638
60 103 -0.00371
61 103 -0.00350
62 103 0.00057
63 103 0.00027
0 104 -0.00210
1 104 0.00266
2 104 -0.00053
3 104 -0.00851
4 104 -0.00714
5 104 -0.00504
6 104 0.00814
7 104 0.02008
8 104 -0.00078
9 104 -0.04000
10 104 -0.04075
11 104 0.07767
12 104 0.34146
13 104 0.67051
14 104 0.91345
15 104 0.99066
16 104 0.97614
17 104 0.96947
18 104 0.98984
19 104 1.00590
20 104 1.00752
21 104 1.00269
22 104 1.00035
23 104 1.00116
24 104 1.00073
25 104 0.99867
26 104 0.99649
27 104 0.99563
28 104 0.99777
29 104 0.99945
30 104 1.00126
31 104 1.00338
32 104 1.00315
33 104 1.00338
34 104 1.00126
35 104 0.99945
36 104 0.99777
37 104 0.99563
38 104 0.99649
39 104 0.99867
40 104 1.00073
41 104 1.00116
42 104 1.00035
43 104 1.00269
44 104 1.00752
45 104 1.00590
46 104 0.98984
47 104 0.96947
48 104 0.97614
49 104 0.99066
50 104 0.91345
51 104 0.67051
52 104 0.34146
53 104 0.07766
54 104 -0.04075
55 104 -0.04000
56 104 -0.00078
57 104 0.02008
58 104 0.00814
59 104 -0.00504
60 104 -0.00714
61 104 -0.00851
62 104 -0.00053
63 104 0.00266
0 105 -0.00269
1 105 0.00144
2 105 -0.00503
3 105 -0.01092
4 105 0.00058
5 105 0.00667
6 105 0.01314
7 105 0.00782
8 105 -0.03089
9 105 -0.05847
10 105 0.00193
11 105 0.20757
12 105 0.52047
13 105 0.81666
14 105 0.97408
15 105 0.98811
16 105 0.96662
17 105 0.97540
18 105 0.99813
19 105 1.00608
20 105 1.00406
21 105 1.00118
22 105 1.00051
23 105 1.00083
24 105 0.99959
25 105 0.99758
26 105 0.99605
27 105 0.99546
28 105 0.99758
29 105 0.99942
30 105 1.00133
31 105 1.00369
32 105 1.00368
33 105 1.00369
34 105 1.00133
35 105 0.99942
36 105 0.99758
37 105 0.99546
38 105 0.99605
39 105 0.99758
40 105 0.99959
41 105 1.00083
42 105 1.00051
43 105 1.00118
44 105 1.00406
45 105 1.00608
46 105 0.99813
47 105 0.97540
48 105 0.96662
49 105 0.98811
50 105 0.97408
51 105 0.81666
52 105 0.52047
53 105 0.20757
54 105 0.00193
55 105 -0.05847
56 105 -0.03089
57 105 0.00782
58 105 0.01314
59 105 0.00667
60 105 0.00058
61 105 -0.01092
62 105 -0.00503
63 105 0.00144
0 106 -0.00680
1 106 -0.00584
2 106 -0.01585
3 106 -0.00721
4 106 0.02770
5 106 0.02728
6 106 -0.00227
7 106 -0.03949
8 106 -0.06954
9 106 -0.02474
10 106 0.14924
11 106 0.44035
12 106 0.74301
13 106 0.94215
14 106 0.99873
15 106 0.97389
16 106 0.96370
17 106 0.98480
18 106 1.00329
19 106 1.00457
20 106 1.00250
21 106 1.00143
22 106 1.00054
23 106 0.99998
24 106 0.99890
25 106 0.99762
26 106 0.99647
27 106 0.99548
28 106 0.99723
29 106 0.99916
30 106 1.00102
31 106 1.00351
32 106 1.00376
33 106 1.00351
34 106 1.00102
35 106 0.99916
36 106 0.99723
37 106 0.99548
38 106 0.99647
39 106 0.99762
40 106 0.99890
41 106 0.99998
42 106 1.00054
43 106 1.00143
44 106 1.00250
45 106 1.00457
46 106 1.00329
47 106 0.98480
48 106 0.96370
49 106 0.97389
50 106 0.99873
51 106 0.94215
52 106 0.74301
53 106 0.44035
54 106 0.14924
55 106 -0.02474
56 106 -0.06954
57 106 -0.03949
58 106 -0.00227
59 106 0.02728
60 106 0.02770
61 106 -0.00721
62 106 -0.01585
63 106 -0.00584
0 107 0.06397
1 107 0.03993
2 107 -0.01723
3 107 -0.01863
4 107 0.03917
5 107 0.02874
6 107 -0.03940
7 107 -0.07738
8 107 -0.02834
9 107 0.15218
10 107 0.43621
11 107 0.73368
12 107 0.93227
13 107 0.99896
14 107 0.98443
15 107 0.95997
16 107 0.97102
17 107 0.99606
18 107 1.00623
19 107 1.00338
20 107 1.00272
21 107 1.00247
22 107 1.00077
23 107 1.00012
24 107 0.99989
25 107 0.99918
26 107 0.99783
27 107 0.99590
28 107 0.99710
29 107 0.99905
30 107 1.00056
31 107 1.00294
32 107 1.00341
33 107 1.00294
34 107 1.00056
35 107 0.99905
36 107 0.99710
37 107 0.99590
38 107 0.99783
39 107 0.99918
40 107 0.99989
41 107 1.00012
42 107 1.00077
43 107 1.00247
44 107 1.00272
45 107 1.00338
46 107 1.00623
47 107 0.99606
48 107 0.97102
49 107 0.95997
50 107 0.98443
51 107 0.99896
52 107 0.93227
53 107 0.73368
54 107 0.43621
55 107 0.15218
56 107 -0.02834
57 107 -0.07738
58 107 -0.03940
59 107 0.02874
60 107 0.03917
61 107 -0.01863
62 107 -0.01723
63 107 0.03993
0 108 0.43061
1 108 0.33316
2 108 0.10860
3 108 -0.02601
4 108 -0.00959
5 108 -0.02484
6 108 -0.07110
7 108 -0.01942
8 108 0.17528
9 108 0.47400
10 108 0.76533
11 108 0.95517
12 108 1.00648
13 108 0.98204
14 108 0.95942
15 108 0.96282
16 108 0.98803
17 108 1.00604
18 108 1.00734
19 108 1.00328
20 108 1.00428
21 108 1.00400
22 108 1.00175
23 108 1.00165
24 108 1.00235
25 108 1.00199
26 108 1.00013
27 108 0.99688
28 108 0.99728
29 108 0.99910
30 108 0.99982
31 108 1.00168
32 108 1.00227
33 108 1.00168
34 108 0.99982
35 108 0.99910
36 108 0.99728
37 108 0.99688
38 108 1.00013
39 108 1.00199
40 108 1.00235
41 108 1.00165
42 108 1.00175
43 108 1.00400
44 108 1.00428
45 108 1.00328
46 108 1.00734
47 108 1.00604
48 108 0.98803
49 108 0.96282
50 108 0.95942
51 108 0.98204
52 108 1.00648
53 108 0.95517
54 108 0.76533
55 108 0.47400
56 108 0.17528
57 108 -0.01942
58 108 -0.07110
59 108 -0.02484
60 108 -0.00959
61 108 -0.02601
62 108 0.10860
63 108 0.33316
0 109 1.03461
1 109 0.86367
2 109 0.43280
3 109 0.06034
4 109 -0.05860
5 109 -0.07721
6 109 -0.02345
7 109 0.18076
8 109 0.49198
9 109 0.79090
10 109 0.96984
11 109 1.01723
12 109 0.97912
13 109 0.94747
14 109 0.95877
15 109 0.98418
16 109 1.00560
17 109 1.01105
18 109 1.00730
19 109 1.00483
20 109 1.00737
21 109 1.00685
22 109 1.00410
23 109 1.00429
24 109 1.00568
25 109 1.00585
26 109 1.00364
27 109 0.99880
28 109 0.99807
29 109 0.99949
30 109 0.99890
31 109 0.99956
32 109 1.00002
33 109 0.99956
34 109 0.99890
35 109 0.99949
36 109 0.99807
37 109 0.99880
38 109 1.00364
39 109 1.00585
40 109 1.00568
41 109 1.00429
42 109 1.00410
43 109 1.00685
44 109 1.00737
45 109 1.00483
46 109 1.00730
47 109 1.01105
48 109 1.00560
49 109 0.98418
50 109 0.95877
51 109 0.94747
52 109 0.97912
53 109 1.01723
54 109 0.96984
55 109 0.79090
56 109 0.49198
57 109 0.18076
58 109 -0.02345
59 109 -0.07721
60 109 -0.05860
61 109 0.06034
62 109 0.43280
63 109 0.86367
0 110 1.22306
1 110 1.08206
2 110 0.64389
3 110 0.14842
4 110 -0.07721
5 110 -0.05180
6 110 0.15208
7 110 0.47210
8 110 0.77558
9 110 0.95863
10 110 1.00303
11 110 0.97704
12 110 0.93875
13 110 0.94315
14 110 0.97786
15 110 1.00101
16 110 1.00985
17 110 1.00744
18 110 1.00400
19 110 1.00485
20 110 1.01015
21 110 1.01113
22 110 1.00863
23 110 1.00871
24 110 1.01036
25 110 1.01125
26 110 1.00899
27 110 1.00232
28 110 1.00005
29 110 1.00093
30 110 0.99847
31 110 0.99707
32 110 0.99701
33 110 0.99707
34 110 0.99847
35 110 1.00093
36 110 1.00005
37 110 1.00232
38 110 1.00899
39 110 1.01125
40 110 1.01036
41 110 1.00871
42 110 1.00863
43 110 1.01113
44 110 1.01015
45 110 1.00485
46 110 1.00400
47 110 1.00744
48 110 1.00985
49 110 1.00101
50 110 0.97786
51 110 0.94315
52 110 0.93875
53 110 0.97704
54 110 1.00303
55 110 0.95863
56 110 0.77558
57 110 0.47210
58 110 0.15208
59 110 -0.05180
60 110 -0.07721
61 110 0.14842
62 110 0.64389
63 110 1.08206
0 111 0.80450
1 111 0.77997
2 111 0.53459
3 111 0.09697
4 111 -0.11789
5 111 0.04240
6 111 0.41142
7 111 0.74627
8 111 0.92746
9 111 0.97692
10 111 0.95758
11 111 0.93826
12 111 0.93143
13 111 0.95293
14 111 0.98033
15 111 0.99127
16 111 0.99527
17 111 0.99279
18 111 0.99043
19 111 0.99324
20 111 1.00287
21 111 1.00949
22 111 1.01089
23 111 1.01268
24 111 1.01524
25 111 1.01746
26 111 1.01582
27 111 1.00738
28 111 1.00327
29 111 1.00364
30 111 0.99913
31 111 0.99502
32 111 0.99409
33 111 0.99502
34 111 0.99913
35 111 1.00364
36 111 1.00327
37 111 1.00738
38 111 1.01582
39 111 1.01746
40 111 1.01524
41 111 1.01268
42 111 1.01089
43 111 1.00949
44 111 1.00287
45 111 0.99324
46 111 0.99043
47 111 0.99279
48 111 0.99527
49 111 0.99127
50 111 0.98033
51 111 0.95293
52 111 0.93143
53 111 0.93826
54 111 0.95758
55 111 0.97692
56 111 0.92746
57 111 0.74627
58 111 0.41142
59 111 0.04240
60 111 -0.11789
61 111 0.09697
62 111 0.53459
63 111 0.77997
0 112 0.30422
1 112 0.39162
2 112 0.36614
3 112 0.05100
4 112 -0.09805
5 112 0.21277
6 112 0.67652
7 112 0.90947
8 112 0.93845
9 112 0.92593
10 112 0.91909
11 112 0.93141
12 112 0.94084
13 112 0.95800
14 112 0.97351
15 112 0.98237
16 112 0.99073
17 112 0.98875
18 112 0.98106
19 112 0.97706
20 112 0.98502
21 112 0.99645
22 112 1.00414
23 112 1.01051
24 112 1.01601
25 112 1.02136
26 112 1.02228
27 112 1.01296
28 112 1.00689
29 112 1.00710
30 112 1.00110
31 112 0.99422
32 112 0.99229
33 112 0.99422
34 112 1.00110
35 112 1.00710
36 112 1.00689
37 112 1.01296
38 112 1.02228
39 112 1.02136
40 112 1.01601
41 112 1.01051
42 112 1.00414
43 112 0.99645
44 112 0.98502
45 112 0.97706
46 112 0.98106
47 112 0.98875
48 112 0.99073
49 112 0.98237
50 112 0.97351
51 112 0.95800
52 112 0.94084
53 112 0.93141
54 112 0.91909
55 112 0.92593
56 112 0.93845
57 112 0.90947
58 112 0.67652
59 112 0.21277
60 112 -0.09805
61 112 0.05100
62 112 0.36614
63 112 0.39163
0 113 0.07110
1 113 0.20465
2 113 0.32560
3 113 0.16001
4 113 0.09400
5 113 0.46541
6 113 0.87206
7 113 0.92990
8 113 0.87247
9 113 0.88781
10 113 0.91780
11 113 0.94725
12 113 0.96455
13 113 0.98657
14 113 1.00540
15 113 1.01997
16 113 1.03256
17 113 1.02934
18 113 1.01284
19 113 0.99208
20 113 0.98384
21 113 0.98808
22 113 0.99546
23 113 1.00385
24 113 1.01160
25 113 1.02095
26 113 1.02661
27 113 1.01776
28 113 1.00963
29 113 1.01013
30 113 1.00374
31 113 0.99471
32 113 0.99192
33 113 0.99471
34 113 1.00374
35 113 1.01013
36 113 1.00963
37 113 1.01776
38 113 1.02661
39 113 1.02095
40 113 1.01160
41 113 1.00385
42 113 0.99546
43 113 0.98808
44 113 0.98384
45 113 0.99208
46 113 1.01284
47 113 1.02934
48 113 1.03256
49 113 1.01997
50 113 1.00540
51 113 0.98657
52 113 0.96455
53 113 0.94725
54 113 0.91780
55 113 0.88781
56 113 0.87247
57 113 0.92990
58 113 0.87206
59 113 0.46541
60 113 0.09400
61 113 0.16001
62 113 0.32560
63 113 0.20465
0 114 0.13542
1 114 0.23722
2 114 0.38370
3 114 0.35321
4 114 0.37964
5 114 0.72095
6 114 0.97713
7 114 0.89142
8 114 0.83606
9 114 0.89189
10 114 0.91016
11 114 0.91994
12 114 0.93944
13 114 0.97534
14 114 1.00562
15 114 1.02974
16 114 1.05338
17 114 1.06502
18 114 1.06106
19 114 1.03586
20 114 1.00971
21 114 0.99836
22 114 0.99683
23 114 1.00092
24 114 1.00660
25 114 1.01787
26 114 1.02905
27 114 1.02197
28 114 1.01156
29 114 1.01235
30 114 1.00665
31 114 0.99642
32 114 0.99308
33 114 0.99642
34 114 1.00665
35 114 1.01235
36 114 1.01156
37 114 1.02197
38 114 1.02905
39 114 1.01787
40 114 1.00660
41 114 1.00092
42 114 0.99683
43 114 0.99836
44 114 1.00971
45 114 1.03586
46 114 1.06106
47 114 1.06502
48 114 1.05338
49 114 1.02974
50 114 1.00562
51 114 0.97534
52 114 0.93944
53 114 0.91994
54 114 0.91016
55 114 0.89189
56 114 0.83606
57 114 0.89142
58 114 0.97713
59 114 0.72095
60 114 0.37964
61 114 0.35321
62 114 0.38370
63 114 0.23722
0 115 0.25445
1 115 0.31054
2 115 0.43163
3 115 0.48676
4 115 0.58692
5 115 0.87755
6 115 1.00928
7 115 0.84963
8 115 0.78692
9 115 0.79649
10 115 0.73716
11 115 0.71040
12 115 0.73296
13 115 0.78330
14 115 0.83218
15 115 0.88152
16 115 0.93746
17 115 0.99486
18 115 1.04751
19 115 1.05736
20 115 1.03369
21 115 1.01334
22 115 1.00358
23 115 1.00199
24 115 1.00249
25 115 1.01255
26 115 1.02935
27 115 1.02581
28 115 1.01314
29 115 1.01372
30 115 1.00946
31 115 0.99913
32 115 0.99571
33 115 0.99913
34 115 1.00946
35 115 1.01372
36 115 1.01314
37 115 1.02581
38 115 1.02935
39 115 1.01255
40 115 1.00249
41 115 1.00199
42 115 1.00358
43 115 1.01334
44 115 1.03369
45 115 1.05736
46 115 1.04751
47 115 0.99486
48 115 0.93746
49 115 0.88152
50 115 0.83218
51 115 0.78330
52 115 0.73296
53 115 0.71040
54 115 0.73716
55 115 0.79649
56 115 0.78692
57 115 0.84963
58 115 1.00928
59 115 0.87755
60 115 0.58692
61 115 0.48676
62 115 0.43163
63 115 0.31054
0 116 0.26796
1 116 0.30427
2 116 0.41606
3 116 0.50794
4 116 0.63149
5 116 0.88637
6 116 0.97845
7 116 0.80201
8 116 0.68200
9 116 0.60404
10 116 0.50428
11 116 0.49437
12 116 0.53049
13 116 0.56511
14 116 0.60129
15 116 0.66020
16 116 0.73686
17 116 0.83364
18 116 0.96472
19 116 1.04672
20 116 1.04723
21 116 1.02580
22 116 1.01164
23 116 1.00623
24 116 1.00009
25 116 1.00575
26 116 1.02744
27 116 1.02907
28 116 1.01431
29 116 1.01384
30 116 1.01135
31 116 1.00194
32 116 0.99896
33 116 1.00194
34 116 1.01135
35 116 1.01384
36 116 1.01431
37 116 1.02907
38 116 1.02744
39 116 1.00575
40 116 1.00009
41 116 1.00623
42 116 1.01164
43 116 1.02580
44 116 1.04723
45 116 1.04672
46 116 0.96472
47 116 0.83364
48 116 0.73686
49 116 0.66020
50 116 0.60129
51 116 0.56511
52 116 0.53049
53 116 0.49437
54 116 0.50428
55 116 0.60404
56 116 0.68200
57 116 0.80201
58 116 0.97845
59 116 0.88637
60 116 0.63149
61 116 0.50794
62 116 0.41606
63 116 0.30427
0 117 0.24306
1 117 0.27818
2 117 0.40256
3 117 0.49803
4 117 0.57471
5 117 0.77216
6 117 0.88516
7 117 0.76727
8 117 0.62643
9 117 0.51951
10 117 0.44942
11 117 0.47961
12 117 0.51387
13 117 0.49910
14 117 0.48247
15 117 0.51086
16 117 0.56119
17 117 0.64796
18 117 0.84084
19 117 1.01349
20 117 1.05322
21 117 1.03583
22 117 1.02041
23 117 1.01401
24 117 1.00181
25 117 1.00083
26 117 1.02560
27 117 1.03284
28 117 1.01603
29 117 1.01357
30 117 1.01274
31 117 1.00486
32 117 1.00262
33 117 1.00486
34 117 1.01274
35 117 1.01357
36 117 1.01603
37 117 1.03284
38 117 1.02560
39 117 1.00083
40 117 1.00181
41 117 1.01401
42 117 1.02041
43 117 1.03583
44 117 1.05322
45 117 1.01348
46 117 0.84084
47 117 0.64796
48 117 0.56119
49 117 0.51086
50 117 0.48247
51 117 0.49909
52 117 0.51387
53 117 0.47961
54 117 0.44942
55 117 0.51951
56 117 0.62643
57 117 0.76727
58 117 0.88516
59 117 0.77216
60 117 0.57471
61 117 0.49804
62 117 0.40256
63 117 0.27818
0 118 0.19820
1 118 0.24014
2 118 0.40410
3 118 0.52712
4 118 0.53935
5 118 0.63013
6 118 0.73763
7 118 0.72453
8 118 0.65805
9 118 0.58119
10 118 0.51022
11 118 0.50275
12 118 0.50487
13 118 0.46487
14 118 0.41970
15 118 0.41525
16 118 0.42005
17 118 0.47903
18 118 0.71938
19 118 0.97182
20 118 1.04685
21 118 1.03411
22 118 1.02048
23 118 1.01822
24 118 1.00448
25 118 0.99752
26 118 1.02364
27 118 1.03634
28 118 1.01810
29 118 1.01336
30 118 1.01391
31 118 1.00786
32 118 1.00662
33 118 1.00786
34 118 1.01391
35 118 1.01336
36 118 1.01810
37 118 1.03634
38 118 1.02364
39 118 0.99752
40 118 1.00448
41 118 1.01822
42 118 1.02048
43 118 1.03411
44 118 1.04685
45 118 0.97182
46 118 0.71937
47 118 0.47903
48 118 0.42005
49 118 0.41525
50 118 0.41970
51 118 0.46487
52 118 0.50487
53 118 0.50275
54 118 0.51022
55 118 0.58119
56 118 0.65805
57 118 0.72453
58 118 0.73763
59 118 0.63014
60 118 0.53936
61 118 0.52712
62 118 0.40411
63 118 0.24014
0 119 0.13343
1 119 0.17689
2 119 0.38785
3 119 0.58376
4 119 0.59044
5 119 0.58008
6 119 0.60609
7 119 0.62311
8 119 0.62661
9 119 0.57674
10 119 0.47989
11 119 0.43150
12 119 0.43272
13 119 0.41354
14 119 0.36706
15 119 0.33520
16 119 0.32549
17 119 0.42168
18 119 0.70901
19 119 0.97334
20 119 1.04480
21 119 1.02759
22 119 1.01384
23 119 1.01854
24 119 1.00777
25 119 0.99598
26 119 1.02105
27 119 1.03831
28 119 1.01976
29 119 1.01286
30 119 1.01436
31 119 1.01036
32 119 1.01040
33 119 1.01036
34 119 1.01436
35 119 1.01286
36 119 1.01976
37 119 1.03831
38 119 1.02105
39 119 0.99598
40 119 1.00777
41 119 1.01854
42 119 1.01384
43 119 1.02758
44 119 1.04480
45 119 0.97334
46 119 0.70901
47 119 0.42168
48 119 0.32549
49 119 0.33520
50 119 0.36706
51 119 0.41354
52 119 0.43272
53 119 0.43150
54 119 0.47989
55 119 0.57675
56 119 0.62661
57 119 0.62311
58 119 0.60609
59 119 0.58008
60 119 0.59044
61 119 0.58377
62 119 0.38785
63 119 0.17689
0 120 0.08136
1 120 0.10789
2 120 0.33430
3 120 0.60157
4 120 0.66026
5 120 0.62447
6 120 0.56732
7 120 0.51917
8 120 0.48794
9 120 0.41661
10 120 0.32899
11 120 0.31287
12 120 0.35600
13 120 0.36787
14 120 0.31364
15 120 0.26649
16 120 0.32776
17 120 0.55081
18 120 0.83417
19 120 1.00725
20 120 1.04413
21 120 1.02237
22 120 1.00625
23 120 1.01815
24 120 1.01317
25 120 0.99738
26 120 1.01894
27 120 1.03938
28 120 1.02160
29 120 1.01278
30 120 1.01468
31 120 1.01295
32 120 1.01459
33 120 1.01295
34 120 1.01468
35 120 1.01278
36 120 1.02160
37 120 1.03938
38 120 1.01894
39 120 0.99738
40 120 1.01317
41 120 1.01815
42 120 1.00625
43 120 1.02237
44 120 1.04413
45 120 1.00725
46 120 0.83417
47 120 0.55081
48 120 0.32776
49 120 0.26649
50 120 0.31364
51 120 0.36787
52 120 0.35600
53 120 0.31288
54 120 0.32899
55 120 0.41661
56 120 0.48794
57 120 0.51917
58 120 0.56733
59 120 0.62447
60 120 0.66026
61 120 0.60157
62 120 0.33430
63 120 0.10789
0 121 0.08156
1 121 0.07022
2 121 0.25767
3 121 0.54123
4 121 0.64990
5 121 0.65657
6 121 0.59904
7 121 0.51926
8 121 0.44289
9 121 0.33965
10 121 0.25736
11 121 0.25501
12 121 0.31046
13 121 0.33330
14 121 0.26757
15 121 0.23969
16 121 0.43363
17 121 0.75476
18 121 0.93345
19 121 0.99093
20 121 1.02304
21 121 1.01264
22 121 0.99512
23 121 1.01414
24 121 1.01687
25 121 0.99922
26 121 1.01650
27 121 1.03879
28 121 1.02280
29 121 1.01266
30 121 1.01459
31 121 1.01545
32 121 1.01912
33 121 1.01545
34 121 1.01459
35 121 1.01266
36 121 1.02280
37 121 1.03879
38 121 1.01650
39 121 0.99922
40 121 1.01687
41 121 1.01414
42 121 0.99512
43 121 1.01264
44 121 1.02304
45 121 0.99093
46 121 0.93345
47 121 0.75476
48 121 0.43363
49 121 0.23969
50 121 0.26757
51 121 0.33330
52 121 0.31046
53 121 0.25501
54 121 0.25736
55 121 0.33965
56 121 0.44289
57 121 0.51926
58 121 0.59904
59 121 0.65657
60 121 0.64990
61 121 0.54123
62 121 0.25768
63 121 0.07023
0 122 0.12174
1 122 0.06307
2 122 0.16060
3 122 0.37160
4 122 0.45793
5 122 0.49072
6 122 0.47017
7 122 0.42013
8 122 0.36094
9 122 0.27204
10 122 0.20408
11 122 0.20243
12 122 0.26213
13 122 0.30075
14 122 0.23990
15 122 0.25161
16 122 0.52982
17 122 0.83223
18 122 0.90713
19 122 0.94350
20 122 1.01344
21 122 1.01193
22 122 0.98584
23 122 1.00778
24 122 1.01761
25 122 1.00056
26 122 1.01366
27 122 1.03621
28 122 1.02286
29 122 1.01224
30 122 1.01383
31 122 1.01761
32 122 1.02379
33 122 1.01761
34 122 1.01383
35 122 1.01224
36 122 1.02286
37 122 1.03620
38 122 1.01366
39 122 1.00056
40 122 1.01761
41 122 1.00778
42 122 0.98584
43 122 1.01193
44 122 1.01344
45 122 0.94350
46 122 0.90713
47 122 0.83223
48 122 0.52982
49 122 0.25161
50 122 0.23990
51 122 0.30075
52 122 0.26213
53 122 0.20243
54 122 0.20408
55 122 0.27204
56 122 0.36094
57 122 0.42013
58 122 0.47017
59 122 0.49072
60 122 0.45793
61 122 0.37160
62 122 0.16060
63 122 0.06307
0 123 0.21374
1 123 0.13339
2 123 0.16346
3 123 0.27160
4 123 0.27542
5 123 0.27765
6 123 0.26138
7 123 0.23808
8 123 0.21818
9 123 0.17734
10 123 0.15093
11 123 0.16692
12 123 0.23629
13 123 0.29034
14 123 0.24058
15 123 0.27135
16 123 0.52477
17 123 0.75563
18 123 0.85220
19 123 0.96773
20 123 1.06350
21 123 1.03724
22 123 0.98669
23 123 1.00378
24 123 1.01750
25 123 1.00209
26 123 1.01068
27 123 1.03168
28 123 1.02183
29 123 1.01154
30 123 1.01221
31 123 1.01915
32 123 1.02838
33 123 1.01915
34 123 1.01221
35 123 1.01154
36 123 1.02183
37 123 1.03168
38 123 1.01068
39 123 1.00209
40 123 1.01750
41 123 1.00378
42 123 0.98669
43 123 1.03724
44 123 1.06350
45 123 0.96773
46 123 0.85220
47 123 0.75563
48 123 0.52477
49 123 0.27135
50 123 0.24058
51 123 0.29035
52 123 0.23629
53 123 0.16693
54 123 0.15093
55 123 0.17734
56 123 0.21818
57 123 0.23808
58 123 0.26138
59 123 0.27765
60 123 0.27542
61 123 0.27160
62 123 0.16346
63 123 0.13339
0 124 0.28961
1 124 0.23139
2 124 0.28437
3 124 0.36839
4 124 0.33451
5 124 0.31602
6 124 0.29094
7 124 0.27130
8 124 0.26376
9 124 0.24399
10 124 0.23210
11 124 0.23591
12 124 0.27719
13 124 0.31262
14 124 0.26156
15 124 0.28178
16 124 0.42697
17 124 0.57800
18 124 0.79234
19 124 1.02769
20 124 1.12659
21 124 1.06334
22 124 0.98954
23 124 1.00093
24 124 1.01718
25 124 1.00405
26 124 1.00738
27 124 1.02531
28 124 1.02001
29 124 1.01063
30 124 1.00939
31 124 1.01967
32 124 1.03251
33 124 1.01967
34 124 1.00939
35 124 1.01063
36 124 1.02001
37 124 1.02531
38 124 1.00738
39 124 1.00405
40 124 1.01718
41 124 1.00093
42 124 0.98954
43 124 1.06334
44 124 1.12659
45 124 1.02769
46 124 0.79234
47 124 0.57800
48 124 0.42697
49 124 0.28178
50 124 0.26156
51 124 0.31262
52 124 0.27719
53 124 0.23592
54 124 0.23210
55 124 0.24399
56 124 0.26376
57 124 0.27130
58 124 0.29094
59 124 0.31602
60 124 0.33451
61 124 0.36839
62 124 0.28437
63 124 0.23139
0 125 0.29831
1 125 0.26436
2 125 0.35061
3 125 0.43932
4 125 0.40959
5 125 0.40566
6 125 0.39343
7 125 0.38441
8 125 0.38130
9 125 0.36652
10 125 0.35409
11 125 0.33520
12 125 0.33470
13 125 0.33508
14 125 0.27805
15 125 0.28261
16 125 0.29725
17 125 0.36623
18 125 0.70976
19 125 1.05047
20 125 1.14708
21 125 1.06760
22 125 0.98831
23 125 0.99852
24 125 1.01742
25 125 1.00705
26 125 1.00431
27 125 1.01820
28 125 1.01864
29 125 1.01036
30 125 1.00600
31 125 1.01976
32 125 1.03682
33 125 1.01976
34 125 1.00600
35 125 1.01036
36 125 1.01864
37 125 1.01820
38 125 1.00431
39 125 1.00705
40 125 1.01742
41 125 0.99852
42 125 0.98831
43 125 1.06760
44 125 1.14708
45 125 1.05047
46 125 0.70976
47 125 0.36623
48 125 0.29725
49 125 0.28261
50 125 0.27805
51 125 0.33508
52 125 0.33470
53 125 0.33520
54 125 0.35409
55 125 0.36652
56 125 0.38130
57 125 0.38441
58 125 0.39343
59 125 0.40566
60 125 0.40959
61 125 0.43932
62 125 0.35061
63 125 0.26436
0 126 0.31651
1 126 0.28509
2 126 0.35694
3 126 0.41720
4 126 0.38386
5 126 0.39141
6 126 0.38868
7 126 0.38852
8 126 0.39135
9 126 0.38886
10 126 0.39443
11 126 0.38612
12 126 0.38084
13 126 0.37115
14 126 0.32343
15 126 0.32873
16 126 0.24388
17 126 0.26357
18 126 0.70210
19 126 1.07705
20 126 1.14680
21 126 1.06281
22 126 0.98762
23 126 0.99678
24 126 1.01672
25 126 1.00914
26 126 1.00017
27 126 1.00981
28 126 1.01714
29 126 1.01013
30 126 1.00171
31 126 1.01921
32 126 1.04102
33 126 1.01921
34 126 1.00171
35 126 1.01013
36 126 1.01714
37 126 1.00981
38 126 1.00017
39 126 1.00914
40 126 1.01672
41 126 0.99678
42 126 0.98762
43 126 1.06281
44 126 1.14680
45 126 1.07705
46 126 0.70210
47 126 0.26357
48 126 0.24388
49 126 0.32873
50 126 0.32343
51 126 0.37115
52 126 0.38084
53 126 0.38612
54 126 0.39443
55 126 0.38886
56 126 0.39135
57 126 0.38852
58 126 0.38868
59 126 0.39141
60 126 0.38386
61 126 0.41720
62 126 0.35694
63 126 0.28509
0 127 0.36623
1 127 0.33112
2 127 0.37432
3 127 0.40026
4 127 0.36266
5 127 0.37160
6 127 0.36225
7 127 0.35442
8 127 0.35149
9 127 0.35142
10 127 0.36710
11 127 0.37268
12 127 0.38014
13 127 0.38282
14 127 0.36276
15 127 0.39279
16 127 0.27252
17 127 0.30573
18 127 0.79484
19 127 1.12399
20 127 1.14193
21 127 1.05656
22 127 0.98662
23 127 0.99230
24 127 1.01200
25 127 1.00817
26 127 0.99419
27 127 1.00001
28 127 1.01504
29 127 1.00965
30 127 0.99688
31 127 1.01840
32 127 1.04533
33 127 1.01840
34 127 0.99688
35 127 1.00965
36 127 1.01504
37 127 1.00001
38 127 0.99419
39 127 1.00817
40 127 1.01200
41 127 0.99230
42 127 0.98662
43 127 1.05656
44 127 1.14193
45 127 1.12399
46 127 0.79484
47 127 0.30573
48 127 0.27252
49 127 0.39279
50 127 0.36276
51 127 0.38282
52 127 0.38014
53 127 0.37268
54 127 0.36710
55 127 0.35142
56 127 0.35149
57 127 0.35442
58 127 0.36225
59 127 0.37160
60 127 0.36266
61 127 0.40026
62 127 0.37432
63 127 0.33112
0 128 0.42511
1 128 0.39153
2 128 0.41498
3 128 0.41009
4 128 0.35955
5 128 0.35987
6 128 0.34060
7 128 0.32331
8 128 0.31542
9 128 0.31543
10 128 0.32962
11 128 0.33050
12 128 0.33203
13 128 0.33450
14 128 0.33057
15 128 0.38484
16 128 0.27628
17 128 0.36052
18 128 0.87877
19 128 1.14693
20 128 1.12706
21 128 1.05182
22 128 0.98749
23 128 0.98702
24 128 1.00551
25 128 1.00659
26 128 0.98897
27 128 0.99076
28 128 1.01315
29 128 1.00972
30 128 0.99279
31 128 1.01838
32 128 1.05044
33 128 1.01838
34 128 0.99279
35 128 1.00972
36 128 1.01315
37 128 0.99076
38 128 0.98897
39 128 1.00659
40 128 1.00551
41 128 0.98702
42 128 0.98750
43 128 1.05182
44 128 1.12706
45 128 1.14693
46 128 0.87877
47 128 0.36052
48 128 0.27628
49 128 0.38484
50 128 0.33057
51 128 0.33450
52 128 0.33203
53 128 0.33050
54 128 0.32962
55 128 0.31543
56 128 0.31542
57 128 0.32331
58 128 0.34060
59 128 0.35987
60 128 0.35955
61 128 0.41009
62 128 0.41498
63 128 0.39153
0 129 0.47394
1 129 0.44970
2 129 0.47298
3 129 0.44950
4 129 0.37365
5 129 0.35187
6 129 0.32291
7 129 0.29831
8 129 0.28672
9 129 0.28870
10 129 0.30449
11 129 0.30226
12 129 0.29629
13 129 0.29625
14 129 0.29344
15 129 0.34253
16 129 0.24052
17 129 0.37228
18 129 0.91838
19 129 1.14742
20 129 1.11322
21 129 1.05499
22 129 0.99372
23 129 0.98372
24 129 0.99931
25 129 1.00574
26 129 0.98534
27 129 0.98186
28 129 1.01019
29 129 1.00932
30 129 0.98898
31 129 1.01848
32 129 1.05546
33 129 1.01848
34 129 0.98898
35 129 1.00932
36 129 1.01019
37 129 0.98186
38 129 0.98534
39 129 1.00574
40 129 0.99931
41 129 0.98372
42 129 0.99373
43 129 1.05499
44 129 1.11322
45 129 1.14742
46 129 0.91838
47 129 0.37228
48 129 0.24052
49 129 0.34253
50 129 0.29344
51 129 0.29625
52 129 0.29629
53 129 0.30226
54 129 0.30449
55 129 0.28870
56 129 0.28672
57 129 0.29831
58 129 0.32291
59 129 0.35187
60 129 0.37365
61 129 0.44950
62 129 0.47298
63 129 0.44970
0 130 0.49330
1 130 0.48222
2 130 0.52426
3 130 0.51188
4 130 0.42101
5 130 0.36829
6 130 0.32321
7 130 0.28813
8 130 0.26721
9 130 0.26408
10 130 0.27907
11 130 0.27901
12 130 0.27747
13 130 0.29015
14 130 0.28921
15 130 0.30826
16 130 0.21215
17 130 0.41144
18 130 0.97634
19 130 1.15480
20 130 1.10432
21 130 1.05935
22 130 0.99936
23 130 0.97999
24 130 0.99285
25 130 1.00534
26 130 0.98315
27 130 0.97281
28 130 1.00512
29 130 1.00779
30 130 0.98533
31 130 1.01853
32 130 1.06006
33 130 1.01853
34 130 0.98533
35 130 1.00779
36 130 1.00512
37 130 0.97281
38 130 0.98315
39 130 1.00534
40 130 0.99285
41 130 0.97999
42 130 0.99936
43 130 1.05935
44 130 1.10432
45 130 1.15480
46 130 0.97634
47 130 0.41144
48 130 0.21215
49 130 0.30826
50 130 0.28921
51 130 0.29014
52 130 0.27747
53 130 0.27901
54 130 0.27907
55 130 0.26408
56 130 0.26721
57 130 0.28813
58 130 0.32321
59 130 0.36829
60 130 0.42101
61 130 0.51188
62 130 0.52426
63 130 0.48222
0 131 0.50212
1 131 0.49936
2 131 0.55539
3 131 0.57021
4 131 0.49256
5 131 0.41975
6 131 0.35223
7 131 0.29889
8 131 0.26235
9 131 0.24695
10 131 0.25500
11 131 0.25492
12 131 0.25934
13 131 0.28352
14 131 0.27438
15 131 0.25970
16 131 0.22145
17 131 0.53939
18 131 1.08243
19 131 1.16842
20 131 1.09412
21 131 1.06129
22 131 1.00515
23 131 0.98005
24 131 0.99106
25 131 1.00933
26 131 0.98569
27 131 0.96642
28 131 0.99997
29 131 1.00687
30 131 0.98350
31 131 1.02002
32 131 1.06574
33 131 1.02002
34 131 0.98350
35 131 1.00687
36 131 0.99997
37 131 0.96642
38 131 0.98569
39 131 1.00933
40 131 0.99106
41 131 0.98005
42 131 1.00515
43 131 1.06129
44 131 1.09412
45 131 1.16842
46 131 1.08244
47 131 0.53939
48 131 0.22145
49 131 0.25970
50 131 0.27438
51 131 0.28352
52 131 0.25934
53 131 0.25492
54 131 0.25500
55 131 0.24695
56 131 0.26235
57 131 0.29889
58 131 0.35222
59 131 0.41975
60 131 0.49256
61 131 0.57021
62 131 0.55539
63 131 0.49936
0 132 0.54852
1 132 0.54393
2 132 0.58670
3 132 0.60969
4 132 0.56160
5 132 0.49953
6 132 0.42312
7 132 0.34836
8 132 0.28825
9 132 0.25323
10 132 0.24746
11 132 0.23867
12 132 0.23478
13 132 0.24768
14 132 0.22091
15 132 0.21855
16 132 0.32157
17 132 0.75650
18 132 1.19383
19 132 1.16241
20 132 1.07686
21 132 1.06181
22 132 1.01206
23 132 0.98388
24 132 0.99308
25 132 1.01584
26 132 0.99101
27 132 0.96146
28 132 0.99380
29 132 1.00524
30 132 0.98163
31 132 1.02104
32 132 1.07070
33 132 1.02104
34 132 0.98163
35 132 1.00524
36 132 0.99380
37 132 0.96146
38 132 0.99101
39 132 1.01584
40 132 0.99308
41 132 0.98388
42 132 1.01206
43 132 1.06181
44 132 1.07686
45 132 1.16241
46 132 1.19383
47 132 0.75651
48 132 0.32157
49 132 0.21855
50 132 0.22091
51 132 0.24768
52 132 0.23478
53 132 0.23867
54 132 0.24746
55 132 0.25323
56 132 0.28825
57 132 0.34836
58 132 0.42312
59 132 0.49953
60 132 0.56160
61 132 0.60969
62 132 0.58670
63 132 0.54392
0 133 0.64051
1 133 0.62675
2 133 0.63369
3 133 0.63507
4 133 0.60929
5 133 0.58355
6 133 0.53286
7 133 0.45802
8 133 0.37692
9 133 0.31153
10 133 0.27389
11 133 0.23574
12 133 0.20809
13 133 0.21325
14 133 0.22164
15 133 0.32509
16 133 0.57888
17 133 1.00322
18 133 1.24904
19 133 1.12561
20 133 1.05569
21 133 1.06181
22 133 1.01696
23 133 0.98674
24 133 0.99460
25 133 1.02100
26 133 0.99629
27 133 0.95742
28 133 0.98736
29 133 1.00262
30 133 0.97810
31 133 1.01976
32 133 1.07334
33 133 1.01976
34 133 0.97810
35 133 1.00262
36 133 0.98737
37 133 0.95742
38 133 0.99629
39 133 1.02100
40 133 0.99460
41 133 0.98674
42 133 1.01696
43 133 1.06181
44 133 1.05569
45 133 1.12561
46 133 1.24904
47 133 1.00322
48 133 0.57888
49 133 0.32509
50 133 0.22164
51 133 0.21325
52 133 0.20809
53 133 0.23574
54 133 0.27389
55 133 0.31153
56 133 0.37692
57 133 0.45802
58 133 0.53286
59 133 0.58355
60 133 0.60929
61 133 0.63507
62 133 0.63369
63 133 0.62675
0 134 0.73837
1 134 0.71554
2 134 0.68556
3 134 0.65359
4 134 0.63230
5 134 0.64036
6 134 0.63923
7 134 0.60742
8 134 0.54993
9 134 0.48947
10 134 0.44794
11 134 0.41194
12 134 0.40722
13 134 0.46458
14 134 0.55745
15 134 0.73041
16 134 0.94837
17 134 1.17977
18 134 1.23513
19 134 1.08388
20 134 1.04536
21 134 1.06557
22 134 1.02152
23 134 0.99042
24 134 0.99782
25 134 1.02700
26 134 1.00426
27 134 0.95933
28 134 0.98678
29 134 1.00298
30 134 0.97481
31 134 1.01805
32 134 1.07590
33 134 1.01805
34 134 0.97481
35 134 1.00298
36 134 0.98678
37 134 0.95933
38 134 1.00426
39 134 1.02700
40 134 0.99782
41 134 0.99042
42 134 1.02152
43 134 1.06557
44 134 1.04536
45 134 1.08388
46 134 1.23513
47 134 1.17977
48 134 0.94837
49 134 0.73041
50 134 0.55745
51 134 0.46458
52 134 0.40722
53 134 0.41194
54 134 0.44794
55 134 0.48947
56 134 0.54993
57 134 0.60742
58 134 0.63923
59 134 0.64036
60 134 0.63230
61 134 0.65359
62 134 0.68556
63 134 0.71554
0 135 0.82908
1 135 0.80134
2 135 0.74615
3 135 0.68545
4 135 0.65271
5 135 0.66716
6 135 0.69878
7 135 0.72382
8 135 0.73761
9 135 0.75292
10 135 0.78722
11 135 0.82741
12 135 0.89236
13 135 0.99150
14 135 1.07153
15 135 1.13127
16 135 1.15011
17 135 1.19433
18 135 1.17968
19 135 1.05850
20 135 1.04412
21 135 1.06722
22 135 1.02279
23 135 0.99333
24 135 1.00119
25 135 1.03240
26 135 1.01406
27 135 0.96860
28 135 0.99460
29 135 1.00704
30 135 0.97192
31 135 1.01798
32 135 1.08159
33 135 1.01798
34 135 0.97192
35 135 1.00704
36 135 0.99460
37 135 0.96860
38 135 1.01406
39 135 1.03240
40 135 1.00119
41 135 0.99333
42 135 1.02280
43 135 1.06722
44 135 1.04412
45 135 1.05850
46 135 1.17968
47 135 1.19433
48 135 1.15011
49 135 1.13127
50 135 1.07153
51 135 0.99150
52 135 0.89236
53 135 0.82741
54 135 0.78722
55 135 0.75292
56 135 0.73761
57 135 0.72382
58 135 0.69878
59 135 0.66716
60 135 0.65271
61 135 0.68545
62 135 0.74615
63 135 0.80134
0 136 0.94462
1 136 0.91421
2 136 0.84232
3 136 0.75981
4 136 0.70840
5 136 0.70405
6 136 0.72868
7 136 0.76825
8 136 0.82017
9 136 0.88900
10 136 0.97801
11 136 1.05939
12 136 1.13368
13 136 1.19761
14 136 1.19990
15 136 1.14796
16 136 1.08425
17 136 1.11941
18 136 1.14112
19 136 1.05406
20 136 1.04445
21 136 1.06421
22 136 1.02118
23 136 0.99587
24 136 1.00519
25 136 1.03844
26 136 1.02741
27 136 0.98814
28 136 1.01404
29 136 1.01752
30 136 0.97531
31 136 1.03097
32 136 1.10435
33 136 1.03097
34 136 0.97531
35 136 1.01752
36 136 1.01404
37 136 0.98814
38 136 1.02741
39 136 1.03844
40 136 1.00519
41 136 0.99587
42 136 1.02118
43 136 1.06421
44 136 1.04445
45 136 1.05406
46 136 1.14112
47 136 1.11941
48 136 1.08424
49 136 1.14796
50 136 1.19990
51 136 1.19761
52 136 1.13368
53 136 1.05939
54 136 0.97801
55 136 0.88900
56 136 0.82017
57 136 0.76825
58 136 0.72868
59 136 0.70405
60 136 0.70840
61 136 0.75981
62 136 0.84232
63 136 0.91420
0 137 1.09494
1 137 1.06177
2 137 0.97651
3 137 0.87815
4 137 0.81230
5 137 0.78752
6 137 0.78951
7 137 0.80914
8 137 0.84711
9 137 0.90523
10 137 0.97999
11 137 1.03998
12 137 1.08573
13 137 1.12336
14 137 1.11290
15 137 1.06328
16 137 1.03597
17 137 1.11652
18 137 1.15346
19 137 1.06531
20 137 1.04740
21 137 1.06021
22 137 1.01843
23 137 0.99896
24 137 1.01186
25 137 1.04880
26 137 1.04745
27 137 1.01926
28 137 1.04495
29 137 1.03645
30 137 0.99505
31 137 1.07541
32 137 1.16563
33 137 1.07541
34 137 0.99505
35 137 1.03645
36 137 1.04495
37 137 1.01926
38 137 1.04745
39 137 1.04880
40 137 1.01186
41 137 0.99896
42 137 1.01843
43 137 1.06021
44 137 1.04740
45 137 1.06531
46 137 1.15346
47 137 1.11652
48 137 1.03597
49 137 1.06329
50 137 1.11291
51 137 1.12336
52 137 1.08573
53 137 1.03998
54 137 0.97999
55 137 0.90523
56 137 0.84711
57 137 0.80914
58 137 0.78951
59 137 0.78752
60 137 0.81230
61 137 0.87815
62 137 0.97651
63 137 1.06177
0 138 1.24498
1 138 1.21038
2 138 1.11742
3 138 1.01178
4 138 0.94157
5 138 0.90865
6 138 0.89912
7 138 0.90526
8 138 0.93042
9 138 0.97647
10 138 1.03823
11 138 1.08632
12 138 1.12346
13 138 1.15642
14 138 1.14441
15 138 1.09168
16 138 1.06875
17 138 1.14337
18 138 1.16129
19 138 1.07019
20 138 1.04846
21 138 1.05123
22 138 1.01067
23 138 1.00029
24 138 1.02061
25 138 1.06312
26 138 1.06980
27 138 1.05044
28 138 1.07179
29 138 1.05248
30 138 1.02747
31 138 1.15071
32 138 1.26459
33 138 1.15071
34 138 1.02747
35 138 1.05248
36 138 1.07179
37 138 1.05044
38 138 1.06980
39 138 1.06312
40 138 1.02061
41 138 1.00029
42 138 1.01067
43 138 1.05123
44 138 1.04846
45 138 1.07019
46 138 1.16129
47 138 1.14337
48 138 1.06875
49 138 1.09169
50 138 1.14442
51 138 1.15642
52 138 1.12346
53 138 1.08632
54 138 1.03823
55 138 0.97647
56 138 0.93042
57 138 0.90526
58 138 0.89912
59 138 0.90865
60 138 0.94157
61 138 1.01178
62 138 1.11742
63 138 1.21038
0 139 1.34445
1 139 1.31326
2 139 1.22506
3 139 1.12548
4 139 1.06133
5 139 1.02912
6 139 1.01641
7 139 1.01820
8 139 1.04138
9 139 1.08728
10 139 1.14598
11 139 1.18563
12 139 1.20446
13 139 1.20411
14 139 1.15254
15 139 1.07050
16 139 1.04423
17 139 1.12334
18 139 1.14931
19 139 1.07744
20 139 1.05293
21 139 1.04076
22 139 1.00361
23 139 1.00457
24 139 1.03154
25 139 1.07415
26 139 1.07519
27 139 1.04742
28 139 1.05173
29 139 1.02242
30 139 1.02329
31 139 1.19305
32 139 1.32987
33 139 1.19305
34 139 1.02329
35 139 1.02242
36 139 1.05173
37 139 1.04742
38 139 1.07519
39 139 1.07415
40 139 1.03154
41 139 1.00457
42 139 1.00361
43 139 1.04076
44 139 1.05293
45 139 1.07744
46 139 1.14931
47 139 1.12333
48 139 1.04422
49 139 1.07049
50 139 1.15255
51 139 1.20412
52 139 1.20446
53 139 1.18563
54 139 1.14599
55 139 1.08728
56 139 1.04139
57 139 1.01820
58 139 1.01642
59 139 1.02912
60 139 1.06133
61 139 1.12548
62 139 1.22505
63 139 1.31326
0 140 1.37896
1 140 1.35820
2 140 1.29121
3 140 1.21362
4 140 1.16590
5 140 1.14025
6 140 1.12713
7 140 1.12523
8 140 1.14410
9 140 1.18198
10 140 1.22204
11 140 1.23100
12 140 1.20831
13 140 1.16044
14 140 1.07768
15 140 1.00204
16 140 1.01550
17 140 1.12676
18 140 1.16703
19 140 1.10278
20 140 1.06257
21 140 1.03607
22 140 1.00643
23 140 1.01183
24 140 1.03011
25 140 1.05190
26 140 1.01796
27 140 0.95011
28 140 0.91851
29 140 0.87560
30 140 0.89236
31 140 1.08715
32 140 1.23595
33 140 1.08716
34 140 0.89237
35 140 0.87561
36 140 0.91851
37 140 0.95012
38 140 1.01796
39 140 1.05191
40 140 1.03011
41 140 1.01183
42 140 1.00642
43 140 1.03607
44 140 1.06257
45 140 1.10278
46 140 1.16703
47 140 1.12676
48 140 1.01549
49 140 1.00203
50 140 1.07768
51 140 1.16044
52 140 1.20831
53 140 1.23101
54 140 1.22204
55 140 1.18198
56 140 1.14411
57 140 1.12523
58 140 1.12713
59 140 1.14025
60 140 1.16590
61 140 1.21362
62 140 1.29120
63 140 1.35820
0 141 1.36824
1 141 1.36350
2 141 1.33006
3 141 1.28434
4 141 1.25756
5 141 1.24061
6 141 1.22737
7 141 1.21726
8 141 1.21824
9 141 1.22467
10 141 1.21877
11 141 1.17933
12 141 1.12255
13 141 1.06602
14 141 1.00946
15 141 0.98877
16 141 1.05491
17 141 1.17419
18 141 1.19169
19 141 1.11090
20 141 1.05821
21 141 1.03480
22 141 1.01443
23 141 1.00262
24 141 0.98221
25 141 0.95681
26 141 0.86607
27 141 0.74257
28 141 0.67598
29 141 0.62819
30 141 0.64980
31 141 0.84690
32 141 0.99856
33 141 0.84691
34 141 0.64981
35 141 0.62820
36 141 0.67599
37 141 0.74258
38 141 0.86608
39 141 0.95682
40 141 0.98221
41 141 1.00262
42 141 1.01443
43 141 1.03480
44 141 1.05821
45 141 1.11090
46 141 1.19170
47 141 1.17418
48 141 1.05490
49 141 0.98876
50 141 1.00946
51 141 1.06603
52 141 1.12256
53 141 1.17934
54 141 1.21878
55 141 1.22467
56 141 1.21824
57 141 1.21726
58 141 1.22738
59 141 1.24062
60 141 1.25756
61 141 1.28435
62 141 1.33006
63 141 1.36350
0 142 1.26758
1 142 1.28113
2 142 1.28404
3 142 1.26696
4 142 1.25325
5 142 1.23836
6 142 1.21957
7 142 1.19191
8 142 1.15869
9 142 1.11663
10 142 1.06163
11 142 0.99970
12 142 0.96806
13 142 0.97795
14 142 1.00257
15 142 1.04567
16 142 1.13051
17 142 1.21157
18 142 1.17904
19 142 1.08386
20 142 1.04287
21 142 1.04106
22 142 1.02016
23 142 0.96128
24 142 0.87620
25 142 0.80000
26 142 0.67302
27 142 0.52610
28 142 0.46116
29 142 0.43682
30 142 0.46621
31 142 0.65716
32 142 0.80952
33 142 0.65717
34 142 0.46623
35 142 0.43683
36 142 0.46117
37 142 0.52611
38 142 0.67303
39 142 0.80001
40 142 0.87620
41 142 0.96128
42 142 1.02016
43 142 1.04106
44 142 1.04288
45 142 1.08386
46 142 1.17905
47 142 1.21157
48 142 1.13050
49 142 1.04566
50 142 1.00257
51 142 0.97796
52 142 0.96808
53 142 0.99971
54 142 1.06164
55 142 1.11664
56 142 1.15869
57 142 1.19192
58 142 1.21958
59 142 1.23837
60 142 1.25326
61 142 1.26696
62 142 1.28405
63 142 1.28113
0 143 0.97175
1 143 1.00212
2 143 1.03685
3 143 1.04020
4 143 1.02978
5 143 1.01012
6 143 0.98468
7 143 0.94573
8 143 0.89533
9 143 0.83824
10 143 0.78768
11 143 0.77236
12 143 0.83483
13 143 0.95532
14 143 1.06171
15 143 1.13338
16 143 1.19453
17 143 1.21705
18 143 1.14211
19 143 1.05197
20 143 1.03864
21 143 1.05797
22 143 1.01973
23 143 0.89719
24 143 0.74737
25 143 0.64718
26 143 0.53446
27 143 0.41460
28 143 0.38196
29 143 0.39122
30 143 0.41840
31 143 0.58365
32 143 0.72794
33 143 0.58366
34 143 0.41841
35 143 0.39122
36 143 0.38196
37 143 0.41460
38 143 0.53447
39 143 0.64719
40 143 0.74737
41 143 0.89720
42 143 1.01973
43 143 1.05797
44 143 1.03864
45 143 1.05197
46 143 1.14211
47 143 1.21705
48 143 1.19452
49 143 1.13337
50 143 1.06170
51 143 0.95533
52 143 0.83485
53 143 0.77238
54 143 0.78770
55 143 0.83826
56 143 0.89534
57 143 0.94574
58 143 0.98469
59 143 1.01013
60 143 1.02980
61 143 1.04021
62 143 1.03686
63 143 1.00213
0 144 0.54008
1 144 0.58545
2 144 0.65361
3 144 0.68710
4 144 0.69062
5 144 0.67377
6 144 0.65232
7 144 0.62539
8 144 0.59805
9 144 0.57690
10 144 0.57904
11 144 0.64193
12 144 0.80240
13 144 1.00566
14 144 1.14493
15 144 1.20141
16 144 1.22302
17 144 1.20250
18 144 1.11129
19 144 1.03724
20 144 1.04432
21 144 1.06964
22 144 1.00498
23 144 0.82662
24 144 0.63458
25 144 0.54091
26 144 0.47476
27 144 0.40063
28 144 0.39242
29 144 0.41623
30 144 0.42139
31 144 0.53854
32 144 0.66380
33 144 0.53854
34 144 0.42139
35 144 0.41623
36 144 0.39242
37 144 0.40063
38 144 0.47476
39 144 0.54092
40 144 0.63458
41 144 0.82662
42 144 1.00499
43 144 1.06964
44 144 1.04432
45 144 1.03725
46 144 1.11130
47 144 1.20250
48 144 1.22301
49 144 1.20140
50 144 1.14492
51 144 1.00567
52 144 0.80243
53 144 0.64196
54 144 0.57907
55 144 0.57692
56 144 0.59806
57 144 0.62541
58 144 0.65234
59 144 0.67379
60 144 0.69064
61 144 0.68711
62 144 0.65362
63 144 0.58546
0 145 0.22643
1 145 0.28504
2 145 0.39158
3 145 0.47360
4 145 0.51106
5 145 0.50936
6 145 0.49904
7 145 0.49066
8 145 0.49081
9 145 0.50124
10 145 0.53868
11 145 0.64886
12 145 0.86227
13 145 1.09241
14 145 1.21394
15 145 1.23172
16 145 1.22348
17 145 1.18847
18 145 1.10154
19 145 1.03875
20 145 1.04810
21 145 1.06853
22 145 0.98413
23 145 0.77227
24 145 0.56140
25 145 0.48433
26 145 0.46191
27 145 0.42223
28 145 0.41791
29 145 0.44268
30 145 0.42728
31 145 0.49843
32 145 0.60427
33 145 0.49843
34 145 0.42728
35 145 0.44268
36 145 0.41791
37 145 0.42223
38 145 0.46191
39 145 0.48433
40 145 0.56140
41 145 0.77227
42 145 0.98413
43 145 1.06853
44 145 1.04810
45 145 1.03875
46 145 1.10155
47 145 1.18847
48 145 1.22348
49 145 1.23170
50 145 1.21393
51 145 1.09242
52 145 0.86230
53 145 0.64889
54 145 0.53871
55 145 0.50127
56 145 0.49083
57 145 0.49068
58 145 0.49906
59 145 0.50937
60 145 0.51107
61 145 0.47361
62 145 0.39159
63 145 0.28504
0 146 0.13268
1 146 0.19818
2 146 0.33323
3 146 0.46094
4 146 0.53448
5 146 0.54930
6 146 0.54586
7 146 0.54181
8 146 0.54464
9 146 0.55711
10 146 0.60408
11 146 0.73933
12 146 0.97489
13 146 1.18916
14 146 1.25860
15 146 1.23140
16 146 1.20948
17 146 1.18115
18 146 1.10686
19 146 1.04520
20 146 1.04506
21 146 1.06377
22 146 0.97809
23 146 0.75494
24 146 0.53454
25 146 0.46206
26 146 0.46220
27 146 0.44258
28 146 0.43508
29 146 0.46315
30 146 0.44200
31 146 0.48210
32 146 0.57404
33 146 0.48210
34 146 0.44200
35 146 0.46315
36 146 0.43508
37 146 0.44258
38 146 0.46220
39 146 0.46206
40 146 0.53454
41 146 0.75494
42 146 0.97809
43 146 1.06377
44 146 1.04506
45 146 1.04520
46 146 1.10687
47 146 1.18116
48 146 1.20948
49 146 1.23139
50 146 1.25859
51 146 1.18917
52 146 0.97493
53 146 0.73937
54 146 0.60412
55 146 0.55713
56 146 0.54466
57 146 0.54182
58 146 0.54586
59 146 0.54931
60 146 0.53448
61 146 0.46095
62 146 0.33323
63 146 0.19818
0 147 0.13218
1 147 0.19718
2 147 0.34485
3 147 0.50550
4 147 0.61034
5 147 0.64059
6 147 0.63907
7 147 0.62867
8 147 0.62534
9 147 0.64276
10 147 0.71334
11 147 0.87956
12 147 1.11310
13 147 1.26784
14 147 1.26006
15 147 1.19400
16 147 1.17673
17 147 1.17005
18 147 1.11293
19 147 1.04755
20 147 1.03551
21 147 1.06197
22 147 0.99602
23 147 0.78042
24 147 0.54749
25 147 0.45312
26 147 0.44776
27 147 0.43727
28 147 0.42949
29 147 0.46538
30 147 0.44890
31 147 0.47496
32 147 0.56135
33 147 0.47496
34 147 0.44890
35 147 0.46538
36 147 0.42949
37 147 0.43727
38 147 0.44776
39 147 0.45312
40 147 0.54749
41 147 0.78042
42 147 0.99602
43 147 1.06197
44 147 1.03551
45 147 1.04755
46 147 1.11294
47 147 1.17005
48 147 1.17674
49 147 1.19399
50 147 1.26006
51 147 1.26785
52 147 1.11314
53 147 0.87961
54 147 0.71337
55 147 0.64278
56 147 0.62535
57 147 0.62868
58 147 0.63908
59 147 0.64059
60 147 0.61035
61 147 0.50551
62 147 0.34486
63 147 0.19718
0 148 0.13691
1 148 0.19664
2 148 0.34792
3 148 0.53940
4 148 0.68399
5 148 0.73887
6 148 0.73976
7 148 0.71918
8 148 0.71454
9 148 0.75451
10 148 0.86270
11 148 1.04247
12 148 1.22157
13 148 1.27121
14 148 1.18491
15 148 1.10804
16 148 1.12070
17 148 1.14952
18 148 1.11581
19 148 1.04825
20 148 1.02467
21 148 1.06380
22 148 1.03680
23 148 0.85512
24 148 0.61284
25 148 0.46662
26 148 0.41840
27 148 0.39707
28 148 0.38810
29 148 0.43149
30 148 0.42598
31 148 0.46253
32 148 0.55769
33 148 0.46252
34 148 0.42598
35 148 0.43150
36 148 0.38811
37 148 0.39707
38 148 0.41840
39 148 0.46662
40 148 0.61283
41 148 0.85512
42 148 1.03680
43 148 1.06380
44 148 1.02467
45 148 1.04825
46 148 1.11581
47 148 1.14953
48 148 1.12071
49 148 1.10804
50 148 1.18491
51 148 1.27123
52 148 1.22161
53 148 1.04252
54 148 0.86274
55 148 0.75453
56 148 0.71455
57 148 0.71918
58 148 0.73976
59 148 0.73887
60 148 0.68399
61 148 0.53940
62 148 0.34792
63 148 0.19664
0 149 0.15148
1 149 0.20308
2 149 0.35407
3 149 0.58345
4 149 0.79015
5 149 0.89248
6 149 0.90394
7 149 0.86969
8 149 0.85866
9 149 0.91097
10 149 1.02285
11 149 1.15127
12 149 1.21406
13 149 1.14927
14 149 1.02598
15 149 0.98403
16 149 1.04967
17 149 1.12246
18 149 1.11754
19 149 1.05097
20 149 1.01303
21 149 1.05906
22 149 1.08196
23 149 0.97299
24 149 0.75804
25 149 0.55812
26 149 0.43289
27 149 0.36579
28 149 0.33867
29 149 0.37619
30 149 0.37795
31 149 0.44670
32 149 0.56450
33 149 0.44669
34 149 0.37795
35 149 0.37619
36 149 0.33867
37 149 0.36579
38 149 0.43289
39 149 0.55812
40 149 0.75803
41 149 0.97299
42 149 1.08196
43 149 1.05906
44 149 1.01303
45 149 1.05097
46 149 1.11754
47 149 1.12247
48 149 1.04968
49 149 0.98404
50 149 1.02599
51 149 1.14928
52 149 1.21409
53 149 1.15132
54 149 1.02290
55 149 0.91101
56 149 0.85869
57 149 0.86971
58 149 0.90395
59 149 0.89249
60 149 0.79015
61 149 0.58345
62 149 0.35407
63 149 0.20307
0 150 0.16907
1 150 0.21236
2 150 0.36187
3 150 0.63277
4 150 0.91778
5 150 1.08728
6 150 1.11732
7 150 1.06235
8 150 1.02325
9 150 1.04450
10 150 1.09383
11 150 1.11024
12 150 1.04882
13 150 0.92279
14 150 0.82825
15 150 0.85595
16 150 0.98076
17 150 1.09646
18 150 1.12171
19 150 1.05814
20 150 1.00014
21 150 1.03599
22 150 1.09833
23 150 1.09132
24 150 0.97974
25 150 0.80560
26 150 0.64082
27 150 0.52342
28 150 0.45540
29 150 0.45073
30 150 0.42738
31 150 0.51768
32 150 0.65509
33 150 0.51767
34 150 0.42737
35 150 0.45072
36 150 0.45539
37 150 0.52341
38 150 0.64080
39 150 0.80559
40 150 0.97974
41 150 1.09132
42 150 1.09833
43 150 1.03599
44 150 1.00014
45 150 1.05814
46 150 1.12171
47 150 1.09647
48 150 0.98076
49 150 0.85595
50 150 0.82825
51 150 0.92279
52 150 1.04884
53 150 1.11027
54 150 1.09388
55 150 1.04454
56 150 1.02330
57 150 1.06239
58 150 1.11735
59 150 1.08730
60 150 0.91778
61 150 0.63277
62 150 0.36187
63 150 0.21235
0 151 0.16723
1 151 0.20288
2 151 0.34356
3 151 0.63227
4 151 0.96700
5 151 1.18215
6 151 1.21590
7 151 1.12800
8 151 1.04480
9 151 1.01081
10 151 0.98085
11 151 0.90825
12 151 0.79421
13 151 0.68726
14 151 0.66367
15 151 0.76241
16 151 0.93322
17 151 1.08099
18 151 1.13105
19 151 1.07101
20 151 0.98988
21 151 0.99392
22 151 1.05593
23 151 1.12287
24 151 1.14777
25 151 1.10171
26 151 1.01283
27 151 0.92122
28 151 0.84276
29 151 0.79691
30 151 0.73920
31 151 0.83253
32 151 0.97554
33 151 0.83252
34 151 0.73918
35 151 0.79690
36 151 0.84275
37 151 0.92121
38 151 1.01282
39 151 1.10170
40 151 1.14777
41 151 1.12287
42 151 1.05593
43 151 0.99392
44 151 0.98988
45 151 1.07101
46 151 1.13105
47 151 1.08099
48 151 0.93321
49 151 0.76239
50 151 0.66365
51 151 0.68725
52 151 0.79420
53 151 0.90826
54 151 0.98087
55 151 1.01084
56 151 1.04485
57 151 1.12805
58 151 1.21594
59 151 1.18218
60 151 0.96701
61 151 0.63227
62 151 0.34355
63 151 0.20287
0 152 0.15271
1 152 0.17930
2 152 0.29406
3 152 0.55300
4 152 0.87541
5 152 1.08873
6 152 1.10108
7 152 0.97309
8 152 0.85596
9 152 0.79799
10 152 0.74853
11 152 0.67188
12 152 0.58585
13 152 0.53860
14 152 0.58200
15 152 0.72807
16 152 0.92179
17 152 1.08171
18 152 1.14241
19 152 1.08567
20 152 0.98858
21 152 0.95218
22 152 0.96872
23 152 1.02622
24 152 1.10220
25 152 1.14853
26 152 1.15772
27 152 1.14304
28 152 1.11211
29 152 1.08384
30 152 1.03356
31 152 1.12671
32 152 1.26162
33 152 1.12670
34 152 1.03355
35 152 1.08384
36 152 1.11211
37 152 1.14304
38 152 1.15772
39 152 1.14853
40 152 1.10220
41 152 1.02622
42 152 0.96873
43 152 0.95218
44 152 0.98858
45 152 1.08568
46 152 1.14241
47 152 1.08170
48 152 0.92176
49 152 0.72803
50 152 0.58197
51 152 0.53857
52 152 0.58583
53 152 0.67187
54 152 0.74852
55 152 0.79800
56 152 0.85599
57 152 0.97313
58 152 1.10113
59 152 1.08876
60 152 0.87541
61 152 0.55299
62 152 0.29404
63 152 0.17929
0 153 0.14675
1 153 0.16427
2 153 0.24543
3 153 0.45235
4 153 0.74175
5 153 0.95422
6 153 0.96008
7 153 0.80502
8 153 0.66989
9 153 0.61937
10 153 0.59590
11 153 0.55665
12 153 0.51520
13 153 0.51522
14 153 0.59880
15 153 0.76527
16 153 0.95598
17 153 1.10027
18 153 1.15071
19 153 1.09795
20 153 1.00578
21 153 0.95206
22 153 0.92624
23 153 0.93497
24 153 0.97529
25 153 1.00787
26 153 1.02639
27 153 1.03658
28 153 1.03628
29 153 1.03095
30 153 0.98912
31 153 1.05868
32 153 1.16909
33 153 1.05868
34 153 0.98912
35 153 1.03095
36 153 1.03628
37 153 1.03658
38 153 1.02640
39 153 1.00788
40 153 0.97529
41 153 0.93497
42 153 0.92624
43 153 0.95206
44 153 1.00578
45 153 1.09795
46 153 1.15072
47 153 1.10026
48 153 0.95594
49 153 0.76522
50 153 0.59875
51 153 0.51518
52 153 0.51516
53 153 0.55663
54 153 0.59588
55 153 0.61936
56 153 0.66991
57 153 0.80506
58 153 0.96014
59 153 0.95426
60 153 0.74175
61 153 0.45234
62 153 0.24541
63 153 0.16426
0 154 0.15790
1 154 0.17122
2 154 0.23168
3 154 0.40508
4 154 0.68990
5 154 0.94743
6 154 1.00103
7 154 0.85473
8 154 0.70765
9 154 0.65328
10 154 0.63793
11 154 0.61358
12 154 0.59109
13 154 0.61362
14 154 0.71478
15 154 0.87650
16 154 1.03271
17 154 1.12868
18 154 1.14679
19 154 1.09579
20 154 1.02550
21 154 0.98552
22 154 0.95646
23 154 0.95069
24 154 0.96919
25 154 0.97645
26 154 0.97619
27 154 0.98055
28 154 0.98523
29 154 0.98675
30 154 0.94608
31 154 0.98678
32 154 1.06999
33 154 0.98678
34 154 0.94609
35 154 0.98675
36 154 0.98523
37 154 0.98055
38 154 0.97619
39 154 0.97645
40 154 0.96918
41 154 0.95069
42 154 0.95646
43 154 0.98552
44 154 1.02550
45 154 1.09580
46 154 1.14680
47 154 1.12868
48 154 1.03268
49 154 0.87644
50 154 0.71471
51 154 0.61355
52 154 0.59104
53 154 0.61353
54 154 0.63789
55 154 0.65325
56 154 0.70766
57 154 0.85478
58 154 1.00109
59 154 0.94746
60 154 0.68990
61 154 0.40507
62 154 0.23167
63 154 0.17121
0 155 0.19388
1 155 0.20958
2 155 0.26646
3 155 0.42360
4 155 0.71292
5 155 1.03266
6 155 1.17959
7 155 1.09462
8 155 0.95851
9 155 0.88929
10 155 0.85472
11 155 0.81766
12 155 0.79286
13 155 0.81938
14 155 0.91333
15 155 1.03595
16 155 1.12313
17 155 1.14760
18 155 1.12328
19 155 1.07056
20 155 1.02033
21 155 0.99587
22 155 0.97344
23 155 0.97129
24 155 0.99180
25 155 0.99807
26 155 0.99747
27 155 1.00678
28 155 1.02206
29 155 1.03972
30 155 1.02004
31 155 1.05347
32 155 1.11804
33 155 1.05347
34 155 1.02004
35 155 1.03972
36 155 1.02205
37 155 1.00678
38 155 0.99747
39 155 0.99807
40 155 0.99180
41 155 0.97129
42 155 0.97344
43 155 0.99588
44 155 1.02034
45 155 1.07057
46 155 1.12329
47 155 1.14761
48 155 1.12311
49 155 1.03591
50 155 0.91326
51 155 0.81929
52 155 0.79277
53 155 0.81757
54 155 0.85464
55 155 0.88924
56 155 0.95849
57 155 1.09465
58 155 1.17963
59 155 1.03268
60 155 0.71291
61 155 0.42358
62 155 0.26645
63 155 0.20957
0 156 0.25753
1 156 0.27851
2 156 0.33589
3 156 0.46754
4 156 0.72677
5 156 1.06821
6 156 1.30224
7 156 1.31315
8 156 1.23122
9 156 1.17399
10 156 1.12995
11 156 1.07980
12 156 1.04318
13 156 1.05105
14 156 1.10365
15 156 1.15704
16 156 1.16644
17 156 1.13236
18 156 1.08454
19 156 1.04074
20 156 1.01012
21 156 0.99493
22 156 0.97097
23 156 0.96217
24 156 0.97452
25 156 0.97331
26 156 0.96827
27 156 0.97625
28 156 0.99064
29 156 1.01198
30 156 1.00650
31 156 1.03317
32 156 1.08080
33 156 1.03317
34 156 1.00650
35 156 1.01198
36 156 0.99064
37 156 0.97625
38 156 0.96827
39 156 0.97331
40 156 0.97452
41 156 0.96217
42 156 0.97097
43 156 0.99493
44 156 1.01012
45 156 1.04075
46 156 1.08455
47 156 1.13238
48 156 1.16645
49 156 1.15703
50 156 1.10361
51 156 1.05098
52 156 1.04309
53 156 1.07970
54 156 1.12986
55 156 1.17392
56 156 1.23119
57 156 1.31314
58 156 1.30225
59 156 1.06821
60 156 0.72675
61 156 0.46751
62 156 0.33587
63 156 0.27850
0 157 0.35097
1 157 0.37649
2 157 0.43141
3 157 0.52812
4 157 0.72759
5 157 1.03078
6 157 1.28270
7 157 1.34884
8 157 1.31955
9 157 1.29368
10 157 1.26392
11 157 1.21907
12 157 1.17536
13 157 1.15501
14 157 1.15696
15 157 1.15270
16 157 1.12079
17 157 1.07258
18 157 1.03465
19 157 1.01618
20 157 1.01132
21 157 1.01131
22 157 0.99430
23 157 0.98580
24 157 0.99386
25 157 0.98861
26 157 0.98306
27 157 0.99106
28 157 0.99958
29 157 1.01353
30 157 1.00872
31 157 1.02085
32 157 1.05058
33 157 1.02085
34 157 1.00872
35 157 1.01353
36 157 0.99958
37 157 0.99105
38 157 0.98306
39 157 0.98860
40 157 0.99386
41 157 0.98580
42 157 0.99430
43 157 1.01130
44 157 1.01132
45 157 1.01618
46 157 1.03467
47 157 1.07260
48 157 1.12081
49 157 1.15272
50 157 1.15697
51 157 1.15500
52 157 1.17534
53 157 1.21904
54 157 1.26390
55 157 1.29367
56 157 1.31954
57 157 1.34884
58 157 1.28271
59 157 1.03078
60 157 0.72757
61 157 0.52810
62 157 0.43140
63 157 0.37648
0 158 0.45439
1 158 0.48832
2 158 0.55512
3 158 0.64423
4 158 0.80297
5 158 1.03877
6 158 1.22908
7 158 1.26626
8 158 1.23629
9 158 1.22157
10 158 1.20853
11 158 1.18249
12 158 1.14792
13 158 1.11785
14 158 1.09696
15 158 1.07517
16 158 1.04376
17 158 1.00965
18 158 0.99035
19 158 0.99116
20 158 1.00211
21 158 1.01272
22 158 1.00551
23 158 1.00419
24 158 1.01591
25 158 1.01428
26 158 1.01474
27 158 1.02749
28 158 1.03322
29 158 1.04045
30 158 1.03395
31 158 1.03235
32 158 1.04681
33 158 1.03235
34 158 1.03395
35 158 1.04045
36 158 1.03322
37 158 1.02749
38 158 1.01474
39 158 1.01428
40 158 1.01591
41 158 1.00419
42 158 1.00550
43 158 1.01272
44 158 1.00211
45 158 0.99116
46 158 0.99036
47 158 1.00966
48 158 1.04378
49 158 1.07520
50 158 1.09699
51 158 1.11788
52 158 1.14795
53 158 1.18252
54 158 1.20855
55 158 1.22160
56 158 1.23631
57 158 1.26628
58 158 1.22909
59 158 1.03877
60 158 0.80296
61 158 0.64421
62 158 0.55511
63 158 0.48832
0 159 0.49398
1 159 0.55004
2 159 0.66706
3 159 0.80061
4 159 0.95648
5 159 1.12125
6 159 1.21465
7 159 1.18716
8 159 1.13332
9 159 1.11618
10 159 1.11259
11 159 1.10390
12 159 1.08536
13 159 1.06343
14 159 1.04540
15 159 1.03032
16 159 1.01235
17 159 0.99104
18 159 0.97850
19 159 0.98175
20 159 0.99231
21 159 1.00144
22 159 0.99596
23 159 0.99659
24 159 1.00813
25 159 1.00602
26 159 1.00690
27 159 1.01874
28 159 1.01928
29 159 1.02050
30 159 1.01359
31 159 1.00400
32 159 1.00828
33 159 1.00400
34 159 1.01359
35 159 1.02050
36 159 1.01928
37 159 1.01873
38 159 1.00689
39 159 1.00602
40 159 1.00813
41 159 0.99658
42 159 0.99596
43 159 1.00144
44 159 0.99231
45 159 0.98175
46 159 0.97850
47 159 0.99105
48 159 1.01236
49 159 1.03033
50 159 1.04542
51 159 1.06346
52 159 1.08539
53 159 1.10392
54 159 1.11261
55 159 1.11620
56 159 1.13333
57 159 1.18716
58 159 1.21466
59 159 1.12126
60 159 0.95648
61 159 0.80061
62 159 0.66706
63 159 0.55005
0 160 0.60208
1 160 0.68270
2 160 0.84872
3 160 1.00952
4 160 1.13074
5 160 1.19646
6 160 1.19035
7 160 1.11876
8 160 1.06192
9 160 1.04874
10 160 1.04786
11 160 1.04444
12 160 1.03336
13 160 1.01962
14 160 1.01012
15 160 1.00587
16 160 1.00038
17 160 0.98821
18 160 0.97913
19 160 0.98236
20 160 0.99109
21 160 0.99837
22 160 0.99457
23 160 0.99731
24 160 1.00937
25 160 1.00741
26 160 1.00812
27 160 1.01821
28 160 1.01535
29 160 1.01439
30 160 1.01077
31 160 1.00030
32 160 0.99975
33 160 1.00030
34 160 1.01077
35 160 1.01439
36 160 1.01535
37 160 1.01821
38 160 1.00812
39 160 1.00740
40 160 1.00937
41 160 0.99731
42 160 0.99456
43 160 0.99837
44 160 0.99109
45 160 0.98236
46 160 0.97913
47 160 0.98821
48 160 1.00038
49 160 1.00588
50 160 1.01013
51 160 1.01963
52 160 1.03337
53 160 1.04445
54 160 1.04786
55 160 1.04875
56 160 1.06193
57 160 1.11876
58 160 1.19035
59 160 1.19646
60 160 1.13075
61 160 1.00953
62 160 0.84873
63 160 0.68271
0 161 0.96409
1 161 1.03829
2 161 1.16294
3 161 1.23353
4 161 1.23473
5 161 1.18296
6 161 1.11367
7 161 1.04657
8 161 1.01550
9 161 1.01311
10 161 1.01074
11 161 1.00489
12 161 0.99473
13 161 0.98586
14 161 0.98275
15 161 0.98589
16 161 0.98879
17 161 0.98382
18 161 0.97883
19 161 0.98313
20 161 0.99078
21 161 0.99653
22 161 0.99387
23 161 0.99776
24 161 1.00992
25 161 1.00860
26 161 1.00948
27 161 1.01823
28 161 1.01369
29 161 1.01223
30 161 1.01236
31 161 1.00430
32 161 1.00216
33 161 1.00430
34 161 1.01236
35 161 1.01223
36 161 1.01369
37 161 1.01823
38 161 1.00948
39 161 1.00860
40 161 1.00992
41 161 0.99775
42 161 0.99387
43 161 0.99653
44 161 0.99077
45 161 0.98313
46 161 0.97883
47 161 0.98382
48 161 0.98879
49 161 0.98589
50 161 0.98275
51 161 0.98586
52 161 0.99474
53 161 1.00489
54 161 1.01074
55 161 1.01311
56 161 1.01550
57 161 1.04657
58 161 1.11366
59 161 1.18296
60 161 1.23473
61 161 1.23353
62 161 1.16295
63 161 1.03831
0 162 1.21613
1 162 1.26004
2 162 1.28719
3 162 1.23196
4 162 1.14366
5 162 1.05889
6 162 1.01402
7 162 1.00021
8 162 1.00530
9 162 1.01146
10 162 1.00736
11 162 1.00081
12 162 0.99316
13 162 0.98943
14 162 0.99060
15 162 0.99645
16 162 1.00228
17 162 1.00055
18 162 0.99721
19 162 1.00009
20 162 1.00369
21 162 1.00478
22 162 0.99956
23 162 1.00060
24 162 1.00947
25 162 1.00645
26 162 1.00550
27 162 1.01139
28 162 1.00476
29 162 1.00176
30 162 1.00304
31 162 0.99694
32 162 0.99432
33 162 0.99694
34 162 1.00304
35 162 1.00176
36 162 1.00477
37 162 1.01139
38 162 1.00550
39 162 1.00645
40 162 1.00947
41 162 1.00060
42 162 0.99956
43 162 1.00478
44 162 1.00369
45 162 1.00009
46 162 0.99720
47 162 1.00055
48 162 1.00228
49 162 0.99645
50 162 0.99060
51 162 0.98943
52 162 0.99316
53 162 1.00081
54 162 1.00736
55 162 1.01146
56 162 1.00530
57 162 1.00020
58 162 1.01401
59 162 1.05889
60 162 1.14366
61 162 1.23196
62 162 1.28719
63 162 1.26005
0 163 1.12180
1 163 1.15124
2 163 1.13642
3 163 1.05507
4 163 0.99414
5 163 0.96683
6 163 0.98172
7 163 1.00720
8 163 1.02042
9 163 1.02001
10 163 1.01165
11 163 1.00513
12 163 0.99968
13 163 0.99936
14 163 1.00228
15 163 1.00800
16 163 1.01410
17 163 1.01425
18 163 1.01276
19 163 1.01534
20 163 1.01664
21 163 1.01524
22 163 1.00948
23 163 1.00942
24 163 1.01671
25 163 1.01380
26 163 1.01220
27 163 1.01615
28 163 1.00872
29 163 1.00438
30 163 1.00536
31 163 1.00069
32 163 0.99815
33 163 1.00069
34 163 1.00536
35 163 1.00438
36 163 1.00872
37 163 1.01615
38 163 1.01220
39 163 1.01380
40 163 1.01671
41 163 1.00941
42 163 1.00948
43 163 1.01524
44 163 1.01664
45 163 1.01534
46 163 1.01276
47 163 1.01425
48 163 1.01410
49 163 1.00800
50 163 1.00228
51 163 0.99936
52 163 0.99969
53 163 1.00513
54 163 1.01165
55 163 1.02001
56 163 1.02042
57 163 1.00720
58 163 0.98172
59 163 0.96683
60 163 0.99414
61 163 1.05506
62 163 1.13642
63 163 1.15124
0 164 1.02964
1 164 1.06017
2 164 1.04818
3 164 0.99087
4 164 0.97582
5 164 0.98134
6 164 1.00572
7 164 1.02405
8 164 1.02380
9 164 1.01665
10 164 1.00922
11 164 1.00483
12 164 1.00058
13 164 1.00127
14 164 1.00373
15 164 1.00768
16 164 1.01246
17 164 1.01303
18 164 1.01282
19 164 1.01559
20 164 1.01597
21 164 1.01388
22 164 1.00913
23 164 1.00920
24 164 1.01599
25 164 1.01426
26 164 1.01269
27 164 1.01535
28 164 1.00813
29 164 1.00291
30 164 1.00313
31 164 0.99965
32 164 0.99744
33 164 0.99965
34 164 1.00313
35 164 1.00291
36 164 1.00813
37 164 1.01535
38 164 1.01269
39 164 1.01426
40 164 1.01599
41 164 1.00920
42 164 1.00913
43 164 1.01388
44 164 1.01597
45 164 1.01559
46 164 1.01282
47 164 1.01303
48 164 1.01246
49 164 1.00768
50 164 1.00373
51 164 1.00127
52 164 1.00058
53 164 1.00483
54 164 1.00922
55 164 1.01665
56 164 1.02380
57 164 1.02405
58 164 1.00572
59 164 0.98134
60 164 0.97582
61 164 0.99087
62 164 1.04818
63 164 1.06017
0 165 1.01907
1 165 1.05037
2 165 1.03917
3 165 0.99049
4 165 0.98543
5 165 0.98427
6 165 0.99599
7 165 1.00907
8 165 1.01201
9 165 1.01385
10 165 1.01406
11 165 1.01233
12 165 1.00792
13 165 1.00788
14 165 1.00855
15 165 1.00991
16 165 1.01221
17 165 1.01138
18 165 1.01056
19 165 1.01228
20 165 1.01117
21 165 1.00815
22 165 1.00393
23 165 1.00340
24 165 1.00885
25 165 1.00795
26 165 1.00666
27 165 1.00900
28 165 1.00362
29 165 0.99904
30 165 0.99912
31 165 0.99679
32 165 0.99488
33 165 0.99679
34 165 0.99912
35 165 0.99904
36 165 1.00362
37 165 1.00900
38 165 1.00666
39 165 1.00795
40 165 1.00885
41 165 1.00340
42 165 1.00393
43 165 1.00815
44 165 1.01117
45 165 1.01228
46 165 1.01056
47 165 1.01137
48 165 1.01221
49 165 1.00990
50 165 1.00855
51 165 1.00788
52 165 1.00792
53 165 1.01233
54 165 1.01406
55 165 1.01385
56 165 1.01201
57 165 1.00907
58 165 0.99599
59 165 0.98427
60 165 0.98543
61 165 0.99049
62 165 1.03917
63 165 1.05037
0 166 1.00429
1 166 1.03636
2 166 1.02706
3 166 0.98326
4 166 0.97968
5 166 0.97179
6 166 0.98250
7 166 1.00418
8 166 1.01676
9 166 1.02452
10 166 1.02486
11 166 1.01999
12 166 1.01259
13 166 1.01041
14 166 1.00881
15 166 1.00781
16 166 1.00796
17 166 1.00572
18 166 1.00426
19 166 1.00522
20 166 1.00354
21 166 1.00082
22 166 0.99819
23 166 0.99774
24 166 1.00206
25 166 1.00227
26 166 1.00202
27 166 1.00552
28 166 1.00400
29 166 1.00171
30 166 1.00204
31 166 1.00009
32 166 0.99802
33 166 1.00009
34 166 1.00204
35 166 1.00171
36 166 1.00400
37 166 1.00552
38 166 1.00202
39 166 1.00227
40 166 1.00206
41 166 0.99774
42 166 0.99819
43 166 1.00082
44 166 1.00354
45 166 1.00522
46 166 1.00426
47 166 1.00572
48 166 1.00796
49 166 1.00781
50 166 1.00881
51 166 1.01041
52 166 1.01259
53 166 1.01999
54 166 1.02486
55 166 1.02452
56 166 1.01677
57 166 1.00419
58 166 0.98250
59 166 0.97179
60 166 0.97968
61 166 0.98325
62 166 1.02705
63 166 1.03637
0 167 1.01192
1 167 1.04449
2 167 1.03891
3 167 1.00014
4 167 0.99486
5 167 0.97995
6 167 0.98974
7 167 1.01458
8 167 1.02678
9 167 1.03120
10 167 1.02723
11 167 1.01978
12 167 1.01191
13 167 1.00962
14 167 1.00722
15 167 1.00518
16 167 1.00425
17 167 1.00132
18 167 0.99958
19 167 1.00005
20 167 0.99794
21 167 0.99546
22 167 0.99404
23 167 0.99337
24 167 0.99613
25 167 0.99686
26 167 0.99745
27 167 1.00249
28 167 1.00545
29 167 1.00570
30 167 1.00553
31 167 1.00239
32 167 0.99938
33 167 1.00240
34 167 1.00553
35 167 1.00570
36 167 1.00545
37 167 1.00249
38 167 0.99745
39 167 0.99686
40 167 0.99613
41 167 0.99337
42 167 0.99404
43 167 0.99546
44 167 0.99794
45 167 1.00005
46 167 0.99958
47 167 1.00132
48 167 1.00425
49 167 1.00517
50 167 1.00722
51 167 1.00962
52 167 1.01191
53 167 1.01978
54 167 1.02722
55 167 1.03120
56 167 1.02678
57 167 1.01458
58 167 0.98974
59 167 0.97995
60 167 0.99486
61 167 1.00013
62 167 1.03891
63 167 1.04449
0 168 1.00770
1 168 1.03908
2 168 1.03616
3 168 1.00204
4 168 0.99480
5 168 0.97566
6 168 0.98652
7 168 1.01274
8 168 1.02254
9 168 1.02478
10 168 1.02057
11 168 1.01534
12 168 1.01044
13 168 1.00969
14 168 1.00734
15 168 1.00492
16 168 1.00366
17 168 1.00079
18 168 0.99943
19 168 0.99993
20 168 0.99764
21 168 0.99499
22 168 0.99389
23 168 0.99253
24 168 0.99356
25 168 0.99432
26 168 0.99528
27 168 1.00139
28 168 1.00813
29 168 1.01022
30 168 1.00875
31 168 1.00349
32 168 0.99912
33 168 1.00349
34 168 1.00875
35 168 1.01022
36 168 1.00813
37 168 1.00139
38 168 0.99528
39 168 0.99432
40 168 0.99356
41 168 0.99253
42 168 0.99389
43 168 0.99499
44 168 0.99764
45 168 0.99993
46 168 0.99943
47 168 1.00079
48 168 1.00366
49 168 1.00492
50 168 1.00733
51 168 1.00969
52 168 1.01044
53 168 1.01534
54 168 1.02057
55 168 1.02478
56 168 1.02254
57 168 1.01274
58 168 0.98652
59 168 0.97566
60 168 0.99480
61 168 1.00204
62 168 1.03616
63 168 1.03909
0 169 1.00772
1 169 1.03515
2 169 1.03076
3 169 0.99935
4 169 0.99162
5 169 0.97317
6 169 0.98768
7 169 1.01350
8 169 1.01876
9 169 1.01828
10 169 1.01386
11 169 1.01051
12 169 1.00779
13 169 1.00782
14 169 1.00520
15 169 1.00252
16 169 1.00143
17 169 0.99956
18 169 0.99986
19 169 1.00194
20 169 1.00118
21 169 0.99977
22 169 0.99965
23 169 0.99821
24 169 0.99788
25 169 0.99798
26 169 0.99787
27 169 1.00309
28 169 1.01113
29 169 1.01336
30 169 1.01006
31 169 1.00274
32 169 0.99720
33 169 1.00274
34 169 1.01006
35 169 1.01337
36 169 1.01113
37 169 1.00309
38 169 0.99787
39 169 0.99798
40 169 0.99788
41 169 0.99821
42 169 0.99965
43 169 0.99977
44 169 1.00118
45 169 1.00194
46 169 0.99986
47 169 0.99956
48 169 1.00142
49 169 1.00252
50 169 1.00520
51 169 1.00782
52 169 1.00779
53 169 1.01051
54 169 1.01385
55 169 1.01827
56 169 1.01876
57 169 1.01350
58 169 0.98767
59 169 0.97317
60 169 0.99162
61 169 0.99935
62 169 1.03076
63 169 1.03515
0 170 1.01958
1 170 1.03935
2 170 1.02707
3 170 0.99572
4 170 0.99001
5 170 0.97647
6 170 0.99467
7 170 1.01657
8 170 1.01486
9 170 1.01083
10 170 1.00560
11 170 1.00355
12 170 1.00278
13 170 1.00394
14 170 1.00181
15 170 0.99945
16 170 0.99891
17 170 0.99835
18 170 1.00056
19 170 1.00457
20 170 1.00588
21 170 1.00633
22 170 1.00733
23 170 1.00580
24 170 1.00410
25 170 1.00273
26 170 1.00051
27 170 1.00367
28 170 1.01132
29 170 1.01282
30 170 1.00829
31 170 1.00020
32 170 0.99424
33 170 1.00020
34 170 1.00829
35 170 1.01282
36 170 1.01132
37 170 1.00367
38 170 1.00051
39 170 1.00273
40 170 1.00410
41 170 1.00580
42 170 1.00733
43 170 1.00633
44 170 1.00588
45 170 1.00457
46 170 1.00056
47 170 0.99835
48 170 0.99891
49 170 0.99945
50 170 1.00181
51 170 1.00394
52 170 1.00278
53 170 1.00355
54 170 1.00560
55 170 1.01083
56 170 1.01486
57 170 1.01657
58 170 0.99467
59 170 0.97647
60 170 0.99001
61 170 0.99572
62 170 1.02707
63 170 1.03935
0 171 1.02115
1 171 1.03174
2 171 1.01033
3 171 0.98237
4 171 0.98504
5 171 0.98082
6 171 1.00204
7 171 1.01804
8 171 1.00993
9 171 1.00398
10 171 0.99873
11 171 0.99796
12 171 0.99902
13 171 1.00142
14 171 0.99995
15 171 0.99774
16 171 0.99714
17 171 0.99693
18 171 0.99984
19 171 1.00451
20 171 1.00677
21 171 1.00820
22 171 1.00959
23 171 1.00776
24 171 1.00520
25 171 1.00299
26 171 0.99992
27 171 1.00249
28 171 1.01009
29 171 1.01118
30 171 1.00663
31 171 0.99939
32 171 0.99390
33 171 0.99939
34 171 1.00663
35 171 1.01118
36 171 1.01009
37 171 1.00249
38 171 0.99992
39 171 1.00299
40 171 1.00520
41 171 1.00776
42 171 1.00959
43 171 1.00820
44 171 1.00677
45 171 1.00451
46 171 0.99984
47 171 0.99693
48 171 0.99714
49 171 0.99774
50 171 0.99995
51 171 1.00142
52 171 0.99902
53 171 0.99796
54 171 0.99873
55 171 1.00398
56 171 1.00993
57 171 1.01804
58 171 1.00204
59 171 0.98082
60 171 0.98504
61 171 0.98237
62 171 1.01033
63 171 1.03174
0 172 1.00561
1 172 1.00999
2 172 0.98759
3 172 0.97249
4 172 0.98924
5 172 0.99394
6 172 1.01411
7 172 1.02211
8 172 1.00911
9 172 1.00302
10 172 0.99804
11 172 0.99781
12 172 0.99968
13 172 1.00251
14 172 1.00111
15 172 0.99831
16 172 0.99659
17 172 0.99538
18 172 0.99756
19 172 1.00154
20 172 1.00354
21 172 1.00516
22 172 1.00656
23 172 1.00481
24 172 1.00269
25 172 1.00124
26 172 0.99942
27 172 1.00314
28 172 1.01067
29 172 1.01083
30 172 1.00640
31 172 1.00070
32 172 0.99618
33 172 1.00070
34 172 1.00640
35 172 1.01083
36 172 1.01067
37 172 1.00314
38 172 0.99942
39 172 1.00124
40 172 1.00269
41 172 1.00481
42 172 1.00656
43 172 1.00516
44 172 1.00354
45 172 1.00154
46 172 0.99756
47 172 0.99538
48 172 0.99659
49 172 0.99831
50 172 1.00111
51 172 1.00251
52 172 0.99968
53 172 0.99781
54 172 0.99804
55 172 1.00302
56 172 1.00911
57 172 1.02211
58 172 1.01411
59 172 0.99394
60 172 0.98924
61 172 0.97249
62 172 0.98759
63 172 1.00999
0 173 0.97688
1 173 0.98028
2 173 0.96763
3 173 0.97201
4 173 1.00108
5 173 1.00828
6 173 1.02224
7 173 1.02220
8 173 1.00753
9 173 1.00370
10 173 0.99971
11 173 1.00002
12 173 1.00253
13 173 1.00570
14 173 1.00447
15 173 1.00102
16 173 0.99772
17 173 0.99465
18 173 0.99504
19 173 0.99739
20 173 0.99833
21 173 0.99965
22 173 1.00098
23 173 0.99981
24 173 0.99933
25 173 0.99989
26 173 1.00045
27 173 1.00551
28 173 1.01167
29 173 1.00979
30 173 1.00520
31 173 1.00122
32 173 0.99790
33 173 1.00122
34 173 1.00520
35 173 1.00979
36 173 1.01167
37 173 1.00551
38 173 1.00045
39 173 0.99989
40 173 0.99933
41 173 0.99981
42 173 1.00098
43 173 0.99965
44 173 0.99833
45 173 0.99739
46 173 0.99504
47 173 0.99465
48 173 0.99772
49 173 1.00102
50 173 1.00447
51 173 1.00570
52 173 1.00253
53 173 1.00002
54 173 0.99971
55 173 1.00370
56 173 1.00753
57 173 1.02220
58 173 1.02224
59 173 1.00828
60 173 1.00108
61 173 0.97201
62 173 0.96763
63 173 0.98028
0 174 0.97450
1 174 0.97832
2 174 0.97531
3 174 0.99168
4 174 1.02070
5 174 1.02047
6 174 1.02485
7 174 1.01912
8 174 1.00622
9 174 1.00589
10 174 1.00273
11 174 1.00327
12 174 1.00622
13 174 1.00979
14 174 1.00916
15 174 1.00571
16 174 1.00137
17 174 0.99655
18 174 0.99499
19 174 0.99559
20 174 0.99543
21 174 0.99654
22 174 0.99803
23 174 0.99788
24 174 0.99952
25 174 1.00205
26 174 1.00429
27 174 1.00910
28 174 1.01211
29 174 1.00773
30 174 1.00335
31 174 1.00143
32 174 0.99950
33 174 1.00143
34 174 1.00335
35 174 1.00773
36 174 1.01211
37 174 1.00910
38 174 1.00429
39 174 1.00205
40 174 0.99952
41 174 0.99788
42 174 0.99803
43 174 0.99654
44 174 0.99543
45 174 0.99559
46 174 0.99499
47 174 0.99655
48 174 1.00137
49 174 1.00572
50 174 1.00916
51 174 1.00979
52 174 1.00622
53 174 1.00327
54 174 1.00273
55 174 1.00589
56 174 1.00622
57 174 1.01912
58 174 1.02485
59 174 1.02047
60 174 1.02070
61 174 0.99168
62 174 0.97531
63 174 0.97832
0 175 1.00919
1 175 1.01037
2 175 1.00710
3 175 1.02077
4 175 1.03745
5 175 1.02510
6 175 1.02177
7 175 1.01467
8 175 1.00602
9 175 1.00890
10 175 1.00559
11 175 1.00579
12 175 1.00873
13 175 1.01239
14 175 1.01255
15 175 1.00989
16 175 1.00551
17 175 0.99964
18 175 0.99630
19 175 0.99508
20 175 0.99372
21 175 0.99470
22 175 0.99679
23 175 0.99824
24 175 1.00211
25 175 1.00582
26 175 1.00823
27 175 1.01106
28 175 1.01036
29 175 1.00456
30 175 1.00150
31 175 1.00192
32 175 1.00135
33 175 1.00192
34 175 1.00150
35 175 1.00456
36 175 1.01036
37 175 1.01106
38 175 1.00823
39 175 1.00582
40 175 1.00211
41 175 0.99824
42 175 0.99679
43 175 0.99470
44 175 0.99372
45 175 0.99508
46 175 0.99630
47 175 0.99964
48 175 1.00551
49 175 1.00989
50 175 1.01255
51 175 1.01239
52 175 1.00873
53 175 1.00579
54 175 1.00559
55 175 1.00890
56 175 1.00602
57 175 1.01467
58 175 1.02177
59 175 1.02510
60 175 1.03746
61 175 1.02077
62 175 1.00710
63 175 1.01037
0 176 1.03735
1 176 1.03370
2 176 1.02444
3 176 1.03005
4 176 1.03440
5 176 1.01520
6 176 1.01070
7 176 1.00663
8 176 1.00319
9 176 1.00844
10 176 1.00474
11 176 1.00503
12 176 1.00824
13 176 1.01212
14 176 1.01352
15 176 1.01276
16 176 1.01002
17 176 1.00477
18 176 1.00079
19 176 0.99816
20 176 0.99536
21 176 0.99564
22 176 0.99774
23 176 1.00007
24 176 1.00488
25 176 1.00800
26 176 1.00893
27 176 1.00915
28 176 1.00594
29 176 1.00077
30 176 0.99992
31 176 1.00226
32 176 1.00271
33 176 1.00226
34 176 0.99992
35 176 1.00077
36 176 1.00594
37 176 1.00915
38 176 1.00893
39 176 1.00800
40 176 1.00487
41 176 1.00007
42 176 0.99774
43 176 0.99564
44 176 0.99536
45 176 0.99816
46 176 1.00079
47 176 1.00477
48 176 1.01002
49 176 1.01276
50 176 1.01352
51 176 1.01212
52 176 1.00824
53 176 1.00502
54 176 1.00474
55 176 1.00844
56 176 1.00319
57 176 1.00663
58 176 1.01070
59 176 1.01520
60 176 1.03440
61 176 1.03005
62 176 1.02444
63 176 1.03370
0 177 1.03621
1 177 1.02840
2 177 1.01510
3 177 1.01702
4 177 1.01652
5 177 0.99825
6 177 0.99725
7 177 0.99709
8 177 0.99736
9 177 1.00356
10 177 0.99955
11 177 1.00061
12 177 1.00450
13 177 1.00878
14 177 1.01179
15 177 1.01390
16 177 1.01469
17 177 1.01280
18 177 1.01133
19 177 1.01025
20 177 1.00808
21 177 1.00832
22 177 1.00963
23 177 1.01061
24 177 1.01307
25 177 1.01252
26 177 1.01010
27 177 1.00759
28 177 1.00333
29 177 0.99997
30 177 1.00083
31 177 1.00371
32 177 1.00444
33 177 1.00371
34 177 1.00083
35 177 0.99997
36 177 1.00333
37 177 1.00759
38 177 1.01010
39 177 1.01252
40 177 1.01307
41 177 1.01061
42 177 1.00963
43 177 1.00832
44 177 1.00808
45 177 1.01025
46 177 1.01133
47 177 1.01281
48 177 1.01469
49 177 1.01390
50 177 1.01179
51 177 1.00878
52 177 1.00449
53 177 1.00061
54 177 0.99955
55 177 1.00356
56 177 0.99735
57 177 0.99709
58 177 0.99724
59 177 0.99825
60 177 1.01652
61 177 1.01702
62 177 1.01510
63 177 1.02840
0 178 1.01979
1 178 1.00960
2 178 0.99639
3 178 1.00003
4 178 1.00059
5 178 0.98710
6 178 0.98995
7 178 0.99178
8 178 0.99329
9 178 0.99896
10 178 0.99420
11 178 0.99539
12 178 0.99870
13 178 1.00187
14 178 1.00479
15 178 1.00789
16 178 1.01042
17 178 1.01066
18 178 1.01133
19 178 1.01238
20 178 1.01200
21 178 1.01331
22 178 1.01453
23 178 1.01428
24 178 1.01439
25 178 1.01104
26 178 1.00725
27 178 1.00461
28 178 1.00166
29 178 1.00078
30 178 1.00244
31 178 1.00466
32 178 1.00513
33 178 1.00466
34 178 1.00244
35 178 1.00078
36 178 1.00166
37 178 1.00461
38 178 1.00725
39 178 1.01104
40 178 1.01439
41 178 1.01428
42 178 1.01453
43 178 1.01331
44 178 1.01200
45 178 1.01238
46 178 1.01133
47 178 1.01066
48 178 1.01042
49 178 1.00789
50 178 1.00479
51 178 1.00187
52 178 0.99870
53 178 0.99538
54 178 0.99420
55 178 0.99896
56 178 0.99329
57 178 0.99178
58 178 0.98995
59 178 0.98710
60 178 1.00059
61 178 1.00003
62 178 0.99639
63 178 1.00960
0 179 1.01112
1 179 0.99985
2 179 0.98899
3 179 0.99614
4 179 0.99887
5 179 0.98958
6 179 0.99412
7 179 0.99570
8 179 0.99712
9 179 1.00192
10 179 0.99634
11 179 0.99680
12 179 0.99823
13 179 0.99906
14 179 1.00047
15 179 1.00246
16 179 1.00374
17 179 1.00229
18 179 1.00086
19 179 1.00007
20 179 0.99851
21 179 0.99939
22 179 1.00077
23 179 1.00122
24 179 1.00227
25 179 1.00049
26 179 0.99958
27 179 0.99993
28 179 0.99979
29 179 1.00106
30 179 1.00268
31 179 1.00382
32 179 1.00390
33 179 1.00382
34 179 1.00268
35 179 1.00106
36 179 0.99979
37 179 0.99993
38 179 0.99958
39 179 1.00049
40 179 1.00227
41 179 1.00122
42 179 1.00077
43 179 0.99939
44 179 0.99851
45 179 1.00007
46 179 1.00086
47 179 1.00229
48 179 1.00374
49 179 1.00246
50 179 1.00046
51 179 0.99906
52 179 0.99823
53 179 0.99680
54 179 0.99634
55 179 1.00192
56 179 0.99712
57 179 0.99571
58 179 0.99412
59 179 0.98958
60 179 0.99887
61 179 0.99614
62 179 0.98899
63 179 0.99985
0 180 1.01564
1 180 1.00374
2 180 0.99495
3 180 1.00386
4 180 1.00647
5 180 0.99853
6 180 1.00197
7 180 1.00182
8 180 1.00295
9 180 1.00764
10 180 1.00213
11 180 1.00221
12 180 1.00216
13 180 1.00170
14 180 1.00309
15 180 1.00565
16 180 1.00725
17 180 1.00519
18 180 1.00191
19 180 0.99860
20 180 0.99463
21 180 0.99390
22 180 0.99491
23 180 0.99629
24 180 0.99898
25 180 0.99932
26 180 1.00076
27 180 1.00247
28 180 1.00278
29 180 1.00378
30 180 1.00411
31 180 1.00407
32 180 1.00382
33 180 1.00407
34 180 1.00411
35 180 1.00378
36 180 1.00278
37 180 1.00247
38 180 1.00076
39 180 0.99932
40 180 0.99898
41 180 0.99629
42 180 0.99491
43 180 0.99390
44 180 0.99463
45 180 0.99860
46 180 1.00191
47 180 1.00519
48 180 1.00725
49 180 1.00565
50 180 1.00309
51 180 1.00170
52 180 1.00216
53 180 1.00221
54 180 1.00214
55 180 1.00764
56 180 1.00295
57 180 1.00182
58 180 1.00197
59 180 0.99853
60 180 1.00647
61 180 1.00386
62 180 0.99495
63 180 1.00374
0 181 1.01348
1 181 1.00127
2 181 0.99438
3 181 1.00427
4 181 1.00626
5 181 0.99911
6 181 1.00124
7 181 0.99971
8 181 1.00110
9 181 1.00650
10 181 1.00188
11 181 1.00188
12 181 1.00069
13 181 0.99948
14 181 1.00158
15 181 1.00584
16 181 1.00968
17 181 1.00981
18 181 1.00778
19 181 1.00463
20 181 1.00006
21 181 0.99848
22 181 0.99905
23 181 1.00056
24 181 1.00347
25 181 1.00397
26 181 1.00520
27 181 1.00582
28 181 1.00485
29 181 1.00470
30 181 1.00406
31 181 1.00365
32 181 1.00341
33 181 1.00365
34 181 1.00406
35 181 1.00470
36 181 1.00485
37 181 1.00582
38 181 1.00520
39 181 1.00397
40 181 1.00348
41 181 1.00056
42 181 0.99905
43 181 0.99848
44 181 1.00006
45 181 1.00463
46 181 1.00778
47 181 1.00981
48 181 1.00968
49 181 1.00584
50 181 1.00158
51 181 0.99948
52 181 1.00069
53 181 1.00188
54 181 1.00188
55 181 1.00650
56 181 1.00110
57 181 0.99971
58 181 1.00124
59 181 0.99911
60 181 1.00626
61 181 1.00428
62 181 0.99439
63 181 1.00127
0 182 1.00475
1 182 0.99273
2 182 0.98835
3 182 1.00006
4 182 1.00296
5 182 0.99811
6 182 1.00033
7 182 0.99835
8 182 0.99991
9 182 1.00570
10 182 1.00179
11 182 1.00139
12 182 0.99866
13 182 0.99593
14 182 0.99731
15 182 1.00155
16 182 1.00624
17 182 1.00803
18 182 1.00766
19 182 1.00551
20 182 1.00112
21 182 0.99906
22 182 0.99913
23 182 1.00039
24 182 1.00306
25 182 1.00336
26 182 1.00424
27 182 1.00430
28 182 1.00315
29 182 1.00309
30 182 1.00279
31 182 1.00290
32 182 1.00291
33 182 1.00290
34 182 1.00279
35 182 1.00309
36 182 1.00315
37 182 1.00430
38 182 1.00424
39 182 1.00336
40 182 1.00306
41 182 1.00039
42 182 0.99913
43 182 0.99906
44 182 1.00112
45 182 1.00551
46 182 1.00766
47 182 1.00803
48 182 1.00624
49 182 1.00155
50 182 0.99731
51 182 0.99593
52 182 0.99866
53 182 1.00139
54 182 1.00179
55 182 1.00570
56 182 0.99992
57 182 0.99835
58 182 1.00033
59 182 0.99811
60 182 1.00296
61 182 1.00007
62 182 0.98835
63 182 0.99273
0 183 1.00935
1 183 0.99748
2 183 0.99471
3 183 1.00687
4 183 1.00961
5 183 1.00603
6 183 1.00758
7 183 1.00440
8 183 1.00475
9 183 1.00982
10 183 1.00639
11 183 1.00582
12 183 1.00203
13 183 0.99795
14 183 0.99801
15 183 1.00096
16 183 1.00487
17 183 1.00685
18 183 1.00723
19 183 1.00577
20 183 1.00164
21 183 0.99926
22 183 0.99896
23 183 1.00012
24 183 1.00280
25 183 1.00333
26 183 1.00434
27 183 1.00450
28 183 1.00369
29 183 1.00386
30 183 1.00379
31 183 1.00414
32 183 1.00422
33 183 1.00414
34 183 1.00379
35 183 1.00386
36 183 1.00369
37 183 1.00450
38 183 1.00434
39 183 1.00333
40 183 1.00280
41 183 1.00012
42 183 0.99896
43 183 0.99926
44 183 1.00164
45 183 1.00577
46 183 1.00723
47 183 1.00685
48 183 1.00487
49 183 1.00096
50 183 0.99801
51 183 0.99795
52 183 1.00204
53 183 1.00582
54 183 1.00639
55 183 1.00982
56 183 1.00475
57 183 1.00440
58 183 1.00758
59 183 1.00603
60 183 1.00961
61 183 1.00687
62 183 0.99471
63 183 0.99747
0 184 1.01533
1 184 1.00331
2 184 1.00073
3 184 1.01139
4 184 1.01224
5 184 1.00827
6 184 1.00823
7 184 1.00355
8 184 1.00248
9 184 1.00717
10 184 1.00536
11 184 1.00627
12 184 1.00340
13 184 0.99972
14 184 0.99969
15 184 1.00201
16 184 1.00512
17 184 1.00678
18 184 1.00731
19 184 1.00620
20 184 1.00225
21 184 0.99957
22 184 0.99892
23 184 0.99989
24 184 1.00249
25 184 1.00317
26 184 1.00413
27 184 1.00421
28 184 1.00346
29 184 1.00346
30 184 1.00322
31 184 1.00343
32 184 1.00340
33 184 1.00343
34 184 1.00322
35 184 1.00346
36 184 1.00346
37 184 1.00421
38 184 1.00413
39 184 1.00317
40 184 1.00249
41 184 0.99989
42 184 0.99892
43 184 0.99957
44 184 1.00225
45 184 1.00620
46 184 1.00731
47 184 1.00678
48 184 1.00512
49 184 1.00201
50 184 0.99969
51 184 0.99972
52 184 1.00340
53 184 1.00626
54 184 1.00536
55 184 1.00716
56 184 1.00248
57 184 1.00355
58 184 1.00823
59 184 1.00827
60 184 1.01223
61 184 1.01139
62 184 1.00074
63 184 1.00330
0 185 1.01004
1 185 0.99794
2 185 0.99560
3 185 1.00521
4 185 1.00494
5 185 1.00124
6 185 1.00054
7 185 0.99549
8 185 0.99384
9 185 0.99871
10 185 0.99894
11 185 1.00180
12 185 1.00067
13 185 0.99832
14 185 0.99921
15 185 1.00196
16 185 1.00515
17 185 1.00694
18 185 1.00779
19 185 1.00712
20 185 1.00356
21 185 1.00086
22 185 1.00002
23 185 1.00078
24 185 1.00318
25 185 1.00384
26 185 1.00458
27 185 1.00451
28 185 1.00379
29 185 1.00366
30 185 1.00338
31 185 1.00355
32 185 1.00346
33 185 1.00355
34 185 1.00338
35 185 1.00366
36 185 1.00379
37 185 1.00451
38 185 1.00458
39 185 1.00384
40 185 1.00318
41 185 1.00078
42 185 1.00002
43 185 1.00086
44 185 1.00356
45 185 1.00712
46 185 1.00779
47 185 1.00694
48 185 1.00515
49 185 1.00196
50 185 0.99921
51 185 0.99832
52 185 1.00067
53 185 1.00180
54 185 0.99894
55 185 0.99871
56 185 0.99384
57 185 0.99549
58 185 1.00054
59 185 1.00124
60 185 1.00494
61 185 1.00521
62 185 0.99560
63 185 0.99794
0 186 1.00961
1 186 0.99765
2 186 0.99594
3 186 1.00530
4 186 1.00478
5 186 1.00177
6 186 1.00085
7 186 0.99586
8 186 0.99365
9 186 0.99803
10 186 0.99889
11 186 1.00194
12 186 1.00096
13 186 0.99861
14 186 0.99931
15 186 1.00184
16 186 1.00476
17 186 1.00638
18 186 1.00720
19 186 1.00674
20 186 1.00358
21 186 1.00104
22 186 1.00026
23 186 1.00098
24 186 1.00327
25 186 1.00399
26 186 1.00455
27 186 1.00442
28 186 1.00382
29 186 1.00368
30 186 1.00349
31 186 1.00369
32 186 1.00358
33 186 1.00369
34 186 1.00349
35 186 1.00368
36 186 1.00382
37 186 1.00442
38 186 1.00455
39 186 1.00399
40 186 1.00327
41 186 1.00098
42 186 1.00026
43 186 1.00104
44 186 1.00358
45 186 1.00674
46 186 1.00720
47 186 1.00638
48 186 1.00476
49 186 1.00185
50 186 0.99931
51 186 0.99861
52 186 1.00096
53 186 1.00194
54 186 0.99889
55 186 0.99803
56 186 0.99365
57 186 0.99586
58 186 1.00085
59 186 1.00177
60 186 1.00478
61 186 1.00530
62 186 0.99594
63 186 0.99765
0 187 1.01334
1 187 1.00166
2 187 1.00067
3 187 1.00986
4 187 1.00892
5 187 1.00599
6 187 1.00439
7 187 0.99939
8 187 0.99690
9 187 1.00092
10 187 1.00215
11 187 1.00494
12 187 1.00377
13 187 1.00110
14 187 1.00123
15 187 1.00318
16 187 1.00551
17 187 1.00655
18 187 1.00681
19 187 1.00600
20 187 1.00284
21 187 1.00032
22 187 0.99960
23 187 1.00029
24 187 1.00250
25 187 1.00330
26 187 1.00379
27 187 1.00371
28 187 1.00331
29 187 1.00321
30 187 1.00312
31 187 1.00336
32 187 1.00323
33 187 1.00336
34 187 1.00312
35 187 1.00321
36 187 1.00331
37 187 1.00371
38 187 1.00379
39 187 1.00330
40 187 1.00250
41 187 1.00029
42 187 0.99960
43 187 1.00032
44 187 1.00284
45 187 1.00600
46 187 1.00681
47 187 1.00655
48 187 1.00551
49 187 1.00319
50 187 1.00123
51 187 1.00110
52 187 1.00377
53 187 1.00494
54 187 1.00215
55 187 1.00092
56 187 0.99690
57 187 0.99939
58 187 1.00439
59 187 1.00599
60 187 1.00892
61 187 1.00986
62 187 1.00067
63 187 1.00166
0 188 1.01194
1 188 1.00066
2 188 1.00060
3 188 1.00996
4 188 1.00871
5 188 1.00565
6 188 1.00336
7 188 0.99871
8 188 0.99665
9 188 1.00102
10 188 1.00301
11 188 1.00588
12 188 1.00500
13 188 1.00255
14 188 1.00262
15 188 1.00446
16 188 1.00665
17 188 1.00748
18 188 1.00740
19 188 1.00636
20 188 1.00330
21 188 1.00094
22 188 1.00041
23 188 1.00111
24 188 1.00315
25 188 1.00391
26 188 1.00420
27 188 1.00406
28 188 1.00371
29 188 1.00357
30 188 1.00348
31 188 1.00368
32 188 1.00353
33 188 1.00368
34 188 1.00348
35 188 1.00357
36 188 1.00371
37 188 1.00406
38 188 1.00420
39 188 1.00391
40 188 1.00315
41 188 1.00111
42 188 1.00041
43 188 1.00094
44 188 1.00330
45 188 1.00636
46 188 1.00740
47 188 1.00748
48 188 1.00665
49 188 1.00446
50 188 1.00262
51 188 1.00255
52 188 1.00500
53 188 1.00589
54 188 1.00301
55 188 1.00102
56 188 0.99666
57 188 0.99871
58 188 1.00336
59 188 1.00565
60 188 1.00871
61 188 1.00997
62 188 1.00060
63 188 1.00066
0 189 1.00706
1 189 0.99623
2 189 0.99725
3 189 1.00728
4 189 1.00633
5 189 1.00378
6 189 1.00170
7 189 0.99833
8 189 0.99757
9 189 1.00269
10 189 1.00530
11 189 1.00791
12 189 1.00686
13 189 1.00417
14 189 1.00369
15 189 1.00496
16 189 1.00668
17 189 1.00711
18 189 1.00663
19 189 1.00538
20 189 1.00257
21 189 1.00058
22 189 1.00045
23 189 1.00130
24 189 1.00322
25 189 1.00390
26 189 1.00400
27 189 1.00380
28 189 1.00349
29 189 1.00332
30 189 1.00325
31 189 1.00342
32 189 1.00326
33 189 1.00342
34 189 1.00325
35 189 1.00332
36 189 1.00349
37 189 1.00380
38 189 1.00400
39 189 1.00390
40 189 1.00322
41 189 1.00130
42 189 1.00045
43 189 1.00058
44 189 1.00256
45 189 1.00538
46 189 1.00662
47 189 1.00711
48 189 1.00668
49 189 1.00496
50 189 1.00369
51 189 1.00417
52 189 1.00686
53 189 1.00791
54 189 1.00531
55 189 1.00269
56 189 0.99757
57 189 0.99833
58 189 1.00170
59 189 1.00378
60 189 1.00633
61 189 1.00728
62 189 0.99725
63 189 0.99623
0 190 1.00124
1 190 0.99067
2 190 0.99235
3 190 1.00280
4 190 1.00213
5 190 1.00036
6 190 0.99904
7 190 0.99737
8 190 0.99820
9 190 1.00405
10 190 1.00708
11 190 1.00927
12 190 1.00799
13 190 1.00508
14 190 1.00408
15 190 1.00475
16 190 1.00595
17 190 1.00597
18 190 1.00514
19 190 1.00383
20 190 1.00142
21 190 0.99998
22 190 1.00037
23 190 1.00145
24 190 1.00327
25 190 1.00390
26 190 1.00389
27 190 1.00372
28 190 1.00351
29 190 1.00339
30 190 1.00339
31 190 1.00356
32 190 1.00341
33 190 1.00356
34 190 1.00339
35 190 1.00339
36 190 1.00351
37 190 1.00372
38 190 1.00389
39 190 1.00390
40 190 1.00327
41 190 1.00145
42 190 1.00037
43 190 0.99998
44 190 1.00142
45 190 1.00383
46 190 1.00514
47 190 1.00597
48 190 1.00595
49 190 1.00475
50 190 1.00408
51 190 1.00508
52 190 1.00799
53 190 1.00927
54 190 1.00708
55 190 1.00406
56 190 0.99820
57 190 0.99738
58 190 0.99904
59 190 1.00036
60 190 1.00213
61 190 1.00280
62 190 0.99235
63 190 0.99067
0 191 1.00058
1 191 0.99001
2 191 0.99160
3 191 1.00161
4 191 1.00054
5 191 0.99911
6 191 0.99833
7 191 0.99792
8 191 0.99969
9 191 1.00555
10 191 1.00828
11 191 1.00965
12 191 1.00796
13 191 1.00492
14 191 1.00366
15 191 1.00398
16 191 1.00488
17 191 1.00471
18 191 1.00377
19 191 1.00261
20 191 1.00074
21 191 0.99989
22 191 1.00072
23 191 1.00186
24 191 1.00342
25 191 1.00387
26 191 1.00369
27 191 1.00350
28 191 1.00334
29 191 1.00325
30 191 1.00327
31 191 1.00341
32 191 1.00327
33 191 1.00341
34 191 1.00327
35 191 1.00325
36 191 1.00334
37 191 1.00350
38 191 1.00369
39 191 1.00387
40 191 1.00342
41 191 1.00186
42 191 1.00072
43 191 0.99989
44 191 1.00074
45 191 1.00261
46 191 1.00377
47 191 1.00471
48 191 1.00488
49 191 1.00398
50 191 1.00366
51 191 1.00492
52 191 1.00796
53 191 1.00965
54 191 1.00829
55 191 1.00555
56 191 0.99969
57 191 0.99792
58 191 0.99833
59 191 0.99911
60 191 1.00054
61 191 1.00161
62 191 0.99160
63 191 0.99001
0 192 1.00419
1 192 0.99350
2 192 0.99464
3 192 1.00380
4 192 1.00207
5 192 1.00101
6 192 1.00093
7 192 1.00162
8 192 1.00399
9 192 1.00940
10 192 1.01134
11 192 1.01155
12 192 1.00919
13 192 1.00588
14 192 1.00433
15 192 1.00425
16 192 1.00476
17 192 1.00434
18 192 1.00330
19 192 1.00231
20 192 1.00098
21 192 1.00060
22 192 1.00166
23 192 1.00269
24 192 1.00385
25 192 1.00405
26 192 1.00374
27 192 1.00355
28 192 1.00345
29 192 1.00338
30 192 1.00341
31 192 1.00352
32 192 1.00338
33 192 1.00352
34 192 1.00341
35 192 1.00338
36 192 1.00345
37 192 1.00355
38 192 1.00374
39 192 1.00405
40 192 1.00385
41 192 1.00269
42 192 1.00166
43 192 1.00060
44 192 1.00098
45 192 1.00231
46 192 1.00330
47 192 1.00434
48 192 1.00476
49 192 1.00425
50 192 1.00433
51 192 1.00588
52 192 1.00919
53 192 1.01155
54 192 1.01134
55 192 1.00940
56 192 1.00399
57 192 1.00162
58 192 1.00093
59 192 1.00101
60 192 1.00207
61 192 1.00380
62 192 0.99464
63 192 0.99350
0 193 1.00828
1 193 0.99747
2 193 0.99803
3 193 1.00611
4 193 1.00361
5 193 1.00298
6 193 1.00363
7 193 1.00517
8 193 1.00774
9 193 1.01230
10 193 1.01316
11 193 1.01214
12 193 1.00918
13 193 1.00579
14 193 1.00419
15 193 1.00393
16 193 1.00420
17 193 1.00366
18 193 1.00267
19 193 1.00198
20 193 1.00119
21 193 1.00119
22 193 1.00235
23 193 1.00315
24 193 1.00392
25 193 1.00392
26 193 1.00354
27 193 1.00339
28 193 1.00333
29 193 1.00329
30 193 1.00332
31 193 1.00340
32 193 1.00326
33 193 1.00340
34 193 1.00332
35 193 1.00329
36 193 1.00333
37 193 1.00339
38 193 1.00354
39 193 1.00392
40 193 1.00392
41 193 1.00315
42 193 1.00235
43 193 1.00119
44 193 1.00119
45 193 1.00198
46 193 1.00267
47 193 1.00366
48 193 1.00420
49 193 1.00393
50 193 1.00419
51 193 1.00579
52 193 1.00918
53 193 1.01214
54 193 1.01316
55 193 1.01231
56 193 1.00774
57 193 1.00517
58 193 1.00364
59 193 1.00297
60 193 1.00361
61 193 1.00611
62 193 0.99803
63 193 0.99746
0 194 1.01307
1 194 1.00211
2 194 1.00187
3 194 1.00853
4 194 1.00502
5 194 1.00458
6 194 1.00563
7 194 1.00737
8 194 1.00948
9 194 1.01271
10 194 1.01222
11 194 1.01010
12 194 1.00683
13 194 1.00375
14 194 1.00252
15 194 1.00244
16 194 1.00280
17 194 1.00243
18 194 1.00176
19 194 1.00155
20 194 1.00132
21 194 1.00165
22 194 1.00282
23 194 1.00341
24 194 1.00389
25 194 1.00381
26 194 1.00347
27 194 1.00340
28 194 1.00341
29 194 1.00339
30 194 1.00342
31 194 1.00347
32 194 1.00334
33 194 1.00347
34 194 1.00342
35 194 1.00339
36 194 1.00341
37 194 1.00340
38 194 1.00347
39 194 1.00381
40 194 1.00390
41 194 1.00341
42 194 1.00282
43 194 1.00165
44 194 1.00132
45 194 1.00155
46 194 1.00176
47 194 1.00243
48 194 1.00280
49 194 1.00244
50 194 1.00252
51 194 1.00374
52 194 1.00683
53 194 1.01010
54 194 1.01222
55 194 1.01271
56 194 1.00948
57 194 1.00737
58 194 1.00563
59 194 1.00457
60 194 1.00501
61 194 1.00853
62 194 1.00187
63 194 1.00210
0 195 1.01973
1 195 1.00860
2 195 1.00742
3 195 1.01249
4 195 1.00789
5 195 1.00748
6 195 1.00853
7 195 1.00985
8 195 1.01093
9 195 1.01246
10 195 1.01056
11 195 1.00752
12 195 1.00418
13 195 1.00162
14 195 1.00092
15 195 1.00115
16 195 1.00169
17 195 1.00158
18 195 1.00126
19 195 1.00145
20 195 1.00160
21 195 1.00204
22 195 1.00304
23 195 1.00338
24 195 1.00363
25 195 1.00350
26 195 1.00324
27 195 1.00324
28 195 1.00329
29 195 1.00330
30 195 1.00331
31 195 1.00335
32 195 1.00324
33 195 1.00335
34 195 1.00331
35 195 1.00330
36 195 1.00329
37 195 1.00324
38 195 1.00324
39 195 1.00350
40 195 1.00363
41 195 1.00338
42 195 1.00304
43 195 1.00204
44 195 1.00160
45 195 1.00145
46 195 1.00126
47 195 1.00158
48 195 1.00169
49 195 1.00115
50 195 1.00092
51 195 1.00161
52 195 1.00418
53 195 1.00751
54 195 1.01056
55 195 1.01246
56 195 1.01093
57 195 1.00985
58 195 1.00853
59 195 1.00748
60 195 1.00789
61 195 1.01249
62 195 1.00742
63 195 1.00860
0 196 1.02144
1 196 1.01031
2 196 1.00850
3 196 1.01243
4 196 1.00729
5 196 1.00720
6 196 1.00830
7 196 1.00913
8 196 1.00921
9 196 1.00940
10 196 1.00666
11 196 1.00345
12 196 1.00075
13 196 0.99924
14 196 0.99948
15 196 1.00032
16 196 1.00128
17 196 1.00158
18 196 1.00167
19 196 1.00215
20 196 1.00247
21 196 1.00283
22 196 1.00356
23 196 1.00362
24 196 1.00367
25 196 1.00352
26 196 1.00330
27 196 1.00333
28 196 1.00338
29 196 1.00336
30 196 1.00336
31 196 1.00336
32 196 1.00327
33 196 1.00336
34 196 1.00336
35 196 1.00336
36 196 1.00338
37 196 1.00333
38 196 1.00330
39 196 1.00352
40 196 1.00367
41 196 1.00362
42 196 1.00356
43 196 1.00283
44 196 1.00247
45 196 1.00215
46 196 1.00167
47 196 1.00158
48 196 1.00128
49 196 1.00032
50 196 0.99947
51 196 0.99924
52 196 1.00075
53 196 1.00344
54 196 1.00666
55 196 1.00940
56 196 1.00921
57 196 1.00913
58 196 1.00830
59 196 1.00720
60 196 1.00729
61 196 1.01243
62 196 1.00850
63 196 1.01031
0 197 1.01849
1 197 1.00759
2 197 1.00559
3 197 1.00894
4 197 1.00373
5 197 1.00403
6 197 1.00506
7 197 1.00534
8 197 1.00465
9 197 1.00405
10 197 1.00128
11 197 0.99877
12 197 0.99740
13 197 0.99733
14 197 0.99865
15 197 1.00014
16 197 1.00145
17 197 1.00204
18 197 1.00233
19 197 1.00285
20 197 1.00312
21 197 1.00329
22 197 1.00374
23 197 1.00363
24 197 1.00359
25 197 1.00348
26 197 1.00335
27 197 1.00341
28 197 1.00345
29 197 1.00343
30 197 1.00341
31 197 1.00342
32 197 1.00334
33 197 1.00342
34 197 1.00341
35 197 1.00343
36 197 1.00345
37 197 1.00341
38 197 1.00335
39 197 1.00348
40 197 1.00359
41 197 1.00363
42 197 1.00374
43 197 1.00329
44 197 1.00312
45 197 1.00285
46 197 1.00233
47 197 1.00204
48 197 1.00145
49 197 1.00014
50 197 0.99865
51 197 0.99733
52 197 0.99739
53 197 0.99877
54 197 1.00128
55 197 1.00405
56 197 1.00465
57 197 1.00534
58 197 1.00507
59 197 1.00403
60 197 1.00373
61 197 1.00894
62 197 1.00559
63 197 1.00759
0 198 1.01560
1 198 1.00526
2 198 1.00373
3 198 1.00716
4 198 1.00236
5 198 1.00306
6 198 1.00383
7 198 1.00349
8 198 1.00224
9 198 1.00128
10 198 0.99892
11 198 0.99742
12 198 0.99732
13 198 0.99828
14 198 1.00010
15 198 1.00160
16 198 1.00269
17 198 1.00305
18 198 1.00310
19 198 1.00333
20 198 1.00334
21 198 1.00327
22 198 1.00351
23 198 1.00332
24 198 1.00328
25 198 1.00324
26 198 1.00319
27 198 1.00327
28 198 1.00330
29 198 1.00328
30 198 1.00327
31 198 1.00328
32 198 1.00323
33 198 1.00328
34 198 1.00327
35 198 1.00328
36 198 1.00330
37 198 1.00327
38 198 1.00319
39 198 1.00324
40 198 1.00328
41 198 1.00332
42 198 1.00351
43 198 1.00327
44 198 1.00334
45 198 1.00333
46 198 1.00310
47 198 1.00305
48 198 1.00270
49 198 1.00160
50 198 1.00010
51 198 0.99828
52 198 0.99732
53 198 0.99742
54 198 0.99892
55 198 1.00127
56 198 1.00224
57 198 1.00349
58 198 1.00383
59 198 1.00306
60 198 1.00236
61 198 1.00716
62 198 1.00373
63 198 1.00526
0 199 1.01138
1 199 1.00196
2 199 1.00158
3 199 1.00585
4 199 1.00204
5 199 1.00331
6 199 1.00393
7 199 1.00324
8 199 1.00181
9 199 1.00091
10 199 0.99924
11 199 0.99873
12 199 0.99952
13 199 1.00089
14 199 1.00255
15 199 1.00354
16 199 1.00405
17 199 1.00394
18 199 1.00365
19 199 1.00359
20 199 1.00344
21 199 1.00329
22 199 1.00346
23 199 1.00330
24 199 1.00331
25 199 1.00333
26 199 1.00332
27 199 1.00338
28 199 1.00339
29 199 1.00336
30 199 1.00334
31 199 1.00335
32 199 1.00331
33 199 1.00335
34 199 1.00334
35 199 1.00336
36 199 1.00339
37 199 1.00338
38 199 1.00332
39 199 1.00333
40 199 1.00331
41 199 1.00330
42 199 1.00346
43 199 1.00329
44 199 1.00344
45 199 1.00359
46 199 1.00365
47 199 1.00394
48 199 1.00405
49 199 1.00354
50 199 1.00255
51 199 1.00089
52 199 0.99952
53 199 0.99873
54 199 0.99924
55 199 1.00091
56 199 1.00181
57 199 1.00324
58 199 1.00393
59 199 1.00331
60 199 1.00204
61 199 1.00585
62 199 1.00158
63 199 1.00195
0 200 1.00425
1 200 0.99581
2 200 0.99664
3 200 1.00175
4 200 0.99890
5 200 1.00067
6 200 1.00130
7 200 1.00071
8 200 0.99974
9 200 0.99958
10 200 0.99907
11 200 0.99970
12 200 1.00121
13 200 1.00270
14 200 1.00400
15 200 1.00443
16 200 1.00442
17 200 1.00401
18 200 1.00358
19 200 1.00344
20 200 1.00331
21 200 1.00321
22 200 1.00340
23 200 1.00329
24 200 1.00333
25 200 1.00337
26 200 1.00335
27 200 1.00338
28 200 1.00336
29 200 1.00333
30 200 1.00332
31 200 1.00333
32 200 1.00331
33 200 1.00333
34 200 1.00332
35 200 1.00333
36 200 1.00336
37 200 1.00338
38 200 1.00335
39 200 1.00337
40 200 1.00333
41 200 1.00329
42 200 1.00340
43 200 1.00321
44 200 1.00331
45 200 1.00344
46 200 1.00358
47 200 1.00401
48 200 1.00442
49 200 1.00443
50 200 1.00400
51 200 1.00271
52 200 1.00122
53 200 0.99970
54 200 0.99907
55 200 0.99958
56 200 0.99974
57 200 1.00071
58 200 1.00130
59 200 1.00067
60 200 0.99890
61 200 1.00175
62 200 0.99664
63 200 0.99581
0 201 1.00223
1 201 0.99466
2 201 0.99619
3 201 1.00145
4 201 0.99892
5 201 1.00058
6 201 1.00089
7 201 1.00031
8 201 0.99976
9 201 1.00020
10 201 1.00046
11 201 1.00159
12 201 1.00310
13 201 1.00409
14 201 1.00466
15 201 1.00444
16 201 1.00401
17 201 1.00345
18 201 1.00307
19 201 1.00302
20 201 1.00303
21 201 1.00304
22 201 1.00326
23 201 1.00321
24 201 1.00328
25 201 1.00332
26 201 1.00330
27 201 1.00331
28 201 1.00330
29 201 1.00329
30 201 1.00329
31 201 1.00331
32 201 1.00329
33 201 1.00331
34 201 1.00329
35 201 1.00329
36 201 1.00329
37 201 1.00331
38 201 1.00330
39 201 1.00332
40 201 1.00328
41 201 1.00321
42 201 1.00326
43 201 1.00304
44 201 1.00303
45 201 1.00302
46 201 1.00307
47 201 1.00345
48 201 1.00400
49 201 1.00444
50 201 1.00466
51 201 1.00409
52 201 1.00310
53 201 1.00159
54 201 1.00046
55 201 1.00020
56 201 0.99976
57 201 1.00031
58 201 1.00089
59 201 1.00058
60 201 0.99892
61 201 1.00145
62 201 0.99619
63 201 0.99466
0 202 1.00524
1 202 0.99834
2 202 0.99999
3 202 1.00467
4 202 1.00194
5 202 1.00312
6 202 1.00295
7 202 1.00230
8 202 1.00194
9 202 1.00254
10 202 1.00291
11 202 1.00377
12 202 1.00461
13 202 1.00475
14 202 1.00457
15 202 1.00391
16 202 1.00336
17 202 1.00295
18 202 1.00279
19 202 1.00293
20 202 1.00307
21 202 1.00316
22 202 1.00337
23 202 1.00332
24 202 1.00337
25 202 1.00339
26 202 1.00336
27 202 1.00336
28 202 1.00334
29 202 1.00334
30 202 1.00334
31 202 1.00335
32 202 1.00334
33 202 1.00335
34 202 1.00334
35 202 1.00334
36 202 1.00334
37 202 1.00336
38 202 1.00336
39 202 1.00339
40 202 1.00337
41 202 1.00332
42 202 1.00337
43 202 1.00316
44 202 1.00307
45 202 1.00293
46 202 1.00279
47 202 1.00295
48 202 1.00336
49 202 1.00391
50 202 1.00457
51 202 1.00475
52 202 1.00461
53 202 1.00377
54 202 1.00291
55 202 1.00254
56 202 1.00194
57 202 1.00230
58 202 1.00295
59 202 1.00312
60 202 1.00194
61 202 1.00467
62 202 0.99999
63 202 0.99834
0 203 1.00467
1 203 0.99827
2 203 0.99958
3 203 1.00335
4 203 1.00041
5 203 1.00143
6 203 1.00139
7 203 1.00133
8 203 1.00167
9 203 1.00274
10 203 1.00334
11 203 1.00406
12 203 1.00448
13 203 1.00420
14 203 1.00383
15 203 1.00326
16 203 1.00297
17 203 1.00287
18 203 1.00296
19 203 1.00318
20 203 1.00332
21 203 1.00335
22 203 1.00346
23 203 1.00338
24 203 1.00338
25 203 1.00336
26 203 1.00333
27 203 1.00332
28 203 1.00331
29 203 1.00331
30 203 1.00331
31 203 1.00332
32 203 1.00331
33 203 1.00332
34 203 1.00331
35 203 1.00331
36 203 1.00331
37 203 1.00332
38 203 1.00333
39 203 1.00336
40 203 1.00338
41 203 1.00338
42 203 1.00346
43 203 1.00335
44 203 1.00332
45 203 1.00318
46 203 1.00296
47 203 1.00287
48 203 1.00297
49 203 1.00326
50 203 1.00383
51 203 1.00420
52 203 1.00448
53 203 1.00406
54 203 1.00334
55 203 1.00274
56 203 1.00167
57 203 1.00133
58 203 1.00139
59 203 1.00143
60 203 1.00041
61 203 1.00335
62 203 0.99958
63 203 0.99827
0 204 1.00703
1 204 1.00105
2 204 1.00186
3 204 1.00464
4 204 1.00153
5 204 1.00243
6 204 1.00249
7 204 1.00275
8 204 1.00327
9 204 1.00417
10 204 1.00440
11 204 1.00453
12 204 1.00437
13 204 1.00375
14 204 1.00332
15 204 1.00291
16 204 1.00286
17 204 1.00294
18 204 1.00310
19 204 1.00327
20 204 1.00335
21 204 1.00332
22 204 1.00337
23 204 1.00329
24 204 1.00331
25 204 1.00330
26 204 1.00329
27 204 1.00330
28 204 1.00330
29 204 1.00331
30 204 1.00330
31 204 1.00331
32 204 1.00330
33 204 1.00331
34 204 1.00330
35 204 1.00331
36 204 1.00330
37 204 1.00330
38 204 1.00329
39 204 1.00330
40 204 1.00331
41 204 1.00329
42 204 1.00337
43 204 1.00332
44 204 1.00335
45 204 1.00327
46 204 1.00310
47 204 1.00294
48 204 1.00286
49 204 1.00291
50 204 1.00332
51 204 1.00375
52 204 1.00437
53 204 1.00453
54 204 1.00440
55 204 1.00417
56 204 1.00327
57 204 1.00275
58 204 1.00249
59 204 1.00243
60 204 1.00153
61 204 1.00464
62 204 1.00186
63 204 1.00105
0 205 1.00987
1 205 1.00443
2 205 1.00507
3 205 1.00727
4 205 1.00433
5 205 1.00514
6 205 1.00501
7 205 1.00501
8 205 1.00500
9 205 1.00515
10 205 1.00466
11 205 1.00419
12 205 1.00370
13 205 1.00308
14 205 1.00287
15 205 1.00277
16 205 1.00294
17 205 1.00312
18 205 1.00327
19 205 1.00337
20 205 1.00339
21 205 1.00334
22 205 1.00337
23 205 1.00331
24 205 1.00333
25 205 1.00332
26 205 1.00333
27 205 1.00333
28 205 1.00333
29 205 1.00333
30 205 1.00332
31 205 1.00332
32 205 1.00332
33 205 1.00332
34 205 1.00332
35 205 1.00333
36 205 1.00332
37 205 1.00333
38 205 1.00333
39 205 1.00332
40 205 1.00333
41 205 1.00331
42 205 1.00337
43 205 1.00334
44 205 1.00339
45 205 1.00337
46 205 1.00327
47 205 1.00313
48 205 1.00294
49 205 1.00277
50 205 1.00287
51 205 1.00308
52 205 1.00370
53 205 1.00419
54 205 1.00466
55 205 1.00515
56 205 1.00500
57 205 1.00501
58 205 1.00501
59 205 1.00514
60 205 1.00433
61 205 1.00727
62 205 1.00507
63 205 1.00443
0 206 1.00785
1 206 1.00305
2 206 1.00385
3 206 1.00596
4 206 1.00356
5 206 1.00450
6 206 1.00430
7 206 1.00419
8 206 1.00391
9 206 1.00379
10 206 1.00325
11 206 1.00293
12 206 1.00276
13 206 1.00260
14 206 1.00279
15 206 1.00295
16 206 1.00320
17 206 1.00334
18 206 1.00339
19 206 1.00339
20 206 1.00336
21 206 1.00330
22 206 1.00332
23 206 1.00328
24 206 1.00330
25 206 1.00330
26 206 1.00330
27 206 1.00330
28 206 1.00330
29 206 1.00330
30 206 1.00330
31 206 1.00331
32 206 1.00331
33 206 1.00331
34 206 1.00330
35 206 1.00330
36 206 1.00330
37 206 1.00330
38 206 1.00330
39 206 1.00330
40 206 1.00330
41 206 1.00328
42 206 1.00332
43 206 1.00330
44 206 1.00336
45 206 1.00339
46 206 1.00339
47 206 1.00334
48 206 1.00320
49 206 1.00295
50 206 1.00279
51 206 1.00260
52 206 1.00276
53 206 1.00293
54 206 1.00325
55 206 1.00379
56 206 1.00391
57 206 1.00419
58 206 1.00430
59 206 1.00450
60 206 1.00356
61 206 1.00596
62 206 1.00385
63 206 1.00305
0 207 1.00550
1 207 1.00128
2 207 1.00222
3 207 1.00423
4 207 1.00230
5 207 1.00332
6 207 1.00314
7 207 1.00312
8 207 1.00294
9 207 1.00296
10 207 1.00274
11 207 1.00277
12 207 1.00291
13 207 1.00299
14 207 1.00325
15 207 1.00335
16 207 1.00345
17 207 1.00344
18 207 1.00340
19 207 1.00334
20 207 1.00332
21 207 1.00329
22 207 1.00332
23 207 1.00330
24 207 1.00333
25 207 1.00333
26 207 1.00333
27 207 1.00333
28 207 1.00333
29 207 1.00333
30 207 1.00333
31 207 1.00333
32 207 1.00333
33 207 1.00333
34 207 1.00333
35 207 1.00333
36 207 1.00333
37 207 1.00333
38 207 1.00333
39 207 1.00333
40 207 1.00333
41 207 1.00330
42 207 1.00332
43 207 1.00329
44 207 1.00332
45 207 1.00334
46 207 1.00339
47 207 1.00344
48 207 1.00345
49 207 1.00335
50 207 1.00325
51 207 1.00299
52 207 1.00291
53 207 1.00277
54 207 1.00274
55 207 1.00296
56 207 1.00294
57 207 1.00312
58 207 1.00314
59 207 1.00332
60 207 1.00230
61 207 1.00423
62 207 1.00222
63 207 1.00128
0 208 1.00511
1 208 1.00139
2 208 1.00228
3 208 1.00401
4 208 1.00232
5 208 1.00324
6 208 1.00301
7 208 1.00307
8 208 1.00298
9 208 1.00311
10 208 1.00305
11 208 1.00316
12 208 1.00330
13 208 1.00332
14 208 1.00343
15 208 1.00339
16 208 1.00338
17 208 1.00332
18 208 1.00329
19 208 1.00327
20 208 1.00329
21 208 1.00327
22 208 1.00330
23 208 1.00328
24 208 1.00330
25 208 1.00330
26 208 1.00330
27 208 1.00330
28 208 1.00330
29 208 1.00330
30 208 1.00331
31 208 1.00331
32 208 1.00331
33 208 1.00331
34 208 1.00331
35 208 1.00330
36 208 1.00330
37 208 1.00330
38 208 1.00330
39 208 1.00330
40 208 1.00330
41 208 1.00328
42 208 1.00330
43 208 1.00327
44 208 1.00329
45 208 1.00327
46 208 1.00329
47 208 1.00332
48 208 1.00338
49 208 1.00339
50 208 1.00343
51 208 1.00332
52 208 1.00330
53 208 1.00316
54 208 1.00305
55 208 1.00311
56 208 1.00298
57 208 1.00307
58 208 1.00301
59 208 1.00324
60 208 1.00232
61 208 1.00401
62 208 1.00228
63 208 1.00139
0 209 1.00524
1 209 1.00196
2 209 1.00275
3 209 1.00414
4 209 1.00263
5 209 1.00343
6 209 1.00314
7 209 1.00323
8 209 1.00315
9 209 1.00327
10 209 1.00322
11 209 1.00329
12 209 1.00334
13 209 1.00329
14 209 1.00333
15 209 1.00328
16 209 1.00329
17 209 1.00327
18 209 1.00328
19 209 1.00328
20 209 1.00331
21 209 1.00330
22 209 1.00332
23 209 1.00330
24 209 1.00333
25 209 1.00332
26 209 1.00333
27 209 1.00333
28 209 1.00334
29 209 1.00334
30 209 1.00334
31 209 1.00334
32 209 1.00334
33 209 1.00334
34 209 1.00334
35 209 1.00333
36 209 1.00334
37 209 1.00333
38 209 1.00333
39 209 1.00332
40 209 1.00333
41 209 1.00330
42 209 1.00332
43 209 1.00330
44 209 1.00331
45 209 1.00328
46 209 1.00328
47 209 1.00327
48 209 1.00329
49 209 1.00328
50 209 1.00333
51 209 1.00329
52 209 1.00334
53 209 1.00329
54 209 1.00322
55 209 1.00327
56 209 1.00315
57 209 1.00323
58 209 1.00314
59 209 1.00343
60 209 1.00263
61 209 1.00414
62 209 1.00275
63 209 1.00196
0 210 1.00506
1 210 1.00219
2 210 1.00291
3 210 1.00404
4 210 1.00273
5 210 1.00345
6 210 1.00315
7 210 1.00326
8 210 1.00316
9 210 1.00327
10 210 1.00320
11 210 1.00325
12 210 1.00327
13 210 1.00324
14 210 1.00327
15 210 1.00324
16 210 1.00327
17 210 1.00327
18 210 1.00328
19 210 1.00328
20 210 1.00330
21 210 1.00329
22 210 1.00331
23 210 1.00330
24 210 1.00332
25 210 1.00331
26 210 1.00332
27 210 1.00332
28 210 1.00333
29 210 1.00333
30 210 1.00333
31 210 1.00333
32 210 1.00333
33 210 1.00333
34 210 1.00333
35 210 1.00333
36 210 1.00333
37 210 1.00332
38 210 1.00332
39 210 1.00331
40 210 1.00332
41 210 1.00330
42 210 1.00331
43 210 1.00329
44 210 1.00330
45 210 1.00328
46 210 1.00328
47 210 1.00327
48 210 1.00327
49 210 1.00324
50 210 1.00327
51 210 1.00324
52 210 1.00327
53 210 1.00325
54 210 1.00320
55 210 1.00327
56 210 1.00316
57 210 1.00326
58 210 1.00315
59 210 1.00345
60 210 1.00273
61 210 1.00404
62 210 1.00291
63 210 1.00219
0 211 1.00478
1 211 1.00228
2 211 1.00295
3 211 1.00388
4 211 1.00278
5 211 1.00344
6 211 1.00314
7 211 1.00327
8 211 1.00317
9 211 1.00326
10 211 1.00321
11 211 1.00325
12 211 1.00327
13 211 1.00325
14 211 1.00328
15 211 1.00326
16 211 1.00329
17 211 1.00328
18 211 1.00330
19 211 1.00329
20 211 1.00331
21 211 1.00331
22 211 1.00333
23 211 1.00332
24 211 1.00334
25 211 1.00334
26 211 1.00334
27 211 1.00334
28 211 1.00335
29 211 1.00335
30 211 1.00335
31 211 1.00335
32 211 1.00335
33 211 1.00335
34 211 1.00335
35 211 1.00335
36 211 1.00335
37 211 1.00334
38 211 1.00334
39 211 1.00334
40 211 1.00334
41 211 1.00332
42 211 1.00333
43 211 1.00331
44 211 1.00331
45 211 1.00329
46 211 1.00330
47 211 1.00328
48 211 1.00329
49 211 1.00326
50 211 1.00328
51 211 1.00325
52 211 1.00327
53 211 1.00325
54 211 1.00321
55 211 1.00326
56 211 1.00317
57 211 1.00327
58 211 1.00314
59 211 1.00344
60 211 1.00278
61 211 1.00388
62 211 1.00295
63 211 1.00228
0 212 1.00454
1 212 1.00239
2 212 1.00301
3 212 1.00376
4 212 1.00284
5 212 1.00343
6 212 1.00313
7 212 1.00327
8 212 1.00317
9 212 1.00327
10 212 1.00321
11 212 1.00325
12 212 1.00326
13 212 1.00325
14 212 1.00328
15 212 1.00326
16 212 1.00329
17 212 1.00328
18 212 1.00330
19 212 1.00330
20 212 1.00332
21 212 1.00331
22 212 1.00333
23 212 1.00333
24 212 1.00334
25 212 1.00334
26 212 1.00335
27 212 1.00335
28 212 1.00335
29 212 1.00335
30 212 1.00336
31 212 1.00336
32 212 1.00336
33 212 1.00336
34 212 1.00336
35 212 1.00335
36 212 1.00335
37 212 1.00335
38 212 1.00335
39 212 1.00334
40 212 1.00334
41 212 1.00333
42 212 1.00333
43 212 1.00331
44 212 1.00332
45 212 1.00330
46 212 1.00330
47 212 1.00328
48 212 1.00329
49 212 1.00326
50 212 1.00328
51 212 1.00325
52 212 1.00326
53 212 1.00325
54 212 1.00321
55 212 1.00327
56 212 1.00317
57 212 1.00327
58 212 1.00313
59 212 1.00343
60 212 1.00284
61 212 1.00376
62 212 1.00301
63 212 1.00239
0 213 1.00436
1 213 1.00251
2 213 1.00308
3 213 1.00367
4 213 1.00291
5 213 1.00344
6 213 1.00314
7 213 1.00329
8 213 1.00319
9 213 1.00328
10 213 1.00322
11 213 1.00327
12 213 1.00327
13 213 1.00326
14 213 1.00329
15 213 1.00328
16 213 1.00330
17 213 1.00330
18 213 1.00332
19 213 1.00332
20 213 1.00333
21 213 1.00333
22 213 1.00335
23 213 1.00334
24 213 1.00336
25 213 1.00336
26 213 1.00336
27 213 1.00336
28 213 1.00337
29 213 1.00337
30 213 1.00337
31 213 1.00337
32 213 1.00337
33 213 1.00337
34 213 1.00337
35 213 1.00337
36 213 1.00337
37 213 1.00336
38 213 1.00336
39 213 1.00336
40 213 1.00336
41 213 1.00334
42 213 1.00335
43 213 1.00333
44 213 1.00333
45 213 1.00332
46 213 1.00332
47 213 1.00330
48 213 1.00330
49 213 1.00328
50 213 1.00329
51 213 1.00326
52 213 1.00327
53 213 1.00327
54 213 1.00322
55 213 1.00328
56 213 1.00319
57 213 1.00329
58 213 1.00314
59 213 1.00344
60 213 1.00291
61 213 1.00367
62 213 1.00308
63 213 1.00251
0 214 1.00420
1 214 1.00262
2 214 1.00314
3 214 1.00360
4 214 1.00298
5 214 1.00344
6 214 1.00315
7 214 1.00331
8 214 1.00320
9 214 1.00329
10 214 1.00324
11 214 1.00328
12 214 1.00328
13 214 1.00328
14 214 1.00330
15 214 1.00329
16 214 1.00332
17 214 1.00331
18 214 1.00333
19 214 1.00333
20 214 1.00335
21 214 1.00334
22 214 1.00336
23 214 1.00335
24 214 1.00337
25 214 1.00336
26 214 1.00337
27 214 1.00337
28 214 1.00337
29 214 1.00337
30 214 1.00338
31 214 1.00337
32 214 1.00338
33 214 1.00337
34 214 1.00338
35 214 1.00337
36 214 1.00337
37 214 1.00337
38 214 1.00337
39 214 1.00336
40 214 1.00337
41 214 1.00335
42 214 1.00336
43 214 1.00334
44 214 1.00335
45 214 1.00333
46 214 1.00333
47 214 1.00331
48 214 1.00332
49 214 1.00329
50 214 1.00330
51 214 1.00328
52 214 1.00328
53 214 1.00328
54 214 1.00324
55 214 1.00329
56 214 1.00320
57 214 1.00331
58 214 1.00315
59 214 1.00344
60 214 1.00298
61 214 1.00360
62 214 1.00314
63 214 1.00262
0 215 1.00406
1 215 1.00272
2 215 1.00319
3 215 1.00355
4 215 1.00304
5 215 1.00343
6 215 1.00317
7 215 1.00332
8 215 1.00322
9 215 1.00331
10 215 1.00326
11 215 1.00330
12 215 1.00329
13 215 1.00329
14 215 1.00332
15 215 1.00331
16 215 1.00333
17 215 1.00333
18 215 1.00334
19 215 1.00335
20 215 1.00336
21 215 1.00336
22 215 1.00337
23 215 1.00337
24 215 1.00338
25 215 1.00338
26 215 1.00338
27 215 1.00338
28 215 1.00339
29 215 1.00338
30 215 1.00339
31 215 1.00339
32 215 1.00339
33 215 1.00339
34 215 1.00339
35 215 1.00338
36 215 1.00339
37 215 1.00338
38 215 1.00338
39 215 1.00338
40 215 1.00338
41 215 1.00337
42 215 1.00337
43 215 1.00336
44 215 1.00336
45 215 1.00335
46 215 1.00334
47 215 1.00333
48 215 1.00333
49 215 1.00331
50 215 1.00332
51 215 1.00329
52 215 1.00329
53 215 1.00330
54 215 1.00326
55 215 1.00331
56 215 1.00322
57 215 1.00332
58 215 1.00317
59 215 1.00343
60 215 1.00304
61 215 1.00355
62 215 1.00319
63 215 1.00272
0 216 1.00394
1 216 1.00282
2 216 1.00324
3 216 1.00350
4 216 1.00309
5 216 1.00343
6 216 1.00319
7 216 1.00334
8 216 1.00324
9 216 1.00332
10 216 1.00327
11 216 1.00331
12 216 1.00331
13 216 1.00331
14 216 1.00333
15 216 1.00332
16 216 1.00335
17 216 1.00334
18 216 1.00336
19 216 1.00336
20 216 1.00338
21 216 1.00337
22 216 1.00339
23 216 1.00338
24 216 1.00340
25 216 1.00339
26 216 1.00340
27 216 1.00340
28 216 1.00340
29 216 1.00340
30 216 1.00340
31 216 1.00340
32 216 1.00340
33 216 1.00340
34 216 1.00340
35 216 1.00340
36 216 1.00340
37 216 1.00340
38 216 1.00340
39 216 1.00339
40 216 1.00340
41 216 1.00338
42 216 1.00339
43 216 1.00337
44 216 1.00338
45 216 1.00336
46 216 1.00336
47 216 1.00334
48 216 1.00335
49 216 1.00332
50 216 1.00333
51 216 1.00331
52 216 1.00331
53 216 1.00331
54 216 1.00327
55 216 1.00332
56 216 1.00324
57 216 1.00334
58 216 1.00319
59 216 1.00343
60 216 1.00309
61 216 1.00350
62 216 1.00324
63 216 1.00282
0 217 1.00384
1 217 1.00290
2 217 1.00328
3 217 1.00347
4 217 1.00314
5 217 1.00343
6 217 1.00321
7 217 1.00336
8 217 1.00326
9 217 1.00334
10 217 1.00329
11 217 1.00333
12 217 1.00332
13 217 1.00333
14 217 1.00335
15 217 1.00334
16 217 1.00336
17 217 1.00336
18 217 1.00338
19 217 1.00338
20 217 1.00339
21 217 1.00339
22 217 1.00341
23 217 1.00340
24 217 1.00341
25 217 1.00341
26 217 1.00342
27 217 1.00342
28 217 1.00342
29 217 1.00342
30 217 1.00342
31 217 1.00342
32 217 1.00342
33 217 1.00342
34 217 1.00342
35 217 1.00342
36 217 1.00342
37 217 1.00342
38 217 1.00342
39 217 1.00341
40 217 1.00341
41 217 1.00340
42 217 1.00341
43 217 1.00339
44 217 1.00339
45 217 1.00338
46 217 1.00338
47 217 1.00336
48 217 1.00336
49 217 1.00334
50 217 1.00335
51 217 1.00333
52 217 1.00332
53 217 1.00333
54 217 1.00329
55 217 1.00334
56 217 1.00326
57 217 1.00336
58 217 1.00321
59 217 1.00343
60 217 1.00314
61 217 1.00347
62 217 1.00328
63 217 1.00290
0 218 1.00376
1 218 1.00298
2 218 1.00332
3 218 1.00345
4 218 1.00319
5 218 1.00342
6 218 1.00323
7 218 1.00337
8 218 1.00328
9 218 1.00336
10 218 1.00331
11 218 1.00335
12 218 1.00334
13 218 1.00335
14 218 1.00337
15 218 1.00336
16 218 1.00338
17 218 1.00338
18 218 1.00340
19 218 1.00340
20 218 1.00341
21 218 1.00341
22 218 1.00343
23 218 1.00342
24 218 1.00343
25 218 1.00343
26 218 1.00344
27 218 1.00344
28 218 1.00344
29 218 1.00344
30 218 1.00344
31 218 1.00344
32 218 1.00344
33 218 1.00344
34 218 1.00344
35 218 1.00344
36 218 1.00344
37 218 1.00344
38 218 1.00344
39 218 1.00343
40 218 1.00343
41 218 1.00342
42 218 1.00343
43 218 1.00341
44 218 1.00341
45 218 1.00340
46 218 1.00340
47 218 1.00338
48 218 1.00338
49 218 1.00336
50 218 1.00337
51 218 1.00335
52 218 1.00334
53 218 1.00335
54 218 1.00331
55 218 1.00336
56 218 1.00328
57 218 1.00337
58 218 1.00323
59 218 1.00342
60 218 1.00319
61 218 1.00345
62 218 1.00332
63 218 1.00298
0 219 1.00370
1 219 1.00306
2 219 1.00335
3 219 1.00344
4 219 1.00323
5 219 1.00342
6 219 1.00326
7 219 1.00339
8 219 1.00330
9 219 1.00337
10 219 1.00333
11 219 1.00337
12 219 1.00336
13 219 1.00337
14 219 1.00339
15 219 1.00338
16 219 1.00340
17 219 1.00340
18 219 1.00342
19 219 1.00342
20 219 1.00343
21 219 1.00343
22 219 1.00345
23 219 1.00344
24 219 1.00346
25 219 1.00345
26 219 1.00346
27 219 1.00346
28 219 1.00346
29 219 1.00346
30 219 1.00346
31 219 1.00346
32 219 1.00346
33 219 1.00346
34 219 1.00346
35 219 1.00346
36 219 1.00346
37 219 1.00346
38 219 1.00346
39 219 1.00345
40 219 1.00346
41 219 1.00344
42 219 1.00345
43 219 1.00343
44 219 1.00343
45 219 1.00342
46 219 1.00342
47 219 1.00340
48 219 1.00340
49 219 1.00338
50 219 1.00339
51 219 1.00337
52 219 1.00336
53 219 1.00337
54 219 1.00333
55 219 1.00337
56 219 1.00330
57 219 1.00339
58 219 1.00326
59 219 1.00342
60 219 1.00323
61 219 1.00344
62 219 1.00335
63 219 1.00306
0 220 1.00365
1 220 1.00313
2 220 1.00338
3 220 1.00343
4 220 1.00327
5 220 1.00343
6 220 1.00329
7 220 1.00340
8 220 1.00332
9 220 1.00339
10 220 1.00335
11 220 1.00339
12 220 1.00338
13 220 1.00339
14 220 1.00341
15 220 1.00341
16 220 1.00343
17 220 1.00343
18 220 1.00344
19 220 1.00345
20 220 1.00346
21 220 1.00346
22 220 1.00347
23 220 1.00347
24 220 1.00348
25 220 1.00348
26 220 1.00348
27 220 1.00348
28 220 1.00349
29 220 1.00348
30 220 1.00349
31 220 1.00349
32 220 1.00349
33 220 1.00349
34 220 1.00349
35 220 1.00348
36 220 1.00349
37 220 1.00348
38 220 1.00348
39 220 1.00348
40 220 1.00348
41 220 1.00347
42 220 1.00347
43 220 1.00346
44 220 1.00346
45 220 1.00345
46 220 1.00344
47 220 1.00343
48 220 1.00343
49 220 1.00341
50 220 1.00341
51 220 1.00339
52 220 1.00338
53 220 1.00339
54 220 1.00335
55 220 1.00339
56 220 1.00332
57 220 1.00340
58 220 1.00329
59 220 1.00343
60 220 1.00327
61 220 1.00343
62 220 1.00338
63 220 1.00313
0 221 1.00361
1 221 1.00319
2 221 1.00341
3 221 1.00343
4 221 1.00330
5 221 1.00344
6 221 1.00332
7 221 1.00342
8 221 1.00335
9 221 1.00341
10 221 1.00338
11 221 1.00341
12 221 1.00341
13 221 1.00342
14 221 1.00343
15 221 1.00343
16 221 1.00345
17 221 1.00345
18 221 1.00346
19 221 1.00347
20 221 1.00348
21 221 1.00348
22 221 1.00349
23 221 1.00349
24 221 1.00350
25 221 1.00350
26 221 1.00351
27 221 1.00351
28 221 1.00351
29 221 1.00351
30 221 1.00351
31 221 1.00351
32 221 1.00351
33 221 1.00351
34 221 1.00351
35 221 1.00351
36 221 1.00351
37 221 1.00351
38 221 1.00351
39 221 1.00350
40 221 1.00350
41 221 1.00349
42 221 1.00349
43 221 1.00348
44 221 1.00348
45 221 1.00347
46 221 1.00346
47 221 1.00345
48 221 1.00345
49 221 1.00343
50 221 1.00343
51 221 1.00342
52 221 1.00341
53 221 1.00341
54 221 1.00338
55 221 1.00341
56 221 1.00335
57 221 1.00342
58 221 1.00332
59 221 1.00344
60 221 1.00330
61 221 1.00343
62 221 1.00341
63 221 1.00319
0 222 1.00357
1 222 1.00324
2 222 1.00343
3 222 1.00344
4 222 1.00334
5 222 1.00345
6 222 1.00335
7 222 1.00344
8 222 1.00337
9 222 1.00343
10 222 1.00340
11 222 1.00343
12 222 1.00343
13 222 1.00344
14 222 1.00345
15 222 1.00346
16 222 1.00347
17 222 1.00348
18 222 1.00349
19 222 1.00349
20 222 1.00350
21 222 1.00351
22 222 1.00352
23 222 1.00352
24 222 1.00353
25 222 1.00353
26 222 1.00353
27 222 1.00353
28 222 1.00353
29 222 1.00353
30 222 1.00354
31 222 1.00353
32 222 1.00354
33 222 1.00353
34 222 1.00354
35 222 1.00353
36 222 1.00353
37 222 1.00353
38 222 1.00353
39 222 1.00353
40 222 1.00353
41 222 1.00352
42 222 1.00352
43 222 1.00351
44 222 1.00350
45 222 1.00349
46 222 1.00349
47 222 1.00348
48 222 1.00347
49 222 1.00346
50 222 1.00345
51 222 1.00344
52 222 1.00343
53 222 1.00343
54 222 1.00340
55 222 1.00343
56 222 1.00337
57 222 1.00344
58 222 1.00335
59 222 1.00345
60 222 1.00334
61 222 1.00344
62 222 1.00343
63 222 1.00324
0 223 1.00355
1 223 1.00328
2 223 1.00345
3 223 1.00345
4 223 1.00337
5 223 1.00346
6 223 1.00338
7 223 1.00345
8 223 1.00340
9 223 1.00345
10 223 1.00342
11 223 1.00346
12 223 1.00345
13 223 1.00346
14 223 1.00348
15 223 1.00348
16 223 1.00350
17 223 1.00350
18 223 1.00351
19 223 1.00352
20 223 1.00353
21 223 1.00353
22 223 1.00354
23 223 1.00354
24 223 1.00355
25 223 1.00355
26 223 1.00356
27 223 1.00356
28 223 1.00356
29 223 1.00356
30 223 1.00356
31 223 1.00356
32 223 1.00356
33 223 1.00356
34 223 1.00356
35 223 1.00356
36 223 1.00356
37 223 1.00356
38 223 1.00356
39 223 1.00355
40 223 1.00355
41 223 1.00354
42 223 1.00354
43 223 1.00353
44 223 1.00353
45 223 1.00352
46 223 1.00351
47 223 1.00350
48 223 1.00350
49 223 1.00348
50 223 1.00348
51 223 1.00346
52 223 1.00345
53 223 1.00346
54 223 1.00342
55 223 1.00345
56 223 1.00340
57 223 1.00345
58 223 1.00338
59 223 1.00346
60 223 1.00337
61 223 1.00345
62 223 1.00345
63 223 1.00328
0 224 1.00354
1 224 1.00333
2 224 1.00347
3 224 1.00346
4 224 1.00340
5 224 1.00348
6 224 1.00341
7 224 1.00347
8 224 1.00342
9 224 1.00347
10 224 1.00345
11 224 1.00348
12 224 1.00348
13 224 1.00349
14 224 1.00350
15 224 1.00350
16 224 1.00352
17 224 1.00352
18 224 1.00354
19 224 1.00354
20 224 1.00355
21 224 1.00356
22 224 1.00357
23 224 1.00357
24 224 1.00358
25 224 1.00358
26 224 1.00358
27 224 1.00358
28 224 1.00359
29 224 1.00359
30 224 1.00359
31 224 1.00359
32 224 1.00359
33 224 1.00359
34 224 1.00359
35 224 1.00359
36 224 1.00359
37 224 1.00358
38 224 1.00358
39 224 1.00358
40 224 1.00358
41 224 1.00357
42 224 1.00357
43 224 1.00356
44 224 1.00355
45 224 1.00354
46 224 1.00354
47 224 1.00352
48 224 1.00352
49 224 1.00350
50 224 1.00350
51 224 1.00349
52 224 1.00348
53 224 1.00348
54 224 1.00345
55 224 1.00347
56 224 1.00342
57 224 1.00347
58 224 1.00341
59 224 1.00348
60 224 1.00340
61 224 1.00346
62 224 1.00347
63 224 1.00333
0 225 1.00353
1 225 1.00337
2 225 1.00348
3 225 1.00347
4 225 1.00343
5 225 1.00349
6 225 1.00343
7 225 1.00349
8 225 1.00345
9 225 1.00349
10 225 1.00347
11 225 1.00350
12 225 1.00350
13 225 1.00351
14 225 1.00352
15 225 1.00353
16 225 1.00354
17 225 1.00355
18 225 1.00356
19 225 1.00357
20 225 1.00358
21 225 1.00358
22 225 1.00359
23 225 1.00359
24 225 1.00360
25 225 1.00360
26 225 1.00361
27 225 1.00361
28 225 1.00361
29 225 1.00361
30 225 1.00361
31 225 1.00361
32 225 1.00361
33 225 1.00361
34 225 1.00361
35 225 1.00361
36 225 1.00361
37 225 1.00361
38 225 1.00361
39 225 1.00360
40 225 1.00360
41 225 1.00359
42 225 1.00359
43 225 1.00358
44 225 1.00358
45 225 1.00357
46 225 1.00356
47 225 1.00355
48 225 1.00354
49 225 1.00353
50 225 1.00352
51 225 1.00351
52 225 1.00350
53 225 1.00350
54 225 1.00347
55 225 1.00349
56 225 1.00345
57 225 1.00349
58 225 1.00343
59 225 1.00349
60 225 1.00343
61 225 1.00347
62 225 1.00348
63 225 1.00337
0 226 1.00354
1 226 1.00341
2 226 1.00350
3 226 1.00349
4 226 1.00346
5 226 1.00351
6 226 1.00346
7 226 1.00351
8 226 1.00348
9 226 1.00352
10 226 1.00350
11 226 1.00352
12 226 1.00352
13 226 1.00354
14 226 1.00355
15 226 1.00355
16 226 1.00357
17 226 1.00358
18 226 1.00359
19 226 1.00360
20 226 1.00361
21 226 1.00361
22 226 1.00362
23 226 1.00362
24 226 1.00363
25 226 1.00363
26 226 1.00364
27 226 1.00364
28 226 1.00364
29 226 1.00364
30 226 1.00364
31 226 1.00364
32 226 1.00364
33 226 1.00364
34 226 1.00364
35 226 1.00364
36 226 1.00364
37 226 1.00364
38 226 1.00364
39 226 1.00363
40 226 1.00363
41 226 1.00362
42 226 1.00362
43 226 1.00361
44 226 1.00361
45 226 1.00360
46 226 1.00359
47 226 1.00358
48 226 1.00357
49 226 1.00355
50 226 1.00355
51 226 1.00354
52 226 1.00352
53 226 1.00352
54 226 1.00350
55 226 1.00352
56 226 1.00348
57 226 1.00351
58 226 1.00346
59 226 1.00351
60 226 1.00346
61 226 1.00349
62 226 1.00350
63 226 1.00341
0 227 1.00355
1 227 1.00344
2 227 1.00352
3 227 1.00350
4 227 1.00348
5 227 1.00353
6 227 1.00349
7 227 1.00353
8 227 1.00350
9 227 1.00354
10 227 1.00353
11 227 1.00355
12 227 1.00355
13 227 1.00356
14 227 1.00357
15 227 1.00358
16 227 1.00360
17 227 1.00360
18 227 1.00361
19 227 1.00362
20 227 1.00363
21 227 1.00364
22 227 1.00365
23 227 1.00365
24 227 1.00366
25 227 1.00366
26 227 1.00366
27 227 1.00366
28 227 1.00367
29 227 1.00367
30 227 1.00367
31 227 1.00367
32 227 1.00367
33 227 1.00367
34 227 1.00367
35 227 1.00367
36 227 1.00367
37 227 1.00366
38 227 1.00366
39 227 1.00366
40 227 1.00366
41 227 1.00365
42 227 1.00365
43 227 1.00364
44 227 1.00363
45 227 1.00362
46 227 1.00361
47 227 1.00360
48 227 1.00360
49 227 1.00358
50 227 1.00357
51 227 1.00356
52 227 1.00355
53 227 1.00355
54 227 1.00353
55 227 1.00354
56 227 1.00350
57 227 1.00353
58 227 1.00349
59 227 1.00353
60 227 1.00348
61 227 1.00350
62 227 1.00352
63 227 1.00344
0 228 1.00356
1 228 1.00347
2 228 1.00354
3 228 1.00352
4 228 1.00351
5 228 1.00355
6 228 1.00351
7 228 1.00355
8 228 1.00353
9 228 1.00356
10 228 1.00355
11 228 1.00357
12 228 1.00358
13 228 1.00359
14 228 1.00360
15 228 1.00361
16 228 1.00362
17 228 1.00363
18 228 1.00364
19 228 1.00365
20 228 1.00366
21 228 1.00367
22 228 1.00367
23 228 1.00368
24 228 1.00369
25 228 1.00369
26 228 1.00369
27 228 1.00369
28 228 1.00370
29 228 1.00370
30 228 1.00370
31 228 1.00370
32 228 1.00370
33 228 1.00370
34 228 1.00370
35 228 1.00370
36 228 1.00370
37 228 1.00369
38 228 1.00369
39 228 1.00369
40 228 1.00369
41 228 1.00368
42 228 1.00367
43 228 1.00367
44 228 1.00366
45 228 1.00365
46 228 1.00364
47 228 1.00363
48 228 1.00362
49 228 1.00361
50 228 1.00360
51 228 1.00359
52 228 1.00358
53 228 1.00357
54 228 1.00355
55 228 1.00356
56 228 1.00353
57 228 1.00355
58 228 1.00351
59 228 1.00355
60 228 1.00351
61 228 1.00352
62 228 1.00354
63 228 1.00347
0 229 1.00358
1 229 1.00351
2 229 1.00356
3 229 1.00355
4 229 1.00354
5 229 1.00357
6 229 1.00354
7 229 1.00358
8 229 1.00356
9 229 1.00358
10 229 1.00358
11 229 1.00360
12 229 1.00360
13 229 1.00361
14 229 1.00363
15 229 1.00363
16 229 1.00365
17 229 1.00366
18 229 1.00367
19 229 1.00368
20 229 1.00369
21 229 1.00369
22 229 1.00370
23 229 1.00371
24 229 1.00372
25 229 1.00372
26 229 1.00372
27 229 1.00372
28 229 1.00373
29 229 1.00373
30 229 1.00373
31 229 1.00373
32 229 1.00373
33 229 1.00373
34 229 1.00373
35 229 1.00373
36 229 1.00373
37 229 1.00372
38 229 1.00372
39 229 1.00372
40 229 1.00372
41 229 1.00371
42 229 1.00370
43 229 1.00369
44 229 1.00369
45 229 1.00368
46 229 1.00367
47 229 1.00366
48 229 1.00365
49 229 1.00363
50 229 1.00363
51 229 1.00361
52 229 1.00360
53 229 1.00360
54 229 1.00358
55 229 1.00358
56 229 1.00356
57 229 1.00358
58 229 1.00354
59 229 1.00357
60 229 1.00354
61 229 1.00355
62 229 1.00356
63 229 1.00351
0 230 1.00360
1 230 1.00354
2 230 1.00358
3 230 1.00357
4 230 1.00356
5 230 1.00359
6 230 1.00357
7 230 1.00360
8 230 1.00358
9 230 1.00361
10 230 1.00360
11 230 1.00362
12 230 1.00363
13 230 1.00364
14 230 1.00365
15 230 1.00366
16 230 1.00368
17 230 1.00369
18 230 1.00370
19 230 1.00371
20 230 1.00372
21 230 1.00372
22 230 1.00373
23 230 1.00374
24 230 1.00375
25 230 1.00375
26 230 1.00375
27 230 1.00375
28 230 1.00376
29 230 1.00376
30 230 1.00376
31 230 1.00376
32 230 1.00376
33 230 1.00376
34 230 1.00376
35 230 1.00376
36 230 1.00376
37 230 1.00375
38 230 1.00375
39 230 1.00375
40 230 1.00375
41 230 1.00374
42 230 1.00373
43 230 1.00372
44 230 1.00372
45 230 1.00371
46 230 1.00370
47 230 1.00369
48 230 1.00368
49 230 1.00366
50 230 1.00365
51 230 1.00364
52 230 1.00363
53 230 1.00362
54 230 1.00360
55 230 1.00361
56 230 1.00358
57 230 1.00360
58 230 1.00357
59 230 1.00359
60 230 1.00356
61 230 1.00357
62 230 1.00358
63 230 1.00354
0 231 1.00362
1 231 1.00357
2 231 1.00360
3 231 1.00360
4 231 1.00359
5 231 1.00361
6 231 1.00360
7 231 1.00362
8 231 1.00361
9 231 1.00363
10 231 1.00363
11 231 1.00365
12 231 1.00366
13 231 1.00367
14 231 1.00368
15 231 1.00369
16 231 1.00371
17 231 1.00372
18 231 1.00373
19 231 1.00374
20 231 1.00375
21 231 1.00376
22 231 1.00376
23 231 1.00377
24 231 1.00378
25 231 1.00378
26 231 1.00379
27 231 1.00379
28 231 1.00379
29 231 1.00379
30 231 1.00379
31 231 1.00379
32 231 1.00379
33 231 1.00379
34 231 1.00379
35 231 1.00379
36 231 1.00379
37 231 1.00379
38 231 1.00379
39 231 1.00378
40 231 1.00378
41 231 1.00377
42 231 1.00376
43 231 1.00376
44 231 1.00375
45 231 1.00374
46 231 1.00373
47 231 1.00372
48 231 1.00371
49 231 1.00369
50 231 1.00368
51 231 1.00367
52 231 1.00366
53 231 1.00365
54 231 1.00363
55 231 1.00363
56 231 1.00361
57 231 1.00362
58 231 1.00360
59 231 1.00361
60 231 1.00359
61 231 1.00360
62 231 1.00360
63 231 1.00357
0 232 1.00364
1 232 1.00360
2 232 1.00363
3 232 1.00362
4 232 1.00362
5 232 1.00364
6 232 1.00362
7 232 1.00365
8 232 1.00364
9 232 1.00366
10 232 1.00366
11 232 1.00368
12 232 1.00369
13 232 1.00370
14 232 1.00371
15 232 1.00372
16 232 1.00374
17 232 1.00375
18 232 1.00376
19 232 1.00377
20 232 1.00378
21 232 1.00379
22 232 1.00380
23 232 1.00380
24 232 1.00381
25 232 1.00381
26 232 1.00382
27 232 1.00382
28 232 1.00382
29 232 1.00382
30 232 1.00383
31 232 1.00383
32 232 1.00383
33 232 1.00383
34 232 1.00383
35 232 1.00382
36 232 1.00382
37 232 1.00382
38 232 1.00382
39 232 1.00381
40 232 1.00381
41 232 1.00380
42 232 1.00380
43 232 1.00379
44 232 1.00378
45 232 1.00377
46 232 1.00376
47 232 1.00375
48 232 1.00374
49 232 1.00372
50 232 1.00371
51 232 1.00370
52 232 1.00369
53 232 1.00368
54 232 1.00366
55 232 1.00366
56 232 1.00364
57 232 1.00365
58 232 1.00362
59 232 1.00364
60 232 1.00362
61 232 1.00362
62 232 1.00363
63 232 1.00360
0 233 1.00366
1 233 1.00363
2 233 1.00366
3 233 1.00365
4 233 1.00365
5 233 1.00367
6 233 1.00365
7 233 1.00368
8 233 1.00367
9 233 1.00369
10 233 1.00369
11 233 1.00371
12 233 1.00372
13 233 1.00373
14 233 1.00374
15 233 1.00375
16 233 1.00377
17 233 1.00378
18 233 1.00379
19 233 1.00380
20 233 1.00381
21 233 1.00382
22 233 1.00383
23 233 1.00384
24 233 1.00384
25 233 1.00385
26 233 1.00385
27 233 1.00385
28 233 1.00386
29 233 1.00386
30 233 1.00386
31 233 1.00386
32 233 1.00386
33 233 1.00386
34 233 1.00386
35 233 1.00386
36 233 1.00386
37 233 1.00385
38 233 1.00385
39 233 1.00385
40 233 1.00384
41 233 1.00384
42 233 1.00383
43 233 1.00382
44 233 1.00381
45 233 1.00380
46 233 1.00379
47 233 1.00378
48 233 1.00377
49 233 1.00375
50 233 1.00374
51 233 1.00373
52 233 1.00372
53 233 1.00371
54 233 1.00369
55 233 1.00369
56 233 1.00367
57 233 1.00368
58 233 1.00365
59 233 1.00367
60 233 1.00365
61 233 1.00365
62 233 1.00366
63 233 1.00363
0 234 1.00369
1 234 1.00366
2 234 1.00368
3 234 1.00368
4 234 1.00368
5 234 1.00369
6 234 1.00368
7 234 1.00370
8 234 1.00370
9 234 1.00372
10 234 1.00372
11 234 1.00374
12 234 1.00375
13 234 1.00376
14 234 1.00377
15 234 1.00379
16 234 1.00380
17 234 1.00381
18 234 1.00382
19 234 1.00384
20 234 1.00385
21 234 1.00386
22 234 1.00386
23 234 1.00387
24 234 1.00388
25 234 1.00388
26 234 1.00389
27 234 1.00389
28 234 1.00389
29 234 1.00390
30 234 1.00390
31 234 1.00390
32 234 1.00390
33 234 1.00390
34 234 1.00390
35 234 1.00390
36 234 1.00389
37 234 1.00389
38 234 1.00389
39 234 1.00388
40 234 1.00388
41 234 1.00387
42 234 1.00386
43 234 1.00386
44 234 1.00385
45 234 1.00384
46 234 1.00382
47 234 1.00381
48 234 1.00380
49 234 1.00379
50 234 1.00377
51 234 1.00376
52 234 1.00375
53 234 1.00374
54 234 1.00372
55 234 1.00372
56 234 1.00370
57 234 1.00370
58 234 1.00368
59 234 1.00369
60 234 1.00368
61 234 1.00368
62 234 1.00368
63 234 1.00366
0 235 1.00372
1 235 1.00369
2 235 1.00371
3 235 1.00371
4 235 1.00371
5 235 1.00372
6 235 1.00372
7 235 1.00374
8 235 1.00373
9 235 1.00375
10 235 1.00375
11 235 1.00377
12 235 1.00378
13 235 1.00379
14 235 1.00381
15 235 1.00382
16 235 1.00384
17 235 1.00385
18 235 1.00386
19 235 1.00387
20 235 1.00388
21 235 1.00389
22 235 1.00390
23 235 1.00391
24 235 1.00392
25 235 1.00392
26 235 1.00393
27 235 1.00393
28 235 1.00393
29 235 1.00393
30 235 1.00394
31 235 1.00394
32 235 1.00394
33 235 1.00394
34 235 1.00394
35 235 1.00393
36 235 1.00393
37 235 1.00393
38 235 1.00393
39 235 1.00392
40 235 1.00392
41 235 1.00391
42 235 1.00390
43 235 1.00389
44 235 1.00388
45 235 1.00387
46 235 1.00386
47 235 1.00385
48 235 1.00384
49 235 1.00382
50 235 1.00381
51 235 1.00379
52 235 1.00378
53 235 1.00377
54 235 1.00375
55 235 1.00375
56 235 1.00373
57 235 1.00374
58 235 1.00372
59 235 1.00372
60 235 1.00371
61 235 1.00371
62 235 1.00371
63 235 1.00369
0 236 1.00375
1 236 1.00372
2 236 1.00374
3 236 1.00374
4 236 1.00374
5 236 1.00376
6 236 1.00375
7 236 1.00377
8 236 1.00377
9 236 1.00378
10 236 1.00379
11 236 1.00380
12 236 1.00382
13 236 1.00383
14 236 1.00384
15 236 1.00386
16 236 1.00387
17 236 1.00388
18 236 1.00390
19 236 1.00391
20 236 1.00392
21 236 1.00393
22 236 1.00394
23 236 1.00395
24 236 1.00396
25 236 1.00396
26 236 1.00397
27 236 1.00397
28 236 1.00397
29 236 1.00398
30 236 1.00398
31 236 1.00398
32 236 1.00398
33 236 1.00398
34 236 1.00398
35 236 1.00398
36 236 1.00397
37 236 1.00397
38 236 1.00397
39 236 1.00396
40 236 1.00396
41 236 1.00395
42 236 1.00394
43 236 1.00393
44 236 1.00392
45 236 1.00391
46 236 1.00390
47 236 1.00388
48 236 1.00387
49 236 1.00386
50 236 1.00384
51 236 1.00383
52 236 1.00382
53 236 1.00380
54 236 1.00379
55 236 1.00378
56 236 1.00377
57 236 1.00377
58 236 1.00375
59 236 1.00376
60 236 1.00374
61 236 1.00374
62 236 1.00374
63 236 1.00372
0 237 1.00378
1 237 1.00376
2 237 1.00378
3 237 1.00378
4 237 1.00378
5 237 1.00379
6 237 1.00379
7 237 1.00380
8 237 1.00380
9 237 1.00382
10 237 1.00383
11 237 1.00384
12 237 1.00385
13 237 1.00387
14 237 1.00388
15 237 1.00390
16 237 1.00391
17 237 1.00392
18 237 1.00394
19 237 1.00395
20 237 1.00396
21 237 1.00397
22 237 1.00398
23 237 1.00399
24 237 1.00400
25 237 1.00401
26 237 1.00401
27 237 1.00401
28 237 1.00402
29 237 1.00402
30 237 1.00402
31 237 1.00402
32 237 1.00402
33 237 1.00402
34 237 1.00402
35 237 1.00402
36 237 1.00402
37 237 1.00401
38 237 1.00401
39 237 1.00401
40 237 1.00400
41 237 1.00399
42 237 1.00398
43 237 1.00397
44 237 1.00396
45 237 1.00395
46 237 1.00394
47 237 1.00392
48 237 1.00391
49 237 1.00390
50 237 1.00388
51 237 1.00387
52 237 1.00385
53 237 1.00384
54 237 1.00383
55 237 1.00382
56 237 1.00380
57 237 1.00380
58 237 1.00379
59 237 1.00379
60 237 1.00378
61 237 1.00378
62 237 1.00378
63 237 1.00376
0 238 1.00382
1 238 1.00380
2 238 1.00382
3 238 1.00381
4 238 1.00381
5 238 1.00383
6 238 1.00382
7 238 1.00384
8 238 1.00384
9 238 1.00386
10 238 1.00386
11 238 1.00388
12 238 1.00389
13 238 1.00391
14 238 1.00392
15 238 1.00394
16 238 1.00395
17 238 1.00397
18 238 1.00398
19 238 1.00399
20 238 1.00401
21 238 1.00402
22 238 1.00403
23 238 1.00404
24 238 1.00404
25 238 1.00405
26 238 1.00406
27 238 1.00406
28 238 1.00406
29 238 1.00407
30 238 1.00407
31 238 1.00407
32 238 1.00407
33 238 1.00407
34 238 1.00407
35 238 1.00407
36 238 1.00406
37 238 1.00406
38 238 1.00406
39 238 1.00405
40 238 1.00404
41 238 1.00404
42 238 1.00403
43 238 1.00402
44 238 1.00401
45 238 1.00399
46 238 1.00398
47 238 1.00397
48 238 1.00395
49 238 1.00394
50 238 1.00392
51 238 1.00391
52 238 1.00389
53 238 1.00388
54 238 1.00386
55 238 1.00386
56 238 1.00384
57 238 1.00384
58 238 1.00382
59 238 1.00383
60 238 1.00381
61 238 1.00381
62 238 1.00382
63 238 1.00380
0 239 1.00386
1 239 1.00384
2 239 1.00386
3 239 1.00385
4 239 1.00385
5 239 1.00387
6 239 1.00386
7 239 1.00388
8 239 1.00388
9 239 1.00390
10 239 1.00391
11 239 1.00392
12 239 1.00394
13 239 1.00395
14 239 1.00397
15 239 1.00398
16 239 1.00400
17 239 1.00401
18 239 1.00403
19 239 1.00404
20 239 1.00405
21 239 1.00406
22 239 1.00407
23 239 1.00408
24 239 1.00409
25 239 1.00410
26 239 1.00411
27 239 1.00411
28 239 1.00411
29 239 1.00411
30 239 1.00412
31 239 1.00412
32 239 1.00412
33 239 1.00412
34 239 1.00412
35 239 1.00411
36 239 1.00411
37 239 1.00411
38 239 1.00411
39 239 1.00410
40 239 1.00409
41 239 1.00408
42 239 1.00407
43 239 1.00406
44 239 1.00405
45 239 1.00404
46 239 1.00403
47 239 1.00401
48 239 1.00400
49 239 1.00398
50 239 1.00397
51 239 1.00395
52 239 1.00394
53 239 1.00392
54 239 1.00391
55 239 1.00390
56 239 1.00388
57 239 1.00388
58 239 1.00386
59 239 1.00387
60 239 1.00385
61 239 1.00385
62 239 1.00386
63 239 1.00384
0 240 1.00390
1 240 1.00388
2 240 1.00390
3 240 1.00389
4 240 1.00390
5 240 1.00391
6 240 1.00391
7 240 1.00392
8 240 1.00393
9 240 1.00394
10 240 1.00395
11 240 1.00397
12 240 1.00398
13 240 1.00399
14 240 1.00401
15 240 1.00402
16 240 1.00404
17 240 1.00406
18 240 1.00407
19 240 1.00408
20 240 1.00410
21 240 1.00411
22 240 1.00412
23 240 1.00413
24 240 1.00414
25 240 1.00415
26 240 1.00415
27 240 1.00416
28 240 1.00416
29 240 1.00416
30 240 1.00417
31 240 1.00417
32 240 1.00417
33 240 1.00417
34 240 1.00417
35 240 1.00416
36 240 1.00416
37 240 1.00416
38 240 1.00415
39 240 1.00415
40 240 1.00414
41 240 1.00413
42 240 1.00412
43 240 1.00411
44 240 1.00410
45 240 1.00408
46 240 1.00407
47 240 1.00406
48 240 1.00404
49 240 1.00402
50 240 1.00401
51 240 1.00399
52 240 1.00398
53 240 1.00397
54 240 1.00395
55 240 1.00394
56 240 1.00393
57 240 1.00392
58 240 1.00391
59 240 1.00391
60 240 1.00390
61 240 1.00389
62 240 1.00390
63 240 1.00388
0 241 1.00394
1 241 1.00393
2 241 1.00394
3 241 1.00394
4 241 1.00394
5 241 1.00395
6 241 1.00395
7 241 1.00397
8 241 1.00397
9 241 1.00399
10 241 1.00400
11 241 1.00401
12 241 1.00403
13 241 1.00404
14 241 1.00406
15 241 1.00407
16 241 1.00409
17 241 1.00411
18 241 1.00412
19 241 1.00413
20 241 1.00415
21 241 1.00416
22 241 1.00417
23 241 1.00418
24 241 1.00419
25 241 1.00420
26 241 1.00420
27 241 1.00421
28 241 1.00421
29 241 1.00421
30 241 1.00422
31 241 1.00422
32 241 1.00422
33 241 1.00422
34 241 1.00422
35 241 1.00421
36 241 1.00421
37 241 1.00421
38 241 1.00420
39 241 1.00420
40 241 1.00419
41 241 1.00418
42 241 1.00417
43 241 1.00416
44 241 1.00415
45 241 1.00413
46 241 1.00412
47 241 1.00411
48 241 1.00409
49 241 1.00407
50 241 1.00406
51 241 1.00404
52 241 1.00403
53 241 1.00401
54 241 1.00400
55 241 1.00399
56 241 1.00397
57 241 1.00397
58 241 1.00395
59 241 1.00395
60 241 1.00394
61 241 1.00394
62 241 1.00394
63 241 1.00393
0 242 1.00398
1 242 1.00397
2 242 1.00398
3 242 1.00398
4 242 1.00398
5 242 1.00399
6 242 1.00400
7 242 1.00401
8 242 1.00402
9 242 1.00403
10 242 1.00404
11 242 1.00406
12 242 1.00407
13 242 1.00409
14 242 1.00411
15 242 1.00412
16 242 1.00414
17 242 1.00416
18 242 1.00417
19 242 1.00418
20 242 1.00420
21 242 1.00421
22 242 1.00422
23 242 1.00423
24 242 1.00424
25 242 1.00425
26 242 1.00425
27 242 1.00426
28 242 1.00426
29 242 1.00426
30 242 1.00427
31 242 1.00427
32 242 1.00427
33 242 1.00427
34 242 1.00427
35 242 1.00426
36 242 1.00426
37 242 1.00426
38 242 1.00425
39 242 1.00425
40 242 1.00424
41 242 1.00423
42 242 1.00422
43 242 1.00421
44 242 1.00420
45 242 1.00418
46 242 1.00417
47 242 1.00416
48 242 1.00414
49 242 1.00412
50 242 1.00411
51 242 1.00409
52 242 1.00407
53 242 1.00406
54 242 1.00404
55 242 1.00403
56 242 1.00402
57 242 1.00401
58 242 1.00400
59 242 1.00399
60 242 1.00398
61 242 1.00398
62 242 1.00398
63 242 1.00397
0 243 1.00403
1 243 1.00402
2 243 1.00403
3 243 1.00403
4 243 1.00403
5 243 1.00404
6 243 1.00404
7 243 1.00406
8 243 1.00407
9 243 1.00408
10 243 1.00410
11 243 1.00411
12 243 1.00413
13 243 1.00414
14 243 1.00416
15 243 1.00418
16 243 1.00420
17 243 1.00421
18 243 1.00423
19 243 1.00424
20 243 1.00426
21 243 1.00427
22 243 1.00428
23 243 1.00429
24 243 1.00430
25 243 1.00430
26 243 1.00431
27 243 1.00432
28 243 1.00432
29 243 1.00432
30 243 1.00433
31 243 1.00433
32 243 1.00433
33 243 1.00433
34 243 1.00433
35 243 1.00432
36 243 1.00432
37 243 1.00432
38 243 1.00431
39 243 1.00430
40 243 1.00430
41 243 1.00429
42 243 1.00428
43 243 1.00427
44 243 1.00426
45 243 1.00424
46 243 1.00423
47 243 1.00421
48 243 1.00420
49 243 1.00418
50 243 1.00416
51 243 1.00414
52 243 1.00413
53 243 1.00411
54 243 1.00410
55 243 1.00408
56 243 1.00407
57 243 1.00406
58 243 1.00404
59 243 1.00404
60 243 1.00403
61 243 1.00403
62 243 1.00403
63 243 1.00402
0 244 1.00407
1 244 1.00406
2 244 1.00407
3 244 1.00408
4 244 1.00408
5 244 1.00409
6 244 1.00410
7 244 1.00411
8 244 1.00412
9 244 1.00414
10 244 1.00415
11 244 1.00417
12 244 1.00419
13 244 1.00420
14 244 1.00422
15 244 1.00424
16 244 1.00426
17 244 1.00427
18 244 1.00429
19 244 1.00430
20 244 1.00432
21 244 1.00433
22 244 1.00434
23 244 1.00435
24 244 1.00436
25 244 1.00437
26 244 1.00437
27 244 1.00438
28 244 1.00438
29 244 1.00439
30 244 1.00439
31 244 1.00439
32 244 1.00439
33 244 1.00439
34 244 1.00439
35 244 1.00439
36 244 1.00438
37 244 1.00438
38 244 1.00437
39 244 1.00437
40 244 1.00436
41 244 1.00435
42 244 1.00434
43 244 1.00433
44 244 1.00432
45 244 1.00430
46 244 1.00429
47 244 1.00427
48 244 1.00426
49 244 1.00424
50 244 1.00422
51 244 1.00420
52 244 1.00419
53 244 1.00417
54 244 1.00415
55 244 1.00414
56 244 1.00412
57 244 1.00411
58 244 1.00410
59 244 1.00409
60 244 1.00408
61 244 1.00408
62 244 1.00407
63 244 1.00406
0 245 1.00413
1 245 1.00412
2 245 1.00413
3 245 1.00413
4 245 1.00414
5 245 1.00415
6 245 1.00416
7 245 1.00418
8 245 1.00419
9 245 1.00421
10 245 1.00422
11 245 1.00424
12 245 1.00426
13 245 1.00427
14 245 1.00429
15 245 1.00431
16 245 1.00433
17 245 1.00434
18 245 1.00436
19 245 1.00437
20 245 1.00439
21 245 1.00440
22 245 1.00441
23 245 1.00442
24 245 1.00443
25 245 1.00444
26 245 1.00445
27 245 1.00446
28 245 1.00446
29 245 1.00447
30 245 1.00447
31 245 1.00447
32 245 1.00447
33 245 1.00447
34 245 1.00447
35 245 1.00447
36 245 1.00446
37 245 1.00446
38 245 1.00445
39 245 1.00444
40 245 1.00443
41 245 1.00442
42 245 1.00441
43 245 1.00440
44 245 1.00439
45 245 1.00437
46 245 1.00436
47 245 1.00434
48 245 1.00433
49 245 1.00431
50 245 1.00429
51 245 1.00427
52 245 1.00426
53 245 1.00424
54 245 1.00422
55 245 1.00421
56 245 1.00419
57 245 1.00418
58 245 1.00416
59 245 1.00415
60 245 1.00414
61 245 1.00413
62 245 1.00413
63 245 1.00412
0 246 1.00420
1 246 1.00420
2 246 1.00421
3 246 1.00421
4 246 1.00422
5 246 1.00423
6 246 1.00424
7 246 1.00426
8 246 1.00427
9 246 1.00429
10 246 1.00431
11 246 1.00432
12 246 1.00434
13 246 1.00436
14 246 1.00438
15 246 1.00440
16 246 1.00442
17 246 1.00444
18 246 1.00446
19 246 1.00447
20 246 1.00449
21 246 1.00450
22 246 1.00452
23 246 1.00453
24 246 1.00454
25 246 1.00455
26 246 1.00456
27 246 1.00457
28 246 1.00457
29 246 1.00458
30 246 1.00458
31 246 1.00458
32 246 1.00458
33 246 1.00458
34 246 1.00458
35 246 1.00458
36 246 1.00457
37 246 1.00457
38 246 1.00456
39 246 1.00455
40 246 1.00454
41 246 1.00453
42 246 1.00452
43 246 1.00450
44 246 1.00449
45 246 1.00447
46 246 1.00446
47 246 1.00444
48 246 1.00442
49 246 1.00440
50 246 1.00438
51 246 1.00436
52 246 1.00434
53 246 1.00432
54 246 1.00431
55 246 1.00429
56 246 1.00427
57 246 1.00426
58 246 1.00424
59 246 1.00423
60 246 1.00422
61 246 1.00421
62 246 1.00421
63 246 1.00420
0 247 1.00433
1 247 1.00433
2 247 1.00434
3 247 1.00434
4 247 1.00435
5 247 1.00436
6 247 1.00437
7 247 1.00439
8 247 1.00440
9 247 1.00442
10 247 1.00444
11 247 1.00446
12 247 1.00448
13 247 1.00449
14 247 1.00451
15 247 1.00453
16 247 1.00455
17 247 1.00457
18 247 1.00459
19 247 1.00461
20 247 1.00462
21 247 1.00463
22 247 1.00464
23 247 1.00465
24 247 1.00466
25 247 1.00466
26 247 1.00467
27 247 1.00467
28 247 1.00468
29 247 1.00468
30 247 1.00468
31 247 1.00468
32 247 1.00468
33 247 1.00468
34 247 1.00468
35 247 1.00468
36 247 1.00468
37 247 1.00467
38 247 1.00467
39 247 1.00466
40 247 1.00466
41 247 1.00465
42 247 1.00464
43 247 1.00463
44 247 1.00462
45 247 1.00461
46 247 1.00459
47 247 1.00457
48 247 1.00455
49 247 1.00453
50 247 1.00451
51 247 1.00449
52 247 1.00448
53 247 1.00446
54 247 1.00444
55 247 1.00442
56 247 1.00440
57 247 1.00439
58 247 1.00437
59 247 1.00436
60 247 1.00435
61 247 1.00434
62 247 1.00434
63 247 1.00433
0 248 1.00456
1 248 1.00455
2 248 1.00456
3 248 1.00456
4 248 1.00457
5 248 1.00458
6 248 1.00459
7 248 1.00460
8 248 1.00461
9 248 1.00463
10 248 1.00464
11 248 1.00466
12 248 1.00468
13 248 1.00469
14 248 1.00471
15 248 1.00473
16 248 1.00474
17 248 1.00476
18 248 1.00477
19 248 1.00479
20 248 1.00480
21 248 1.00481
22 248 1.00481
23 248 1.00482
24 248 1.00482
25 248 1.00483
26 248 1.00483
27 248 1.00483
28 248 1.00483
29 248 1.00483
30 248 1.00483
31 248 1.00483
32 248 1.00483
33 248 1.00483
34 248 1.00483
35 248 1.00483
36 248 1.00483
37 248 1.00483
38 248 1.00483
39 248 1.00483
40 248 1.00482
41 248 1.00482
42 248 1.00481
43 248 1.00481
44 248 1.00480
45 248 1.00479
46 248 1.00477
47 248 1.00476
48 248 1.00474
49 248 1.00473
50 248 1.00471
51 248 1.00469
52 248 1.00468
53 248 1.00466
54 248 1.00464
55 248 1.00463
56 248 1.00461
57 248 1.00460
58 248 1.00459
59 248 1.00458
60 248 1.00457
61 248 1.00456
62 248 1.00456
63 248 1.00455
0 249 1.00450
1 249 1.00450
2 249 1.00450
3 249 1.00450
4 249 1.00450
5 249 1.00451
6 249 1.00451
7 249 1.00452
8 249 1.00452
9 249 1.00454
10 249 1.00455
11 249 1.00456
12 249 1.00457
13 249 1.00458
14 249 1.00460
15 249 1.00461
16 249 1.00462
17 249 1.00464
18 249 1.00465
19 249 1.00466
20 249 1.00466
21 249 1.00467
22 249 1.00468
23 249 1.00468
24 249 1.00468
25 249 1.00468
26 249 1.00468
27 249 1.00468
28 249 1.00469
29 249 1.00469
30 249 1.00469
31 249 1.00469
32 249 1.00469
33 249 1.00469
34 249 1.00469
35 249 1.00469
36 249 1.00469
37 249 1.00468
38 249 1.00468
39 249 1.00468
40 249 1.00468
41 249 1.00468
42 249 1.00468
43 249 1.00467
44 249 1.00466
45 249 1.00466
46 249 1.00465
47 249 1.00464
48 249 1.00462
49 249 1.00461
50 249 1.00460
51 249 1.00458
52 249 1.00457
53 249 1.00456
54 249 1.00455
55 249 1.00454
56 249 1.00452
57 249 1.00452
58 249 1.00451
59 249 1.00451
60 249 1.00450
61 249 1.00450
62 249 1.00450
63 249 1.00450
0 250 1.00467
1 250 1.00467
2 250 1.00468
3 250 1.00468
4 250 1.00468
5 250 1.00468
6 250 1.00468
7 250 1.00469
8 250 1.00469
9 250 1.00470
10 250 1.00471
11 250 1.00473
12 250 1.00474
13 250 1.00475
14 250 1.00476
15 250 1.00477
16 250 1.00478
17 250 1.00479
18 250 1.00480
19 250 1.00481
20 250 1.00482
21 250 1.00482
22 250 1.00483
23 250 1.00483
24 250 1.00483
25 250 1.00483
26 250 1.00483
27 250 1.00483
28 250 1.00483
29 250 1.00483
30 250 1.00483
31 250 1.00483
32 250 1.00483
33 250 1.00483
34 250 1.00483
35 250 1.00483
36 250 1.00483
37 250 1.00483
38 250 1.00483
39 250 1.00483
40 250 1.00483
41 250 1.00483
42 250 1.00483
43 250 1.00482
44 250 1.00482
45 250 1.00481
46 250 1.00480
47 250 1.00479
48 250 1.00478
49 250 1.00477
50 250 1.00476
51 250 1.00475
52 250 1.00474
53 250 1.00473
54 250 1.00471
55 250 1.00470
56 250 1.00469
57 250 1.00469
58 250 1.00468
59 250 1.00468
60 250 1.00468
61 250 1.00468
62 250 1.00468
63 250 1.00467
0 251 1.00450
1 251 1.00450
2 251 1.00450
3 251 1.00450
4 251 1.00450
5 251 1.00450
6 251 1.00450
7 251 1.00451
8 251 1.00452
9 251 1.00453
10 251 1.00454
11 251 1.00455
12 251 1.00456
13 251 1.00458
14 251 1.00459
15 251 1.00460
16 251 1.00462
17 251 1.00463
18 251 1.00464
19 251 1.00465
20 251 1.00466
21 251 1.00466
22 251 1.00467
23 251 1.00467
24 251 1.00468
25 251 1.00468
26 251 1.00468
27 251 1.00468
28 251 1.00469
29 251 1.00469
30 251 1.00469
31 251 1.00469
32 251 1.00468
33 251 1.00468
34 251 1.00468
35 251 1.00468
36 251 1.00468
37 251 1.00468
38 251 1.00468
39 251 1.00468
40 251 1.00468
41 251 1.00467
42 251 1.00467
43 251 1.00466
44 251 1.00466
45 251 1.00465
46 251 1.00464
47 251 1.00463
48 251 1.00462
49 251 1.00460
50 251 1.00459
51 251 1.00458
52 251 1.00456
53 251 1.00455
54 251 1.00454
55 251 1.00453
56 251 1.00452
57 251 1.00451
58 251 1.00450
59 251 1.00450
60 251 1.00450
61 251 1.00450
62 251 1.00450
63 251 1.00450
0 252 1.00467
1 252 1.00467
2 252 1.00467
3 252 1.00467
4 252 1.00467
5 252 1.00467
6 252 1.00467
7 252 1.00468
8 252 1.00468
9 252 1.00469
10 252 1.00470
11 252 1.00471
12 252 1.00473
13 252 1.00474
14 252 1.00475
15 252 1.00476
16 252 1.00477
17 252 1.00478
18 252 1.00479
19 252 1.00480
20 252 1.00481
21 252 1.00482
22 252 1.00482
23 252 1.00482
24 252 1.00483
25 252 1.00483
26 252 1.00483
27 252 1.00483
28 252 1.00483
29 252 1.00483
30 252 1.00483
31 252 1.00483
32 252 1.00483
33 252 1.00483
34 252 1.00483
35 252 1.00483
36 252 1.00483
37 252 1.00483
38 252 1.00483
39 252 1.00483
40 252 1.00483
41 252 1.00482
42 252 1.00482
43 252 1.00482
44 252 1.00481
45 252 1.00480
46 252 1.00479
47 252 1.00478
48 252 1.00477
49 252 1.00476
50 252 1.00475
51 252 1.00474
52 252 1.00473
53 252 1.00471
54 252 1.00470
55 252 1.00469
56 252 1.00468
57 252 1.00468
58 252 1.00467
59 252 1.00467
60 252 1.00467
61 252 1.00467
62 252 1.00467
63 252 1.00467
0 253 0.99325
1 253 0.99325
2 253 0.99324
3 253 0.99323
4 253 0.99322
5 253 0.99320
6 253 0.99318
7 253 0.99316
8 253 0.99314
9 253 0.99311
10 253 0.99309
11 253 0.99306
12 253 0.99302
13 253 0.99299
14 253 0.99296
15 253 0.99292
16 253 0.99289
17 253 0.99285
18 253 0.99281
19 253 0.99278
20 253 0.99274
21 253 0.99271
22 253 0.99267
23 253 0.99264
24 253 0.99261
25 253 0.99259
26 253 0.99256
27 253 0.99254
28 253 0.99252
29 253 0.99251
30 253 0.99250
31 253 0.99249
32 253 0.99249
33 253 0.99249
34 253 0.99250
35 253 0.99251
36 253 0.99252
37 253 0.99254
38 253 0.99256
39 253 0.99259
40 253 0.99261
41 253 0.99264
42 253 0.99267
43 253 0.99271
44 253 0.99274
45 253 0.99278
46 253 0.99281
47 253 0.99285
48 253 0.99289
49 253 0.99292
50 253 0.99296
51 253 0.99299
52 253 0.99302
53 253 0.99306
54 253 0.99309
55 253 0.99311
56 253 0.99314
57 253 0.99316
58 253 0.99318
59 253 0.99320
60 253 0.99322
61 253 0.99323
62 253 0.99324
63 253 0.99325
0 254 0.91171
1 254 0.91170
2 254 0.91170
3 254 0.91170
4 254 0.91169
5 254 0.91169
6 254 0.91168
7 254 0.91167
8 254 0.91166
9 254 0.91165
10 254 0.91164
11 254 0.91162
12 254 0.91161
13 254 0.91159
14 254 0.91158
15 254 0.91156
16 254 0.91154
17 254 0.91152
18 254 0.91151
19 254 0.91149
20 254 0.91147
21 254 0.91146
22 254 0.91144
23 254 0.91143
24 254 0.91141
25 254 0.91140
26 254 0.91139
27 254 0.91138
28 254 0.91137
29 254 0.91136
30 254 0.91136
31 254 0.91135
32 254 0.91135
33 254 0.91135
34 254 0.91136
35 254 0.91136
36 254 0.91137
37 254 0.91138
38 254 0.91139
39 254 0.91140
40 254 0.91141
41 254 0.91143
42 254 0.91144
43 254 0.91146
44 254 0.91147
45 254 0.91149
46 254 0.91151
47 254 0.91152
48 254 0.91154
49 254 0.91156
50 254 0.91158
51 254 0.91159
52 254 0.91161
53 254 0.91162
54 254 0.91164
55 254 0.91165
56 254 0.91166
57 254 0.91167
58 254 0.91168
59 254 0.91169
60 254 0.91169
61 254 0.91170
62 254 0.91170
63 254 0.91170
0 255 0.68557
1 255 0.68557
2 255 0.68558
3 255 0.68558
4 255 0.68559
5 255 0.68560
6 255 0.68561
7 255 0.68562
8 255 0.68563
9 255 0.68565
10 255 0.68567
11 255 0.68568
12 255 0.68570
13 255 0.68572
14 255 0.68574
15 255 0.68576
16 255 0.68578
17 255 0.68579
18 255 0.68581
19 255 0.68583
20 255 0.68585
21 255 0.68586
22 255 0.68588
23 255 0.68589
24 255 0.68590
25 255 0.68592
26 255 0.68593
27 255 0.68593
28 255 0.68594
29 255 0.68595
30 255 0.68595
31 255 0.68595
32 255 0.68595
33 255 0.68595
34 255 0.68595
35 255 0.68595
36 255 0.68594
37 255 0.68593
38 255 0.68593
39 255 0.68592
40 255 0.68590
41 255 0.68589
42 255 0.68588
43 255 0.68586
44 255 0.68585
45 255 0.68583
46 255 0.68581
47 255 0.68579
48 255 0.68578
49 255 0.68576
50 255 0.68574
51 255 0.68572
52 255 0.68570
53 255 0.68568
54 255 0.68567
55 255 0.68565
56 255 0.68563
57 255 0.68562
58 255 0.68561
59 255 0.68560
60 255 0.68559
61 255 0.68558
62 255 0.68558
63 255 0.68557
