# RT 3D W=64 Re=256 At=0.5 Ca=960 Pe=1024 xi=3 nu=1.0000e-02 sigma=1.2500e-06 M=1.1719e-04 t_ref=2262.7
# phi on the mid-z plane: x y phi
0 0 -0.00001
1 0 0.00000
2 0 0.00001
3 0 -0.00000
4 0 -0.00003
5 0 0.00000
6 0 0.00007
7 0 0.00007
8 0 -0.00009
9 0 -0.00030
10 0 -0.00029
11 0 0.00010
12 0 0.00067
13 0 0.00101
14 0 0.00079
15 0 0.00001
16 0 -0.00096
17 0 -0.00171
18 0 -0.00197
19 0 -0.00171
20 0 -0.00106
21 0 -0.00026
22 0 0.00053
23 0 0.00122
24 0 0.00179
25 0 0.00224
26 0 0.00260
27 0 0.00290
28 0 0.00311
29 0 0.00328
30 0 0.00340
31 0 0.00345
32 0 0.00349
33 0 0.00345
34 0 0.00340
35 0 0.00328
36 0 0.00311
37 0 0.00290
38 0 0.00260
39 0 0.00224
40 0 0.00179
41 0 0.00122
42 0 0.00053
43 0 -0.00026
44 0 -0.00106
45 0 -0.00171
46 0 -0.00197
47 0 -0.00171
48 0 -0.00096
49 0 0.00001
50 0 0.00079
51 0 0.00101
52 0 0.00067
53 0 0.00010
54 0 -0.00029
55 0 -0.00030
56 0 -0.00009
57 0 0.00007
58 0 0.00007
59 0 0.00000
60 0 -0.00003
61 0 -0.00000
62 0 0.00001
63 0 0.00000
0 1 0.00001
1 1 0.00001
2 1 -0.00001
3 1 -0.00005
4 1 0.00002
5 1 0.00013
6 1 0.00006
7 1 -0.00027
8 1 -0.00043
9 1 0.00006
10 1 0.00100
11 1 0.00140
12 1 0.00042
13 1 -0.00166
14 1 -0.00347
15 1 -0.00353
16 1 -0.00140
17 1 0.00205
18 1 0.00535
19 1 0.00733
20 1 0.00740
21 1 0.00567
22 1 0.00275
23 1 -0.00074
24 1 -0.00435
25 1 -0.00776
26 1 -0.01078
27 1 -0.01332
28 1 -0.01538
29 1 -0.01693
30 1 -0.01803
31 1 -0.01869
32 1 -0.01889
33 1 -0.01869
34 1 -0.01803
35 1 -0.01693
36 1 -0.01538
37 1 -0.01332
38 1 -0.01078
39 1 -0.00776
40 1 -0.00435
41 1 -0.00074
42 1 0.00275
43 1 0.00567
44 1 0.00740
45 1 0.00733
46 1 0.00535
47 1 0.00205
48 1 -0.00140
49 1 -0.00353
50 1 -0.00347
51 1 -0.00166
52 1 0.00042
53 1 0.00140
54 1 0.00100
55 1 0.00006
56 1 -0.00043
57 1 -0.00027
58 1 0.00006
59 1 0.00013
60 1 0.00002
61 1 -0.00005
62 1 -0.00001
63 1 0.00001
0 2 0.00002
1 2 -0.00000
2 2 -0.00004
3 2 0.00000
4 2 0.00012
5 2 0.00003
6 2 -0.00032
7 2 -0.00029
8 2 0.00057
9 2 0.00142
10 2 0.00057
11 2 -0.00227
12 2 -0.00473
13 2 -0.00344
14 2 0.00246
15 2 0.00988
16 2 0.01366
17 2 0.01022
18 2 -0.00002
19 2 -0.01347
20 2 -0.02556
21 2 -0.03216
22 2 -0.03163
23 2 -0.02493
24 2 -0.01389
25 2 -0.00032
26 2 0.01415
27 2 0.02812
28 2 0.04049
29 2 0.05062
30 2 0.05806
31 2 0.06258
32 2 0.06412
33 2 0.06258
34 2 0.05806
35 2 0.05062
36 2 0.04049
37 2 0.02812
38 2 0.01415
39 2 -0.00032
40 2 -0.01389
41 2 -0.02493
42 2 -0.03163
43 2 -0.03216
44 2 -0.02556
45 2 -0.01347
46 2 -0.00002
47 2 0.01022
48 2 0.01366
49 2 0.00988
50 2 0.00246
51 2 -0.00344
52 2 -0.00473
53 2 -0.00227
54 2 0.00057
55 2 0.00142
56 2 0.00057
57 2 -0.00029
58 2 -0.00032
59 2 0.00003
60 2 0.00012
61 2 0.00000
62 2 -0.00004
63 2 -0.00000
0 3 0.00003
1 3 -0.00002
2 3 -0.00004
3 3 0.00010
4 3 0.00010
5 3 -0.00028
6 3 -0.00036
7 3 0.00055
8 3 0.00137
9 3 -0.00014
10 3 -0.00358
11 3 -0.00441
12 3 0.00157
13 3 0.01175
14 3 0.01656
15 3 0.00730
16 3 -0.01532
17 3 -0.03914
18 3 -0.04680
19 3 -0.02625
20 3 0.02532
21 3 0.10298
22 3 0.19544
23 3 0.29036
24 3 0.37924
25 3 0.45787
26 3 0.52468
27 3 0.57935
28 3 0.62224
29 3 0.65430
30 3 0.67644
31 3 0.68937
32 3 0.69365
33 3 0.68937
34 3 0.67644
35 3 0.65430
36 3 0.62224
37 3 0.57935
38 3 0.52468
39 3 0.45787
40 3 0.37924
41 3 0.29036
42 3 0.19544
43 3 0.10298
44 3 0.02532
45 3 -0.02625
46 3 -0.04680
47 3 -0.03914
48 3 -0.01532
49 3 0.00730
50 3 0.01656
51 3 0.01175
52 3 0.00157
53 3 -0.00441
54 3 -0.00358
55 3 -0.00014
56 3 0.00137
57 3 0.00055
58 3 -0.00036
59 3 -0.00028
60 3 0.00010
61 3 0.00010
62 3 -0.00004
63 3 -0.00002
0 4 0.00001
1 4 -0.00003
2 4 0.00002
3 4 0.00014
4 4 -0.00014
5 4 -0.00043
6 4 0.00035
7 4 0.00139
8 4 -0.00010
9 4 -0.00379
10 4 -0.00358
11 4 0.00518
12 4 0.01570
13 4 0.01221
14 4 -0.01331
15 4 -0.04626
16 4 -0.05343
17 4 -0.00284
18 4 0.11643
19 4 0.28715
20 4 0.47787
21 4 0.66034
22 4 0.81511
23 4 0.93354
24 4 1.01711
25 4 1.07266
26 4 1.10778
27 4 1.12892
28 4 1.14079
29 4 1.14699
30 4 1.14995
31 4 1.15116
32 4 1.15149
33 4 1.15116
34 4 1.14995
35 4 1.14699
36 4 1.14079
37 4 1.12892
38 4 1.10778
39 4 1.07266
40 4 1.01711
41 4 0.93354
42 4 0.81511
43 4 0.66034
44 4 0.47787
45 4 0.28715
46 4 0.11643
47 4 -0.00284
48 4 -0.05343
49 4 -0.04626
50 4 -0.01331
51 4 0.01221
52 4 0.01570
53 4 0.00518
54 4 -0.00358
55 4 -0.00379
56 4 -0.00010
57 4 0.00139
58 4 0.00035
59 4 -0.00043
60 4 -0.00014
61 4 0.00014
62 4 0.00002
63 4 -0.00003
0 5 -0.00003
1 5 -0.00002
2 5 0.00010
3 5 0.00004
4 5 -0.00039
5 5 -0.00004
6 5 0.00125
7 5 0.00050
8 5 -0.00338
9 5 -0.00386
10 5 0.00552
11 5 0.01616
12 5 0.00733
13 5 -0.02710
14 5 -0.05683
15 5 -0.02729
16 5 0.10008
17 5 0.31671
18 5 0.57245
19 5 0.80551
20 5 0.97408
21 5 1.06939
22 5 1.10451
23 5 1.09977
24 5 1.07444
25 5 1.04234
26 5 1.01146
27 5 0.98565
28 5 0.96570
29 5 0.95127
30 5 0.94168
31 5 0.93618
32 5 0.93441
33 5 0.93618
34 5 0.94168
35 5 0.95127
36 5 0.96570
37 5 0.98565
38 5 1.01146
39 5 1.04234
40 5 1.07444
41 5 1.09977
42 5 1.10451
43 5 1.06939
44 5 0.97408
45 5 0.80551
46 5 0.57245
47 5 0.31671
48 5 0.10008
49 5 -0.02729
50 5 -0.05683
51 5 -0.02710
52 5 0.00733
53 5 0.01616
54 5 0.00552
55 5 -0.00386
56 5 -0.00338
57 5 0.00050
58 5 0.00125
59 5 -0.00004
60 5 -0.00039
61 5 0.00004
62 5 0.00010
63 5 -0.00002
0 6 -0.00006
1 6 0.00002
2 6 0.00013
3 6 -0.00017
4 6 -0.00038
5 6 0.00073
6 6 0.00119
7 6 -0.00218
8 6 -0.00454
9 6 0.00348
10 6 0.01582
11 6 0.00775
12 6 -0.03011
13 6 -0.05763
14 6 -0.00231
15 6 0.17898
16 6 0.45566
17 6 0.74110
18 6 0.95313
19 6 1.05908
20 6 1.07580
21 6 1.04340
22 6 0.99864
23 6 0.96269
24 6 0.94243
25 6 0.93613
26 6 0.93941
27 6 0.94821
28 6 0.95890
29 6 0.96887
30 6 0.97666
31 6 0.98145
32 6 0.98307
33 6 0.98145
34 6 0.97666
35 6 0.96887
36 6 0.95890
37 6 0.94821
38 6 0.93941
39 6 0.93613
40 6 0.94243
41 6 0.96269
42 6 0.99864
43 6 1.04340
44 6 1.07580
45 6 1.05908
46 6 0.95313
47 6 0.74110
48 6 0.45566
49 6 0.17898
50 6 -0.00231
51 6 -0.05763
52 6 -0.03011
53 6 0.00775
54 6 0.01582
55 6 0.00348
56 6 -0.00454
57 6 -0.00218
58 6 0.00119
59 6 0.00073
60 6 -0.00038
61 6 -0.00017
62 6 0.00013
63 6 0.00002
0 7 -0.00008
1 7 0.00007
2 7 0.00008
3 7 -0.00036
4 7 0.00001
5 7 0.00132
6 7 -0.00035
7 7 -0.00442
8 7 -0.00023
9 7 0.01349
10 7 0.01177
11 7 -0.02485
12 7 -0.05825
13 7 -0.00043
14 7 0.20518
15 7 0.51651
16 7 0.81843
17 7 1.01198
18 7 1.07573
19 7 1.05466
20 7 1.00956
21 7 0.97980
22 7 0.97593
23 7 0.99062
24 7 1.01183
25 7 1.03036
26 7 1.04241
27 7 1.04868
28 7 1.05099
29 7 1.05100
30 7 1.05005
31 7 1.04897
32 7 1.04852
33 7 1.04897
34 7 1.05005
35 7 1.05100
36 7 1.05099
37 7 1.04868
38 7 1.04241
39 7 1.03036
40 7 1.01183
41 7 0.99062
42 7 0.97593
43 7 0.97980
44 7 1.00956
45 7 1.05466
46 7 1.07573
47 7 1.01198
48 7 0.81843
49 7 0.51651
50 7 0.20518
51 7 -0.00043
52 7 -0.05825
53 7 -0.02485
54 7 0.01177
55 7 0.01349
56 7 -0.00023
57 7 -0.00442
58 7 -0.00035
59 7 0.00132
60 7 0.00001
61 7 -0.00036
62 7 0.00008
63 7 0.00007
0 8 -0.00006
1 8 0.00010
2 8 -0.00004
3 8 -0.00039
4 8 0.00062
5 8 0.00108
6 8 -0.00268
7 8 -0.00362
8 8 0.00814
9 8 0.01579
10 8 -0.01216
11 8 -0.05537
12 8 -0.01904
13 8 0.18018
14 8 0.50997
15 8 0.83381
16 8 1.02866
17 8 1.07442
18 8 1.03603
19 8 0.98878
20 8 0.96899
21 8 0.97482
22 8 0.98984
23 8 1.00131
24 8 1.00453
25 8 0.99962
26 8 0.98907
27 8 0.97708
28 8 0.96679
29 8 0.95930
30 8 0.95450
31 8 0.95169
32 8 0.95076
33 8 0.95169
34 8 0.95450
35 8 0.95930
36 8 0.96679
37 8 0.97708
38 8 0.98907
39 8 0.99962
40 8 1.00453
41 8 1.00131
42 8 0.98984
43 8 0.97482
44 8 0.96899
45 8 0.98878
46 8 1.03603
47 8 1.07442
48 8 1.02866
49 8 0.83381
50 8 0.50997
51 8 0.18018
52 8 -0.01904
53 8 -0.05537
54 8 -0.01216
55 8 0.01579
56 8 0.00814
57 8 -0.00362
58 8 -0.00268
59 8 0.00108
60 8 0.00062
61 8 -0.00039
62 8 -0.00004
63 8 0.00010
0 9 -0.00001
1 9 0.00009
2 9 -0.00019
3 9 -0.00020
4 9 0.00112
5 9 -0.00012
6 9 -0.00424
7 9 0.00110
8 9 0.01502
9 9 0.00363
10 9 -0.04312
11 9 -0.04447
12 9 0.11480
13 9 0.44164
14 9 0.79616
15 9 1.01998
16 9 1.07321
17 9 1.03180
18 9 0.98715
19 9 0.97668
20 9 0.98876
21 9 1.00054
22 9 1.00245
23 9 0.99899
24 9 0.99773
25 9 1.00064
26 9 1.00493
27 9 1.00895
28 9 1.01265
29 9 1.01597
30 9 1.01862
31 9 1.02005
32 9 1.02046
33 9 1.02005
34 9 1.01862
35 9 1.01597
36 9 1.01265
37 9 1.00895
38 9 1.00493
39 9 1.00064
40 9 0.99773
41 9 0.99899
42 9 1.00245
43 9 1.00054
44 9 0.98876
45 9 0.97668
46 9 0.98715
47 9 1.03180
48 9 1.07321
49 9 1.01998
50 9 0.79616
51 9 0.44164
52 9 0.11480
53 9 -0.04447
54 9 -0.04312
55 9 0.00363
56 9 0.01502
57 9 0.00110
58 9 -0.00424
59 9 -0.00012
60 9 0.00112
61 9 -0.00020
62 9 -0.00019
63 9 0.00009
0 10 0.00005
1 10 0.00005
2 10 -0.00030
3 10 0.00017
4 10 0.00118
5 10 -0.00185
6 10 -0.00366
7 10 0.00794
8 10 0.01426
9 10 -0.02041
10 10 -0.05707
11 10 0.03332
12 10 0.32328
13 10 0.70611
14 10 0.98735
15 10 1.07767
16 10 1.04442
17 10 1.00001
18 10 0.99505
19 10 1.01432
20 10 1.02747
21 10 1.02272
22 10 1.00727
23 10 0.99424
24 10 0.99195
25 10 0.99860
26 10 1.00572
27 10 1.00805
28 10 1.00584
29 10 1.00149
30 10 0.99711
31 10 0.99370
32 10 0.99237
33 10 0.99370
34 10 0.99711
35 10 1.00149
36 10 1.00584
37 10 1.00805
38 10 1.00572
39 10 0.99860
40 10 0.99195
41 10 0.99424
42 10 1.00727
43 10 1.02272
44 10 1.02747
45 10 1.01432
46 10 0.99505
47 10 1.00001
48 10 1.04442
49 10 1.07767
50 10 0.98735
51 10 0.70611
52 10 0.32328
53 10 0.03332
54 10 -0.05707
55 10 -0.02041
56 10 0.01426
57 10 0.00794
58 10 -0.00366
59 10 -0.00185
60 10 0.00118
61 10 0.00017
62 10 -0.00030
63 10 0.00005
0 11 0.00010
1 11 -0.00001
2 11 -0.00031
3 11 0.00058
4 11 0.00067
5 11 -0.00332
6 11 -0.00059
7 11 0.01343
8 11 0.00344
9 11 -0.04475
10 11 -0.03209
11 11 0.17663
12 11 0.55815
13 11 0.91222
14 11 1.07326
15 11 1.06279
16 11 1.00898
17 11 0.99411
18 11 1.01408
19 11 1.03467
20 11 1.03919
21 11 1.02947
22 11 1.01218
23 11 0.99495
24 11 0.98617
25 11 0.98845
26 11 0.99505
27 11 0.99873
28 11 0.99793
29 11 0.99469
30 11 0.99124
31 11 0.98845
32 11 0.98731
33 11 0.98845
34 11 0.99124
35 11 0.99469
36 11 0.99793
37 11 0.99873
38 11 0.99505
39 11 0.98845
40 11 0.98617
41 11 0.99495
42 11 1.01218
43 11 1.02947
44 11 1.03919
45 11 1.03467
46 11 1.01408
47 11 0.99411
48 11 1.00898
49 11 1.06279
50 11 1.07326
51 11 0.91222
52 11 0.55815
53 11 0.17663
54 11 -0.03209
55 11 -0.04475
56 11 0.00344
57 11 0.01343
58 11 -0.00059
59 11 -0.00332
60 11 0.00067
61 11 0.00058
62 11 -0.00031
63 11 -0.00001
0 12 0.00013
1 12 -0.00009
2 12 -0.00022
3 12 0.00088
4 12 -0.00028
5 12 -0.00379
6 12 0.00413
7 12 0.01438
8 12 -0.01494
9 12 -0.05505
10 12 0.04066
11 12 0.36167
12 12 0.77217
13 12 1.03829
14 12 1.08362
15 12 1.02030
16 12 0.97351
17 12 0.97287
18 12 0.99067
19 12 1.00867
20 12 1.02658
21 12 1.03997
22 12 1.03823
23 12 1.02032
24 12 1.00085
25 12 0.99482
26 12 1.00120
27 12 1.00954
28 12 1.01337
29 12 1.01272
30 12 1.01017
31 12 1.00740
32 12 1.00615
33 12 1.00740
34 12 1.01017
35 12 1.01272
36 12 1.01337
37 12 1.00954
38 12 1.00120
39 12 0.99482
40 12 1.00085
41 12 1.02032
42 12 1.03823
43 12 1.03997
44 12 1.02658
45 12 1.00867
46 12 0.99067
47 12 0.97287
48 12 0.97351
49 12 1.02030
50 12 1.08362
51 12 1.03829
52 12 0.77217
53 12 0.36167
54 12 0.04066
55 12 -0.05505
56 12 -0.01494
57 12 0.01438
58 12 0.00413
59 12 -0.00379
60 12 -0.00028
61 12 0.00088
62 12 -0.00022
63 12 -0.00009
0 13 0.00013
1 13 -0.00015
2 13 -0.00005
3 13 0.00095
4 13 -0.00139
5 13 -0.00293
6 13 0.00888
7 13 0.00929
8 13 -0.03470
9 13 -0.04029
10 13 0.15633
11 13 0.55845
12 13 0.93801
13 13 1.09129
14 13 1.04507
15 13 0.95199
16 13 0.89852
17 13 0.88066
18 13 0.88263
19 13 0.91031
20 13 0.96410
21 13 1.01967
22 13 1.04594
23 13 1.03343
24 13 1.00321
25 13 0.98468
26 13 0.98566
27 13 0.99424
28 13 0.99902
29 13 0.99765
30 13 0.99326
31 13 0.98877
32 13 0.98680
33 13 0.98877
34 13 0.99326
35 13 0.99765
36 13 0.99902
37 13 0.99424
38 13 0.98566
39 13 0.98468
40 13 1.00321
41 13 1.03343
42 13 1.04594
43 13 1.01967
44 13 0.96410
45 13 0.91031
46 13 0.88263
47 13 0.88066
48 13 0.89852
49 13 0.95199
50 13 1.04507
51 13 1.09129
52 13 0.93801
53 13 0.55845
54 13 0.15633
55 13 -0.04029
56 13 -0.03470
57 13 0.00929
58 13 0.00888
59 13 -0.00293
60 13 -0.00139
61 13 0.00095
62 13 -0.00005
63 13 -0.00015
0 14 0.00011
1 14 -0.00018
2 14 0.00015
3 14 0.00077
4 14 -0.00233
5 14 -0.00082
6 14 0.01206
7 14 -0.00114
8 14 -0.04866
9 14 0.00413
10 14 0.30114
11 14 0.74135
12 14 1.04570
13 14 1.08240
14 14 0.96171
15 14 0.83564
16 14 0.75214
17 14 0.70283
18 14 0.69613
19 14 0.74885
20 14 0.85109
21 14 0.96266
22 14 1.03706
23 14 1.05069
24 14 1.02253
25 14 0.99530
26 14 0.99085
27 14 1.00051
28 14 1.00900
29 14 1.01045
30 14 1.00736
31 14 1.00326
32 14 1.00133
33 14 1.00326
34 14 1.00736
35 14 1.01045
36 14 1.00900
37 14 1.00051
38 14 0.99085
39 14 0.99530
40 14 1.02253
41 14 1.05069
42 14 1.03706
43 14 0.96266
44 14 0.85109
45 14 0.74885
46 14 0.69613
47 14 0.70283
48 14 0.75214
49 14 0.83564
50 14 0.96171
51 14 1.08240
52 14 1.04570
53 14 0.74135
54 14 0.30114
55 14 0.00413
56 14 -0.04866
57 14 -0.00114
58 14 0.01206
59 14 -0.00082
60 14 -0.00233
61 14 0.00077
62 14 0.00015
63 14 -0.00018
0 15 0.00007
1 15 -0.00018
2 15 0.00033
3 15 0.00040
4 15 -0.00283
5 15 0.00201
6 15 0.01258
7 15 -0.01465
8 15 -0.05094
9 15 0.07681
10 15 0.45935
11 15 0.89382
12 15 1.09439
13 15 1.01773
14 15 0.82932
15 15 0.66358
16 15 0.54526
17 15 0.47476
18 15 0.47286
19 15 0.55148
20 15 0.69405
21 15 0.86024
22 15 0.99509
23 15 1.05220
24 15 1.03603
25 15 0.99990
26 15 0.98510
27 15 0.99141
28 15 1.00107
29 15 1.00376
30 15 1.00068
31 15 0.99602
32 15 0.99376
33 15 0.99602
34 15 1.00068
35 15 1.00376
36 15 1.00107
37 15 0.99141
38 15 0.98510
39 15 0.99990
40 15 1.03603
41 15 1.05220
42 15 0.99509
43 15 0.86024
44 15 0.69405
45 15 0.55148
46 15 0.47286
47 15 0.47476
48 15 0.54526
49 15 0.66358
50 15 0.82932
51 15 1.01773
52 15 1.09439
53 15 0.89382
54 15 0.45935
55 15 0.07681
56 15 -0.05094
57 15 -0.01465
58 15 0.01258
59 15 0.00201
60 15 -0.00283
61 15 0.00040
62 15 0.00033
63 15 -0.00018
0 16 0.00002
1 16 -0.00015
2 16 0.00047
3 16 -0.00008
4 16 -0.00282
5 16 0.00492
6 16 0.01016
7 16 -0.02826
8 16 -0.03830
9 16 0.17244
10 16 0.61742
11 16 1.00679
12 16 1.08444
13 16 0.89884
14 16 0.65099
15 16 0.45599
16 16 0.32394
17 16 0.25608
18 16 0.26636
19 16 0.35684
20 16 0.51823
21 16 0.72654
22 16 0.92515
23 16 1.03997
24 16 1.04917
25 16 1.01025
26 16 0.98633
27 16 0.98951
28 16 1.00120
29 16 1.00640
30 16 1.00433
31 16 0.99970
32 16 0.99731
33 16 0.99970
34 16 1.00433
35 16 1.00640
36 16 1.00120
37 16 0.98951
38 16 0.98633
39 16 1.01025
40 16 1.04917
41 16 1.03997
42 16 0.92515
43 16 0.72654
44 16 0.51823
45 16 0.35684
46 16 0.26636
47 16 0.25608
48 16 0.32394
49 16 0.45599
50 16 0.65099
51 16 0.89884
52 16 1.08444
53 16 1.00679
54 16 0.61742
55 16 0.17244
56 16 -0.03830
57 16 -0.02826
58 16 0.01016
59 16 0.00492
60 16 -0.00282
61 16 -0.00008
62 16 0.00047
63 16 -0.00015
0 17 -0.00002
1 17 -0.00011
2 17 0.00054
3 17 -0.00059
4 17 -0.00232
5 17 0.00742
6 17 0.00527
7 17 -0.03947
8 17 -0.01014
9 17 0.28439
10 17 0.76452
11 17 1.07363
12 17 1.01525
13 17 0.73285
14 17 0.45164
15 17 0.26248
16 17 0.15317
17 17 0.10861
18 17 0.12609
19 17 0.20549
20 17 0.35835
21 17 0.58637
22 17 0.83821
23 17 1.01426
24 17 1.05833
25 17 1.02218
26 17 0.98931
27 17 0.98747
28 17 0.99970
29 17 1.00678
30 17 1.00547
31 17 1.00074
32 17 0.99820
33 17 1.00074
34 17 1.00547
35 17 1.00678
36 17 0.99970
37 17 0.98747
38 17 0.98931
39 17 1.02218
40 17 1.05833
41 17 1.01426
42 17 0.83821
43 17 0.58637
44 17 0.35835
45 17 0.20549
46 17 0.12609
47 17 0.10861
48 17 0.15317
49 17 0.26248
50 17 0.45164
51 17 0.73285
52 17 1.01525
53 17 1.07363
54 17 0.76452
55 17 0.28439
56 17 -0.01014
57 17 -0.03947
58 17 0.00527
59 17 0.00742
60 17 -0.00232
61 17 -0.00059
62 17 0.00054
63 17 -0.00011
0 18 -0.00006
1 18 -0.00005
2 18 0.00055
3 18 -0.00105
4 18 -0.00143
5 18 0.00920
6 18 -0.00147
7 18 -0.04654
8 18 0.03337
9 18 0.40731
10 18 0.89116
11 18 1.08657
12 18 0.88928
13 18 0.54287
14 18 0.27874
15 18 0.14247
16 18 0.08303
17 18 0.06137
18 18 0.06645
19 18 0.11035
20 18 0.23047
21 18 0.45365
22 18 0.74006
23 18 0.97291
24 18 1.05830
25 18 1.03107
26 18 0.99067
27 18 0.98298
28 18 0.99511
29 18 1.00409
30 18 1.00375
31 18 0.99906
32 18 0.99640
33 18 0.99906
34 18 1.00375
35 18 1.00409
36 18 0.99511
37 18 0.98298
38 18 0.99067
39 18 1.03107
40 18 1.05830
41 18 0.97291
42 18 0.74006
43 18 0.45365
44 18 0.23047
45 18 0.11035
46 18 0.06645
47 18 0.06137
48 18 0.08303
49 18 0.14247
50 18 0.27874
51 18 0.54287
52 18 0.88928
53 18 1.08657
54 18 0.89116
55 18 0.40731
56 18 0.03337
57 18 -0.04654
58 18 -0.00147
59 18 0.00920
60 18 -0.00143
61 18 -0.00105
62 18 0.00055
63 18 -0.00005
0 19 -0.00010
1 19 0.00001
2 19 0.00049
3 19 -0.00143
4 19 -0.00023
5 19 0.01008
6 19 -0.00952
7 19 -0.04800
8 19 0.09208
9 19 0.53544
10 19 0.98622
11 19 1.03969
12 19 0.72358
13 19 0.37536
14 19 0.19153
15 19 0.14029
16 19 0.12662
17 19 0.10292
18 19 0.07146
19 19 0.06582
20 19 0.14184
21 19 0.34278
22 19 0.64498
23 19 0.92606
24 19 1.05584
25 19 1.04297
26 19 0.99714
27 19 0.98361
28 19 0.99537
29 19 1.00626
30 19 1.00701
31 19 1.00245
32 19 0.99970
33 19 1.00245
34 19 1.00701
35 19 1.00626
36 19 0.99537
37 19 0.98361
38 19 0.99714
39 19 1.04297
40 19 1.05584
41 19 0.92606
42 19 0.64498
43 19 0.34278
44 19 0.14184
45 19 0.06582
46 19 0.07146
47 19 0.10292
48 19 0.12662
49 19 0.14029
50 19 0.19153
51 19 0.37536
52 19 0.72358
53 19 1.03969
54 19 0.98622
55 19 0.53544
56 19 0.09208
57 19 -0.04800
58 19 -0.00952
59 19 0.01008
60 19 -0.00023
61 19 -0.00143
62 19 0.00049
63 19 0.00001
0 20 -0.00012
1 20 0.00008
2 20 0.00039
3 20 -0.00169
4 20 0.00115
5 20 0.00990
6 20 -0.01817
7 20 -0.04242
8 20 0.16446
9 20 0.65971
10 20 1.03859
11 20 0.94002
12 20 0.55903
13 20 0.28989
14 20 0.23096
15 20 0.25446
16 20 0.24706
17 20 0.18646
18 20 0.10499
19 20 0.05163
20 20 0.08434
21 20 0.25300
22 20 0.55447
23 20 0.87255
24 20 1.04561
25 20 1.04999
26 20 1.00004
27 20 0.98037
28 20 0.99106
29 20 1.00336
30 20 1.00490
31 20 1.00029
32 20 0.99739
33 20 1.00029
34 20 1.00490
35 20 1.00336
36 20 0.99106
37 20 0.98037
38 20 1.00004
39 20 1.04999
40 20 1.04561
41 20 0.87255
42 20 0.55447
43 20 0.25300
44 20 0.08434
45 20 0.05163
46 20 0.10499
47 20 0.18646
48 20 0.24706
49 20 0.25446
50 20 0.23096
51 20 0.28989
52 20 0.55903
53 20 0.94002
54 20 1.03859
55 20 0.65971
56 20 0.16446
57 20 -0.04242
58 20 -0.01817
59 20 0.00990
60 20 0.00115
61 20 -0.00169
62 20 0.00039
63 20 0.00008
0 21 -0.00013
1 21 0.00013
2 21 0.00025
3 21 -0.00180
4 21 0.00256
5 21 0.00859
6 21 -0.02653
7 21 -0.02891
8 21 0.24606
9 21 0.76837
10 21 1.04458
11 21 0.81441
12 21 0.44766
13 21 0.32334
14 21 0.38512
15 21 0.43146
16 21 0.38306
17 21 0.26867
18 21 0.14435
19 21 0.05653
20 21 0.05231
21 21 0.18458
22 21 0.47423
23 21 0.81972
24 21 1.03390
25 21 1.05794
26 21 1.00596
27 21 0.98099
28 21 0.99083
29 21 1.00461
30 21 1.00704
31 21 1.00248
32 21 0.99947
33 21 1.00248
34 21 1.00704
35 21 1.00461
36 21 0.99083
37 21 0.98099
38 21 1.00596
39 21 1.05794
40 21 1.03390
41 21 0.81972
42 21 0.47423
43 21 0.18458
44 21 0.05231
45 21 0.05653
46 21 0.14435
47 21 0.26867
48 21 0.38306
49 21 0.43146
50 21 0.38512
51 21 0.32334
52 21 0.44766
53 21 0.81441
54 21 1.04458
55 21 0.76837
56 21 0.24606
57 21 -0.02891
58 21 -0.02653
59 21 0.00859
60 21 0.00256
61 21 -0.00180
62 21 0.00025
63 21 0.00013
0 22 -0.00012
1 22 0.00017
2 22 0.00008
3 22 -0.00173
4 22 0.00385
5 22 0.00625
6 22 -0.03356
7 22 -0.00772
8 22 0.33001
9 22 0.85229
10 22 1.01393
11 22 0.70039
12 22 0.42288
13 22 0.46320
14 22 0.59678
15 22 0.61010
16 22 0.50239
17 22 0.34556
18 22 0.19403
19 22 0.07971
20 22 0.04013
21 22 0.13323
22 22 0.40355
23 22 0.76769
24 22 1.01890
25 22 1.06298
26 22 1.00998
27 22 0.97988
28 22 0.98850
29 22 1.00335
30 22 1.00636
31 22 1.00165
32 22 0.99847
33 22 1.00165
34 22 1.00636
35 22 1.00335
36 22 0.98850
37 22 0.97988
38 22 1.00998
39 22 1.06298
40 22 1.01890
41 22 0.76769
42 22 0.40355
43 22 0.13323
44 22 0.04013
45 22 0.07971
46 22 0.19403
47 22 0.34556
48 22 0.50239
49 22 0.61010
50 22 0.59678
51 22 0.46320
52 22 0.42288
53 22 0.70039
54 22 1.01393
55 22 0.85229
56 22 0.33001
57 22 -0.00772
58 22 -0.03356
59 22 0.00625
60 22 0.00385
61 22 -0.00173
62 22 0.00008
63 22 0.00017
0 23 -0.00010
1 23 0.00019
2 23 -0.00009
3 23 -0.00152
4 23 0.00486
5 23 0.00314
6 23 -0.03835
7 23 0.01943
8 23 0.40892
9 23 0.90934
10 23 0.96662
11 23 0.62707
12 23 0.48059
13 23 0.65754
14 23 0.80459
15 23 0.76187
16 23 0.61171
17 23 0.43387
18 23 0.26093
19 23 0.11659
20 23 0.03985
21 23 0.09408
22 23 0.34192
23 23 0.71833
24 23 1.00263
25 23 1.06699
26 23 1.01433
27 23 0.97983
28 23 0.98746
29 23 1.00340
30 23 1.00697
31 23 1.00209
32 23 0.99874
33 23 1.00209
34 23 1.00697
35 23 1.00340
36 23 0.98746
37 23 0.97983
38 23 1.01433
39 23 1.06699
40 23 1.00263
41 23 0.71833
42 23 0.34192
43 23 0.09408
44 23 0.03985
45 23 0.11659
46 23 0.26093
47 23 0.43387
48 23 0.61171
49 23 0.76187
50 23 0.80459
51 23 0.65754
52 23 0.48059
53 23 0.62707
54 23 0.96662
55 23 0.90934
56 23 0.40892
57 23 0.01943
58 23 -0.03835
59 23 0.00314
60 23 0.00486
61 23 -0.00152
62 23 -0.00009
63 23 0.00019
0 24 -0.00008
1 24 0.00019
2 24 -0.00023
3 24 -0.00120
4 24 0.00549
5 24 -0.00031
6 24 -0.04038
7 24 0.04927
8 24 0.47664
9 24 0.94423
10 24 0.92342
11 24 0.60231
12 24 0.58486
13 24 0.84668
14 24 0.97212
15 24 0.88678
16 24 0.72387
17 24 0.53753
18 24 0.33895
19 24 0.15941
20 24 0.04695
21 24 0.06577
22 24 0.28990
23 24 0.67309
24 24 0.98614
25 24 1.07007
26 24 1.01852
27 24 0.98003
28 24 0.98673
29 24 1.00357
30 24 1.00745
31 24 1.00224
32 24 0.99868
33 24 1.00224
34 24 1.00745
35 24 1.00357
36 24 0.98673
37 24 0.98003
38 24 1.01852
39 24 1.07007
40 24 0.98614
41 24 0.67309
42 24 0.28990
43 24 0.06577
44 24 0.04695
45 24 0.15941
46 24 0.33895
47 24 0.53753
48 24 0.72387
49 24 0.88678
50 24 0.97212
51 24 0.84668
52 24 0.58486
53 24 0.60231
54 24 0.92342
55 24 0.94423
56 24 0.47664
57 24 0.04927
58 24 -0.04038
59 24 -0.00031
60 24 0.00549
61 24 -0.00120
62 24 -0.00023
63 24 0.00019
0 25 -0.00005
1 25 0.00017
2 25 -0.00034
3 25 -0.00082
4 25 0.00571
5 25 -0.00360
6 25 -0.03988
7 25 0.07775
8 25 0.52929
9 25 0.96471
10 25 0.89744
11 25 0.61421
12 25 0.69006
13 25 0.98690
14 25 1.08570
15 25 0.98720
16 25 0.83387
17 25 0.64245
18 25 0.41609
19 25 0.20317
20 25 0.05996
21 25 0.04668
22 25 0.24576
23 25 0.63119
24 25 0.96911
25 25 1.07146
26 25 1.02145
27 25 0.97955
28 25 0.98563
29 25 1.00333
30 25 1.00734
31 25 1.00170
32 25 0.99788
33 25 1.00170
34 25 1.00734
35 25 1.00333
36 25 0.98563
37 25 0.97955
38 25 1.02145
39 25 1.07146
40 25 0.96911
41 25 0.63119
42 25 0.24576
43 25 0.04668
44 25 0.05996
45 25 0.20317
46 25 0.41609
47 25 0.64245
48 25 0.83387
49 25 0.98720
50 25 1.08570
51 25 0.98690
52 25 0.69006
53 25 0.61421
54 25 0.89744
55 25 0.96471
56 25 0.52929
57 25 0.07775
58 25 -0.03988
59 25 -0.00360
60 25 0.00571
61 25 -0.00082
62 25 -0.00034
63 25 0.00017
0 26 -0.00003
1 26 0.00015
2 26 -0.00040
3 26 -0.00046
4 26 0.00558
5 26 -0.00632
6 26 -0.03770
7 26 0.10104
8 26 0.56507
9 26 0.97726
10 26 0.89213
11 26 0.64405
12 26 0.76393
13 26 1.06038
14 26 1.14522
15 26 1.05998
16 26 0.92736
17 26 0.73398
18 26 0.48611
19 26 0.24761
20 26 0.07888
21 26 0.03563
22 26 0.20903
23 26 0.59391
24 26 0.95357
25 26 1.07281
26 26 1.02445
27 26 0.97980
28 26 0.98570
29 26 1.00420
30 26 1.00814
31 26 1.00196
32 26 0.99787
33 26 1.00196
34 26 1.00814
35 26 1.00420
36 26 0.98570
37 26 0.97980
38 26 1.02445
39 26 1.07281
40 26 0.95357
41 26 0.59391
42 26 0.20903
43 26 0.03563
44 26 0.07888
45 26 0.24761
46 26 0.48611
47 26 0.73398
48 26 0.92736
49 26 1.05998
50 26 1.14522
51 26 1.06038
52 26 0.76393
53 26 0.64405
54 26 0.89213
55 26 0.97726
56 26 0.56507
57 26 0.10104
58 26 -0.03770
59 26 -0.00632
60 26 0.00558
61 26 -0.00046
62 26 -0.00040
63 26 0.00015
0 27 -0.00001
1 27 0.00012
2 27 -0.00041
3 27 -0.00016
4 27 0.00522
5 27 -0.00823
6 27 -0.03488
7 27 0.11631
8 27 0.58324
9 27 0.98490
10 27 0.90543
11 27 0.68022
12 27 0.79934
13 27 1.07473
14 27 1.16092
15 27 1.10369
16 27 0.99469
17 27 0.80460
18 27 0.54598
19 27 0.29060
20 27 0.10055
21 27 0.02945
22 27 0.17796
23 27 0.56081
24 27 0.93913
25 27 1.07299
26 27 1.02591
27 27 0.97914
28 27 0.98526
29 27 1.00442
30 27 1.00802
31 27 1.00118
32 27 0.99681
33 27 1.00118
34 27 1.00802
35 27 1.00442
36 27 0.98526
37 27 0.97914
38 27 1.02591
39 27 1.07299
40 27 0.93913
41 27 0.56081
42 27 0.17796
43 27 0.02945
44 27 0.10055
45 27 0.29060
46 27 0.54598
47 27 0.80460
48 27 0.99469
49 27 1.10369
50 27 1.16092
51 27 1.07473
52 27 0.79934
53 27 0.68022
54 27 0.90543
55 27 0.98490
56 27 0.58324
57 27 0.11631
58 27 -0.03488
59 27 -0.00823
60 27 0.00522
61 27 -0.00016
62 27 -0.00041
63 27 0.00012
0 28 0.00000
1 28 0.00009
2 28 -0.00040
3 28 0.00006
4 28 0.00477
5 28 -0.00927
6 28 -0.03234
7 28 0.12191
8 28 0.58319
9 28 0.98694
10 28 0.93386
11 28 0.72332
12 28 0.81177
13 28 1.05434
14 28 1.14973
15 28 1.12272
16 28 1.03448
17 28 0.85245
18 28 0.59319
19 28 0.32871
20 28 0.12196
21 28 0.02668
22 28 0.15273
23 28 0.53311
24 28 0.92716
25 28 1.07313
26 28 1.02693
27 28 0.97889
28 28 0.98580
29 28 1.00554
30 28 1.00859
31 28 1.00104
32 28 0.99642
33 28 1.00104
34 28 1.00859
35 28 1.00554
36 28 0.98580
37 28 0.97889
38 28 1.02693
39 28 1.07313
40 28 0.92716
41 28 0.53311
42 28 0.15273
43 28 0.02668
44 28 0.12196
45 28 0.32871
46 28 0.59319
47 28 0.85245
48 28 1.03448
49 28 1.12272
50 28 1.14973
51 28 1.05434
52 28 0.81177
53 28 0.72332
54 28 0.93386
55 28 0.98694
56 28 0.58319
57 28 0.12191
58 28 -0.03234
59 28 -0.00927
60 28 0.00477
61 28 0.00006
62 28 -0.00040
63 28 0.00009
0 29 0.00001
1 29 0.00007
2 29 -0.00037
3 29 0.00018
4 29 0.00432
5 29 -0.00949
6 29 -0.03060
7 29 0.11744
8 29 0.56431
9 29 0.97974
10 29 0.97312
11 29 0.78113
12 29 0.82701
13 29 1.02863
14 29 1.12977
15 29 1.12511
16 29 1.05076
17 29 0.87857
18 29 0.62569
19 29 0.35884
20 29 0.14079
21 29 0.02606
22 29 0.13283
23 29 0.51077
24 29 0.91757
25 29 1.07268
26 29 1.02675
27 29 0.97820
28 29 0.98634
29 29 1.00644
30 29 1.00865
31 29 1.00036
32 29 0.99552
33 29 1.00036
34 29 1.00865
35 29 1.00644
36 29 0.98634
37 29 0.97820
38 29 1.02675
39 29 1.07268
40 29 0.91757
41 29 0.51077
42 29 0.13283
43 29 0.02606
44 29 0.14079
45 29 0.35884
46 29 0.62569
47 29 0.87857
48 29 1.05076
49 29 1.12511
50 29 1.12977
51 29 1.02863
52 29 0.82701
53 29 0.78113
54 29 0.97312
55 29 0.97974
56 29 0.56431
57 29 0.11744
58 29 -0.03060
59 29 -0.00949
60 29 0.00432
61 29 0.00018
62 29 -0.00037
63 29 0.00007
0 30 0.00001
1 30 0.00005
2 30 -0.00032
3 30 0.00023
4 30 0.00392
5 30 -0.00900
6 30 -0.02975
7 30 0.10370
8 30 0.52642
9 30 0.95766
10 30 1.01573
11 30 0.85808
12 30 0.86555
13 30 1.02032
14 30 1.11490
15 30 1.11848
16 30 1.04868
17 30 0.88493
18 30 0.64237
19 30 0.37892
20 30 0.15529
21 30 0.02624
22 30 0.11764
23 30 0.49401
24 30 0.91083
25 30 1.07196
26 30 1.02565
27 30 0.97750
28 30 0.98738
29 30 1.00761
30 30 1.00877
31 30 0.99979
32 30 0.99481
33 30 0.99979
34 30 1.00877
35 30 1.00761
36 30 0.98738
37 30 0.97750
38 30 1.02565
39 30 1.07196
40 30 0.91083
41 30 0.49401
42 30 0.11764
43 30 0.02624
44 30 0.15529
45 30 0.37892
46 30 0.64237
47 30 0.88493
48 30 1.04868
49 30 1.11848
50 30 1.11490
51 30 1.02032
52 30 0.86555
53 30 0.85808
54 30 1.01573
55 30 0.95766
56 30 0.52642
57 30 0.10370
58 30 -0.02975
59 30 -0.00900
60 30 0.00392
61 30 0.00023
62 30 -0.00032
63 30 0.00005
0 31 0.00001
1 31 0.00004
2 31 -0.00028
3 31 0.00021
4 31 0.00361
5 31 -0.00792
6 31 -0.02950
7 31 0.08266
8 31 0.47061
9 31 0.91449
10 31 1.04917
11 31 0.94660
12 31 0.93046
13 31 1.03633
14 31 1.10983
15 31 1.10659
16 31 1.03218
17 31 0.87399
18 31 0.64371
19 31 0.38849
20 31 0.16466
21 31 0.02635
22 31 0.10681
23 31 0.48318
24 31 0.90737
25 31 1.07110
26 31 1.02369
27 31 0.97688
28 31 0.98888
29 31 1.00889
30 31 1.00877
31 31 0.99921
32 31 0.99419
33 31 0.99921
34 31 1.00877
35 31 1.00889
36 31 0.98888
37 31 0.97688
38 31 1.02369
39 31 1.07110
40 31 0.90737
41 31 0.48318
42 31 0.10681
43 31 0.02635
44 31 0.16466
45 31 0.38849
46 31 0.64371
47 31 0.87399
48 31 1.03218
49 31 1.10659
50 31 1.10983
51 31 1.03633
52 31 0.93046
53 31 0.94660
54 31 1.04917
55 31 0.91449
56 31 0.47061
57 31 0.08266
58 31 -0.02950
59 31 -0.00792
60 31 0.00361
61 31 0.00021
62 31 -0.00028
63 31 0.00004
0 32 0.00001
1 32 0.00003
2 32 -0.00024
3 32 0.00016
4 32 0.00336
5 32 -0.00642
6 32 -0.02928
7 32 0.05736
8 32 0.40024
9 32 0.84572
10 32 1.05759
11 32 1.02635
12 32 1.00543
13 32 1.06668
14 32 1.10955
15 32 1.08864
16 32 1.00315
17 32 0.84809
18 32 0.63106
19 32 0.38781
20 32 0.16833
21 32 0.02540
22 32 0.09973
23 32 0.47821
24 32 0.90709
25 32 1.06981
26 32 1.02067
27 32 0.97620
28 32 0.99061
29 32 1.01000
30 32 1.00842
31 32 0.99846
32 32 0.99354
33 32 0.99846
34 32 1.00842
35 32 1.01000
36 32 0.99061
37 32 0.97620
38 32 1.02067
39 32 1.06981
40 32 0.90709
41 32 0.47821
42 32 0.09973
43 32 0.02540
44 32 0.16833
45 32 0.38781
46 32 0.63106
47 32 0.84809
48 32 1.00315
49 32 1.08864
50 32 1.10955
51 32 1.06668
52 32 1.00543
53 32 1.02635
54 32 1.05759
55 32 0.84572
56 32 0.40024
57 32 0.05736
58 32 -0.02928
59 32 -0.00642
60 32 0.00336
61 32 0.00016
62 32 -0.00024
63 32 0.00003
0 33 0.00001
1 33 0.00003
2 33 -0.00020
3 33 0.00008
4 33 0.00315
5 33 -0.00468
6 33 -0.02846
7 33 0.03145
8 33 0.32074
9 33 0.75029
10 33 1.02619
11 33 1.07187
12 33 1.06438
13 33 1.09260
14 33 1.10386
15 33 1.06071
16 33 0.96179
17 33 0.80927
18 33 0.60638
19 33 0.37793
20 33 0.16643
21 33 0.02308
22 33 0.09638
23 33 0.47942
24 33 0.91020
25 33 1.06829
26 33 1.01701
27 33 0.97593
28 33 0.99289
29 33 1.01118
30 33 1.00803
31 33 0.99794
32 33 0.99329
33 33 0.99794
34 33 1.00803
35 33 1.01118
36 33 0.99289
37 33 0.97593
38 33 1.01701
39 33 1.06829
40 33 0.91020
41 33 0.47942
42 33 0.09638
43 33 0.02308
44 33 0.16643
45 33 0.37793
46 33 0.60638
47 33 0.80927
48 33 0.96179
49 33 1.06071
50 33 1.10386
51 33 1.09260
52 33 1.06438
53 33 1.07187
54 33 1.02619
55 33 0.75029
56 33 0.32074
57 33 0.03145
58 33 -0.02846
59 33 -0.00468
60 33 0.00315
61 33 0.00008
62 33 -0.00020
63 33 0.00003
0 34 0.00001
1 34 0.00002
2 34 -0.00016
3 34 0.00000
4 34 0.00292
5 34 -0.00287
6 34 -0.02655
7 34 0.00822
8 34 0.23867
9 34 0.63212
10 34 0.94788
11 34 1.06470
12 34 1.08526
13 34 1.09645
14 34 1.08171
15 34 1.01746
16 34 0.90736
17 34 0.75930
18 34 0.57187
19 34 0.36027
20 34 0.15935
21 34 0.01920
22 34 0.09658
23 34 0.48661
24 34 0.91627
25 34 1.06616
26 34 1.01257
27 34 0.97590
28 34 0.99533
29 34 1.01196
30 34 1.00721
31 34 0.99731
32 34 0.99312
33 34 0.99731
34 34 1.00721
35 34 1.01196
36 34 0.99533
37 34 0.97590
38 34 1.01257
39 34 1.06616
40 34 0.91627
41 34 0.48661
42 34 0.09658
43 34 0.01920
44 34 0.15935
45 34 0.36027
46 34 0.57187
47 34 0.75930
48 34 0.90736
49 34 1.01746
50 34 1.08171
51 34 1.09645
52 34 1.08526
53 34 1.06470
54 34 0.94788
55 34 0.63212
56 34 0.23867
57 34 0.00822
58 34 -0.02655
59 34 -0.00287
60 34 0.00292
61 34 0.00000
62 34 -0.00016
63 34 0.00002
0 35 0.00001
1 35 0.00002
2 35 -0.00012
3 35 -0.00009
4 35 0.00263
5 35 -0.00116
6 35 -0.02342
7 35 -0.01001
8 35 0.16096
9 35 0.50060
10 35 0.82690
11 35 0.99878
12 35 1.05475
13 35 1.06428
14 35 1.03341
15 35 0.95471
16 35 0.83992
17 35 0.70042
18 35 0.53006
19 35 0.33659
20 35 0.14791
21 35 0.01404
22 35 0.10052
23 35 0.49973
24 35 0.92500
25 35 1.06344
26 35 1.00777
27 35 0.97648
28 35 0.99810
29 35 1.01251
30 35 1.00625
31 35 0.99694
32 35 0.99338
33 35 0.99694
34 35 1.00625
35 35 1.01251
36 35 0.99810
37 35 0.97648
38 35 1.00777
39 35 1.06344
40 35 0.92500
41 35 0.49973
42 35 0.10052
43 35 0.01404
44 35 0.14791
45 35 0.33659
46 35 0.53006
47 35 0.70042
48 35 0.83992
49 35 0.95471
50 35 1.03341
51 35 1.06428
52 35 1.05475
53 35 0.99878
54 35 0.82690
55 35 0.50060
56 35 0.16096
57 35 -0.01001
58 35 -0.02342
59 35 -0.00116
60 35 0.00263
61 35 -0.00009
62 35 -0.00012
63 35 0.00002
0 36 0.00000
1 36 0.00002
2 36 -0.00008
3 36 -0.00018
4 36 0.00227
5 36 0.00037
6 36 -0.01930
7 36 -0.02211
8 36 0.09364
9 36 0.36818
10 36 0.67686
11 36 0.88084
12 36 0.97047
13 36 0.98976
14 36 0.95485
15 36 0.87233
16 36 0.76174
17 36 0.63562
18 36 0.48359
19 36 0.30873
20 36 0.13304
21 36 0.00804
22 36 0.10843
23 36 0.51849
24 36 0.93581
25 36 1.05994
26 36 1.00279
27 36 0.97768
28 36 1.00092
29 36 1.01257
30 36 1.00500
31 36 0.99668
32 36 0.99393
33 36 0.99668
34 36 1.00500
35 36 1.01257
36 36 1.00092
37 36 0.97768
38 36 1.00279
39 36 1.05994
40 36 0.93581
41 36 0.51849
42 36 0.10843
43 36 0.00804
44 36 0.13304
45 36 0.30873
46 36 0.48359
47 36 0.63562
48 36 0.76174
49 36 0.87233
50 36 0.95485
51 36 0.98976
52 36 0.97047
53 36 0.88084
54 36 0.67686
55 36 0.36818
56 36 0.09364
57 36 -0.02211
58 36 -0.01930
59 36 0.00037
60 36 0.00227
61 36 -0.00018
62 36 -0.00008
63 36 0.00002
0 37 -0.00000
1 37 0.00002
2 37 -0.00005
3 37 -0.00027
4 37 0.00187
5 37 0.00162
6 37 -0.01463
7 37 -0.02809
8 37 0.04079
9 37 0.24731
10 37 0.51719
11 37 0.72946
12 37 0.84413
13 37 0.87895
14 37 0.85061
15 37 0.77494
16 37 0.67689
17 37 0.56801
18 37 0.43480
19 37 0.27832
20 37 0.11568
21 37 0.00180
22 37 0.12059
23 37 0.54242
24 37 0.94797
25 37 1.05558
26 37 0.99793
27 37 0.97955
28 37 1.00366
29 37 1.01211
30 37 1.00356
31 37 0.99662
32 37 0.99479
33 37 0.99662
34 37 1.00356
35 37 1.01211
36 37 1.00366
37 37 0.97955
38 37 0.99793
39 37 1.05558
40 37 0.94797
41 37 0.54242
42 37 0.12059
43 37 0.00180
44 37 0.11568
45 37 0.27832
46 37 0.43480
47 37 0.56801
48 37 0.67689
49 37 0.77494
50 37 0.85061
51 37 0.87895
52 37 0.84413
53 37 0.72946
54 37 0.51719
55 37 0.24731
56 37 0.04079
57 37 -0.02809
58 37 -0.01463
59 37 0.00162
60 37 0.00187
61 37 -0.00027
62 37 -0.00005
63 37 0.00002
0 38 -0.00000
1 38 0.00002
2 38 -0.00002
3 38 -0.00034
4 38 0.00144
5 38 0.00252
6 38 -0.00995
7 38 -0.02885
8 38 0.00376
9 38 0.14709
10 38 0.36678
11 38 0.56766
12 38 0.69541
13 38 0.74575
14 38 0.73042
15 38 0.66943
16 38 0.58989
17 38 0.50043
18 38 0.38578
19 38 0.24691
20 38 0.09685
21 38 -0.00384
22 38 0.13738
23 38 0.57101
24 38 0.96083
25 38 1.05045
26 38 0.99359
27 38 0.98215
28 38 1.00618
29 38 1.01117
30 38 1.00208
31 38 0.99683
32 38 0.99599
33 38 0.99683
34 38 1.00208
35 38 1.01117
36 38 1.00618
37 38 0.98215
38 38 0.99359
39 38 1.05045
40 38 0.96083
41 38 0.57101
42 38 0.13738
43 38 -0.00384
44 38 0.09685
45 38 0.24691
46 38 0.38578
47 38 0.50043
48 38 0.58989
49 38 0.66943
50 38 0.73042
51 38 0.74575
52 38 0.69541
53 38 0.56766
54 38 0.36678
55 38 0.14709
56 38 0.00376
57 38 -0.02885
58 38 -0.00995
59 38 0.00252
60 38 0.00144
61 38 -0.00034
62 38 -0.00002
63 38 0.00002
0 39 -0.00001
1 39 0.00002
2 39 0.00000
3 39 -0.00038
4 39 0.00103
5 39 0.00302
6 39 -0.00572
7 39 -0.02594
8 39 -0.01867
9 39 0.07152
10 39 0.23875
11 39 0.41508
12 39 0.54386
13 39 0.60557
14 39 0.60526
15 39 0.56318
16 39 0.50519
17 39 0.43550
18 39 0.33835
19 39 0.21581
20 39 0.07737
21 39 -0.00817
22 39 0.15898
23 39 0.60339
24 39 0.97356
25 39 1.04455
26 39 0.98996
27 39 0.98526
28 39 1.00818
29 39 1.00964
30 39 1.00052
31 39 0.99720
32 39 0.99733
33 39 0.99720
34 39 1.00052
35 39 1.00964
36 39 1.00818
37 39 0.98526
38 39 0.98996
39 39 1.04455
40 39 0.97356
41 39 0.60339
42 39 0.15898
43 39 -0.00817
44 39 0.07737
45 39 0.21581
46 39 0.33835
47 39 0.43550
48 39 0.50519
49 39 0.56318
50 39 0.60526
51 39 0.60557
52 39 0.54386
53 39 0.41508
54 39 0.23875
55 39 0.07152
56 39 -0.01867
57 39 -0.02594
58 39 -0.00572
59 39 0.00302
60 39 0.00103
61 39 -0.00038
62 39 0.00000
63 39 0.00002
0 40 -0.00001
1 40 0.00001
2 40 0.00002
3 40 -0.00040
4 40 0.00064
5 40 0.00318
6 40 -0.00222
7 40 -0.02101
8 40 -0.02945
9 40 0.01994
10 40 0.13903
11 40 0.28431
12 40 0.40440
13 40 0.47165
14 40 0.48519
15 40 0.46291
16 40 0.42661
17 40 0.37524
18 40 0.29388
19 40 0.18592
20 40 0.05791
21 40 -0.01043
22 40 0.18551
23 40 0.63870
24 40 0.98556
25 40 1.03818
26 40 0.98735
27 40 0.98880
28 40 1.00962
29 40 1.00776
30 40 0.99915
31 40 0.99782
32 40 0.99884
33 40 0.99782
34 40 0.99915
35 40 1.00776
36 40 1.00962
37 40 0.98880
38 40 0.98735
39 40 1.03818
40 40 0.98556
41 40 0.63870
42 40 0.18551
43 40 -0.01043
44 40 0.05791
45 40 0.18592
46 40 0.29388
47 40 0.37524
48 40 0.42661
49 40 0.46291
50 40 0.48519
51 40 0.47165
52 40 0.40440
53 40 0.28431
54 40 0.13903
55 40 0.01994
56 40 -0.02945
57 40 -0.02101
58 40 -0.00222
59 40 0.00318
60 40 0.00064
61 40 -0.00040
62 40 0.00002
63 40 0.00001
0 41 -0.00001
1 41 0.00001
2 41 0.00004
3 41 -0.00039
4 41 0.00030
5 41 0.00306
6 41 0.00045
7 41 -0.01542
8 41 -0.03198
9 41 -0.01135
10 41 0.06748
11 41 0.18054
12 41 0.28561
13 41 0.35285
14 41 0.37737
15 41 0.37327
16 41 0.35648
17 41 0.32075
18 41 0.25317
19 41 0.15787
20 41 0.03906
21 41 -0.00994
22 41 0.21677
23 41 0.67580
24 41 0.99629
25 41 1.03156
26 41 0.98577
27 41 0.99246
28 41 1.01034
29 41 1.00558
30 41 0.99796
31 41 0.99854
32 41 1.00029
33 41 0.99854
34 41 0.99796
35 41 1.00558
36 41 1.01034
37 41 0.99246
38 41 0.98577
39 41 1.03156
40 41 0.99629
41 41 0.67580
42 41 0.21677
43 41 -0.00994
44 41 0.03906
45 41 0.15787
46 41 0.25317
47 41 0.32075
48 41 0.35648
49 41 0.37327
50 41 0.37737
51 41 0.35285
52 41 0.28561
53 41 0.18054
54 41 0.06748
55 41 -0.01135
56 41 -0.03198
57 41 -0.01542
58 41 0.00045
59 41 0.00306
60 41 0.00030
61 41 -0.00039
62 41 0.00004
63 41 0.00001
0 42 -0.00001
1 42 0.00001
2 42 0.00005
3 42 -0.00036
4 42 0.00001
5 42 0.00274
6 42 0.00225
7 42 -0.01011
8 42 -0.02948
9 42 -0.02738
10 42 0.02013
11 42 0.10335
12 42 0.19043
13 42 0.25351
14 42 0.28563
15 42 0.29661
16 42 0.29571
17 42 0.27241
18 42 0.21667
19 42 0.13200
20 42 0.02128
21 42 -0.00621
22 42 0.25230
23 42 0.71353
24 42 1.00542
25 42 1.02507
26 42 0.98527
27 42 0.99605
28 42 1.01036
29 42 1.00332
30 42 0.99710
31 42 0.99935
32 42 1.00160
33 42 0.99935
34 42 0.99710
35 42 1.00332
36 42 1.01036
37 42 0.99605
38 42 0.98527
39 42 1.02507
40 42 1.00542
41 42 0.71353
42 42 0.25230
43 42 -0.00621
44 42 0.02128
45 42 0.13200
46 42 0.21667
47 42 0.27241
48 42 0.29571
49 42 0.29661
50 42 0.28563
51 42 0.25351
52 42 0.19043
53 42 0.10335
54 42 0.02013
55 42 -0.02738
56 42 -0.02948
57 42 -0.01011
58 42 0.00225
59 42 0.00274
60 42 0.00001
61 42 -0.00036
62 42 0.00005
63 42 0.00001
0 43 -0.00001
1 43 0.00001
2 43 0.00007
3 43 -0.00032
4 43 -0.00021
5 43 0.00229
6 43 0.00330
7 43 -0.00556
8 43 -0.02453
9 43 -0.03321
10 43 -0.00852
11 43 0.04915
12 43 0.11794
13 43 0.17438
14 43 0.21096
15 43 0.23325
16 43 0.24407
17 43 0.23010
18 43 0.18450
19 43 0.10838
20 43 0.00489
21 43 0.00115
22 43 0.29151
23 43 0.75090
24 43 1.01287
25 43 1.01915
26 43 0.98587
27 43 0.99936
28 43 1.00972
29 43 1.00115
30 43 0.99662
31 43 1.00017
32 43 1.00265
33 43 1.00017
34 43 0.99662
35 43 1.00115
36 43 1.00972
37 43 0.99936
38 43 0.98587
39 43 1.01915
40 43 1.01287
41 43 0.75090
42 43 0.29151
43 43 0.00115
44 43 0.00489
45 43 0.10838
46 43 0.18450
47 43 0.23010
48 43 0.24407
49 43 0.23325
50 43 0.21096
51 43 0.17438
52 43 0.11794
53 43 0.04915
54 43 -0.00852
55 43 -0.03321
56 43 -0.02453
57 43 -0.00556
58 43 0.00330
59 43 0.00229
60 43 -0.00021
61 43 -0.00032
62 43 0.00007
63 43 0.00001
0 44 -0.00001
1 44 0.00000
2 44 0.00007
3 44 -0.00027
4 44 -0.00037
5 44 0.00180
6 44 0.00378
7 44 -0.00195
8 44 -0.01883
9 44 -0.03289
10 44 -0.02384
11 44 0.01325
12 44 0.06519
13 44 0.11386
14 44 0.15227
15 44 0.18211
16 44 0.20061
17 44 0.19339
18 44 0.15646
19 44 0.08682
20 44 -0.00982
21 44 0.01253
22 44 0.33393
23 44 0.78718
24 44 1.01871
25 44 1.01407
26 44 0.98736
27 44 1.00216
28 44 1.00852
29 44 0.99922
30 44 0.99648
31 44 1.00088
32 44 1.00336
33 44 1.00088
34 44 0.99648
35 44 0.99922
36 44 1.00852
37 44 1.00216
38 44 0.98736
39 44 1.01407
40 44 1.01871
41 44 0.78718
42 44 0.33393
43 44 0.01253
44 44 -0.00982
45 44 0.08682
46 44 0.15646
47 44 0.19339
48 44 0.20061
49 44 0.18211
50 44 0.15227
51 44 0.11386
52 44 0.06519
53 44 0.01325
54 44 -0.02384
55 44 -0.03289
56 44 -0.01883
57 44 -0.00195
58 44 0.00378
59 44 0.00180
60 44 -0.00037
61 44 -0.00027
62 44 0.00007
63 44 0.00000
0 45 -0.00001
1 45 0.00000
2 45 0.00008
3 45 -0.00021
4 45 -0.00046
5 45 0.00130
6 45 0.00383
7 45 0.00069
8 45 -0.01340
9 45 -0.02941
10 45 -0.03046
11 45 -0.00901
12 45 0.02842
13 45 0.06916
14 45 0.10732
15 45 0.14138
16 45 0.16415
17 45 0.16176
18 45 0.13214
19 45 0.06694
20 45 -0.02254
21 45 0.02849
22 45 0.37938
23 45 0.82204
24 45 1.02314
25 45 1.00996
26 45 0.98951
27 45 1.00432
28 45 1.00693
29 45 0.99769
30 45 0.99671
31 45 1.00148
32 45 1.00373
33 45 1.00148
34 45 0.99671
35 45 0.99769
36 45 1.00693
37 45 1.00432
38 45 0.98951
39 45 1.00996
40 45 1.02314
41 45 0.82204
42 45 0.37938
43 45 0.02849
44 45 -0.02254
45 45 0.06694
46 45 0.13214
47 45 0.16176
48 45 0.16415
49 45 0.14138
50 45 0.10732
51 45 0.06916
52 45 0.02842
53 45 -0.00901
54 45 -0.03046
55 45 -0.02941
56 45 -0.01340
57 45 0.00069
58 45 0.00383
59 45 0.00130
60 45 -0.00046
61 45 -0.00021
62 45 0.00008
63 45 0.00000
0 46 -0.00001
1 46 0.00000
2 46 0.00008
3 46 -0.00015
4 46 -0.00051
5 46 0.00083
6 46 0.00357
7 46 0.00245
8 46 -0.00871
9 46 -0.02466
10 46 -0.03176
11 46 -0.02161
12 46 0.00394
13 46 0.03713
14 46 0.07353
15 46 0.10910
16 46 0.13356
17 46 0.13465
18 46 0.11091
19 46 0.04825
20 46 -0.03276
21 46 0.04988
22 46 0.42792
23 46 0.85532
24 46 1.02636
25 46 1.00680
26 46 0.99197
27 46 1.00575
28 46 1.00510
29 46 0.99659
30 46 0.99720
31 46 1.00188
32 46 1.00375
33 46 1.00188
34 46 0.99720
35 46 0.99659
36 46 1.00510
37 46 1.00575
38 46 0.99197
39 46 1.00680
40 46 1.02636
41 46 0.85532
42 46 0.42792
43 46 0.04988
44 46 -0.03276
45 46 0.04825
46 46 0.11091
47 46 0.13465
48 46 0.13356
49 46 0.10910
50 46 0.07353
51 46 0.03713
52 46 0.00394
53 46 -0.02161
54 46 -0.03176
55 46 -0.02466
56 46 -0.00871
57 46 0.00245
58 46 0.00357
59 46 0.00083
60 46 -0.00051
61 46 -0.00015
62 46 0.00008
63 46 0.00000
0 47 -0.00001
1 47 0.00000
2 47 0.00008
3 47 -0.00009
4 47 -0.00052
5 47 0.00042
6 47 0.00314
7 47 0.00352
8 47 -0.00492
9 47 -0.01970
10 47 -0.03008
11 47 -0.02772
12 47 -0.01153
13 47 0.01481
14 47 0.04842
15 47 0.08349
16 47 0.10787
17 47 0.11150
18 47 0.09204
19 47 0.03033
20 47 -0.03973
21 47 0.07768
22 47 0.47951
23 47 0.88673
24 47 1.02841
25 47 1.00443
26 47 0.99444
27 47 1.00643
28 47 1.00322
29 47 0.99598
30 47 0.99787
31 47 1.00210
32 47 1.00347
33 47 1.00210
34 47 0.99787
35 47 0.99598
36 47 1.00322
37 47 1.00643
38 47 0.99444
39 47 1.00443
40 47 1.02841
41 47 0.88673
42 47 0.47951
43 47 0.07768
44 47 -0.03973
45 47 0.03033
46 47 0.09204
47 47 0.11150
48 47 0.10787
49 47 0.08349
50 47 0.04842
51 47 0.01481
52 47 -0.01153
53 47 -0.02772
54 47 -0.03008
55 47 -0.01970
56 47 -0.00492
57 47 0.00352
58 47 0.00314
59 47 0.00042
60 47 -0.00052
61 47 -0.00009
62 47 0.00008
63 47 0.00000
0 48 -0.00000
1 48 -0.00000
2 48 0.00008
3 48 -0.00004
4 48 -0.00051
5 48 0.00008
6 48 0.00262
7 48 0.00404
8 48 -0.00197
9 48 -0.01504
10 48 -0.02695
11 48 -0.02978
12 48 -0.02066
13 48 -0.00034
14 48 0.02987
15 48 0.06307
16 48 0.08629
17 48 0.09185
18 48 0.07500
19 48 0.01328
20 48 -0.04230
21 48 0.11261
22 48 0.53350
23 48 0.91561
24 48 1.02923
25 48 1.00273
26 48 0.99672
27 48 1.00645
28 48 1.00147
29 48 0.99585
30 48 0.99864
31 48 1.00214
32 48 1.00299
33 48 1.00214
34 48 0.99864
35 48 0.99585
36 48 1.00147
37 48 1.00645
38 48 0.99672
39 48 1.00273
40 48 1.02923
41 48 0.91561
42 48 0.53350
43 48 0.11261
44 48 -0.04230
45 48 0.01328
46 48 0.07500
47 48 0.09185
48 48 0.08629
49 48 0.06307
50 48 0.02987
51 48 -0.00034
52 48 -0.02066
53 48 -0.02978
54 48 -0.02695
55 48 -0.01504
56 48 -0.00197
57 48 0.00404
58 48 0.00262
59 48 0.00008
60 48 -0.00051
61 48 -0.00004
62 48 0.00008
63 48 -0.00000
0 49 -0.00000
1 49 -0.00000
2 49 0.00008
3 49 -0.00000
4 49 -0.00047
5 49 -0.00019
6 49 0.00207
7 49 0.00419
8 49 0.00024
9 49 -0.01091
10 49 -0.02330
11 49 -0.02948
12 49 -0.02552
13 49 -0.01033
14 49 0.01623
15 49 0.04670
16 49 0.06822
17 49 0.07531
18 49 0.05967
19 49 -0.00228
20 49 -0.03959
21 49 0.15406
22 49 0.58794
23 49 0.94081
24 49 1.02870
25 49 1.00154
26 49 0.99867
27 49 1.00592
28 49 0.99996
29 49 0.99610
30 49 0.99941
31 49 1.00201
32 49 1.00235
33 49 1.00201
34 49 0.99941
35 49 0.99610
36 49 0.99996
37 49 1.00592
38 49 0.99867
39 49 1.00154
40 49 1.02870
41 49 0.94081
42 49 0.58794
43 49 0.15406
44 49 -0.03959
45 49 -0.00228
46 49 0.05967
47 49 0.07531
48 49 0.06822
49 49 0.04670
50 49 0.01623
51 49 -0.01033
52 49 -0.02552
53 49 -0.02948
54 49 -0.02330
55 49 -0.01091
56 49 0.00024
57 49 0.00419
58 49 0.00207
59 49 -0.00019
60 49 -0.00047
61 49 -0.00000
62 49 0.00008
63 49 -0.00000
0 50 -0.00000
1 50 -0.00000
2 50 0.00007
3 50 0.00003
4 50 -0.00042
5 50 -0.00038
6 50 0.00156
7 50 0.00408
8 50 0.00183
9 50 -0.00744
10 50 -0.01966
11 50 -0.02793
12 50 -0.02772
13 50 -0.01675
14 50 0.00616
15 50 0.03343
16 50 0.05310
17 50 0.06161
18 50 0.04611
19 50 -0.01584
20 50 -0.03198
21 50 0.19933
22 50 0.63962
23 50 0.96108
24 50 1.02690
25 50 1.00083
26 50 1.00022
27 50 1.00502
28 50 0.99881
29 50 0.99667
30 50 1.00012
31 50 1.00178
32 50 1.00169
33 50 1.00178
34 50 1.00012
35 50 0.99667
36 50 0.99881
37 50 1.00502
38 50 1.00022
39 50 1.00083
40 50 1.02690
41 50 0.96108
42 50 0.63962
43 50 0.19933
44 50 -0.03198
45 50 -0.01584
46 50 0.04611
47 50 0.06161
48 50 0.05310
49 50 0.03343
50 50 0.00616
51 50 -0.01675
52 50 -0.02772
53 50 -0.02793
54 50 -0.01966
55 50 -0.00744
56 50 0.00183
57 50 0.00408
58 50 0.00156
59 50 -0.00038
60 50 -0.00042
61 50 0.00003
62 50 0.00007
63 50 -0.00000
0 51 0.00000
1 51 -0.00000
2 51 0.00006
3 51 0.00006
4 51 -0.00036
5 51 -0.00051
6 51 0.00109
7 51 0.00382
8 51 0.00290
9 51 -0.00463
10 51 -0.01627
11 51 -0.02582
12 51 -0.02831
13 51 -0.02072
14 51 -0.00133
15 51 0.02252
16 51 0.04049
17 51 0.05051
18 51 0.03439
19 51 -0.02745
20 51 -0.02145
21 51 0.24423
22 51 0.68513
23 51 0.97578
24 51 1.02421
25 51 1.00058
26 51 1.00133
27 51 1.00386
28 51 0.99801
29 51 0.99743
30 51 1.00069
31 51 1.00146
32 51 1.00105
33 51 1.00146
34 51 1.00069
35 51 0.99743
36 51 0.99801
37 51 1.00386
38 51 1.00133
39 51 1.00058
40 51 1.02421
41 51 0.97578
42 51 0.68513
43 51 0.24423
44 51 -0.02145
45 51 -0.02745
46 51 0.03439
47 51 0.05051
48 51 0.04049
49 51 0.02252
50 51 -0.00133
51 51 -0.02072
52 51 -0.02831
53 51 -0.02582
54 51 -0.01627
55 51 -0.00463
56 51 0.00290
57 51 0.00382
58 51 0.00109
59 51 -0.00051
60 51 -0.00036
61 51 0.00006
62 51 0.00006
63 51 -0.00000
0 52 0.00000
1 52 -0.00001
2 52 0.00005
3 52 0.00008
4 52 -0.00029
5 52 -0.00059
6 52 0.00069
7 52 0.00345
8 52 0.00354
9 52 -0.00243
10 52 -0.01329
11 52 -0.02360
12 52 -0.02801
13 52 -0.02305
14 52 -0.00693
15 52 0.01345
16 52 0.03006
17 52 0.04175
18 52 0.02431
19 52 -0.03788
20 52 -0.01071
21 52 0.28476
22 52 0.72244
23 52 0.98540
24 52 1.02132
25 52 1.00074
26 52 1.00196
27 52 1.00259
28 52 0.99758
29 52 0.99828
30 52 1.00110
31 52 1.00112
32 52 1.00051
33 52 1.00112
34 52 1.00110
35 52 0.99828
36 52 0.99758
37 52 1.00259
38 52 1.00196
39 52 1.00074
40 52 1.02132
41 52 0.98540
42 52 0.72244
43 52 0.28476
44 52 -0.01071
45 52 -0.03788
46 52 0.02431
47 52 0.04175
48 52 0.03006
49 52 0.01345
50 52 -0.00693
51 52 -0.02305
52 52 -0.02801
53 52 -0.02360
54 52 -0.01329
55 52 -0.00243
56 52 0.00354
57 52 0.00345
58 52 0.00069
59 52 -0.00059
60 52 -0.00029
61 52 0.00008
62 52 0.00005
63 52 -0.00001
0 53 -0.00000
1 53 -0.00001
2 53 0.00004
3 53 0.00010
4 53 -0.00023
5 53 -0.00063
6 53 0.00036
7 53 0.00302
8 53 0.00386
9 53 -0.00079
10 53 -0.01080
11 53 -0.02149
12 53 -0.02725
13 53 -0.02432
14 53 -0.01120
15 53 0.00581
16 53 0.02152
17 53 0.03502
18 53 0.01542
19 53 -0.04801
20 53 -0.00164
21 53 0.31925
22 53 0.75195
23 53 0.99152
24 53 1.01888
25 53 1.00116
26 53 1.00208
27 53 1.00133
28 53 0.99749
29 53 0.99911
30 53 1.00133
31 53 1.00079
32 53 1.00010
33 53 1.00079
34 53 1.00133
35 53 0.99911
36 53 0.99749
37 53 1.00133
38 53 1.00208
39 53 1.00116
40 53 1.01888
41 53 0.99152
42 53 0.75195
43 53 0.31925
44 53 -0.00164
45 53 -0.04801
46 53 0.01542
47 53 0.03502
48 53 0.02152
49 53 0.00581
50 53 -0.01120
51 53 -0.02432
52 53 -0.02725
53 53 -0.02149
54 53 -0.01080
55 53 -0.00079
56 53 0.00386
57 53 0.00302
58 53 0.00036
59 53 -0.00063
60 53 -0.00023
61 53 0.00010
62 53 0.00004
63 53 -0.00001
0 54 -0.00000
1 54 -0.00001
2 54 0.00003
3 54 0.00011
4 54 -0.00017
5 54 -0.00063
6 54 0.00010
7 54 0.00259
8 54 0.00394
9 54 0.00040
10 54 -0.00876
11 54 -0.01953
12 54 -0.02624
13 54 -0.02492
14 54 -0.01453
15 54 -0.00068
16 54 0.01466
17 54 0.02991
18 54 0.00714
19 54 -0.05824
20 54 0.00587
21 54 0.34899
22 54 0.77620
23 54 0.99613
24 54 1.01727
25 54 1.00158
26 54 1.00175
27 54 1.00023
28 54 0.99768
29 54 0.99985
30 54 1.00140
31 54 1.00051
32 54 0.99985
33 54 1.00051
34 54 1.00140
35 54 0.99985
36 54 0.99768
37 54 1.00023
38 54 1.00175
39 54 1.00158
40 54 1.01727
41 54 0.99613
42 54 0.77620
43 54 0.34899
44 54 0.00587
45 54 -0.05824
46 54 0.00714
47 54 0.02991
48 54 0.01466
49 54 -0.00068
50 54 -0.01453
51 54 -0.02492
52 54 -0.02624
53 54 -0.01953
54 54 -0.00876
55 54 0.00040
56 54 0.00394
57 54 0.00259
58 54 0.00010
59 54 -0.00063
60 54 -0.00017
61 54 0.00011
62 54 0.00003
63 54 -0.00001
0 55 -0.00000
1 55 -0.00001
2 55 0.00002
3 55 0.00012
4 55 -0.00012
5 55 -0.00062
6 55 -0.00010
7 55 0.00217
8 55 0.00386
9 55 0.00124
10 55 -0.00709
11 55 -0.01775
12 55 -0.02514
13 55 -0.02512
14 55 -0.01721
15 55 -0.00619
16 55 0.00934
17 55 0.02593
18 55 -0.00129
19 55 -0.06853
20 55 0.01352
21 55 0.37709
22 55 0.79833
23 55 1.00075
24 55 1.01640
25 55 1.00172
26 55 1.00106
27 55 0.99938
28 55 0.99809
29 55 1.00042
30 55 1.00131
31 55 1.00029
32 55 0.99975
33 55 1.00029
34 55 1.00131
35 55 1.00042
36 55 0.99809
37 55 0.99938
38 55 1.00106
39 55 1.00172
40 55 1.01640
41 55 1.00075
42 55 0.79833
43 55 0.37709
44 55 0.01352
45 55 -0.06853
46 55 -0.00129
47 55 0.02593
48 55 0.00934
49 55 -0.00619
50 55 -0.01721
51 55 -0.02512
52 55 -0.02514
53 55 -0.01775
54 55 -0.00709
55 55 0.00124
56 55 0.00386
57 55 0.00217
58 55 -0.00010
59 55 -0.00062
60 55 -0.00012
61 55 0.00012
62 55 0.00002
63 55 -0.00001
0 56 -0.00000
1 56 -0.00002
2 56 0.00001
3 56 0.00012
4 56 -0.00008
5 56 -0.00058
6 56 -0.00024
7 56 0.00179
8 56 0.00369
9 56 0.00183
10 56 -0.00572
11 56 -0.01615
12 56 -0.02404
13 56 -0.02507
14 56 -0.01944
15 56 -0.01082
16 56 0.00545
17 56 0.02253
18 56 -0.01060
19 56 -0.07850
20 56 0.02361
21 56 0.40687
22 56 0.82098
23 56 1.00622
24 56 1.01600
25 56 1.00144
26 56 1.00020
27 56 0.99884
28 56 0.99862
29 56 1.00080
30 56 1.00112
31 56 1.00017
32 56 0.99980
33 56 1.00017
34 56 1.00112
35 56 1.00080
36 56 0.99862
37 56 0.99884
38 56 1.00020
39 56 1.00144
40 56 1.01600
41 56 1.00622
42 56 0.82098
43 56 0.40687
44 56 0.02361
45 56 -0.07850
46 56 -0.01060
47 56 0.02253
48 56 0.00545
49 56 -0.01082
50 56 -0.01944
51 56 -0.02507
52 56 -0.02404
53 56 -0.01615
54 56 -0.00572
55 56 0.00183
56 56 0.00369
57 56 0.00179
58 56 -0.00024
59 56 -0.00058
60 56 -0.00008
61 56 0.00012
62 56 0.00001
63 56 -0.00002
0 57 -0.00000
1 57 -0.00002
2 57 0.00000
3 57 0.00012
4 57 -0.00004
5 57 -0.00054
6 57 -0.00034
7 57 0.00144
8 57 0.00348
9 57 0.00225
10 57 -0.00458
11 57 -0.01473
12 57 -0.02299
13 57 -0.02490
14 57 -0.02131
15 57 -0.01449
16 57 0.00294
17 57 0.01913
18 57 -0.02137
19 57 -0.08727
20 57 0.03882
21 57 0.44144
22 57 0.84591
23 57 1.01266
24 57 1.01564
25 57 1.00071
26 57 0.99931
27 57 0.99861
28 57 0.99916
29 57 1.00098
30 57 1.00087
31 57 1.00012
32 57 0.99996
33 57 1.00012
34 57 1.00087
35 57 1.00098
36 57 0.99916
37 57 0.99861
38 57 0.99931
39 57 1.00071
40 57 1.01564
41 57 1.01266
42 57 0.84591
43 57 0.44144
44 57 0.03882
45 57 -0.08727
46 57 -0.02137
47 57 0.01913
48 57 0.00294
49 57 -0.01449
50 57 -0.02131
51 57 -0.02490
52 57 -0.02299
53 57 -0.01473
54 57 -0.00458
55 57 0.00225
56 57 0.00348
57 57 0.00144
58 57 -0.00034
59 57 -0.00054
60 57 -0.00004
61 57 0.00012
62 57 0.00000
63 57 -0.00002
0 58 -0.00000
1 58 -0.00002
2 58 0.00000
3 58 0.00012
4 58 -0.00001
5 58 -0.00049
6 58 -0.00041
7 58 0.00115
8 58 0.00327
9 58 0.00257
10 58 -0.00361
11 58 -0.01347
12 58 -0.02202
13 58 -0.02469
14 58 -0.02286
15 58 -0.01708
16 58 0.00162
17 58 0.01488
18 58 -0.03392
19 58 -0.09304
20 58 0.06267
21 58 0.48381
22 58 0.87424
23 58 1.01970
24 58 1.01487
25 58 0.99955
26 58 0.99854
27 58 0.99865
28 58 0.99965
29 58 1.00097
30 58 1.00060
31 58 1.00015
32 58 1.00020
33 58 1.00015
34 58 1.00060
35 58 1.00097
36 58 0.99965
37 58 0.99865
38 58 0.99854
39 58 0.99955
40 58 1.01487
41 58 1.01970
42 58 0.87424
43 58 0.48381
44 58 0.06267
45 58 -0.09304
46 58 -0.03392
47 58 0.01488
48 58 0.00162
49 58 -0.01708
50 58 -0.02286
51 58 -0.02469
52 58 -0.02202
53 58 -0.01347
54 58 -0.00361
55 58 0.00257
56 58 0.00327
57 58 0.00115
58 58 -0.00041
59 58 -0.00049
60 58 -0.00001
61 58 0.00012
62 58 0.00000
63 58 -0.00002
0 59 -0.00000
1 59 -0.00001
2 59 -0.00000
3 59 0.00012
4 59 0.00002
5 59 -0.00045
6 59 -0.00046
7 59 0.00091
8 59 0.00308
9 59 0.00282
10 59 -0.00278
11 59 -0.01236
12 59 -0.02109
13 59 -0.02447
14 59 -0.02406
15 59 -0.01861
16 59 0.00090
17 59 0.00891
18 59 -0.04763
19 59 -0.09250
20 59 0.09943
21 59 0.53631
22 59 0.90592
23 59 1.02652
24 59 1.01331
25 59 0.99810
26 59 0.99801
27 59 0.99890
28 59 1.00002
29 59 1.00083
30 59 1.00035
31 59 1.00024
32 59 1.00046
33 59 1.00024
34 59 1.00035
35 59 1.00083
36 59 1.00002
37 59 0.99890
38 59 0.99801
39 59 0.99810
40 59 1.01331
41 59 1.02652
42 59 0.90592
43 59 0.53631
44 59 0.09943
45 59 -0.09250
46 59 -0.04763
47 59 0.00891
48 59 0.00090
49 59 -0.01861
50 59 -0.02406
51 59 -0.02447
52 59 -0.02109
53 59 -0.01236
54 59 -0.00278
55 59 0.00282
56 59 0.00308
57 59 0.00091
58 59 -0.00046
59 59 -0.00045
60 59 0.00002
61 59 0.00012
62 59 -0.00000
63 59 -0.00001
0 60 -0.00000
1 60 -0.00001
2 60 -0.00001
3 60 0.00011
4 60 0.00003
5 60 -0.00041
6 60 -0.00048
7 60 0.00073
8 60 0.00292
9 60 0.00302
10 60 -0.00207
11 60 -0.01137
12 60 -0.02021
13 60 -0.02423
14 60 -0.02496
15 60 -0.01938
16 60 -0.00001
17 60 0.00105
18 60 -0.06019
19 60 -0.08125
20 60 0.15216
21 60 0.59866
22 60 0.93899
23 60 1.03179
24 60 1.01078
25 60 0.99661
26 60 0.99782
27 60 0.99928
28 60 1.00026
29 60 1.00060
30 60 1.00015
31 60 1.00036
32 60 1.00070
33 60 1.00036
34 60 1.00015
35 60 1.00060
36 60 1.00026
37 60 0.99928
38 60 0.99782
39 60 0.99661
40 60 1.01078
41 60 1.03179
42 60 0.93899
43 60 0.59866
44 60 0.15216
45 60 -0.08125
46 60 -0.06019
47 60 0.00105
48 60 -0.00001
49 60 -0.01938
50 60 -0.02496
51 60 -0.02423
52 60 -0.02021
53 60 -0.01137
54 60 -0.00207
55 60 0.00302
56 60 0.00292
57 60 0.00073
58 60 -0.00048
59 60 -0.00041
60 60 0.00003
61 60 0.00011
62 60 -0.00001
63 60 -0.00001
0 61 -0.00000
1 61 -0.00001
2 61 -0.00001
3 61 0.00010
4 61 0.00004
5 61 -0.00037
6 61 -0.00050
7 61 0.00058
8 61 0.00278
9 61 0.00318
10 61 -0.00147
11 61 -0.01049
12 61 -0.01936
13 61 -0.02398
14 61 -0.02565
15 61 -0.01978
16 61 -0.00136
17 61 -0.00738
18 61 -0.06828
19 61 -0.05704
20 61 0.21863
21 61 0.66548
22 61 0.96921
23 61 1.03407
24 61 1.00744
25 61 0.99543
26 61 0.99801
27 61 0.99971
28 61 1.00034
29 61 1.00033
30 61 1.00002
31 61 1.00049
32 61 1.00091
33 61 1.00049
34 61 1.00002
35 61 1.00033
36 61 1.00034
37 61 0.99971
38 61 0.99801
39 61 0.99543
40 61 1.00744
41 61 1.03407
42 61 0.96921
43 61 0.66548
44 61 0.21863
45 61 -0.05704
46 61 -0.06828
47 61 -0.00738
48 61 -0.00136
49 61 -0.01978
50 61 -0.02565
51 61 -0.02398
52 61 -0.01936
53 61 -0.01049
54 61 -0.00147
55 61 0.00318
56 61 0.00278
57 61 0.00058
58 61 -0.00050
59 61 -0.00037
60 61 0.00004
61 61 0.00010
62 61 -0.00001
63 61 -0.00001
0 62 0.00000
1 62 -0.00001
2 62 -0.00001
3 62 0.00009
4 62 0.00005
5 62 -0.00034
6 62 -0.00051
7 62 0.00046
8 62 0.00265
9 62 0.00330
10 62 -0.00098
11 62 -0.00971
12 62 -0.01855
13 62 -0.02377
14 62 -0.02627
15 62 -0.01992
16 62 -0.00258
17 62 -0.01453
18 62 -0.07083
19 62 -0.02424
20 62 0.28843
21 62 0.72655
22 62 0.99165
23 62 1.03274
24 62 1.00389
25 62 0.99486
26 62 0.99851
27 62 1.00006
28 62 1.00028
29 62 1.00006
30 62 0.99996
31 62 1.00062
32 62 1.00106
33 62 1.00062
34 62 0.99996
35 62 1.00006
36 62 1.00028
37 62 1.00006
38 62 0.99851
39 62 0.99486
40 62 1.00389
41 62 1.03274
42 62 0.99165
43 62 0.72655
44 62 0.28843
45 62 -0.02424
46 62 -0.07083
47 62 -0.01453
48 62 -0.00258
49 62 -0.01992
50 62 -0.02627
51 62 -0.02377
52 62 -0.01855
53 62 -0.00971
54 62 -0.00098
55 62 0.00330
56 62 0.00265
57 62 0.00046
58 62 -0.00051
59 62 -0.00034
60 62 0.00005
61 62 0.00009
62 62 -0.00001
63 62 -0.00001
0 63 0.00000
1 63 -0.00001
2 63 -0.00002
3 63 0.00008
4 63 0.00005
5 63 -0.00031
6 63 -0.00051
7 63 0.00036
8 63 0.00253
9 63 0.00337
10 63 -0.00059
11 63 -0.00901
12 63 -0.01778
13 63 -0.02362
14 63 -0.02683
15 63 -0.01962
16 63 -0.00303
17 63 -0.02002
18 63 -0.07101
19 63 0.00689
20 63 0.34758
21 63 0.77261
22 63 1.00421
23 63 1.02887
24 63 1.00097
25 63 0.99494
26 63 0.99912
27 63 1.00026
28 63 1.00011
29 63 0.99983
30 63 0.99996
31 63 1.00073
32 63 1.00113
33 63 1.00073
34 63 0.99996
35 63 0.99983
36 63 1.00011
37 63 1.00026
38 63 0.99912
39 63 0.99494
40 63 1.00097
41 63 1.02887
42 63 1.00421
43 63 0.77261
44 63 0.34758
45 63 0.00689
46 63 -0.07101
47 63 -0.02002
48 63 -0.00303
49 63 -0.01962
50 63 -0.02683
51 63 -0.02362
52 63 -0.01778
53 63 -0.00901
54 63 -0.00059
55 63 0.00337
56 63 0.00253
57 63 0.00036
58 63 -0.00051
59 63 -0.00031
60 63 0.00005
61 63 0.00008
62 63 -0.00002
63 63 -0.00001
0 64 0.00000
1 64 -0.00001
2 64 -0.00002
3 64 0.00007
4 64 0.00006
5 64 -0.00029
6 64 -0.00051
7 64 0.00027
8 64 0.00240
9 64 0.00339
10 64 -0.00028
11 64 -0.00837
12 64 -0.01704
13 64 -0.02355
14 64 -0.02728
15 64 -0.01870
16 64 -0.00265
17 64 -0.02518
18 64 -0.07360
19 64 0.02794
20 64 0.38899
21 64 0.80253
22 64 1.00966
23 64 1.02468
24 64 0.99913
25 64 0.99545
26 64 0.99965
27 64 1.00030
28 64 0.99989
29 64 0.99967
30 64 1.00002
31 64 1.00080
32 64 1.00114
33 64 1.00080
34 64 1.00002
35 64 0.99967
36 64 0.99989
37 64 1.00030
38 64 0.99965
39 64 0.99545
40 64 0.99913
41 64 1.02468
42 64 1.00966
43 64 0.80253
44 64 0.38899
45 64 0.02794
46 64 -0.07360
47 64 -0.02518
48 64 -0.00265
49 64 -0.01870
50 64 -0.02728
51 64 -0.02355
52 64 -0.01704
53 64 -0.00837
54 64 -0.00028
55 64 0.00339
56 64 0.00240
57 64 0.00027
58 64 -0.00051
59 64 -0.00029
60 64 0.00006
61 64 0.00007
62 64 -0.00002
63 64 -0.00001
0 65 0.00000
1 65 -0.00001
2 65 -0.00002
3 65 0.00006
4 65 0.00006
5 65 -0.00027
6 65 -0.00052
7 65 0.00019
8 65 0.00226
9 65 0.00335
10 65 -0.00004
11 65 -0.00775
12 65 -0.01632
13 65 -0.02360
14 65 -0.02760
15 65 -0.01711
16 65 -0.00175
17 65 -0.03145
18 65 -0.08095
19 65 0.03840
20 65 0.41660
21 65 0.82303
22 65 1.01309
23 65 1.02176
24 65 0.99811
25 65 0.99598
26 65 0.99997
27 65 1.00020
28 65 0.99968
29 65 0.99959
30 65 1.00011
31 65 1.00084
32 65 1.00108
33 65 1.00084
34 65 1.00011
35 65 0.99959
36 65 0.99968
37 65 1.00020
38 65 0.99997
39 65 0.99598
40 65 0.99811
41 65 1.02176
42 65 1.01309
43 65 0.82303
44 65 0.41660
45 65 0.03840
46 65 -0.08095
47 65 -0.03145
48 65 -0.00175
49 65 -0.01711
50 65 -0.02760
51 65 -0.02360
52 65 -0.01632
53 65 -0.00775
54 65 -0.00004
55 65 0.00335
56 65 0.00226
57 65 0.00019
58 65 -0.00052
59 65 -0.00027
60 65 0.00006
61 65 0.00006
62 65 -0.00002
63 65 -0.00001
0 66 -0.00000
1 66 -0.00001
2 66 -0.00002
3 66 0.00006
4 66 0.00006
5 66 -0.00024
6 66 -0.00052
7 66 0.00011
8 66 0.00211
9 66 0.00327
10 66 0.00017
11 66 -0.00711
12 66 -0.01568
13 66 -0.02383
14 66 -0.02772
15 66 -0.01471
16 66 -0.00060
17 66 -0.03944
18 66 -0.09206
19 66 0.04371
20 66 0.43954
21 66 0.84195
22 66 1.01759
23 66 1.01988
24 66 0.99715
25 66 0.99625
26 66 1.00012
27 66 1.00006
28 66 0.99952
29 66 0.99957
30 66 1.00020
31 66 1.00084
32 66 1.00099
33 66 1.00084
34 66 1.00020
35 66 0.99957
36 66 0.99952
37 66 1.00006
38 66 1.00012
39 66 0.99625
40 66 0.99715
41 66 1.01988
42 66 1.01759
43 66 0.84195
44 66 0.43954
45 66 0.04371
46 66 -0.09206
47 66 -0.03944
48 66 -0.00060
49 66 -0.01471
50 66 -0.02772
51 66 -0.02383
52 66 -0.01568
53 66 -0.00711
54 66 0.00017
55 66 0.00327
56 66 0.00211
57 66 0.00011
58 66 -0.00052
59 66 -0.00024
60 66 0.00006
61 66 0.00006
62 66 -0.00002
63 66 -0.00001
0 67 -0.00000
1 67 -0.00001
2 67 -0.00002
3 67 0.00005
4 67 0.00007
5 67 -0.00022
6 67 -0.00051
7 67 0.00004
8 67 0.00195
9 67 0.00318
10 67 0.00039
11 67 -0.00646
12 67 -0.01520
13 67 -0.02427
14 67 -0.02739
15 67 -0.01130
16 67 0.00036
17 67 -0.04949
18 67 -0.10446
19 67 0.05077
20 67 0.46612
21 67 0.86399
22 67 1.02345
23 67 1.01791
24 67 0.99578
25 67 0.99638
26 67 1.00026
27 67 0.99993
28 67 0.99939
29 67 0.99959
30 67 1.00028
31 67 1.00082
32 67 1.00088
33 67 1.00082
34 67 1.00028
35 67 0.99959
36 67 0.99939
37 67 0.99993
38 67 1.00026
39 67 0.99638
40 67 0.99578
41 67 1.01791
42 67 1.02345
43 67 0.86399
44 67 0.46612
45 67 0.05077
46 67 -0.10446
47 67 -0.04949
48 67 0.00036
49 67 -0.01130
50 67 -0.02739
51 67 -0.02427
52 67 -0.01520
53 67 -0.00646
54 67 0.00039
55 67 0.00318
56 67 0.00195
57 67 0.00004
58 67 -0.00051
59 67 -0.00022
60 67 0.00007
61 67 0.00005
62 67 -0.00002
63 67 -0.00001
0 68 -0.00000
1 68 -0.00001
2 68 -0.00002
3 68 0.00005
4 68 0.00008
5 68 -0.00019
6 68 -0.00051
7 68 -0.00003
8 68 0.00180
9 68 0.00310
10 68 0.00064
11 68 -0.00586
12 68 -0.01494
13 68 -0.02476
14 68 -0.02626
15 68 -0.00709
16 68 -0.00002
17 68 -0.06192
18 68 -0.11455
19 68 0.06701
20 68 0.50293
21 68 0.89137
22 68 1.02989
23 68 1.01514
24 68 0.99416
25 68 0.99667
26 68 1.00047
27 68 0.99979
28 68 0.99928
29 68 0.99962
30 68 1.00035
31 68 1.00079
32 68 1.00079
33 68 1.00079
34 68 1.00035
35 68 0.99962
36 68 0.99928
37 68 0.99979
38 68 1.00047
39 68 0.99667
40 68 0.99416
41 68 1.01514
42 68 1.02989
43 68 0.89137
44 68 0.50293
45 68 0.06701
46 68 -0.11455
47 68 -0.06192
48 68 -0.00002
49 68 -0.00709
50 68 -0.02626
51 68 -0.02476
52 68 -0.01494
53 68 -0.00586
54 68 0.00064
55 68 0.00310
56 68 0.00180
57 68 -0.00003
58 68 -0.00051
59 68 -0.00019
60 68 0.00008
61 68 0.00005
62 68 -0.00002
63 68 -0.00001
0 69 -0.00001
1 69 -0.00001
2 69 -0.00002
3 69 0.00004
4 69 0.00009
5 69 -0.00017
6 69 -0.00050
7 69 -0.00008
8 69 0.00167
9 69 0.00303
10 69 0.00089
11 69 -0.00533
12 69 -0.01484
13 69 -0.02504
14 69 -0.02428
15 69 -0.00305
16 69 -0.00326
17 69 -0.07584
18 69 -0.11644
19 69 0.10069
20 69 0.55487
21 69 0.92422
22 69 1.03566
23 69 1.01134
24 69 0.99265
25 69 0.99725
26 69 1.00067
27 69 0.99958
28 69 0.99917
29 69 0.99966
30 69 1.00040
31 69 1.00076
32 69 1.00070
33 69 1.00076
34 69 1.00040
35 69 0.99966
36 69 0.99917
37 69 0.99958
38 69 1.00067
39 69 0.99725
40 69 0.99265
41 69 1.01134
42 69 1.03566
43 69 0.92422
44 69 0.55487
45 69 0.10069
46 69 -0.11644
47 69 -0.07584
48 69 -0.00326
49 69 -0.00305
50 69 -0.02428
51 69 -0.02504
52 69 -0.01484
53 69 -0.00533
54 69 0.00089
55 69 0.00303
56 69 0.00167
57 69 -0.00008
58 69 -0.00050
59 69 -0.00017
60 69 0.00009
61 69 0.00004
62 69 -0.00002
63 69 -0.00001
0 70 -0.00001
1 70 -0.00001
2 70 -0.00002
3 70 0.00004
4 70 0.00010
5 70 -0.00014
6 70 -0.00050
7 70 -0.00012
8 70 0.00156
9 70 0.00297
10 70 0.00115
11 70 -0.00485
12 70 -0.01478
13 70 -0.02507
14 70 -0.02200
15 70 -0.00044
16 70 -0.00961
17 70 -0.08762
18 70 -0.10272
19 70 0.15787
20 70 0.62231
21 70 0.95965
22 70 1.03900
23 70 1.00658
24 70 0.99162
25 70 0.99811
26 70 1.00078
27 70 0.99932
28 70 0.99908
29 70 0.99970
30 70 1.00043
31 70 1.00074
32 70 1.00065
33 70 1.00074
34 70 1.00043
35 70 0.99970
36 70 0.99908
37 70 0.99932
38 70 1.00078
39 70 0.99811
40 70 0.99162
41 70 1.00658
42 70 1.03900
43 70 0.95965
44 70 0.62231
45 70 0.15787
46 70 -0.10272
47 70 -0.08762
48 70 -0.00961
49 70 -0.00044
50 70 -0.02200
51 70 -0.02507
52 70 -0.01478
53 70 -0.00485
54 70 0.00115
55 70 0.00297
56 70 0.00156
57 70 -0.00012
58 70 -0.00050
59 70 -0.00014
60 70 0.00010
61 70 0.00004
62 70 -0.00002
63 70 -0.00001
0 71 -0.00001
1 71 -0.00001
2 71 -0.00002
3 71 0.00003
4 71 0.00011
5 71 -0.00013
6 71 -0.00049
7 71 -0.00014
8 71 0.00145
9 71 0.00291
10 71 0.00142
11 71 -0.00436
12 71 -0.01478
13 71 -0.02512
14 71 -0.01999
15 71 0.00064
16 71 -0.01683
17 71 -0.09256
18 71 -0.07026
19 71 0.23538
20 71 0.69737
21 71 0.99150
22 71 1.03829
23 71 1.00141
24 71 0.99141
25 71 0.99915
26 71 1.00072
27 71 0.99902
28 71 0.99904
29 71 0.99974
30 71 1.00044
31 71 1.00072
32 71 1.00063
33 71 1.00072
34 71 1.00044
35 71 0.99974
36 71 0.99904
37 71 0.99902
38 71 1.00072
39 71 0.99915
40 71 0.99141
41 71 1.00141
42 71 1.03829
43 71 0.99150
44 71 0.69737
45 71 0.23538
46 71 -0.07026
47 71 -0.09256
48 71 -0.01683
49 71 0.00064
50 71 -0.01999
51 71 -0.02512
52 71 -0.01478
53 71 -0.00436
54 71 0.00142
55 71 0.00291
56 71 0.00145
57 71 -0.00014
58 71 -0.00049
59 71 -0.00013
60 71 0.00011
61 71 0.00003
62 71 -0.00002
63 71 -0.00001
0 72 -0.00001
1 72 -0.00001
2 72 -0.00003
3 72 0.00003
4 72 0.00011
5 72 -0.00012
6 72 -0.00048
7 72 -0.00014
8 72 0.00136
9 72 0.00286
10 72 0.00175
11 72 -0.00388
12 72 -0.01499
13 72 -0.02540
14 72 -0.01806
15 72 0.00169
16 72 -0.02241
17 72 -0.09069
18 72 -0.02716
19 72 0.31749
20 72 0.76568
21 72 1.01362
22 72 1.03350
23 72 0.99683
24 72 0.99213
25 72 1.00015
26 72 1.00045
27 72 0.99873
28 72 0.99904
29 72 0.99977
30 72 1.00043
31 72 1.00072
32 72 1.00063
33 72 1.00072
34 72 1.00043
35 72 0.99977
36 72 0.99904
37 72 0.99873
38 72 1.00045
39 72 1.00015
40 72 0.99213
41 72 0.99683
42 72 1.03350
43 72 1.01362
44 72 0.76568
45 72 0.31749
46 72 -0.02716
47 72 -0.09069
48 72 -0.02241
49 72 0.00169
50 72 -0.01806
51 72 -0.02540
52 72 -0.01499
53 72 -0.00388
54 72 0.00175
55 72 0.00286
56 72 0.00136
57 72 -0.00014
58 72 -0.00048
59 72 -0.00012
60 72 0.00011
61 72 0.00003
62 72 -0.00003
63 72 -0.00001
0 73 -0.00000
1 73 -0.00001
2 73 -0.00003
3 73 0.00003
4 73 0.00012
5 73 -0.00011
6 73 -0.00047
7 73 -0.00014
8 73 0.00126
9 73 0.00283
10 73 0.00213
11 73 -0.00350
12 73 -0.01557
13 73 -0.02576
14 73 -0.01528
15 73 0.00395
16 73 -0.02706
17 73 -0.08869
18 73 0.01131
19 73 0.38633
20 73 0.81700
21 73 1.02505
22 73 1.02680
23 73 0.99375
24 73 0.99354
25 73 1.00086
26 73 1.00001
27 73 0.99849
28 73 0.99908
29 73 0.99977
30 73 1.00042
31 73 1.00073
32 73 1.00065
33 73 1.00073
34 73 1.00042
35 73 0.99977
36 73 0.99908
37 73 0.99849
38 73 1.00001
39 73 1.00086
40 73 0.99354
41 73 0.99375
42 73 1.02680
43 73 1.02505
44 73 0.81700
45 73 0.38633
46 73 0.01131
47 73 -0.08869
48 73 -0.02706
49 73 0.00395
50 73 -0.01528
51 73 -0.02576
52 73 -0.01557
53 73 -0.00350
54 73 0.00213
55 73 0.00283
56 73 0.00126
57 73 -0.00014
58 73 -0.00047
59 73 -0.00011
60 73 0.00012
61 73 0.00003
62 73 -0.00003
63 73 -0.00001
0 74 -0.00000
1 74 -0.00001
2 74 -0.00003
3 74 0.00003
4 74 0.00012
5 74 -0.00012
6 74 -0.00046
7 74 -0.00013
8 74 0.00115
9 74 0.00283
10 74 0.00255
11 74 -0.00336
12 74 -0.01650
13 74 -0.02559
14 74 -0.01086
15 74 0.00672
16 74 -0.03465
17 74 -0.09360
18 74 0.03761
19 74 0.43870
20 74 0.85445
21 74 1.03103
22 74 1.02096
23 74 0.99230
24 74 0.99513
25 74 1.00118
26 74 0.99952
27 74 0.99837
28 74 0.99913
29 74 0.99975
30 74 1.00040
31 74 1.00077
32 74 1.00069
33 74 1.00077
34 74 1.00040
35 74 0.99975
36 74 0.99913
37 74 0.99837
38 74 0.99952
39 74 1.00118
40 74 0.99513
41 74 0.99230
42 74 1.02096
43 74 1.03103
44 74 0.85445
45 74 0.43870
46 74 0.03761
47 74 -0.09360
48 74 -0.03465
49 74 0.00672
50 74 -0.01086
51 74 -0.02559
52 74 -0.01650
53 74 -0.00336
54 74 0.00255
55 74 0.00283
56 74 0.00115
57 74 -0.00013
58 74 -0.00046
59 74 -0.00012
60 74 0.00012
61 74 0.00003
62 74 -0.00003
63 74 -0.00001
0 75 -0.00000
1 75 -0.00001
2 75 -0.00003
3 75 0.00003
4 75 0.00012
5 75 -0.00012
6 75 -0.00043
7 75 -0.00011
8 75 0.00104
9 75 0.00284
10 75 0.00291
11 75 -0.00353
12 75 -0.01750
13 75 -0.02419
14 75 -0.00497
15 75 0.00762
16 75 -0.04826
17 75 -0.10437
18 75 0.06049
19 75 0.48813
20 75 0.88948
21 75 1.03691
22 75 1.01651
23 75 0.99154
24 75 0.99642
25 75 1.00119
26 75 0.99908
27 75 0.99832
28 75 0.99916
29 75 0.99970
30 75 1.00038
31 75 1.00080
32 75 1.00073
33 75 1.00080
34 75 1.00038
35 75 0.99970
36 75 0.99916
37 75 0.99832
38 75 0.99908
39 75 1.00119
40 75 0.99642
41 75 0.99154
42 75 1.01651
43 75 1.03691
44 75 0.88948
45 75 0.48813
46 75 0.06049
47 75 -0.10437
48 75 -0.04826
49 75 0.00762
50 75 -0.00497
51 75 -0.02419
52 75 -0.01750
53 75 -0.00353
54 75 0.00291
55 75 0.00284
56 75 0.00104
57 75 -0.00011
58 75 -0.00043
59 75 -0.00012
60 75 0.00012
61 75 0.00003
62 75 -0.00003
63 75 -0.00001
0 76 0.00000
1 76 -0.00001
2 76 -0.00003
3 76 0.00003
4 76 0.00011
5 76 -0.00013
6 76 -0.00039
7 76 -0.00010
8 76 0.00088
9 76 0.00285
10 76 0.00324
11 76 -0.00382
12 76 -0.01818
13 76 -0.02147
14 76 0.00096
15 76 0.00431
16 76 -0.06649
17 76 -0.11047
18 76 0.09791
19 76 0.55060
20 76 0.92934
21 76 1.04294
22 76 1.01178
23 76 0.99063
24 76 0.99747
25 76 1.00113
26 76 0.99875
27 76 0.99832
28 76 0.99915
29 76 0.99963
30 76 1.00038
31 76 1.00085
32 76 1.00078
33 76 1.00085
34 76 1.00038
35 76 0.99963
36 76 0.99915
37 76 0.99832
38 76 0.99875
39 76 1.00113
40 76 0.99747
41 76 0.99063
42 76 1.01178
43 76 1.04294
44 76 0.92934
45 76 0.55060
46 76 0.09791
47 76 -0.11047
48 76 -0.06649
49 76 0.00431
50 76 0.00096
51 76 -0.02147
52 76 -0.01818
53 76 -0.00382
54 76 0.00324
55 76 0.00285
56 76 0.00088
57 76 -0.00010
58 76 -0.00039
59 76 -0.00013
60 76 0.00011
61 76 0.00003
62 76 -0.00003
63 76 -0.00001
0 77 0.00000
1 77 -0.00001
2 77 -0.00003
3 77 0.00003
4 77 0.00010
5 77 -0.00014
6 77 -0.00034
7 77 -0.00013
8 77 0.00065
9 77 0.00293
10 77 0.00369
11 77 -0.00417
12 77 -0.01863
13 77 -0.01823
14 77 0.00532
15 77 -0.00318
16 77 -0.08311
17 77 -0.09854
18 77 0.16322
19 77 0.63126
20 77 0.97178
21 77 1.04583
22 77 1.00569
23 77 0.98994
24 77 0.99873
25 77 1.00113
26 77 0.99849
27 77 0.99831
28 77 0.99911
29 77 0.99955
30 77 1.00038
31 77 1.00089
32 77 1.00081
33 77 1.00089
34 77 1.00038
35 77 0.99955
36 77 0.99911
37 77 0.99831
38 77 0.99849
39 77 1.00113
40 77 0.99873
41 77 0.98994
42 77 1.00569
43 77 1.04583
44 77 0.97178
45 77 0.63126
46 77 0.16322
47 77 -0.09854
48 77 -0.08311
49 77 -0.00318
50 77 0.00532
51 77 -0.01823
52 77 -0.01863
53 77 -0.00417
54 77 0.00369
55 77 0.00293
56 77 0.00065
57 77 -0.00013
58 77 -0.00034
59 77 -0.00014
60 77 0.00010
61 77 0.00003
62 77 -0.00003
63 77 -0.00001
0 78 0.00000
1 78 -0.00001
2 78 -0.00003
3 78 0.00004
4 78 0.00008
5 78 -0.00014
6 78 -0.00029
7 78 -0.00022
8 78 0.00044
9 78 0.00320
10 78 0.00420
11 78 -0.00488
12 78 -0.01927
13 78 -0.01479
14 78 0.00859
15 78 -0.01164
16 78 -0.09139
17 78 -0.06291
18 78 0.25430
19 78 0.72088
20 78 1.00863
21 78 1.04297
22 78 0.99895
23 78 0.99031
24 78 1.00032
25 78 1.00106
26 78 0.99820
27 78 0.99828
28 78 0.99904
29 78 0.99948
30 78 1.00040
31 78 1.00093
32 78 1.00082
33 78 1.00093
34 78 1.00040
35 78 0.99948
36 78 0.99904
37 78 0.99828
38 78 0.99820
39 78 1.00106
40 78 1.00032
41 78 0.99031
42 78 0.99895
43 78 1.04297
44 78 1.00863
45 78 0.72088
46 78 0.25430
47 78 -0.06291
48 78 -0.09139
49 78 -0.01164
50 78 0.00859
51 78 -0.01479
52 78 -0.01927
53 78 -0.00488
54 78 0.00420
55 78 0.00320
56 78 0.00044
57 78 -0.00022
58 78 -0.00029
59 78 -0.00014
60 78 0.00008
61 78 0.00004
62 78 -0.00003
63 78 -0.00001
0 79 -0.00000
1 79 -0.00001
2 79 -0.00002
3 79 0.00004
4 79 0.00006
5 79 -0.00013
6 79 -0.00024
7 79 -0.00034
8 79 0.00030
9 79 0.00366
10 79 0.00449
11 79 -0.00624
12 79 -0.01976
13 79 -0.00999
14 79 0.01238
15 79 -0.01938
16 79 -0.09221
17 79 -0.01252
18 79 0.35375
19 79 0.80320
20 79 1.03309
21 79 1.03491
22 79 0.99325
23 79 0.99208
24 79 1.00188
25 79 1.00072
26 79 0.99789
27 79 0.99828
28 79 0.99899
29 79 0.99942
30 79 1.00041
31 79 1.00096
32 79 1.00083
33 79 1.00096
34 79 1.00041
35 79 0.99942
36 79 0.99899
37 79 0.99828
38 79 0.99789
39 79 1.00072
40 79 1.00188
41 79 0.99208
42 79 0.99325
43 79 1.03491
44 79 1.03309
45 79 0.80320
46 79 0.35375
47 79 -0.01252
48 79 -0.09221
49 79 -0.01938
50 79 0.01238
51 79 -0.00999
52 79 -0.01976
53 79 -0.00624
54 79 0.00449
55 79 0.00366
56 79 0.00030
57 79 -0.00034
58 79 -0.00024
59 79 -0.00013
60 79 0.00006
61 79 0.00004
62 79 -0.00002
63 79 -0.00001
0 80 -0.00000
1 80 -0.00001
2 80 -0.00001
3 80 0.00003
4 80 0.00003
5 80 -0.00009
6 80 -0.00018
7 80 -0.00050
8 80 0.00022
9 80 0.00418
10 80 0.00437
11 80 -0.00797
12 80 -0.01896
13 80 -0.00296
14 80 0.01560
15 80 -0.03008
16 80 -0.09236
17 80 0.04044
18 80 0.44712
19 80 0.87026
20 80 1.04575
21 80 1.02498
22 80 0.98996
23 80 0.99487
24 80 1.00301
25 80 1.00016
26 80 0.99768
27 80 0.99834
28 80 0.99893
29 80 0.99935
30 80 1.00043
31 80 1.00098
32 80 1.00083
33 80 1.00098
34 80 1.00043
35 80 0.99935
36 80 0.99893
37 80 0.99834
38 80 0.99768
39 80 1.00016
40 80 1.00301
41 80 0.99487
42 80 0.98996
43 80 1.02498
44 80 1.04575
45 80 0.87026
46 80 0.44712
47 80 0.04044
48 80 -0.09236
49 80 -0.03008
50 80 0.01560
51 80 -0.00296
52 80 -0.01896
53 80 -0.00797
54 80 0.00437
55 80 0.00418
56 80 0.00022
57 80 -0.00050
58 80 -0.00018
59 80 -0.00009
60 80 0.00003
61 80 0.00003
62 80 -0.00001
63 80 -0.00001
0 81 -0.00001
1 81 -0.00001
2 81 0.00000
3 81 0.00001
4 81 0.00001
5 81 -0.00002
6 81 -0.00017
7 81 -0.00074
8 81 0.00024
9 81 0.00478
10 81 0.00394
11 81 -0.00951
12 81 -0.01631
13 81 0.00483
14 81 0.01408
15 81 -0.04738
16 81 -0.09147
17 81 0.09939
18 81 0.53866
19 81 0.92745
20 81 1.05202
21 81 1.01591
22 81 0.98898
23 81 0.99787
24 81 1.00352
25 81 0.99952
26 81 0.99762
27 81 0.99843
28 81 0.99883
29 81 0.99927
30 81 1.00044
31 81 1.00100
32 81 1.00083
33 81 1.00100
34 81 1.00044
35 81 0.99927
36 81 0.99883
37 81 0.99843
38 81 0.99762
39 81 0.99952
40 81 1.00352
41 81 0.99787
42 81 0.98898
43 81 1.01591
44 81 1.05202
45 81 0.92745
46 81 0.53866
47 81 0.09939
48 81 -0.09147
49 81 -0.04738
50 81 0.01408
51 81 0.00483
52 81 -0.01631
53 81 -0.00951
54 81 0.00394
55 81 0.00478
56 81 0.00024
57 81 -0.00074
58 81 -0.00017
59 81 -0.00002
60 81 0.00001
61 81 0.00001
62 81 0.00000
63 81 -0.00001
0 82 -0.00002
1 82 -0.00000
2 82 0.00001
3 82 -0.00001
4 82 0.00001
5 82 0.00006
6 82 -0.00021
7 82 -0.00100
8 82 0.00049
9 82 0.00549
10 82 0.00314
11 82 -0.01082
12 82 -0.01243
13 82 0.01100
14 82 0.00595
15 82 -0.06697
16 82 -0.07673
17 82 0.17996
18 82 0.63928
19 82 0.97991
20 82 1.05363
21 82 1.00739
22 82 0.98928
23 82 1.00055
24 82 1.00355
25 82 0.99899
26 82 0.99771
27 82 0.99850
28 82 0.99871
29 82 0.99921
30 82 1.00046
31 82 1.00103
32 82 1.00083
33 82 1.00103
34 82 1.00046
35 82 0.99921
36 82 0.99871
37 82 0.99850
38 82 0.99771
39 82 0.99899
40 82 1.00355
41 82 1.00055
42 82 0.98928
43 82 1.00739
44 82 1.05363
45 82 0.97991
46 82 0.63928
47 82 0.17996
48 82 -0.07673
49 82 -0.06697
50 82 0.00595
51 82 0.01100
52 82 -0.01243
53 82 -0.01082
54 82 0.00314
55 82 0.00549
56 82 0.00049
57 82 -0.00100
58 82 -0.00021
59 82 0.00006
60 82 0.00001
61 82 -0.00001
62 82 0.00001
63 82 -0.00000
0 83 -0.00003
1 83 0.00000
2 83 0.00001
3 83 -0.00004
4 83 0.00003
5 83 0.00015
6 83 -0.00032
7 83 -0.00120
8 83 0.00103
9 83 0.00605
10 83 0.00163
11 83 -0.01190
12 83 -0.00738
13 83 0.01541
14 83 -0.00594
15 83 -0.07987
16 83 -0.03697
17 83 0.28698
18 83 0.74580
19 83 1.02286
20 83 1.04840
21 83 0.99890
22 83 0.99070
23 83 1.00304
24 83 1.00336
25 83 0.99864
26 83 0.99792
27 83 0.99852
28 83 0.99857
29 83 0.99914
30 83 1.00047
31 83 1.00104
32 83 1.00082
33 83 1.00104
34 83 1.00047
35 83 0.99914
36 83 0.99857
37 83 0.99852
38 83 0.99792
39 83 0.99864
40 83 1.00336
41 83 1.00304
42 83 0.99070
43 83 0.99890
44 83 1.04840
45 83 1.02286
46 83 0.74580
47 83 0.28698
48 83 -0.03697
49 83 -0.07987
50 83 -0.00594
51 83 0.01541
52 83 -0.00738
53 83 -0.01190
54 83 0.00163
55 83 0.00605
56 83 0.00103
57 83 -0.00120
58 83 -0.00032
59 83 0.00015
60 83 0.00003
61 83 -0.00004
62 83 0.00001
63 83 0.00000
0 84 -0.00002
1 84 0.00001
2 84 0.00000
3 84 -0.00007
4 84 0.00009
5 84 0.00023
6 84 -0.00051
7 84 -0.00129
8 84 0.00175
9 84 0.00613
10 84 -0.00054
11 84 -0.01180
12 84 -0.00037
13 84 0.01815
14 84 -0.02015
15 84 -0.08352
16 84 0.02435
17 84 0.40694
18 84 0.84314
19 84 1.04942
20 84 1.03667
21 84 0.99204
22 84 0.99377
23 84 1.00532
24 84 1.00297
25 84 0.99845
26 84 0.99816
27 84 0.99850
28 84 0.99841
29 84 0.99908
30 84 1.00048
31 84 1.00104
32 84 1.00081
33 84 1.00104
34 84 1.00048
35 84 0.99908
36 84 0.99841
37 84 0.99850
38 84 0.99816
39 84 0.99845
40 84 1.00297
41 84 1.00532
42 84 0.99377
43 84 0.99204
44 84 1.03667
45 84 1.04942
46 84 0.84314
47 84 0.40694
48 84 0.02435
49 84 -0.08352
50 84 -0.02015
51 84 0.01815
52 84 -0.00037
53 84 -0.01180
54 84 -0.00054
55 84 0.00613
56 84 0.00175
57 84 -0.00129
58 84 -0.00051
59 84 0.00023
60 84 0.00009
61 84 -0.00007
62 84 0.00000
63 84 0.00001
0 85 -0.00002
1 85 0.00001
2 85 -0.00002
3 85 -0.00009
4 85 0.00017
5 85 0.00023
6 85 -0.00079
7 85 -0.00121
8 85 0.00260
9 85 0.00567
10 85 -0.00278
11 85 -0.00966
12 85 0.00766
13 85 0.01617
14 85 -0.03880
15 85 -0.07863
16 85 0.10159
17 85 0.52800
18 85 0.92312
19 85 1.06038
20 85 1.02270
21 85 0.98880
22 85 0.99816
23 85 1.00691
24 85 1.00229
25 85 0.99841
26 85 0.99846
27 85 0.99846
28 85 0.99827
29 85 0.99904
30 85 1.00048
31 85 1.00104
32 85 1.00080
33 85 1.00104
34 85 1.00048
35 85 0.99904
36 85 0.99827
37 85 0.99846
38 85 0.99846
39 85 0.99841
40 85 1.00229
41 85 1.00691
42 85 0.99816
43 85 0.98880
44 85 1.02270
45 85 1.06038
46 85 0.92312
47 85 0.52800
48 85 0.10159
49 85 -0.07863
50 85 -0.03880
51 85 0.01617
52 85 0.00766
53 85 -0.00966
54 85 -0.00278
55 85 0.00567
56 85 0.00260
57 85 -0.00121
58 85 -0.00079
59 85 0.00023
60 85 0.00017
61 85 -0.00009
62 85 -0.00002
63 85 0.00001
0 86 0.00001
1 86 0.00002
2 86 -0.00006
3 86 -0.00008
4 86 0.00027
5 86 0.00016
6 86 -0.00107
7 86 -0.00082
8 86 0.00346
9 86 0.00450
10 86 -0.00477
11 86 -0.00563
12 86 0.01435
13 86 0.00706
14 86 -0.05902
15 86 -0.05711
16 86 0.20065
17 86 0.65090
18 86 0.98748
19 86 1.06069
20 86 1.01002
21 86 0.98911
22 86 1.00269
23 86 1.00747
24 86 1.00154
25 86 0.99864
26 86 0.99881
27 86 0.99841
28 86 0.99816
29 86 0.99901
30 86 1.00047
31 86 1.00105
32 86 1.00080
33 86 1.00105
34 86 1.00047
35 86 0.99901
36 86 0.99816
37 86 0.99841
38 86 0.99881
39 86 0.99864
40 86 1.00154
41 86 1.00747
42 86 1.00269
43 86 0.98911
44 86 1.01002
45 86 1.06069
46 86 0.98748
47 86 0.65090
48 86 0.20065
49 86 -0.05711
50 86 -0.05902
51 86 0.00706
52 86 0.01435
53 86 -0.00563
54 86 -0.00477
55 86 0.00450
56 86 0.00346
57 86 -0.00082
58 86 -0.00107
59 86 0.00016
60 86 0.00027
61 86 -0.00008
62 86 -0.00006
63 86 0.00002
0 87 0.00003
1 87 0.00000
2 87 -0.00010
3 87 -0.00003
4 87 0.00036
5 87 -0.00003
6 87 -0.00127
7 87 -0.00015
8 87 0.00395
9 87 0.00243
10 87 -0.00599
11 87 0.00031
12 87 0.01850
13 87 -0.00760
14 87 -0.07236
15 87 -0.00850
16 87 0.32486
17 87 0.77257
18 87 1.03481
19 87 1.05214
20 87 0.99927
21 87 0.99170
22 87 1.00645
23 87 1.00719
24 87 1.00101
25 87 0.99915
26 87 0.99914
27 87 0.99833
28 87 0.99807
29 87 0.99898
30 87 1.00046
31 87 1.00104
32 87 1.00080
33 87 1.00104
34 87 1.00046
35 87 0.99898
36 87 0.99807
37 87 0.99833
38 87 0.99914
39 87 0.99915
40 87 1.00101
41 87 1.00719
42 87 1.00645
43 87 0.99170
44 87 0.99927
45 87 1.05214
46 87 1.03481
47 87 0.77257
48 87 0.32486
49 87 -0.00850
50 87 -0.07236
51 87 -0.00760
52 87 0.01850
53 87 0.00031
54 87 -0.00599
55 87 0.00243
56 87 0.00395
57 87 -0.00015
58 87 -0.00127
59 87 -0.00003
60 87 0.00036
61 87 -0.00003
62 87 -0.00010
63 87 0.00000
0 88 0.00005
1 88 -0.00001
2 88 -0.00012
3 88 0.00005
4 88 0.00040
5 88 -0.00030
6 88 -0.00127
7 88 0.00072
8 88 0.00380
9 88 -0.00014
10 88 -0.00528
11 88 0.00804
12 88 0.01865
13 88 -0.02626
14 88 -0.07314
15 88 0.06767
16 88 0.46322
17 88 0.87998
18 88 1.06074
19 88 1.03651
20 88 0.99156
21 88 0.99614
22 88 1.00931
23 88 1.00651
24 88 1.00087
25 88 0.99983
26 88 0.99940
27 88 0.99824
28 88 0.99803
29 88 0.99897
30 88 1.00045
31 88 1.00104
32 88 1.00080
33 88 1.00104
34 88 1.00045
35 88 0.99897
36 88 0.99803
37 88 0.99824
38 88 0.99940
39 88 0.99983
40 88 1.00087
41 88 1.00651
42 88 1.00931
43 88 0.99614
44 88 0.99156
45 88 1.03651
46 88 1.06074
47 88 0.87998
48 88 0.46322
49 88 0.06767
50 88 -0.07314
51 88 -0.02626
52 88 0.01865
53 88 0.00804
54 88 -0.00528
55 88 -0.00014
56 88 0.00380
57 88 0.00072
58 88 -0.00127
59 88 -0.00030
60 88 0.00040
61 88 0.00005
62 88 -0.00012
63 88 -0.00001
0 89 0.00005
1 89 -0.00004
2 89 -0.00013
3 89 0.00014
4 89 0.00032
5 89 -0.00061
6 89 -0.00100
7 89 0.00161
8 89 0.00279
9 89 -0.00260
10 89 -0.00213
11 89 0.01547
12 89 0.01168
13 89 -0.04744
14 89 -0.05620
15 89 0.16961
16 89 0.60433
17 89 0.96482
18 89 1.06722
19 89 1.01907
20 89 0.98879
21 89 1.00186
22 89 1.01100
23 89 1.00558
24 89 1.00108
25 89 1.00054
26 89 0.99957
27 89 0.99817
28 89 0.99802
29 89 0.99897
30 89 1.00042
31 89 1.00104
32 89 1.00080
33 89 1.00104
34 89 1.00042
35 89 0.99897
36 89 0.99802
37 89 0.99817
38 89 0.99957
39 89 1.00054
40 89 1.00108
41 89 1.00558
42 89 1.01100
43 89 1.00186
44 89 0.98879
45 89 1.01907
46 89 1.06722
47 89 0.96482
48 89 0.60433
49 89 0.16961
50 89 -0.05620
51 89 -0.04744
52 89 0.01168
53 89 0.01547
54 89 -0.00213
55 89 -0.00260
56 89 0.00279
57 89 0.00161
58 89 -0.00100
59 89 -0.00061
60 89 0.00032
61 89 0.00014
62 89 -0.00013
63 89 -0.00004
0 90 0.00004
1 90 -0.00006
2 90 -0.00007
3 90 0.00024
4 90 0.00014
5 90 -0.00083
6 90 -0.00036
7 90 0.00219
8 90 0.00085
9 90 -0.00417
10 90 0.00341
11 90 0.02026
12 90 -0.00277
13 90 -0.06405
14 90 -0.01179
15 90 0.29864
16 90 0.74208
17 90 1.02574
18 90 1.05990
19 90 1.00415
20 90 0.99060
21 90 1.00729
22 90 1.01123
23 90 1.00466
24 90 1.00164
25 90 1.00124
26 90 0.99970
27 90 0.99817
28 90 0.99807
29 90 0.99896
30 90 1.00040
31 90 1.00104
32 90 1.00080
33 90 1.00104
34 90 1.00040
35 90 0.99896
36 90 0.99807
37 90 0.99817
38 90 0.99970
39 90 1.00124
40 90 1.00164
41 90 1.00466
42 90 1.01123
43 90 1.00729
44 90 0.99060
45 90 1.00415
46 90 1.05990
47 90 1.02574
48 90 0.74208
49 90 0.29864
50 90 -0.01179
51 90 -0.06405
52 90 -0.00277
53 90 0.02026
54 90 0.00341
55 90 -0.00417
56 90 0.00085
57 90 0.00219
58 90 -0.00036
59 90 -0.00083
60 90 0.00014
61 90 0.00024
62 90 -0.00007
63 90 -0.00006
0 91 -0.00003
1 91 -0.00008
2 91 0.00001
3 91 0.00025
4 91 -0.00015
5 91 -0.00085
6 91 0.00047
7 91 0.00205
8 91 -0.00171
9 91 -0.00373
10 91 0.01081
11 91 0.02024
12 91 -0.02259
13 91 -0.06718
14 91 0.06543
15 91 0.44737
16 91 0.86518
17 91 1.06041
18 91 1.04292
19 91 0.99333
20 91 0.99526
21 91 1.01125
22 91 1.01038
23 91 1.00415
24 91 1.00255
25 91 1.00187
26 91 0.99980
27 91 0.99823
28 91 0.99814
29 91 0.99895
30 91 1.00037
31 91 1.00104
32 91 1.00080
33 91 1.00104
34 91 1.00037
35 91 0.99895
36 91 0.99814
37 91 0.99823
38 91 0.99980
39 91 1.00187
40 91 1.00255
41 91 1.00415
42 91 1.01038
43 91 1.01125
44 91 0.99526
45 91 0.99333
46 91 1.04292
47 91 1.06041
48 91 0.86518
49 91 0.44737
50 91 0.06543
51 91 -0.06718
52 91 -0.02259
53 91 0.02024
54 91 0.01081
55 91 -0.00373
56 91 -0.00171
57 91 0.00205
58 91 0.00047
59 91 -0.00085
60 91 -0.00015
61 91 0.00025
62 91 0.00001
63 91 -0.00008
0 92 -0.00008
1 92 -0.00005
2 92 0.00014
3 92 0.00018
4 92 -0.00044
5 92 -0.00054
6 92 0.00131
7 92 0.00099
8 92 -0.00411
9 92 -0.00059
10 92 0.01797
11 92 0.01257
12 92 -0.04463
13 92 -0.04907
14 92 0.17449
15 92 0.60181
16 92 0.96204
17 92 1.06994
18 92 1.02213
19 92 0.98836
20 92 1.00161
21 92 1.01351
22 92 1.00910
23 92 1.00424
24 92 1.00360
25 92 1.00234
26 92 0.99990
27 92 0.99836
28 92 0.99824
29 92 0.99894
30 92 1.00035
31 92 1.00104
32 92 1.00080
33 92 1.00104
34 92 1.00035
35 92 0.99894
36 92 0.99824
37 92 0.99836
38 92 0.99990
39 92 1.00234
40 92 1.00360
41 92 1.00424
42 92 1.00910
43 92 1.01351
44 92 1.00161
45 92 0.98836
46 92 1.02213
47 92 1.06994
48 92 0.96204
49 92 0.60181
50 92 0.17449
51 92 -0.04907
52 92 -0.04463
53 92 0.01257
54 92 0.01797
55 92 -0.00059
56 92 -0.00411
57 92 0.00099
58 92 0.00131
59 92 -0.00054
60 92 -0.00044
61 92 0.00018
62 92 0.00014
63 92 -0.00005
0 93 -0.00016
1 93 -0.00003
2 93 0.00020
3 93 -0.00003
4 93 -0.00065
5 93 0.00007
6 93 0.00172
7 93 -0.00102
8 93 -0.00536
9 93 0.00520
10 93 0.02205
11 93 -0.00332
12 93 -0.06108
13 93 0.00007
14 93 0.31335
15 93 0.75047
16 93 1.02857
17 93 1.06121
18 93 1.00389
19 93 0.98948
20 93 1.00792
21 93 1.01390
22 93 1.00781
23 93 1.00484
24 93 1.00460
25 93 1.00268
26 93 1.00006
27 93 0.99858
28 93 0.99836
29 93 0.99894
30 93 1.00032
31 93 1.00104
32 93 1.00078
33 93 1.00104
34 93 1.00032
35 93 0.99894
36 93 0.99836
37 93 0.99858
38 93 1.00006
39 93 1.00268
40 93 1.00460
41 93 1.00484
42 93 1.00781
43 93 1.01390
44 93 1.00792
45 93 0.98948
46 93 1.00389
47 93 1.06121
48 93 1.02857
49 93 0.75047
50 93 0.31335
51 93 0.00007
52 93 -0.06108
53 93 -0.00332
54 93 0.02205
55 93 0.00520
56 93 -0.00536
57 93 -0.00102
58 93 0.00172
59 93 0.00007
60 93 -0.00065
61 93 -0.00003
62 93 0.00020
63 93 -0.00003
0 94 -0.00013
1 94 0.00005
2 94 0.00021
3 94 -0.00027
4 94 -0.00056
5 94 0.00090
6 94 0.00138
7 94 -0.00349
8 94 -0.00427
9 94 0.01263
10 94 0.02017
11 94 -0.02507
12 94 -0.06166
13 94 0.08585
14 94 0.47236
15 94 0.87991
16 94 1.06343
17 94 1.04110
18 94 0.99118
19 94 0.99449
20 94 1.01238
21 94 1.01272
22 94 1.00698
23 94 1.00588
24 94 1.00548
25 94 1.00296
26 94 1.00033
27 94 0.99887
28 94 0.99849
29 94 0.99894
30 94 1.00030
31 94 1.00102
32 94 1.00076
33 94 1.00102
34 94 1.00030
35 94 0.99894
36 94 0.99849
37 94 0.99887
38 94 1.00033
39 94 1.00296
40 94 1.00548
41 94 1.00588
42 94 1.00698
43 94 1.01272
44 94 1.01238
45 94 0.99449
46 94 0.99118
47 94 1.04110
48 94 1.06343
49 94 0.87991
50 94 0.47236
51 94 0.08585
52 94 -0.06166
53 94 -0.02507
54 94 0.02017
55 94 0.01263
56 94 -0.00427
57 94 -0.00349
58 94 0.00138
59 94 0.00090
60 94 -0.00056
61 94 -0.00027
62 94 0.00021
63 94 0.00005
0 95 -0.00009
1 95 0.00007
2 95 0.00003
3 95 -0.00054
4 95 -0.00017
5 95 0.00155
6 95 -0.00001
7 95 -0.00556
8 95 -0.00027
9 95 0.01910
10 95 0.00976
11 95 -0.04747
12 95 -0.03629
13 95 0.20722
14 95 0.63567
15 95 0.97808
16 95 1.06968
17 95 1.01743
18 95 0.98576
19 95 1.00136
20 95 1.01453
21 95 1.01094
22 95 1.00693
23 95 1.00713
24 95 1.00615
25 95 1.00324
26 95 1.00070
27 95 0.99918
28 95 0.99862
29 95 0.99896
30 95 1.00028
31 95 1.00099
32 95 1.00072
33 95 1.00099
34 95 1.00028
35 95 0.99896
36 95 0.99862
37 95 0.99918
38 95 1.00070
39 95 1.00324
40 95 1.00615
41 95 1.00713
42 95 1.00693
43 95 1.01094
44 95 1.01453
45 95 1.00136
46 95 0.98576
47 95 1.01743
48 95 1.06968
49 95 0.97808
50 95 0.63567
51 95 0.20722
52 95 -0.03629
53 95 -0.04747
54 95 0.00976
55 95 0.01910
56 95 -0.00027
57 95 -0.00556
58 95 -0.00001
59 95 0.00155
60 95 -0.00017
61 95 -0.00054
62 95 0.00003
63 95 0.00007
0 96 0.00012
1 96 0.00013
2 96 -0.00019
3 96 -0.00055
4 96 0.00060
5 96 0.00171
6 96 -0.00216
7 96 -0.00591
8 96 0.00638
9 96 0.02141
10 96 -0.00900
11 96 -0.06090
12 96 0.02472
13 96 0.35882
14 96 0.78830
15 96 1.04051
16 96 1.05608
17 96 0.99765
18 96 0.98737
19 96 1.00785
20 96 1.01437
21 96 1.00922
22 96 1.00754
23 96 1.00828
24 96 1.00661
25 96 1.00358
26 96 1.00116
27 96 0.99950
28 96 0.99877
29 96 0.99900
30 96 1.00027
31 96 1.00096
32 96 1.00068
33 96 1.00096
34 96 1.00027
35 96 0.99900
36 96 0.99877
37 96 0.99950
38 96 1.00116
39 96 1.00358
40 96 1.00661
41 96 1.00828
42 96 1.00754
43 96 1.00922
44 96 1.01437
45 96 1.00785
46 96 0.98737
47 96 0.99765
48 96 1.05608
49 96 1.04051
50 96 0.78830
51 96 0.35882
52 96 0.02472
53 96 -0.06090
54 96 -0.00900
55 96 0.02141
56 96 0.00638
57 96 -0.00591
58 96 -0.00216
59 96 0.00171
60 96 0.00060
61 96 -0.00055
62 96 -0.00019
63 96 0.00013
0 97 0.00023
1 97 0.00001
2 97 -0.00054
3 97 -0.00035
4 97 0.00133
5 97 0.00084
6 97 -0.00457
7 97 -0.00365
8 97 0.01376
9 97 0.01612
10 97 -0.03281
11 97 -0.05418
12 97 0.12503
13 97 0.52682
14 97 0.91473
15 97 1.06744
16 97 1.03183
17 97 0.98515
18 97 0.99312
19 97 1.01183
20 97 1.01242
21 97 1.00811
22 97 1.00861
23 97 1.00920
24 97 1.00699
25 97 1.00405
26 97 1.00168
27 97 0.99982
28 97 0.99893
29 97 0.99907
30 97 1.00025
31 97 1.00093
32 97 1.00064
33 97 1.00093
34 97 1.00025
35 97 0.99907
36 97 0.99893
37 97 0.99982
38 97 1.00168
39 97 1.00405
40 97 1.00699
41 97 1.00920
42 97 1.00861
43 97 1.00811
44 97 1.01242
45 97 1.01183
46 97 0.99312
47 97 0.98515
48 97 1.03183
49 97 1.06744
50 97 0.91473
51 97 0.52682
52 97 0.12503
53 97 -0.05418
54 97 -0.03281
55 97 0.01612
56 97 0.01376
57 97 -0.00365
58 97 -0.00457
59 97 0.00084
60 97 0.00133
61 97 -0.00035
62 97 -0.00054
63 97 0.00001
0 98 0.00037
1 98 -0.00007
2 98 -0.00061
3 98 0.00031
4 98 0.00177
5 98 -0.00095
6 98 -0.00588
7 98 0.00173
8 98 0.01890
9 98 0.00169
10 98 -0.05382
11 98 -0.01587
12 98 0.26191
13 98 0.69355
14 98 1.00428
15 98 1.06533
16 98 1.00654
17 98 0.98126
18 98 1.00025
19 98 1.01295
20 98 1.00995
21 98 1.00796
22 98 1.00984
23 98 1.00983
24 98 1.00737
25 98 1.00465
26 98 1.00223
27 98 1.00014
28 98 0.99913
29 98 0.99916
30 98 1.00024
31 98 1.00089
32 98 1.00061
33 98 1.00089
34 98 1.00024
35 98 0.99916
36 98 0.99913
37 98 1.00014
38 98 1.00223
39 98 1.00465
40 98 1.00737
41 98 1.00983
42 98 1.00984
43 98 1.00796
44 98 1.00995
45 98 1.01295
46 98 1.00025
47 98 0.98126
48 98 1.00654
49 98 1.06533
50 98 1.00428
51 98 0.69355
52 98 0.26191
53 98 -0.01587
54 98 -0.05382
55 98 0.00169
56 98 0.01890
57 98 0.00173
58 98 -0.00588
59 98 -0.00095
60 98 0.00177
61 98 0.00031
62 98 -0.00061
63 98 -0.00007
0 99 0.00015
1 99 -0.00032
2 99 -0.00045
3 99 0.00101
4 99 0.00122
5 99 -0.00342
6 99 -0.00494
7 99 0.00910
8 99 0.01802
9 99 -0.02049
10 99 -0.06086
11 99 0.06216
12 99 0.42574
13 99 0.84187
14 99 1.05418
15 99 1.04505
16 99 0.98750
17 99 0.98441
18 99 1.00595
19 99 1.01145
20 99 1.00773
21 99 1.00850
22 99 1.01081
23 99 1.01016
24 99 1.00780
25 99 1.00533
26 99 1.00277
27 99 1.00047
28 99 0.99937
29 99 0.99928
30 99 1.00023
31 99 1.00086
32 99 1.00059
33 99 1.00086
34 99 1.00023
35 99 0.99928
36 99 0.99937
37 99 1.00047
38 99 1.00277
39 99 1.00533
40 99 1.00780
41 99 1.01016
42 99 1.01081
43 99 1.00850
44 99 1.00773
45 99 1.01145
46 99 1.00595
47 99 0.98441
48 99 0.98750
49 99 1.04505
50 99 1.05418
51 99 0.84187
52 99 0.42574
53 99 0.06216
54 99 -0.06086
55 99 -0.02049
56 99 0.01802
57 99 0.00910
58 99 -0.00494
59 99 -0.00342
60 99 0.00122
61 99 0.00101
62 99 -0.00045
63 99 -0.00032
0 100 -0.00024
1 100 -0.00039
2 100 0.00027
3 100 0.00162
4 100 -0.00035
5 100 -0.00530
6 100 -0.00070
7 100 0.01597
8 100 0.00822
9 100 -0.04489
10 100 -0.04167
11 100 0.18087
12 100 0.59911
13 100 0.95653
14 100 1.06785
15 100 1.01756
16 100 0.97750
17 100 0.99093
18 100 1.00840
19 100 1.00833
20 100 1.00637
21 100 1.00938
22 100 1.01139
23 100 1.01037
24 100 1.00838
25 100 1.00608
26 100 1.00331
27 100 1.00083
28 100 0.99966
29 100 0.99943
30 100 1.00023
31 100 1.00084
32 100 1.00058
33 100 1.00084
34 100 1.00023
35 100 0.99943
36 100 0.99966
37 100 1.00083
38 100 1.00331
39 100 1.00608
40 100 1.00838
41 100 1.01037
42 100 1.01139
43 100 1.00938
44 100 1.00637
45 100 1.00833
46 100 1.00840
47 100 0.99093
48 100 0.97750
49 100 1.01756
50 100 1.06785
51 100 0.95653
52 100 0.59911
53 100 0.18087
54 100 -0.04167
55 100 -0.04489
56 100 0.00822
57 100 0.01597
58 100 -0.00070
59 100 -0.00530
60 100 -0.00035
61 100 0.00162
62 100 0.00027
63 100 -0.00039
0 101 -0.00088
1 101 -0.00039
2 101 0.00115
3 101 0.00138
4 101 -0.00285
5 101 -0.00534
6 101 0.00629
7 101 0.01836
8 101 -0.01102
9 101 -0.06131
10 101 0.01489
11 101 0.33405
12 101 0.76280
13 101 1.02984
14 101 1.05525
15 101 0.99279
16 101 0.97645
17 101 0.99750
18 101 1.00759
19 101 1.00500
20 101 1.00598
21 101 1.01018
22 101 1.01157
23 101 1.01058
24 101 1.00906
25 101 1.00681
26 101 1.00384
27 101 1.00122
28 101 0.99999
29 101 0.99959
30 101 1.00023
31 101 1.00082
32 101 1.00058
33 101 1.00082
34 101 1.00023
35 101 0.99959
36 101 0.99999
37 101 1.00122
38 101 1.00384
39 101 1.00681
40 101 1.00906
41 101 1.01058
42 101 1.01157
43 101 1.01018
44 101 1.00598
45 101 1.00500
46 101 1.00759
47 101 0.99750
48 101 0.97645
49 101 0.99279
50 101 1.05525
51 101 1.02984
52 101 0.76280
53 101 0.33405
54 101 0.01489
55 101 -0.06131
56 101 -0.01102
57 101 0.01836
58 101 0.00629
59 101 -0.00534
60 101 -0.00285
61 101 0.00138
62 101 0.00115
63 101 -0.00039
0 102 -0.00119
1 102 -0.00002
2 102 0.00187
3 102 0.00010
4 102 -0.00509
5 102 -0.00211
6 102 0.01399
7 102 0.01238
8 102 -0.03611
9 102 -0.05693
10 102 0.11410
11 102 0.50716
12 102 0.89895
13 102 1.06206
14 102 1.02860
15 102 0.97638
16 102 0.98113
17 102 1.00127
18 102 1.00424
19 102 1.00225
20 102 1.00614
21 102 1.01051
22 102 1.01145
23 102 1.01087
24 102 1.00978
25 102 1.00752
26 102 1.00439
27 102 1.00167
28 102 1.00035
29 102 0.99977
30 102 1.00024
31 102 1.00081
32 102 1.00058
33 102 1.00081
34 102 1.00024
35 102 0.99977
36 102 1.00035
37 102 1.00167
38 102 1.00439
39 102 1.00752
40 102 1.00978
41 102 1.01087
42 102 1.01145
43 102 1.01051
44 102 1.00614
45 102 1.00225
46 102 1.00424
47 102 1.00127
48 102 0.98113
49 102 0.97638
50 102 1.02860
51 102 1.06206
52 102 0.89895
53 102 0.50716
54 102 0.11410
55 102 -0.05693
56 102 -0.03611
57 102 0.01238
58 102 0.01399
59 102 -0.00211
60 102 -0.00509
61 102 0.00010
62 102 0.00187
63 102 -0.00002
0 103 -0.00075
1 103 0.00058
2 103 0.00153
3 103 -0.00232
4 103 -0.00556
5 103 0.00456
6 103 0.01845
7 103 -0.00409
8 103 -0.05843
9 103 -0.01868
10 103 0.25362
11 103 0.68058
12 103 0.99507
13 103 1.06067
14 103 0.99976
15 103 0.97001
16 103 0.98762
17 103 1.00128
18 103 0.99987
19 103 1.00058
20 103 1.00640
21 103 1.01033
22 103 1.01121
23 103 1.01125
24 103 1.01046
25 103 1.00817
26 103 1.00496
27 103 1.00215
28 103 1.00072
29 103 0.99996
30 103 1.00025
31 103 1.00079
32 103 1.00057
33 103 1.00079
34 103 1.00025
35 103 0.99996
36 103 1.00072
37 103 1.00215
38 103 1.00496
39 103 1.00817
40 103 1.01046
41 103 1.01125
42 103 1.01121
43 103 1.01033
44 103 1.00640
45 103 1.00058
46 103 0.99987
47 103 1.00128
48 103 0.98762
49 103 0.97001
50 103 0.99976
51 103 1.06067
52 103 0.99507
53 103 0.68058
54 103 0.25362
55 103 -0.01868
56 103 -0.05843
57 103 -0.00409
58 103 0.01845
59 103 0.00456
60 103 -0.00556
61 103 -0.00232
62 103 0.00153
63 103 0.00058
0 104 0.00065
1 104 0.00103
2 104 -0.00049
3 104 -0.00502
4 104 -0.00258
5 104 0.01300
6 104 0.01510
7 104 -0.02901
8 104 -0.06444
9 104 0.06394
10 104 0.42406
11 104 0.83567
12 104 1.04819
13 104 1.03886
14 104 0.97816
15 104 0.97224
16 104 0.99271
17 104 0.99820
18 104 0.99589
19 104 0.99982
20 104 1.00630
21 104 1.00969
22 104 1.01098
23 104 1.01164
24 104 1.01104
25 104 1.00879
26 104 1.00556
27 104 1.00264
28 104 1.00109
29 104 1.00016
30 104 1.00027
31 104 1.00078
32 104 1.00057
33 104 1.00078
34 104 1.00027
35 104 1.00016
36 104 1.00109
37 104 1.00264
38 104 1.00556
39 104 1.00879
40 104 1.01104
41 104 1.01164
42 104 1.01098
43 104 1.00969
44 104 1.00630
45 104 0.99982
46 104 0.99589
47 104 0.99820
48 104 0.99271
49 104 0.97224
50 104 0.97816
51 104 1.03886
52 104 1.04819
53 104 0.83567
54 104 0.42406
55 104 0.06394
56 104 -0.06444
57 104 -0.02901
58 104 0.01510
59 104 0.01300
60 104 -0.00258
61 104 -0.00502
62 104 -0.00049
63 104 0.00103
0 105 0.00293
1 105 0.00128
2 105 -0.00338
3 105 -0.00573
4 105 0.00454
5 105 0.01897
6 105 0.00036
7 105 -0.05457
8 105 -0.03795
9 105 0.19434
10 105 0.60752
11 105 0.95588
12 105 1.06258
13 105 1.00989
14 105 0.96760
15 105 0.97885
16 105 0.99426
17 105 0.99336
18 105 0.99297
19 105 0.99941
20 105 1.00561
21 105 1.00879
22 105 1.01083
23 105 1.01203
24 105 1.01156
25 105 1.00941
26 105 1.00620
27 105 1.00314
28 105 1.00146
29 105 1.00037
30 105 1.00030
31 105 1.00076
32 105 1.00057
33 105 1.00076
34 105 1.00030
35 105 1.00037
36 105 1.00146
37 105 1.00314
38 105 1.00620
39 105 1.00941
40 105 1.01156
41 105 1.01203
42 105 1.01083
43 105 1.00879
44 105 1.00561
45 105 0.99941
46 105 0.99297
47 105 0.99336
48 105 0.99426
49 105 0.97885
50 105 0.96760
51 105 1.00989
52 105 1.06258
53 105 0.95588
54 105 0.60752
55 105 0.19434
56 105 -0.03795
57 105 -0.05457
58 105 0.00036
59 105 0.01897
60 105 0.00454
61 105 -0.00573
62 105 -0.00338
63 105 0.00128
0 106 0.00311
1 106 -0.00029
2 106 -0.00585
3 106 -0.00251
4 106 0.01300
5 106 0.01541
6 106 -0.02588
7 106 -0.06603
8 106 0.03684
9 106 0.36709
10 106 0.78245
11 106 1.03216
12 106 1.04961
13 106 0.98563
14 106 0.96834
15 106 0.98626
16 106 0.99259
17 106 0.98868
18 106 0.99141
19 106 0.99893
20 106 1.00443
21 106 1.00790
22 106 1.01075
23 106 1.01232
24 106 1.01201
25 106 1.01005
26 106 1.00686
27 106 1.00364
28 106 1.00183
29 106 1.00060
30 106 1.00034
31 106 1.00076
32 106 1.00058
33 106 1.00076
34 106 1.00034
35 106 1.00060
36 106 1.00183
37 106 1.00364
38 106 1.00686
39 106 1.01005
40 106 1.01201
41 106 1.01232
42 106 1.01075
43 106 1.00790
44 106 1.00443
45 106 0.99893
46 106 0.99141
47 106 0.98868
48 106 0.99259
49 106 0.98626
50 106 0.96834
51 106 0.98563
52 106 1.04961
53 106 1.03216
54 106 0.78245
55 106 0.36709
56 106 0.03684
57 106 -0.06603
58 106 -0.02588
59 106 0.01541
60 106 0.01300
61 106 -0.00251
62 106 -0.00585
63 106 -0.00029
0 107 -0.00049
1 107 -0.00275
2 107 -0.00295
3 107 0.00788
4 107 0.01901
5 107 -0.00193
6 107 -0.05453
7 107 -0.04231
8 107 0.16888
9 107 0.56459
10 107 0.92635
11 107 1.06363
12 107 1.02321
13 107 0.97265
14 107 0.97662
15 107 0.99130
16 107 0.98882
17 107 0.98524
18 107 0.99069
19 107 0.99798
20 107 1.00295
21 107 1.00708
22 107 1.01061
23 107 1.01247
24 107 1.01240
25 107 1.01067
26 107 1.00750
27 107 1.00411
28 107 1.00220
29 107 1.00083
30 107 1.00039
31 107 1.00076
32 107 1.00060
33 107 1.00076
34 107 1.00039
35 107 1.00083
36 107 1.00220
37 107 1.00411
38 107 1.00750
39 107 1.01067
40 107 1.01240
41 107 1.01247
42 107 1.01061
43 107 1.00708
44 107 1.00295
45 107 0.99798
46 107 0.99069
47 107 0.98524
48 107 0.98882
49 107 0.99130
50 107 0.97662
51 107 0.97265
52 107 1.02321
53 107 1.06363
54 107 0.92635
55 107 0.56459
56 107 0.16888
57 107 -0.04231
58 107 -0.05453
59 107 -0.00193
60 107 0.01901
61 107 0.00788
62 107 -0.00295
63 107 -0.00275
0 108 -0.01000
1 108 -0.00696
2 108 0.00431
3 108 0.01869
4 108 0.01204
5 108 -0.03288
6 108 -0.06539
7 108 0.03998
8 108 0.35600
9 108 0.76072
10 108 1.02270
11 108 1.05887
12 108 0.99730
13 108 0.97263
14 108 0.98751
15 108 0.99282
16 108 0.98482
17 108 0.98358
18 108 0.99031
19 108 0.99661
20 108 1.00149
21 108 1.00640
22 108 1.01041
23 108 1.01250
24 108 1.01273
25 108 1.01124
26 108 1.00811
27 108 1.00457
28 108 1.00257
29 108 1.00108
30 108 1.00045
31 108 1.00077
32 108 1.00063
33 108 1.00077
34 108 1.00045
35 108 1.00108
36 108 1.00257
37 108 1.00457
38 108 1.00811
39 108 1.01124
40 108 1.01273
41 108 1.01250
42 108 1.01041
43 108 1.00640
44 108 1.00149
45 108 0.99661
46 108 0.99031
47 108 0.98358
48 108 0.98482
49 108 0.99282
50 108 0.98751
51 108 0.97263
52 108 0.99730
53 108 1.05887
54 108 1.02270
55 108 0.76072
56 108 0.35600
57 108 0.03998
58 108 -0.06539
59 108 -0.03288
60 108 0.01204
61 108 0.01869
62 108 0.00431
63 108 -0.00696
0 109 -0.00574
1 109 0.00096
2 109 0.01497
3 109 0.01591
4 109 -0.01697
5 109 -0.06169
6 109 -0.02361
7 109 0.20033
8 109 0.58124
9 109 0.92656
10 109 1.06594
11 109 1.03318
12 109 0.98163
13 109 0.98214
14 109 0.99631
15 109 0.99125
16 109 0.98191
17 109 0.98328
18 109 0.98971
19 109 0.99497
20 109 1.00021
21 109 1.00578
22 109 1.01009
23 109 1.01247
24 109 1.01302
25 109 1.01176
26 109 1.00868
27 109 1.00502
28 109 1.00293
29 109 1.00134
30 109 1.00052
31 109 1.00079
32 109 1.00067
33 109 1.00079
34 109 1.00052
35 109 1.00134
36 109 1.00293
37 109 1.00502
38 109 1.00868
39 109 1.01176
40 109 1.01302
41 109 1.01247
42 109 1.01009
43 109 1.00578
44 109 1.00021
45 109 0.99497
46 109 0.98971
47 109 0.98328
48 109 0.98191
49 109 0.99125
50 109 0.99631
51 109 0.98214
52 109 0.98163
53 109 1.03318
54 109 1.06594
55 109 0.92656
56 109 0.58124
57 109 0.20033
58 109 -0.02361
59 109 -0.06169
60 109 -0.01697
61 109 0.01591
62 109 0.01497
63 109 0.00096
0 110 0.01646
1 110 0.01592
2 110 0.00716
3 110 -0.02283
4 110 -0.06343
5 110 -0.05078
6 110 0.10813
7 110 0.43542
8 110 0.80615
9 110 1.03415
10 110 1.06157
11 110 1.00299
12 110 0.97930
13 110 0.99476
14 110 1.00027
15 110 0.98823
16 110 0.98079
17 110 0.98366
18 110 0.98876
19 110 0.99338
20 110 0.99919
21 110 1.00519
22 110 1.00971
23 110 1.01242
24 110 1.01330
25 110 1.01225
26 110 1.00925
27 110 1.00547
28 110 1.00329
29 110 1.00159
30 110 1.00059
31 110 1.00082
32 110 1.00071
33 110 1.00082
34 110 1.00059
35 110 1.00159
36 110 1.00329
37 110 1.00547
38 110 1.00925
39 110 1.01225
40 110 1.01330
41 110 1.01242
42 110 1.00971
43 110 1.00519
44 110 0.99919
45 110 0.99338
46 110 0.98876
47 110 0.98366
48 110 0.98079
49 110 0.98823
50 110 1.00027
51 110 0.99476
52 110 0.97930
53 110 1.00299
54 110 1.06157
55 110 1.03415
56 110 0.80615
57 110 0.43542
58 110 0.10813
59 110 -0.05078
60 110 -0.06343
61 110 -0.02283
62 110 0.00716
63 110 0.01592
0 111 0.02623
1 111 0.01415
2 111 -0.01793
3 111 -0.05069
4 111 -0.03606
5 111 0.09395
6 111 0.37004
7 111 0.71893
8 111 0.98706
9 111 1.07376
10 111 1.03003
11 111 0.98369
12 111 0.98832
13 111 1.00496
14 111 0.99970
15 111 0.98569
16 111 0.98120
17 111 0.98393
18 111 0.98748
19 111 0.99201
20 111 0.99832
21 111 1.00452
22 111 1.00926
23 111 1.01235
24 111 1.01354
25 111 1.01270
26 111 1.00980
27 111 1.00591
28 111 1.00362
29 111 1.00183
30 111 1.00066
31 111 1.00084
32 111 1.00076
33 111 1.00084
34 111 1.00066
35 111 1.00183
36 111 1.00362
37 111 1.00591
38 111 1.00980
39 111 1.01270
40 111 1.01354
41 111 1.01235
42 111 1.00926
43 111 1.00452
44 111 0.99832
45 111 0.99201
46 111 0.98748
47 111 0.98393
48 111 0.98120
49 111 0.98569
50 111 0.99970
51 111 1.00496
52 111 0.98832
53 111 0.98369
54 111 1.03003
55 111 1.07376
56 111 0.98706
57 111 0.71893
58 111 0.37004
59 111 0.09395
60 111 -0.03606
61 111 -0.05069
62 111 -0.01793
63 111 0.01415
0 112 -0.06743
1 112 -0.06865
2 112 -0.05893
3 112 -0.00258
4 112 0.14245
5 112 0.39234
6 112 0.69949
7 112 0.95585
8 112 1.06968
9 112 1.04965
10 112 0.99337
11 112 0.98031
12 112 1.00078
13 112 1.00884
14 112 0.99649
15 112 0.98468
16 112 0.98227
17 112 0.98370
18 112 0.98621
19 112 0.99097
20 112 0.99754
21 112 1.00381
22 112 1.00881
23 112 1.01227
24 112 1.01374
25 112 1.01312
26 112 1.01035
27 112 1.00634
28 112 1.00393
29 112 1.00206
30 112 1.00075
31 112 1.00089
32 112 1.00083
33 112 1.00089
34 112 1.00075
35 112 1.00206
36 112 1.00393
37 112 1.00634
38 112 1.01035
39 112 1.01312
40 112 1.01374
41 112 1.01227
42 112 1.00881
43 112 1.00381
44 112 0.99754
45 112 0.99097
46 112 0.98621
47 112 0.98370
48 112 0.98227
49 112 0.98468
50 112 0.99649
51 112 1.00884
52 112 1.00078
53 112 0.98031
54 112 0.99337
55 112 1.04965
56 112 1.06968
57 112 0.95585
58 112 0.69949
59 112 0.39234
60 112 0.14245
61 112 -0.00258
62 112 -0.05893
63 112 -0.06865
0 113 0.02915
1 113 0.05679
2 113 0.14627
3 113 0.30764
4 113 0.53285
5 113 0.78012
6 113 0.97963
7 113 1.07246
8 113 1.06009
9 113 1.00615
10 113 0.97925
11 113 0.99310
12 113 1.01113
13 113 1.00786
14 113 0.99398
15 113 0.98550
16 113 0.98322
17 113 0.98304
18 113 0.98520
19 113 0.99021
20 113 0.99675
21 113 1.00308
22 113 1.00839
23 113 1.01217
24 113 1.01388
25 113 1.01349
26 113 1.01087
27 113 1.00674
28 113 1.00420
29 113 1.00227
30 113 1.00082
31 113 1.00093
32 113 1.00089
33 113 1.00093
34 113 1.00082
35 113 1.00227
36 113 1.00420
37 113 1.00674
38 113 1.01087
39 113 1.01349
40 113 1.01388
41 113 1.01217
42 113 1.00839
43 113 1.00308
44 113 0.99675
45 113 0.99021
46 113 0.98520
47 113 0.98304
48 113 0.98322
49 113 0.98550
50 113 0.99398
51 113 1.00786
52 113 1.01113
53 113 0.99310
54 113 0.97925
55 113 1.00615
56 113 1.06009
57 113 1.07246
58 113 0.97963
59 113 0.78012
60 113 0.53285
61 113 0.30764
62 113 0.14627
63 113 0.05679
0 114 0.60122
1 114 0.63128
2 114 0.71709
3 114 0.84157
4 114 0.97075
5 114 1.06311
6 114 1.09042
7 114 1.05908
8 114 1.00933
9 114 0.98220
10 114 0.98842
11 114 1.00700
12 114 1.01273
13 114 1.00370
14 114 0.99300
15 114 0.98677
16 114 0.98334
17 114 0.98220
18 114 0.98454
19 114 0.98960
20 114 0.99596
21 114 1.00241
22 114 1.00802
23 114 1.01206
24 114 1.01399
25 114 1.01383
26 114 1.01136
27 114 1.00711
28 114 1.00445
29 114 1.00247
30 114 1.00090
31 114 1.00098
32 114 1.00097
33 114 1.00098
34 114 1.00090
35 114 1.00247
36 114 1.00445
37 114 1.00711
38 114 1.01136
39 114 1.01383
40 114 1.01399
41 114 1.01206
42 114 1.00802
43 114 1.00241
44 114 0.99596
45 114 0.98960
46 114 0.98454
47 114 0.98220
48 114 0.98334
49 114 0.98677
50 114 0.99300
51 114 1.00370
52 114 1.01273
53 114 1.00700
54 114 0.98842
55 114 0.98220
56 114 1.00933
57 114 1.05908
58 114 1.09042
59 114 1.06311
60 114 0.97075
61 114 0.84157
62 114 0.71709
63 114 0.63128
0 115 1.02934
1 115 1.03739
2 115 1.05701
3 115 1.07552
4 115 1.07748
5 115 1.05587
6 115 1.01884
7 115 0.98697
8 115 0.97784
9 115 0.98915
10 115 1.00482
11 115 1.01215
12 115 1.00901
13 115 1.00149
14 115 0.99439
15 115 0.98798
16 115 0.98305
17 115 0.98169
18 115 0.98425
19 115 0.98907
20 115 0.99522
21 115 1.00183
22 115 1.00768
23 115 1.01194
24 115 1.01409
25 115 1.01414
26 115 1.01181
27 115 1.00745
28 115 1.00465
29 115 1.00264
30 115 1.00098
31 115 1.00104
32 115 1.00106
33 115 1.00104
34 115 1.00098
35 115 1.00264
36 115 1.00465
37 115 1.00745
38 115 1.01181
39 115 1.01414
40 115 1.01409
41 115 1.01194
42 115 1.00768
43 115 1.00183
44 115 0.99522
45 115 0.98907
46 115 0.98425
47 115 0.98169
48 115 0.98305
49 115 0.98798
50 115 0.99439
51 115 1.00149
52 115 1.00901
53 115 1.01215
54 115 1.00482
55 115 0.98915
56 115 0.97784
57 115 0.98697
58 115 1.01884
59 115 1.05587
60 115 1.07748
61 115 1.07552
62 115 1.05701
63 115 1.03739
0 116 1.02082
1 116 1.01895
2 116 1.01290
3 116 1.00202
4 116 0.98793
5 116 0.97641
6 116 0.97425
7 116 0.98455
8 116 1.00177
9 116 1.01327
10 116 1.01377
11 116 1.00954
12 116 1.00586
13 116 1.00214
14 116 0.99589
15 116 0.98796
16 116 0.98244
17 116 0.98146
18 116 0.98403
19 116 0.98852
20 116 0.99457
21 116 1.00135
22 116 1.00738
23 116 1.01183
24 116 1.01419
25 116 1.01442
26 116 1.01222
27 116 1.00775
28 116 1.00483
29 116 1.00279
30 116 1.00106
31 116 1.00112
32 116 1.00115
33 116 1.00112
34 116 1.00106
35 116 1.00279
36 116 1.00483
37 116 1.00775
38 116 1.01222
39 116 1.01442
40 116 1.01419
41 116 1.01183
42 116 1.00738
43 116 1.00135
44 116 0.99457
45 116 0.98852
46 116 0.98403
47 116 0.98146
48 116 0.98244
49 116 0.98796
50 116 0.99589
51 116 1.00214
52 116 1.00586
53 116 1.00954
54 116 1.01377
55 116 1.01327
56 116 1.00177
57 116 0.98455
58 116 0.97425
59 116 0.97641
60 116 0.98793
61 116 1.00202
62 116 1.01290
63 116 1.01895
0 117 0.97942
1 117 0.97936
2 117 0.97959
3 117 0.98122
4 117 0.98578
5 117 0.99431
6 117 1.00518
7 117 1.01477
8 117 1.01861
9 117 1.01385
10 117 1.00614
11 117 1.00384
12 117 1.00534
13 117 1.00357
14 117 0.99618
15 117 0.98738
16 117 0.98223
17 117 0.98156
18 117 0.98385
19 117 0.98806
20 117 0.99409
21 117 1.00099
22 117 1.00713
23 117 1.01176
24 117 1.01432
25 117 1.01467
26 117 1.01257
27 117 1.00802
28 117 1.00496
29 117 1.00291
30 117 1.00113
31 117 1.00119
32 117 1.00125
33 117 1.00119
34 117 1.00113
35 117 1.00291
36 117 1.00496
37 117 1.00802
38 117 1.01257
39 117 1.01467
40 117 1.01432
41 117 1.01176
42 117 1.00713
43 117 1.00099
44 117 0.99409
45 117 0.98806
46 117 0.98385
47 117 0.98156
48 117 0.98223
49 117 0.98738
50 117 0.99618
51 117 1.00357
52 117 1.00534
53 117 1.00384
54 117 1.00614
55 117 1.01385
56 117 1.01861
57 117 1.01477
58 117 1.00518
59 117 0.99431
60 117 0.98578
61 117 0.98122
62 117 0.97959
63 117 0.97936
0 118 1.00070
1 118 1.00118
2 118 1.00267
3 118 1.00511
4 118 1.00817
5 118 1.01108
6 118 1.01230
7 118 1.01147
8 118 1.00894
9 118 1.00476
10 118 1.00278
11 118 1.00584
12 118 1.00843
13 118 1.00470
14 118 0.99573
15 118 0.98696
16 118 0.98231
17 118 0.98157
18 118 0.98356
19 118 0.98770
20 118 0.99376
21 118 1.00070
22 118 1.00694
23 118 1.01174
24 118 1.01446
25 118 1.01488
26 118 1.01287
27 118 1.00824
28 118 1.00505
29 118 1.00300
30 118 1.00119
31 118 1.00127
32 118 1.00136
33 118 1.00127
34 118 1.00119
35 118 1.00300
36 118 1.00505
37 118 1.00824
38 118 1.01287
39 118 1.01488
40 118 1.01446
41 118 1.01174
42 118 1.00694
43 118 1.00070
44 118 0.99376
45 118 0.98770
46 118 0.98356
47 118 0.98157
48 118 0.98231
49 118 0.98696
50 118 0.99573
51 118 1.00470
52 118 1.00843
53 118 1.00584
54 118 1.00278
55 118 1.00476
56 118 1.00894
57 118 1.01147
58 118 1.01230
59 118 1.01108
60 118 1.00817
61 118 1.00511
62 118 1.00267
63 118 1.00118
0 119 1.00380
1 119 1.00389
2 119 1.00414
3 119 1.00453
4 119 1.00506
5 119 1.00563
6 119 1.00588
7 119 1.00652
8 119 1.00754
9 119 1.00715
10 119 1.00703
11 119 1.00904
12 119 1.00899
13 119 1.00355
14 119 0.99466
15 119 0.98664
16 119 0.98230
17 119 0.98143
18 119 0.98335
19 119 0.98754
20 119 0.99359
21 119 1.00052
22 119 1.00684
23 119 1.01178
24 119 1.01461
25 119 1.01506
26 119 1.01311
27 119 1.00842
28 119 1.00511
29 119 1.00305
30 119 1.00124
31 119 1.00134
32 119 1.00145
33 119 1.00134
34 119 1.00124
35 119 1.00305
36 119 1.00511
37 119 1.00842
38 119 1.01311
39 119 1.01506
40 119 1.01461
41 119 1.01178
42 119 1.00684
43 119 1.00052
44 119 0.99359
45 119 0.98754
46 119 0.98335
47 119 0.98143
48 119 0.98230
49 119 0.98664
50 119 0.99466
51 119 1.00355
52 119 1.00899
53 119 1.00904
54 119 1.00703
55 119 1.00715
56 119 1.00754
57 119 1.00652
58 119 1.00588
59 119 1.00563
60 119 1.00506
61 119 1.00453
62 119 1.00414
63 119 1.00389
0 120 1.00082
1 120 1.00112
2 120 1.00200
3 120 1.00337
4 120 1.00519
5 120 1.00710
6 120 1.00851
7 120 1.00990
8 120 1.01078
9 120 1.00933
10 120 1.00782
11 120 1.00861
12 120 1.00796
13 120 1.00273
14 120 0.99435
15 120 0.98657
16 120 0.98220
17 120 0.98131
18 120 0.98330
19 120 0.98755
20 120 0.99353
21 120 1.00043
22 120 1.00683
23 120 1.01187
24 120 1.01477
25 120 1.01522
26 120 1.01332
27 120 1.00857
28 120 1.00513
29 120 1.00308
30 120 1.00129
31 120 1.00143
32 120 1.00157
33 120 1.00143
34 120 1.00129
35 120 1.00308
36 120 1.00513
37 120 1.00857
38 120 1.01332
39 120 1.01522
40 120 1.01477
41 120 1.01187
42 120 1.00683
43 120 1.00043
44 120 0.99353
45 120 0.98755
46 120 0.98330
47 120 0.98131
48 120 0.98220
49 120 0.98657
50 120 0.99435
51 120 1.00273
52 120 1.00796
53 120 1.00861
54 120 1.00782
55 120 1.00933
56 120 1.01078
57 120 1.00990
58 120 1.00851
59 120 1.00710
60 120 1.00519
61 120 1.00337
62 120 1.00200
63 120 1.00112
0 121 1.00512
1 121 1.00555
2 121 1.00674
3 121 1.00838
4 121 1.01012
5 121 1.01129
6 121 1.01137
7 121 1.01120
8 121 1.01072
9 121 1.00862
10 121 1.00739
11 121 1.00874
12 121 1.00816
13 121 1.00258
14 121 0.99385
15 121 0.98597
16 121 0.98183
17 121 0.98123
18 121 0.98338
19 121 0.98764
20 121 0.99358
21 121 1.00047
22 121 1.00692
23 121 1.01200
24 121 1.01492
25 121 1.01535
26 121 1.01349
27 121 1.00867
28 121 1.00511
29 121 1.00307
30 121 1.00133
31 121 1.00152
32 121 1.00167
33 121 1.00152
34 121 1.00133
35 121 1.00307
36 121 1.00511
37 121 1.00867
38 121 1.01349
39 121 1.01535
40 121 1.01492
41 121 1.01200
42 121 1.00692
43 121 1.00047
44 121 0.99358
45 121 0.98764
46 121 0.98338
47 121 0.98123
48 121 0.98183
49 121 0.98597
50 121 0.99385
51 121 1.00258
52 121 1.00816
53 121 1.00874
54 121 1.00739
55 121 1.00862
56 121 1.01072
57 121 1.01120
58 121 1.01137
59 121 1.01129
60 121 1.01012
61 121 1.00838
62 121 1.00674
63 121 1.00555
0 122 1.00931
1 122 1.00965
2 122 1.01050
3 122 1.01150
4 122 1.01228
5 122 1.01221
6 122 1.01106
7 122 1.01018
8 122 1.00965
9 122 1.00814
10 122 1.00780
11 122 1.00944
12 122 1.00820
13 122 1.00175
14 122 0.99271
15 122 0.98518
16 122 0.98160
17 122 0.98138
18 122 0.98359
19 122 0.98782
20 122 0.99375
21 122 1.00064
22 122 1.00710
23 122 1.01218
24 122 1.01509
25 122 1.01547
26 122 1.01361
27 122 1.00873
28 122 1.00505
29 122 1.00303
30 122 1.00136
31 122 1.00161
32 122 1.00179
33 122 1.00161
34 122 1.00136
35 122 1.00303
36 122 1.00505
37 122 1.00873
38 122 1.01361
39 122 1.01547
40 122 1.01509
41 122 1.01218
42 122 1.00710
43 122 1.00064
44 122 0.99375
45 122 0.98782
46 122 0.98359
47 122 0.98138
48 122 0.98160
49 122 0.98518
50 122 0.99271
51 122 1.00175
52 122 1.00820
53 122 1.00944
54 122 1.00780
55 122 1.00814
56 122 1.00965
57 122 1.01018
58 122 1.01106
59 122 1.01221
60 122 1.01228
61 122 1.01150
62 122 1.01050
63 122 1.00965
0 123 1.01056
1 123 1.01079
2 123 1.01132
3 123 1.01183
4 123 1.01207
5 123 1.01145
6 123 1.00998
7 123 1.00924
8 123 1.00920
9 123 1.00830
10 123 1.00840
11 123 1.00981
12 123 1.00767
13 123 1.00047
14 123 0.99147
15 123 0.98453
16 123 0.98153
17 123 0.98160
18 123 0.98382
19 123 0.98807
20 123 0.99404
21 123 1.00093
22 123 1.00737
23 123 1.01239
24 123 1.01526
25 123 1.01555
26 123 1.01368
27 123 1.00875
28 123 1.00496
29 123 1.00294
30 123 1.00137
31 123 1.00172
32 123 1.00192
33 123 1.00172
34 123 1.00137
35 123 1.00294
36 123 1.00496
37 123 1.00875
38 123 1.01368
39 123 1.01555
40 123 1.01526
41 123 1.01239
42 123 1.00737
43 123 1.00093
44 123 0.99404
45 123 0.98807
46 123 0.98382
47 123 0.98160
48 123 0.98153
49 123 0.98453
50 123 0.99147
51 123 1.00047
52 123 1.00767
53 123 1.00981
54 123 1.00840
55 123 1.00830
56 123 1.00920
57 123 1.00924
58 123 1.00998
59 123 1.01145
60 123 1.01207
61 123 1.01183
62 123 1.01132
63 123 1.01079
0 124 1.01105
1 124 1.01119
2 124 1.01149
3 124 1.01170
4 124 1.01165
5 124 1.01080
6 124 1.00931
7 124 1.00883
8 124 1.00915
9 124 1.00853
10 124 1.00871
11 124 1.00969
12 124 1.00670
13 124 0.99896
14 124 0.99022
15 124 0.98395
16 124 0.98151
17 124 0.98188
18 124 0.98417
19 124 0.98848
20 124 0.99450
21 124 1.00134
22 124 1.00771
23 124 1.01264
24 124 1.01544
25 124 1.01561
26 124 1.01370
27 124 1.00872
28 124 1.00483
29 124 1.00283
30 124 1.00138
31 124 1.00183
32 124 1.00205
33 124 1.00183
34 124 1.00138
35 124 1.00283
36 124 1.00483
37 124 1.00872
38 124 1.01370
39 124 1.01561
40 124 1.01544
41 124 1.01264
42 124 1.00771
43 124 1.00134
44 124 0.99450
45 124 0.98848
46 124 0.98417
47 124 0.98188
48 124 0.98151
49 124 0.98395
50 124 0.99022
51 124 0.99896
52 124 1.00670
53 124 1.00969
54 124 1.00871
55 124 1.00853
56 124 1.00915
57 124 1.00883
58 124 1.00931
59 124 1.01080
60 124 1.01165
61 124 1.01170
62 124 1.01149
63 124 1.01119
0 125 1.01127
1 125 1.01133
2 125 1.01138
3 125 1.01128
4 125 1.01097
5 125 1.00994
6 125 1.00851
7 125 1.00829
8 125 1.00884
9 125 1.00837
10 125 1.00852
11 125 1.00909
12 125 1.00536
13 125 0.99726
14 125 0.98896
15 125 0.98345
16 125 0.98159
17 125 0.98226
18 125 0.98465
19 125 0.98903
20 125 0.99507
21 125 1.00185
22 125 1.00811
23 125 1.01293
24 125 1.01561
25 125 1.01564
26 125 1.01367
27 125 1.00865
28 125 1.00466
29 125 1.00268
30 125 1.00138
31 125 1.00194
32 125 1.00219
33 125 1.00194
34 125 1.00138
35 125 1.00268
36 125 1.00466
37 125 1.00865
38 125 1.01367
39 125 1.01564
40 125 1.01561
41 125 1.01293
42 125 1.00811
43 125 1.00185
44 125 0.99507
45 125 0.98903
46 125 0.98465
47 125 0.98226
48 125 0.98159
49 125 0.98345
50 125 0.98896
51 125 0.99726
52 125 1.00536
53 125 1.00909
54 125 1.00852
55 125 1.00837
56 125 1.00884
57 125 1.00829
58 125 1.00851
59 125 1.00994
60 125 1.01097
61 125 1.01128
62 125 1.01138
63 125 1.01133
0 126 1.01048
1 126 1.01044
2 126 1.01025
3 126 1.00987
4 126 1.00937
5 126 1.00836
6 126 1.00719
7 126 1.00735
8 126 1.00815
9 126 1.00780
10 126 1.00792
11 126 1.00811
12 126 1.00374
13 126 0.99545
14 126 0.98773
15 126 0.98306
16 126 0.98177
17 126 0.98274
18 126 0.98525
19 126 0.98970
20 126 0.99576
21 126 1.00245
22 126 1.00858
23 126 1.01326
24 126 1.01578
25 126 1.01563
26 126 1.01359
27 126 1.00853
28 126 1.00446
29 126 1.00251
30 126 1.00138
31 126 1.00207
32 126 1.00233
33 126 1.00207
34 126 1.00138
35 126 1.00251
36 126 1.00446
37 126 1.00853
38 126 1.01359
39 126 1.01563
40 126 1.01578
41 126 1.01326
42 126 1.00858
43 126 1.00245
44 126 0.99576
45 126 0.98970
46 126 0.98525
47 126 0.98274
48 126 0.98177
49 126 0.98306
50 126 0.98773
51 126 0.99545
52 126 1.00374
53 126 1.00811
54 126 1.00792
55 126 1.00780
56 126 1.00815
57 126 1.00735
58 126 1.00719
59 126 1.00836
60 126 1.00937
61 126 1.00987
62 126 1.01025
63 126 1.01044
0 127 1.00869
1 127 1.00858
2 127 1.00821
3 127 1.00771
4 127 1.00730
5 127 1.00662
6 127 1.00595
7 127 1.00655
8 127 1.00753
9 127 1.00720
10 127 1.00722
11 127 1.00697
12 127 1.00200
13 127 0.99363
14 127 0.98662
15 127 0.98281
16 127 0.98207
17 127 0.98330
18 127 0.98594
19 127 0.99048
20 127 0.99654
21 127 1.00312
22 127 1.00910
23 127 1.01360
24 127 1.01594
25 127 1.01560
26 127 1.01346
27 127 1.00837
28 127 1.00423
29 127 1.00231
30 127 1.00136
31 127 1.00219
32 127 1.00247
33 127 1.00219
34 127 1.00136
35 127 1.00231
36 127 1.00423
37 127 1.00837
38 127 1.01346
39 127 1.01560
40 127 1.01594
41 127 1.01360
42 127 1.00910
43 127 1.00312
44 127 0.99654
45 127 0.99048
46 127 0.98594
47 127 0.98330
48 127 0.98207
49 127 0.98281
50 127 0.98662
51 127 0.99363
52 127 1.00200
53 127 1.00697
54 127 1.00722
55 127 1.00720
56 127 1.00753
57 127 1.00655
58 127 1.00595
59 127 1.00662
60 127 1.00730
61 127 1.00771
62 127 1.00821
63 127 1.00858
0 128 1.00669
1 128 1.00654
2 128 1.00614
3 128 1.00574
4 128 1.00565
5 128 1.00549
6 128 1.00541
7 128 1.00636
8 128 1.00731
9 128 1.00678
10 128 1.00653
11 128 1.00576
12 128 1.00020
13 128 0.99188
14 128 0.98568
15 128 0.98274
16 128 0.98249
17 128 0.98394
18 128 0.98671
19 128 0.99135
20 128 0.99741
21 128 1.00387
22 128 1.00967
23 128 1.01396
24 128 1.01609
25 128 1.01554
26 128 1.01327
27 128 1.00815
28 128 1.00398
29 128 1.00210
30 128 1.00135
31 128 1.00232
32 128 1.00261
33 128 1.00232
34 128 1.00135
35 128 1.00210
36 128 1.00398
37 128 1.00815
38 128 1.01327
39 128 1.01554
40 128 1.01609
41 128 1.01396
42 128 1.00967
43 128 1.00387
44 128 0.99741
45 128 0.99135
46 128 0.98671
47 128 0.98394
48 128 0.98249
49 128 0.98274
50 128 0.98568
51 128 0.99188
52 128 1.00020
53 128 1.00576
54 128 1.00653
55 128 1.00678
56 128 1.00731
57 128 1.00636
58 128 1.00541
59 128 1.00549
60 128 1.00565
61 128 1.00574
62 128 1.00614
63 128 1.00654
0 129 1.00491
1 129 1.00477
2 129 1.00444
3 129 1.00428
4 129 1.00462
5 129 1.00499
6 129 1.00536
7 129 1.00645
8 129 1.00714
9 129 1.00624
10 129 1.00565
11 129 1.00437
12 129 0.99831
13 129 0.99022
14 129 0.98492
15 129 0.98283
16 129 0.98302
17 129 0.98466
18 129 0.98758
19 129 0.99232
20 129 0.99836
21 129 1.00467
22 129 1.01026
23 129 1.01432
24 129 1.01622
25 129 1.01543
26 129 1.01302
27 129 1.00789
28 129 1.00370
29 129 1.00187
30 129 1.00133
31 129 1.00245
32 129 1.00276
33 129 1.00245
34 129 1.00133
35 129 1.00187
36 129 1.00370
37 129 1.00789
38 129 1.01302
39 129 1.01543
40 129 1.01622
41 129 1.01432
42 129 1.01026
43 129 1.00467
44 129 0.99836
45 129 0.99232
46 129 0.98758
47 129 0.98466
48 129 0.98302
49 129 0.98283
50 129 0.98492
51 129 0.99022
52 129 0.99831
53 129 1.00437
54 129 1.00565
55 129 1.00624
56 129 1.00714
57 129 1.00645
58 129 1.00536
59 129 1.00499
60 129 1.00462
61 129 1.00428
62 129 1.00444
63 129 1.00477
0 130 1.00373
1 130 1.00363
2 130 1.00344
3 130 1.00356
4 130 1.00429
5 130 1.00501
6 130 1.00558
7 130 1.00653
8 130 1.00677
9 130 1.00544
10 130 1.00455
11 130 1.00285
12 130 0.99644
13 130 0.98875
14 130 0.98443
15 130 0.98314
16 130 0.98368
17 130 0.98547
18 130 0.98853
19 130 0.99337
20 130 0.99937
21 130 1.00550
22 130 1.01086
23 130 1.01467
24 130 1.01632
25 130 1.01528
26 130 1.01272
27 130 1.00759
28 130 1.00341
29 130 1.00164
30 130 1.00132
31 130 1.00259
32 130 1.00290
33 130 1.00259
34 130 1.00132
35 130 1.00164
36 130 1.00341
37 130 1.00759
38 130 1.01272
39 130 1.01528
40 130 1.01632
41 130 1.01467
42 130 1.01086
43 130 1.00550
44 130 0.99937
45 130 0.99337
46 130 0.98853
47 130 0.98547
48 130 0.98368
49 130 0.98314
50 130 0.98443
51 130 0.98875
52 130 0.99644
53 130 1.00285
54 130 1.00455
55 130 1.00544
56 130 1.00677
57 130 1.00653
58 130 1.00558
59 130 1.00501
60 130 1.00429
61 130 1.00356
62 130 1.00344
63 130 1.00363
0 131 1.00342
1 131 1.00336
2 131 1.00331
3 131 1.00366
4 131 1.00463
5 131 1.00545
6 131 1.00591
7 131 1.00647
8 131 1.00613
9 131 1.00439
10 131 1.00334
11 131 1.00131
12 131 0.99466
13 131 0.98752
14 131 0.98421
15 131 0.98361
16 131 0.98443
17 131 0.98634
18 131 0.98955
19 131 0.99447
20 131 1.00040
21 131 1.00634
22 131 1.01146
23 131 1.01500
24 131 1.01638
25 131 1.01509
26 131 1.01236
27 131 1.00725
28 131 1.00309
29 131 1.00139
30 131 1.00130
31 131 1.00273
32 131 1.00304
33 131 1.00273
34 131 1.00130
35 131 1.00139
36 131 1.00309
37 131 1.00725
38 131 1.01236
39 131 1.01509
40 131 1.01638
41 131 1.01500
42 131 1.01146
43 131 1.00634
44 131 1.00040
45 131 0.99447
46 131 0.98955
47 131 0.98634
48 131 0.98443
49 131 0.98361
50 131 0.98421
51 131 0.98752
52 131 0.99466
53 131 1.00131
54 131 1.00334
55 131 1.00439
56 131 1.00613
57 131 1.00647
58 131 1.00591
59 131 1.00545
60 131 1.00463
61 131 1.00366
62 131 1.00331
63 131 1.00336
0 132 1.00374
1 132 1.00372
2 132 1.00379
3 132 1.00431
4 132 1.00536
5 132 1.00603
6 132 1.00612
7 132 1.00614
8 132 1.00520
9 132 1.00317
10 132 1.00212
11 132 0.99985
12 132 0.99306
13 132 0.98657
14 132 0.98425
15 132 0.98425
16 132 0.98526
17 132 0.98726
18 132 0.99063
19 132 0.99561
20 132 1.00144
21 132 1.00718
22 132 1.01205
23 132 1.01530
24 132 1.01640
25 132 1.01486
26 132 1.01196
27 132 1.00688
28 132 1.00278
29 132 1.00116
30 132 1.00129
31 132 1.00287
32 132 1.00318
33 132 1.00287
34 132 1.00129
35 132 1.00116
36 132 1.00278
37 132 1.00688
38 132 1.01196
39 132 1.01486
40 132 1.01640
41 132 1.01530
42 132 1.01205
43 132 1.00718
44 132 1.00144
45 132 0.99561
46 132 0.99063
47 132 0.98726
48 132 0.98526
49 132 0.98425
50 132 0.98425
51 132 0.98657
52 132 0.99306
53 132 0.99985
54 132 1.00212
55 132 1.00317
56 132 1.00520
57 132 1.00614
58 132 1.00612
59 132 1.00603
60 132 1.00536
61 132 1.00431
62 132 1.00379
63 132 1.00372
0 133 1.00421
1 133 1.00422
2 133 1.00439
3 133 1.00503
4 133 1.00601
5 133 1.00636
6 133 1.00598
7 133 1.00545
8 133 1.00403
9 133 1.00191
10 133 1.00097
11 133 0.99851
12 133 0.99165
13 133 0.98589
14 133 0.98453
15 133 0.98499
16 133 0.98614
17 133 0.98823
18 133 0.99175
19 133 0.99678
20 133 1.00247
21 133 1.00800
22 133 1.01262
23 133 1.01556
24 133 1.01637
25 133 1.01457
26 133 1.01151
27 133 1.00647
28 133 1.00245
29 133 1.00092
30 133 1.00129
31 133 1.00301
32 133 1.00332
33 133 1.00301
34 133 1.00129
35 133 1.00092
36 133 1.00245
37 133 1.00647
38 133 1.01151
39 133 1.01457
40 133 1.01637
41 133 1.01556
42 133 1.01262
43 133 1.00800
44 133 1.00247
45 133 0.99678
46 133 0.99175
47 133 0.98823
48 133 0.98614
49 133 0.98499
50 133 0.98453
51 133 0.98589
52 133 0.99165
53 133 0.99851
54 133 1.00097
55 133 1.00191
56 133 1.00403
57 133 1.00545
58 133 1.00598
59 133 1.00636
60 133 1.00601
61 133 1.00503
62 133 1.00439
63 133 1.00422
0 134 1.00434
1 134 1.00441
2 134 1.00469
3 134 1.00539
4 134 1.00623
5 134 1.00621
6 134 1.00536
7 134 1.00438
8 134 1.00271
9 134 1.00072
10 134 0.99999
11 134 0.99732
12 134 0.99043
13 134 0.98546
14 134 0.98499
15 134 0.98583
16 134 0.98705
17 134 0.98924
18 134 0.99290
19 134 0.99796
20 134 1.00352
21 134 1.00883
22 134 1.01316
23 134 1.01579
24 134 1.01629
25 134 1.01424
26 134 1.01102
27 134 1.00603
28 134 1.00213
29 134 1.00070
30 134 1.00129
31 134 1.00316
32 134 1.00347
33 134 1.00316
34 134 1.00129
35 134 1.00070
36 134 1.00213
37 134 1.00603
38 134 1.01102
39 134 1.01424
40 134 1.01629
41 134 1.01579
42 134 1.01316
43 134 1.00883
44 134 1.00352
45 134 0.99796
46 134 0.99290
47 134 0.98924
48 134 0.98705
49 134 0.98583
50 134 0.98499
51 134 0.98546
52 134 0.99043
53 134 0.99732
54 134 0.99999
55 134 1.00072
56 134 1.00271
57 134 1.00438
58 134 1.00536
59 134 1.00621
60 134 1.00623
61 134 1.00539
62 134 1.00469
63 134 1.00441
0 135 1.00393
1 135 1.00405
2 135 1.00445
3 135 1.00519
4 135 1.00586
5 135 1.00549
6 135 1.00429
7 135 1.00310
8 135 1.00142
9 135 0.99976
10 135 0.99923
11 135 0.99628
12 135 0.98942
13 135 0.98526
14 135 0.98562
15 135 0.98673
16 135 0.98800
17 135 0.99028
18 135 0.99408
19 135 0.99915
20 135 1.00455
21 135 1.00963
22 135 1.01368
23 135 1.01596
24 135 1.01616
25 135 1.01387
26 135 1.01049
27 135 1.00557
28 135 1.00181
29 135 1.00050
30 135 1.00130
31 135 1.00331
32 135 1.00361
33 135 1.00331
34 135 1.00130
35 135 1.00050
36 135 1.00181
37 135 1.00557
38 135 1.01049
39 135 1.01387
40 135 1.01616
41 135 1.01596
42 135 1.01368
43 135 1.00963
44 135 1.00455
45 135 0.99915
46 135 0.99408
47 135 0.99028
48 135 0.98800
49 135 0.98673
50 135 0.98562
51 135 0.98526
52 135 0.98942
53 135 0.99628
54 135 0.99923
55 135 0.99976
56 135 1.00142
57 135 1.00310
58 135 1.00429
59 135 1.00549
60 135 1.00586
61 135 1.00519
62 135 1.00445
63 135 1.00405
0 136 1.00299
1 136 1.00317
2 136 1.00369
3 136 1.00446
4 136 1.00497
5 136 1.00433
6 136 1.00298
7 136 1.00182
8 136 1.00036
9 136 0.99911
10 136 0.99870
11 136 0.99537
12 136 0.98858
13 136 0.98527
14 136 0.98636
15 136 0.98766
16 136 0.98896
17 136 0.99135
18 136 0.99529
19 136 1.00034
20 136 1.00558
21 136 1.01041
22 136 1.01415
23 136 1.01609
24 136 1.01597
25 136 1.01345
26 136 1.00992
27 136 1.00510
28 136 1.00151
29 136 1.00032
30 136 1.00133
31 136 1.00346
32 136 1.00375
33 136 1.00346
34 136 1.00133
35 136 1.00032
36 136 1.00151
37 136 1.00510
38 136 1.00992
39 136 1.01345
40 136 1.01597
41 136 1.01609
42 136 1.01415
43 136 1.01041
44 136 1.00558
45 136 1.00034
46 136 0.99529
47 136 0.99135
48 136 0.98896
49 136 0.98766
50 136 0.98636
51 136 0.98527
52 136 0.98858
53 136 0.99537
54 136 0.99870
55 136 0.99911
56 136 1.00036
57 136 1.00182
58 136 1.00298
59 136 1.00433
60 136 1.00497
61 136 1.00446
62 136 1.00369
63 136 1.00317
0 137 1.00174
1 137 1.00197
2 137 1.00260
3 137 1.00338
4 137 1.00375
5 137 1.00298
6 137 1.00167
7 137 1.00075
8 137 0.99966
9 137 0.99879
10 137 0.99831
11 137 0.99451
12 137 0.98787
13 137 0.98544
14 137 0.98717
15 137 0.98859
16 137 0.98992
17 137 0.99246
18 137 0.99651
19 137 1.00152
20 137 1.00658
21 137 1.01114
22 137 1.01457
23 137 1.01615
24 137 1.01572
25 137 1.01297
26 137 1.00931
27 137 1.00461
28 137 1.00121
29 137 1.00016
30 137 1.00137
31 137 1.00360
32 137 1.00388
33 137 1.00360
34 137 1.00137
35 137 1.00016
36 137 1.00121
37 137 1.00461
38 137 1.00931
39 137 1.01297
40 137 1.01572
41 137 1.01615
42 137 1.01457
43 137 1.01114
44 137 1.00658
45 137 1.00152
46 137 0.99651
47 137 0.99246
48 137 0.98992
49 137 0.98859
50 137 0.98717
51 137 0.98544
52 137 0.98787
53 137 0.99451
54 137 0.99831
55 137 0.99879
56 137 0.99966
57 137 1.00075
58 137 1.00167
59 137 1.00298
60 137 1.00375
61 137 1.00338
62 137 1.00260
63 137 1.00197
0 138 1.00047
1 138 1.00074
2 138 1.00143
3 138 1.00220
4 138 1.00249
5 138 1.00171
6 138 1.00062
7 138 1.00003
8 138 0.99932
9 138 0.99871
10 138 0.99796
11 138 0.99363
12 138 0.98727
13 138 0.98579
14 138 0.98806
15 138 0.98951
16 138 0.99090
17 138 0.99359
18 138 0.99772
19 138 1.00267
20 138 1.00753
21 138 1.01182
22 138 1.01492
23 138 1.01616
24 138 1.01540
25 138 1.01243
26 138 1.00867
27 138 1.00412
28 138 1.00094
29 138 1.00003
30 138 1.00142
31 138 1.00374
32 138 1.00401
33 138 1.00374
34 138 1.00142
35 138 1.00003
36 138 1.00094
37 138 1.00412
38 138 1.00867
39 138 1.01243
40 138 1.01540
41 138 1.01616
42 138 1.01492
43 138 1.01182
44 138 1.00753
45 138 1.00267
46 138 0.99772
47 138 0.99359
48 138 0.99090
49 138 0.98951
50 138 0.98806
51 138 0.98579
52 138 0.98727
53 138 0.99363
54 138 0.99796
55 138 0.99871
56 138 0.99932
57 138 1.00003
58 138 1.00062
59 138 1.00171
60 138 1.00249
61 138 1.00220
62 138 1.00143
63 138 1.00074
0 139 0.99943
1 139 0.99972
2 139 1.00043
3 139 1.00118
4 139 1.00144
5 139 1.00076
6 139 0.99997
7 139 0.99972
8 139 0.99928
9 139 0.99874
10 139 0.99751
11 139 0.99267
12 139 0.98678
13 139 0.98632
14 139 0.98902
15 139 0.99043
16 139 0.99188
17 139 0.99473
18 139 0.99893
19 139 1.00376
20 139 1.00843
21 139 1.01244
22 139 1.01521
23 139 1.01612
24 139 1.01503
25 139 1.01184
26 139 1.00801
27 139 1.00363
28 139 1.00069
29 139 0.99993
30 139 1.00148
31 139 1.00388
32 139 1.00412
33 139 1.00388
34 139 1.00148
35 139 0.99993
36 139 1.00069
37 139 1.00363
38 139 1.00801
39 139 1.01184
40 139 1.01503
41 139 1.01612
42 139 1.01521
43 139 1.01244
44 139 1.00843
45 139 1.00376
46 139 0.99893
47 139 0.99473
48 139 0.99188
49 139 0.99043
50 139 0.98902
51 139 0.98632
52 139 0.98678
53 139 0.99267
54 139 0.99751
55 139 0.99874
56 139 0.99928
57 139 0.99972
58 139 0.99997
59 139 1.00076
60 139 1.00144
61 139 1.00118
62 139 1.00043
63 139 0.99972
0 140 0.99888
1 140 0.99917
2 140 0.99985
3 140 1.00055
4 140 1.00077
5 140 1.00025
6 140 0.99978
7 140 0.99978
8 140 0.99945
9 140 0.99875
10 140 0.99690
11 140 0.99165
12 140 0.98643
13 140 0.98704
14 140 0.99006
15 140 0.99135
16 140 0.99288
17 140 0.99590
18 140 1.00012
19 140 1.00482
20 140 1.00928
21 140 1.01299
22 140 1.01543
23 140 1.01601
24 140 1.01460
25 140 1.01122
26 140 1.00733
27 140 1.00314
28 140 1.00048
29 140 0.99987
30 140 1.00156
31 140 1.00400
32 140 1.00423
33 140 1.00400
34 140 1.00156
35 140 0.99987
36 140 1.00048
37 140 1.00314
38 140 1.00733
39 140 1.01122
40 140 1.01460
41 140 1.01601
42 140 1.01543
43 140 1.01299
44 140 1.00928
45 140 1.00482
46 140 1.00012
47 140 0.99590
48 140 0.99288
49 140 0.99135
50 140 0.99006
51 140 0.98704
52 140 0.98643
53 140 0.99165
54 140 0.99690
55 140 0.99875
56 140 0.99945
57 140 0.99978
58 140 0.99978
59 140 1.00025
60 140 1.00077
61 140 1.00055
62 140 0.99985
63 140 0.99917
0 141 0.99903
1 141 0.99928
2 141 0.99986
3 141 1.00042
4 141 1.00056
5 141 1.00018
6 141 0.99996
7 141 1.00009
8 141 0.99967
9 141 0.99862
10 141 0.99609
11 141 0.99060
12 141 0.98629
13 141 0.98796
14 141 0.99115
15 141 0.99227
16 141 0.99389
17 141 0.99707
18 141 1.00130
19 141 1.00583
20 141 1.01007
21 141 1.01348
22 141 1.01557
23 141 1.01582
24 141 1.01411
25 141 1.01055
26 141 1.00665
27 141 1.00266
28 141 1.00029
29 141 0.99984
30 141 1.00165
31 141 1.00412
32 141 1.00431
33 141 1.00412
34 141 1.00165
35 141 0.99984
36 141 1.00029
37 141 1.00266
38 141 1.00665
39 141 1.01055
40 141 1.01411
41 141 1.01582
42 141 1.01557
43 141 1.01348
44 141 1.01007
45 141 1.00583
46 141 1.00130
47 141 0.99707
48 141 0.99389
49 141 0.99227
50 141 0.99115
51 141 0.98796
52 141 0.98629
53 141 0.99060
54 141 0.99609
55 141 0.99862
56 141 0.99967
57 141 1.00009
58 141 0.99996
59 141 1.00018
60 141 1.00056
61 141 1.00042
62 141 0.99986
63 141 0.99928
0 142 0.99974
1 142 0.99993
2 142 1.00034
3 142 1.00068
4 142 1.00072
5 142 1.00044
6 142 1.00037
7 142 1.00046
8 142 0.99979
9 142 0.99823
10 142 0.99506
11 142 0.98962
12 142 0.98642
13 142 0.98907
14 142 0.99227
15 142 0.99319
16 142 0.99491
17 142 0.99823
18 142 1.00246
19 142 1.00680
20 142 1.01080
21 142 1.01391
22 142 1.01564
23 142 1.01556
24 142 1.01356
25 142 1.00986
26 142 1.00596
27 142 1.00221
28 142 1.00013
29 142 0.99985
30 142 1.00176
31 142 1.00423
32 142 1.00439
33 142 1.00423
34 142 1.00176
35 142 0.99985
36 142 1.00013
37 142 1.00221
38 142 1.00596
39 142 1.00986
40 142 1.01356
41 142 1.01556
42 142 1.01564
43 142 1.01391
44 142 1.01080
45 142 1.00680
46 142 1.00246
47 142 0.99823
48 142 0.99491
49 142 0.99319
50 142 0.99227
51 142 0.98907
52 142 0.98642
53 142 0.98962
54 142 0.99506
55 142 0.99823
56 142 0.99979
57 142 1.00046
58 142 1.00037
59 142 1.00044
60 142 1.00072
61 142 1.00068
62 142 1.00034
63 142 0.99993
0 143 1.00078
1 143 1.00089
2 143 1.00108
3 143 1.00118
4 143 1.00112
5 143 1.00090
6 143 1.00084
7 143 1.00072
8 143 0.99965
9 143 0.99753
10 143 0.99385
11 143 0.98877
12 143 0.98687
13 143 0.99037
14 143 0.99341
15 143 0.99412
16 143 0.99595
17 143 0.99938
18 143 1.00356
19 143 1.00771
20 143 1.01147
21 143 1.01426
22 143 1.01564
23 143 1.01524
24 143 1.01297
25 143 1.00913
26 143 1.00527
27 143 1.00177
28 143 1.00001
29 143 0.99990
30 143 1.00188
31 143 1.00433
32 143 1.00445
33 143 1.00433
34 143 1.00188
35 143 0.99990
36 143 1.00001
37 143 1.00177
38 143 1.00527
39 143 1.00913
40 143 1.01297
41 143 1.01524
42 143 1.01564
43 143 1.01426
44 143 1.01147
45 143 1.00771
46 143 1.00356
47 143 0.99938
48 143 0.99595
49 143 0.99412
50 143 0.99341
51 143 0.99037
52 143 0.98687
53 143 0.98877
54 143 0.99385
55 143 0.99753
56 143 0.99965
57 143 1.00072
58 143 1.00084
59 143 1.00090
60 143 1.00112
61 143 1.00118
62 143 1.00108
63 143 1.00089
0 144 1.00202
1 144 1.00203
2 144 1.00198
3 144 1.00184
4 144 1.00166
5 144 1.00141
6 144 1.00122
7 144 1.00073
8 144 0.99917
9 144 0.99651
10 144 0.99257
11 144 0.98821
12 144 0.98771
13 144 0.99186
14 144 0.99455
15 144 0.99503
16 144 0.99700
17 144 1.00051
18 144 1.00461
19 144 1.00856
20 144 1.01207
21 144 1.01455
22 144 1.01556
23 144 1.01484
24 144 1.01232
25 144 1.00838
26 144 1.00459
27 144 1.00135
28 144 0.99994
29 144 0.99999
30 144 1.00201
31 144 1.00442
32 144 1.00449
33 144 1.00442
34 144 1.00201
35 144 0.99999
36 144 0.99994
37 144 1.00135
38 144 1.00459
39 144 1.00838
40 144 1.01232
41 144 1.01484
42 144 1.01556
43 144 1.01455
44 144 1.01207
45 144 1.00856
46 144 1.00461
47 144 1.00051
48 144 0.99700
49 144 0.99503
50 144 0.99455
51 144 0.99186
52 144 0.98771
53 144 0.98821
54 144 0.99257
55 144 0.99651
56 144 0.99917
57 144 1.00073
58 144 1.00122
59 144 1.00141
60 144 1.00166
61 144 1.00184
62 144 1.00198
63 144 1.00203
0 145 1.00314
1 145 1.00306
2 145 1.00282
3 145 1.00249
4 145 1.00221
5 145 1.00185
6 145 1.00137
7 145 1.00041
8 145 0.99833
9 145 0.99524
10 145 0.99136
11 145 0.98803
12 145 0.98893
13 145 0.99344
14 145 0.99561
15 145 0.99591
16 145 0.99805
17 145 1.00161
18 145 1.00560
19 145 1.00935
20 145 1.01259
21 145 1.01476
22 145 1.01541
23 145 1.01437
24 145 1.01162
25 145 1.00762
26 145 1.00393
27 145 1.00097
28 145 0.99989
29 145 1.00011
30 145 1.00216
31 145 1.00449
32 145 1.00451
33 145 1.00449
34 145 1.00216
35 145 1.00011
36 145 0.99989
37 145 1.00097
38 145 1.00393
39 145 1.00762
40 145 1.01162
41 145 1.01437
42 145 1.01541
43 145 1.01476
44 145 1.01259
45 145 1.00935
46 145 1.00560
47 145 1.00161
48 145 0.99805
49 145 0.99591
50 145 0.99561
51 145 0.99344
52 145 0.98893
53 145 0.98803
54 145 0.99136
55 145 0.99524
56 145 0.99833
57 145 1.00041
58 145 1.00137
59 145 1.00185
60 145 1.00221
61 145 1.00249
62 145 1.00282
63 145 1.00306
0 146 1.00398
1 146 1.00385
2 146 1.00349
3 146 1.00306
4 146 1.00268
5 146 1.00210
6 146 1.00123
7 146 0.99974
8 146 0.99719
9 146 0.99388
10 146 0.99039
11 146 0.98833
12 146 0.99049
13 146 0.99503
14 146 0.99656
15 146 0.99673
16 146 0.99908
17 146 1.00268
18 146 1.00653
19 146 1.01006
20 146 1.01303
21 146 1.01489
22 146 1.01520
23 146 1.01384
24 146 1.01088
25 146 1.00686
26 146 1.00329
27 146 1.00063
28 146 0.99990
29 146 1.00027
30 146 1.00232
31 146 1.00454
32 146 1.00451
33 146 1.00454
34 146 1.00232
35 146 1.00027
36 146 0.99990
37 146 1.00063
38 146 1.00329
39 146 1.00686
40 146 1.01088
41 146 1.01384
42 146 1.01520
43 146 1.01489
44 146 1.01303
45 146 1.01006
46 146 1.00653
47 146 1.00268
48 146 0.99908
49 146 0.99673
50 146 0.99656
51 146 0.99503
52 146 0.99049
53 146 0.98833
54 146 0.99039
55 146 0.99388
56 146 0.99719
57 146 0.99974
58 146 1.00123
59 146 1.00210
60 146 1.00268
61 146 1.00306
62 146 1.00349
63 146 1.00385
0 147 1.00448
1 147 1.00433
2 147 1.00392
3 147 1.00343
4 147 1.00290
5 147 1.00202
6 147 1.00068
7 147 0.99870
8 147 0.99582
9 147 0.99259
10 147 0.98983
11 147 0.98916
12 147 0.99231
13 147 0.99654
14 147 0.99736
15 147 0.99747
16 147 1.00007
17 147 1.00371
18 147 1.00739
19 147 1.01070
20 147 1.01339
21 147 1.01491
22 147 1.01490
23 147 1.01325
24 147 1.01011
25 147 1.00609
26 147 1.00268
27 147 1.00032
28 147 0.99994
29 147 1.00046
30 147 1.00248
31 147 1.00458
32 147 1.00449
33 147 1.00458
34 147 1.00248
35 147 1.00046
36 147 0.99994
37 147 1.00032
38 147 1.00268
39 147 1.00609
40 147 1.01011
41 147 1.01325
42 147 1.01490
43 147 1.01491
44 147 1.01339
45 147 1.01070
46 147 1.00739
47 147 1.00371
48 147 1.00007
49 147 0.99747
50 147 0.99736
51 147 0.99654
52 147 0.99231
53 147 0.98916
54 147 0.98983
55 147 0.99259
56 147 0.99582
57 147 0.99870
58 147 1.00068
59 147 1.00202
60 147 1.00290
61 147 1.00343
62 147 1.00392
63 147 1.00433
0 148 1.00457
1 148 1.00441
2 148 1.00398
3 148 1.00341
4 148 1.00267
5 148 1.00143
6 148 0.99966
7 148 0.99732
8 148 0.99437
9 148 0.99154
10 148 0.98983
11 148 0.99052
12 148 0.99427
13 148 0.99787
14 148 0.99798
15 148 0.99818
16 148 1.00105
17 148 1.00469
18 148 1.00819
19 148 1.01127
20 148 1.01366
21 148 1.01485
22 148 1.01453
23 148 1.01261
24 148 1.00931
25 148 1.00534
26 148 1.00210
27 148 1.00007
28 148 1.00003
29 148 1.00069
30 148 1.00265
31 148 1.00461
32 148 1.00446
33 148 1.00461
34 148 1.00265
35 148 1.00069
36 148 1.00003
37 148 1.00007
38 148 1.00210
39 148 1.00534
40 148 1.00931
41 148 1.01261
42 148 1.01453
43 148 1.01485
44 148 1.01366
45 148 1.01127
46 148 1.00819
47 148 1.00469
48 148 1.00105
49 148 0.99818
50 148 0.99798
51 148 0.99787
52 148 0.99427
53 148 0.99052
54 148 0.98983
55 148 0.99154
56 148 0.99437
57 148 0.99732
58 148 0.99966
59 148 1.00143
60 148 1.00267
61 148 1.00341
62 148 1.00398
63 148 1.00441
0 149 1.00413
1 149 1.00396
2 149 1.00350
3 149 1.00281
4 149 1.00182
5 149 1.00025
6 149 0.99820
7 149 0.99575
8 149 0.99304
9 149 0.99094
10 149 0.99047
11 149 0.99232
12 149 0.99621
13 149 0.99892
14 149 0.99845
15 149 0.99888
16 149 1.00203
17 149 1.00562
18 149 1.00891
19 149 1.01177
20 149 1.01387
21 149 1.01472
22 149 1.01410
23 149 1.01192
24 149 1.00849
25 149 1.00459
26 149 1.00156
27 149 0.99987
28 149 1.00015
29 149 1.00094
30 149 1.00282
31 149 1.00461
32 149 1.00441
33 149 1.00461
34 149 1.00282
35 149 1.00094
36 149 1.00015
37 149 0.99987
38 149 1.00156
39 149 1.00459
40 149 1.00849
41 149 1.01192
42 149 1.01410
43 149 1.01472
44 149 1.01387
45 149 1.01177
46 149 1.00891
47 149 1.00562
48 149 1.00203
49 149 0.99888
50 149 0.99845
51 149 0.99892
52 149 0.99621
53 149 0.99232
54 149 0.99047
55 149 0.99094
56 149 0.99304
57 149 0.99575
58 149 0.99820
59 149 1.00025
60 149 1.00182
61 149 1.00281
62 149 1.00350
63 149 1.00396
0 150 1.00298
1 150 1.00281
2 150 1.00231
3 150 1.00152
4 150 1.00035
5 150 0.99861
6 150 0.99652
7 150 0.99428
8 150 0.99211
9 150 0.99099
10 150 0.99175
11 150 0.99439
12 150 0.99796
13 150 0.99966
14 150 0.99881
15 150 0.99963
16 150 1.00304
17 150 1.00653
18 150 1.00959
19 150 1.01222
20 150 1.01402
21 150 1.01452
22 150 1.01359
23 150 1.01117
24 150 1.00764
25 150 1.00385
26 150 1.00106
27 150 0.99972
28 150 1.00031
29 150 1.00122
30 150 1.00299
31 150 1.00460
32 150 1.00433
33 150 1.00460
34 150 1.00299
35 150 1.00122
36 150 1.00031
37 150 0.99972
38 150 1.00106
39 150 1.00385
40 150 1.00764
41 150 1.01117
42 150 1.01359
43 150 1.01452
44 150 1.01402
45 150 1.01222
46 150 1.00959
47 150 1.00653
48 150 1.00304
49 150 0.99963
50 150 0.99881
51 150 0.99966
52 150 0.99796
53 150 0.99439
54 150 0.99175
55 150 0.99099
56 150 0.99211
57 150 0.99428
58 150 0.99652
59 150 0.99861
60 150 1.00035
61 150 1.00152
62 150 1.00231
63 150 1.00281
0 151 1.00116
1 151 1.00099
2 151 1.00051
3 151 0.99971
4 151 0.99852
5 151 0.99686
6 151 0.99502
7 151 0.99323
8 151 0.99184
9 151 0.99180
10 151 0.99355
11 151 0.99648
12 151 0.99934
13 151 1.00007
14 151 0.99911
15 151 1.00045
16 151 1.00408
17 151 1.00740
18 151 1.01020
19 151 1.01260
20 151 1.01409
21 151 1.01425
22 151 1.01301
23 151 1.01036
24 151 1.00678
25 151 1.00314
26 151 1.00061
27 151 0.99963
28 151 1.00051
29 151 1.00151
30 151 1.00316
31 151 1.00457
32 151 1.00424
33 151 1.00457
34 151 1.00316
35 151 1.00151
36 151 1.00051
37 151 0.99963
38 151 1.00061
39 151 1.00314
40 151 1.00678
41 151 1.01036
42 151 1.01301
43 151 1.01425
44 151 1.01409
45 151 1.01260
46 151 1.01020
47 151 1.00740
48 151 1.00408
49 151 1.00045
50 151 0.99911
51 151 1.00007
52 151 0.99934
53 151 0.99648
54 151 0.99355
55 151 0.99180
56 151 0.99184
57 151 0.99323
58 151 0.99502
59 151 0.99686
60 151 0.99852
61 151 0.99971
62 151 1.00051
63 151 1.00099
0 152 0.99903
1 152 0.99889
2 152 0.99850
3 152 0.99783
4 152 0.99683
5 152 0.99547
6 152 0.99405
7 152 0.99287
8 152 0.99235
9 152 0.99330
10 152 0.99563
11 152 0.99834
12 152 1.00028
13 152 1.00022
14 152 0.99945
15 152 1.00139
16 152 1.00512
17 152 1.00821
18 152 1.01075
19 152 1.01290
20 152 1.01408
21 152 1.01391
22 152 1.01237
23 152 1.00952
24 152 1.00593
25 152 1.00247
26 152 1.00023
27 152 0.99959
28 152 1.00075
29 152 1.00182
30 152 1.00333
31 152 1.00453
32 152 1.00414
33 152 1.00453
34 152 1.00333
35 152 1.00182
36 152 1.00075
37 152 0.99959
38 152 1.00023
39 152 1.00247
40 152 1.00593
41 152 1.00952
42 152 1.01237
43 152 1.01391
44 152 1.01408
45 152 1.01290
46 152 1.01075
47 152 1.00821
48 152 1.00512
49 152 1.00139
50 152 0.99945
51 152 1.00022
52 152 1.00028
53 152 0.99834
54 152 0.99563
55 152 0.99330
56 152 0.99235
57 152 0.99287
58 152 0.99405
59 152 0.99547
60 152 0.99683
61 152 0.99783
62 152 0.99850
63 152 0.99889
0 153 0.99726
1 153 0.99718
2 153 0.99693
3 153 0.99647
4 153 0.99574
5 153 0.99474
6 153 0.99380
7 153 0.99326
8 153 0.99357
9 153 0.99522
10 153 0.99767
11 153 0.99976
12 153 1.00076
13 153 1.00022
14 153 0.99991
15 153 1.00243
16 153 1.00614
17 153 1.00892
18 153 1.01121
19 153 1.01311
20 153 1.01396
21 153 1.01347
22 153 1.01166
23 153 1.00865
24 153 1.00509
25 153 1.00184
26 153 0.99990
27 153 0.99961
28 153 1.00100
29 153 1.00213
30 153 1.00349
31 153 1.00448
32 153 1.00403
33 153 1.00448
34 153 1.00349
35 153 1.00213
36 153 1.00100
37 153 0.99961
38 153 0.99990
39 153 1.00184
40 153 1.00509
41 153 1.00865
42 153 1.01166
43 153 1.01347
44 153 1.01396
45 153 1.01311
46 153 1.01121
47 153 1.00892
48 153 1.00614
49 153 1.00243
50 153 0.99991
51 153 1.00022
52 153 1.00076
53 153 0.99976
54 153 0.99767
55 153 0.99522
56 153 0.99357
57 153 0.99326
58 153 0.99380
59 153 0.99474
60 153 0.99574
61 153 0.99647
62 153 0.99693
63 153 0.99718
0 154 0.99644
1 154 0.99639
2 154 0.99627
3 154 0.99599
4 154 0.99548
5 154 0.99478
6 154 0.99426
7 154 0.99431
8 154 0.99526
9 154 0.99724
10 154 0.99937
11 154 1.00064
12 154 1.00088
13 154 1.00022
14 154 1.00056
15 154 1.00357
16 154 1.00709
17 154 1.00953
18 154 1.01160
19 154 1.01322
20 154 1.01373
21 154 1.01295
22 154 1.01089
23 154 1.00775
24 154 1.00427
25 154 1.00126
26 154 0.99965
27 154 0.99969
28 154 1.00129
29 154 1.00244
30 154 1.00363
31 154 1.00442
32 154 1.00391
33 154 1.00442
34 154 1.00363
35 154 1.00244
36 154 1.00129
37 154 0.99969
38 154 0.99965
39 154 1.00126
40 154 1.00427
41 154 1.00775
42 154 1.01089
43 154 1.01295
44 154 1.01373
45 154 1.01322
46 154 1.01160
47 154 1.00953
48 154 1.00709
49 154 1.00357
50 154 1.00056
51 154 1.00022
52 154 1.00088
53 154 1.00064
54 154 0.99937
55 154 0.99724
56 154 0.99526
57 154 0.99431
58 154 0.99426
59 154 0.99478
60 154 0.99548
61 154 0.99599
62 154 0.99627
63 154 0.99639
0 155 0.99653
1 155 0.99651
2 155 0.99643
3 155 0.99623
4 155 0.99584
5 155 0.99538
6 155 0.99524
7 155 0.99578
8 155 0.99711
9 155 0.99901
10 155 1.00051
11 155 1.00100
12 155 1.00078
13 155 1.00035
14 155 1.00140
15 155 1.00473
16 155 1.00795
17 155 1.01004
18 155 1.01190
19 155 1.01325
20 155 1.01342
21 155 1.01233
22 155 1.01004
23 155 1.00683
24 155 1.00347
25 155 1.00074
26 155 0.99948
27 155 0.99983
28 155 1.00160
29 155 1.00275
30 155 1.00377
31 155 1.00434
32 155 1.00380
33 155 1.00434
34 155 1.00377
35 155 1.00275
36 155 1.00160
37 155 0.99983
38 155 0.99948
39 155 1.00074
40 155 1.00347
41 155 1.00683
42 155 1.01004
43 155 1.01233
44 155 1.01342
45 155 1.01325
46 155 1.01190
47 155 1.01004
48 155 1.00795
49 155 1.00473
50 155 1.00140
51 155 1.00035
52 155 1.00078
53 155 1.00100
54 155 1.00051
55 155 0.99901
56 155 0.99711
57 155 0.99578
58 155 0.99524
59 155 0.99538
60 155 0.99584
61 155 0.99623
62 155 0.99643
63 155 0.99651
0 156 0.99714
1 156 0.99711
2 156 0.99703
3 156 0.99684
4 156 0.99655
5 156 0.99631
6 156 0.99654
7 156 0.99744
8 156 0.99884
9 156 1.00031
10 156 1.00109
11 156 1.00100
12 156 1.00067
13 156 1.00073
14 156 1.00244
15 156 1.00587
16 156 1.00868
17 156 1.01046
18 156 1.01214
19 156 1.01319
20 156 1.01302
21 156 1.01165
22 156 1.00916
23 156 1.00591
24 156 1.00270
25 156 1.00029
26 156 0.99939
27 156 1.00002
28 156 1.00192
29 156 1.00306
30 156 1.00389
31 156 1.00427
32 156 1.00369
33 156 1.00427
34 156 1.00389
35 156 1.00306
36 156 1.00192
37 156 1.00002
38 156 0.99939
39 156 1.00029
40 156 1.00270
41 156 1.00591
42 156 1.00916
43 156 1.01165
44 156 1.01302
45 156 1.01319
46 156 1.01214
47 156 1.01046
48 156 1.00868
49 156 1.00587
50 156 1.00244
51 156 1.00073
52 156 1.00067
53 156 1.00100
54 156 1.00109
55 156 1.00031
56 156 0.99884
57 156 0.99744
58 156 0.99654
59 156 0.99631
60 156 0.99655
61 156 0.99684
62 156 0.99703
63 156 0.99711
0 157 0.99790
1 157 0.99787
2 157 0.99777
3 157 0.99760
4 157 0.99743
5 157 0.99746
6 157 0.99799
7 157 0.99902
8 157 1.00018
9 157 1.00107
10 157 1.00123
11 157 1.00087
12 157 1.00074
13 157 1.00139
14 157 1.00361
15 157 1.00692
16 157 1.00928
17 157 1.01080
18 157 1.01228
19 157 1.01303
20 157 1.01254
21 157 1.01090
22 157 1.00824
23 157 1.00502
24 157 1.00200
25 157 0.99992
26 157 0.99937
27 157 1.00026
28 157 1.00225
29 157 1.00335
30 157 1.00399
31 157 1.00418
32 157 1.00357
33 157 1.00418
34 157 1.00399
35 157 1.00335
36 157 1.00225
37 157 1.00026
38 157 0.99937
39 157 0.99992
40 157 1.00200
41 157 1.00502
42 157 1.00824
43 157 1.01090
44 157 1.01254
45 157 1.01303
46 157 1.01228
47 157 1.01080
48 157 1.00928
49 157 1.00692
50 157 1.00361
51 157 1.00139
52 157 1.00074
53 157 1.00087
54 157 1.00123
55 157 1.00107
56 157 1.00018
57 157 0.99902
58 157 0.99799
59 157 0.99746
60 157 0.99743
61 157 0.99760
62 157 0.99777
63 157 0.99787
0 158 0.99877
1 158 0.99873
2 158 0.99865
3 158 0.99854
4 158 0.99851
5 158 0.99873
6 158 0.99939
7 158 1.00028
8 158 1.00100
9 158 1.00132
10 158 1.00114
11 158 1.00081
12 158 1.00107
13 158 1.00228
14 158 1.00482
15 158 1.00783
16 158 1.00975
17 158 1.01106
18 158 1.01235
19 158 1.01277
20 158 1.01196
21 158 1.01009
22 158 1.00730
23 158 1.00414
24 158 1.00135
25 158 0.99963
26 158 0.99944
27 158 1.00055
28 158 1.00259
29 158 1.00362
30 158 1.00407
31 158 1.00408
32 158 1.00345
33 158 1.00408
34 158 1.00407
35 158 1.00362
36 158 1.00259
37 158 1.00055
38 158 0.99944
39 158 0.99963
40 158 1.00135
41 158 1.00414
42 158 1.00730
43 158 1.01009
44 158 1.01196
45 158 1.01277
46 158 1.01235
47 158 1.01106
48 158 1.00975
49 158 1.00783
50 158 1.00482
51 158 1.00228
52 158 1.00107
53 158 1.00081
54 158 1.00114
55 158 1.00132
56 158 1.00100
57 158 1.00028
58 158 0.99939
59 158 0.99873
60 158 0.99851
61 158 0.99854
62 158 0.99865
63 158 0.99873
0 159 0.99982
1 159 0.99979
2 159 0.99971
3 159 0.99964
4 159 0.99968
5 159 0.99994
6 159 1.00049
7 159 1.00105
8 159 1.00129
9 159 1.00124
10 159 1.00101
11 159 1.00096
12 159 1.00167
13 159 1.00332
14 159 1.00595
15 159 1.00857
16 159 1.01009
17 159 1.01126
18 159 1.01233
19 159 1.01240
20 159 1.01130
21 159 1.00921
22 159 1.00634
23 159 1.00329
24 159 1.00077
25 159 0.99943
26 159 0.99958
27 159 1.00088
28 159 1.00291
29 159 1.00386
30 159 1.00413
31 159 1.00398
32 159 1.00334
33 159 1.00398
34 159 1.00413
35 159 1.00386
36 159 1.00291
37 159 1.00088
38 159 0.99958
39 159 0.99943
40 159 1.00077
41 159 1.00329
42 159 1.00634
43 159 1.00921
44 159 1.01130
45 159 1.01240
46 159 1.01233
47 159 1.01126
48 159 1.01009
49 159 1.00857
50 159 1.00595
51 159 1.00332
52 159 1.00167
53 159 1.00096
54 159 1.00101
55 159 1.00124
56 159 1.00129
57 159 1.00105
58 159 1.00049
59 159 0.99994
60 159 0.99968
61 159 0.99964
62 159 0.99971
63 159 0.99979
0 160 1.00087
1 160 1.00083
2 160 1.00073
3 160 1.00064
4 160 1.00064
5 160 1.00079
6 160 1.00110
7 160 1.00131
8 160 1.00123
9 160 1.00110
10 160 1.00106
11 160 1.00138
12 160 1.00250
13 160 1.00442
14 160 1.00695
15 160 1.00912
16 160 1.01033
17 160 1.01139
18 160 1.01221
19 160 1.01192
20 160 1.01055
21 160 1.00829
22 160 1.00538
23 160 1.00249
24 160 1.00027
25 160 0.99932
26 160 0.99980
27 160 1.00124
28 160 1.00323
29 160 1.00407
30 160 1.00417
31 160 1.00388
32 160 1.00323
33 160 1.00388
34 160 1.00417
35 160 1.00407
36 160 1.00323
37 160 1.00124
38 160 0.99980
39 160 0.99932
40 160 1.00027
41 160 1.00249
42 160 1.00538
43 160 1.00829
44 160 1.01055
45 160 1.01192
46 160 1.01221
47 160 1.01139
48 160 1.01033
49 160 1.00912
50 160 1.00695
51 160 1.00442
52 160 1.00250
53 160 1.00138
54 160 1.00106
55 160 1.00110
56 160 1.00123
57 160 1.00131
58 160 1.00110
59 160 1.00079
60 160 1.00064
61 160 1.00064
62 160 1.00073
63 160 1.00083
0 161 1.00151
1 161 1.00145
2 161 1.00132
3 161 1.00118
4 161 1.00108
5 161 1.00111
6 161 1.00122
7 161 1.00125
8 161 1.00111
9 161 1.00112
10 161 1.00138
11 161 1.00203
12 161 1.00345
13 161 1.00550
14 161 1.00779
15 161 1.00953
16 161 1.01050
17 161 1.01144
18 161 1.01196
19 161 1.01135
20 161 1.00973
21 161 1.00733
22 161 1.00445
23 161 1.00175
24 161 0.99987
25 161 0.99931
26 161 1.00009
27 161 1.00163
28 161 1.00353
29 161 1.00424
30 161 1.00418
31 161 1.00378
32 161 1.00313
33 161 1.00378
34 161 1.00418
35 161 1.00424
36 161 1.00353
37 161 1.00163
38 161 1.00009
39 161 0.99931
40 161 0.99987
41 161 1.00175
42 161 1.00445
43 161 1.00733
44 161 1.00973
45 161 1.01135
46 161 1.01196
47 161 1.01144
48 161 1.01050
49 161 1.00953
50 161 1.00779
51 161 1.00550
52 161 1.00345
53 161 1.00203
54 161 1.00138
55 161 1.00112
56 161 1.00111
57 161 1.00125
58 161 1.00122
59 161 1.00111
60 161 1.00108
61 161 1.00118
62 161 1.00132
63 161 1.00145
0 162 1.00150
1 162 1.00144
2 162 1.00130
3 162 1.00114
4 162 1.00104
5 162 1.00104
6 162 1.00113
7 162 1.00118
8 162 1.00117
9 162 1.00142
10 162 1.00194
11 162 1.00284
12 162 1.00445
13 162 1.00649
14 162 1.00845
15 162 1.00981
16 162 1.01062
17 162 1.01140
18 162 1.01160
19 162 1.01067
20 162 1.00884
21 162 1.00636
22 162 1.00356
23 162 1.00109
24 162 0.99958
25 162 0.99940
26 162 1.00044
27 162 1.00203
28 162 1.00380
29 162 1.00437
30 162 1.00417
31 162 1.00368
32 162 1.00305
33 162 1.00368
34 162 1.00417
35 162 1.00437
36 162 1.00380
37 162 1.00203
38 162 1.00044
39 162 0.99940
40 162 0.99958
41 162 1.00109
42 162 1.00356
43 162 1.00636
44 162 1.00884
45 162 1.01067
46 162 1.01160
47 162 1.01140
48 162 1.01062
49 162 1.00981
50 162 1.00845
51 162 1.00649
52 162 1.00445
53 162 1.00284
54 162 1.00194
55 162 1.00142
56 162 1.00117
57 162 1.00118
58 162 1.00113
59 162 1.00104
60 162 1.00104
61 162 1.00114
62 162 1.00130
63 162 1.00144
0 163 1.00102
1 163 1.00098
2 163 1.00090
3 163 1.00083
4 163 1.00084
5 163 1.00096
6 163 1.00116
7 163 1.00133
8 163 1.00151
9 163 1.00196
10 163 1.00267
11 163 1.00373
12 163 1.00542
13 163 1.00733
14 163 1.00894
15 163 1.00999
16 163 1.01068
17 163 1.01127
18 163 1.01112
19 163 1.00990
20 163 1.00791
21 163 1.00538
22 163 1.00271
23 163 1.00052
24 163 0.99939
25 163 0.99958
26 163 1.00083
27 163 1.00243
28 163 1.00404
29 163 1.00446
30 163 1.00414
31 163 1.00359
32 163 1.00299
33 163 1.00359
34 163 1.00414
35 163 1.00446
36 163 1.00404
37 163 1.00243
38 163 1.00083
39 163 0.99958
40 163 0.99939
41 163 1.00052
42 163 1.00271
43 163 1.00538
44 163 1.00791
45 163 1.00990
46 163 1.01112
47 163 1.01127
48 163 1.01068
49 163 1.00999
50 163 1.00894
51 163 1.00733
52 163 1.00542
53 163 1.00373
54 163 1.00267
55 163 1.00196
56 163 1.00151
57 163 1.00133
58 163 1.00116
59 163 1.00096
60 163 1.00084
61 163 1.00083
62 163 1.00090
63 163 1.00098
0 164 1.00060
1 164 1.00060
2 164 1.00062
3 164 1.00072
4 164 1.00090
5 164 1.00118
6 164 1.00150
7 164 1.00177
8 164 1.00206
9 164 1.00264
10 164 1.00346
11 164 1.00463
12 164 1.00632
13 164 1.00801
14 164 1.00927
15 164 1.01008
16 164 1.01067
17 164 1.01102
18 164 1.01054
19 164 1.00907
20 164 1.00695
21 164 1.00443
22 164 1.00192
23 164 1.00005
24 164 0.99930
25 164 0.99984
26 164 1.00127
27 164 1.00283
28 164 1.00424
29 164 1.00451
30 164 1.00409
31 164 1.00352
32 164 1.00296
33 164 1.00352
34 164 1.00409
35 164 1.00451
36 164 1.00424
37 164 1.00283
38 164 1.00127
39 164 0.99984
40 164 0.99930
41 164 1.00005
42 164 1.00192
43 164 1.00443
44 164 1.00695
45 164 1.00907
46 164 1.01054
47 164 1.01102
48 164 1.01067
49 164 1.01008
50 164 1.00927
51 164 1.00801
52 164 1.00632
53 164 1.00463
54 164 1.00346
55 164 1.00264
56 164 1.00206
57 164 1.00177
58 164 1.00150
59 164 1.00118
60 164 1.00090
61 164 1.00072
62 164 1.00062
63 164 1.00060
0 165 1.00070
1 165 1.00074
2 165 1.00086
3 165 1.00109
4 165 1.00140
5 165 1.00175
6 165 1.00208
7 165 1.00235
8 165 1.00270
9 165 1.00334
10 165 1.00423
11 165 1.00547
12 165 1.00710
13 165 1.00852
14 165 1.00945
15 165 1.01009
16 165 1.01056
17 165 1.01064
18 165 1.00984
19 165 1.00817
20 165 1.00597
21 165 1.00351
22 165 1.00122
23 165 0.99969
24 165 0.99934
25 165 1.00018
26 165 1.00173
27 165 1.00322
28 165 1.00440
29 165 1.00451
30 165 1.00403
31 165 1.00346
32 165 1.00296
33 165 1.00346
34 165 1.00403
35 165 1.00451
36 165 1.00440
37 165 1.00322
38 165 1.00173
39 165 1.00018
40 165 0.99934
41 165 0.99969
42 165 1.00122
43 165 1.00351
44 165 1.00597
45 165 1.00817
46 165 1.00984
47 165 1.01064
48 165 1.01056
49 165 1.01009
50 165 1.00945
51 165 1.00852
52 165 1.00710
53 165 1.00547
54 165 1.00423
55 165 1.00334
56 165 1.00270
57 165 1.00235
58 165 1.00208
59 165 1.00175
60 165 1.00140
61 165 1.00109
62 165 1.00086
63 165 1.00074
0 166 1.00140
1 166 1.00146
2 166 1.00162
3 166 1.00188
4 166 1.00218
5 166 1.00246
6 166 1.00271
7 166 1.00295
8 166 1.00332
9 166 1.00402
10 166 1.00499
11 166 1.00626
12 166 1.00775
13 166 1.00886
14 166 1.00953
15 166 1.01004
16 166 1.01034
17 166 1.01012
18 166 1.00904
19 166 1.00722
20 166 1.00499
21 166 1.00264
22 166 1.00061
23 166 0.99946
24 166 0.99949
25 166 1.00059
26 166 1.00221
27 166 1.00357
28 166 1.00452
29 166 1.00448
30 166 1.00395
31 166 1.00343
32 166 1.00299
33 166 1.00343
34 166 1.00395
35 166 1.00448
36 166 1.00452
37 166 1.00357
38 166 1.00221
39 166 1.00059
40 166 0.99949
41 166 0.99946
42 166 1.00061
43 166 1.00264
44 166 1.00499
45 166 1.00722
46 166 1.00904
47 166 1.01012
48 166 1.01034
49 166 1.01004
50 166 1.00953
51 166 1.00886
52 166 1.00775
53 166 1.00626
54 166 1.00499
55 166 1.00402
56 166 1.00332
57 166 1.00295
58 166 1.00271
59 166 1.00246
60 166 1.00218
61 166 1.00188
62 166 1.00162
63 166 1.00146
0 167 1.00235
1 167 1.00240
2 167 1.00252
3 167 1.00271
4 167 1.00290
5 167 1.00307
6 167 1.00324
7 167 1.00346
8 167 1.00389
9 167 1.00468
10 167 1.00573
11 167 1.00698
12 167 1.00824
13 167 1.00904
14 167 1.00952
15 167 1.00993
16 167 1.01003
17 167 1.00950
18 167 1.00817
19 167 1.00624
20 167 1.00404
21 167 1.00184
22 167 1.00011
23 167 0.99936
24 167 0.99975
25 167 1.00106
26 167 1.00268
27 167 1.00388
28 167 1.00459
29 167 1.00441
30 167 1.00386
31 167 1.00340
32 167 1.00304
33 167 1.00340
34 167 1.00386
35 167 1.00441
36 167 1.00459
37 167 1.00388
38 167 1.00268
39 167 1.00106
40 167 0.99975
41 167 0.99936
42 167 1.00011
43 167 1.00184
44 167 1.00404
45 167 1.00624
46 167 1.00817
47 167 1.00950
48 167 1.01003
49 167 1.00993
50 167 1.00952
51 167 1.00904
52 167 1.00824
53 167 1.00698
54 167 1.00573
55 167 1.00468
56 167 1.00389
57 167 1.00346
58 167 1.00324
59 167 1.00307
60 167 1.00290
61 167 1.00271
62 167 1.00252
63 167 1.00240
0 168 1.00308
1 168 1.00311
2 168 1.00318
3 168 1.00327
4 168 1.00336
5 168 1.00346
6 168 1.00361
7 168 1.00390
8 168 1.00445
9 168 1.00537
10 168 1.00645
11 168 1.00758
12 168 1.00856
13 168 1.00909
14 168 1.00944
15 168 1.00974
16 168 1.00959
17 168 1.00876
18 168 1.00724
19 168 1.00527
20 168 1.00313
21 168 1.00113
22 168 0.99975
23 168 0.99940
24 168 1.00010
25 168 1.00156
26 168 1.00313
27 168 1.00415
28 168 1.00461
29 168 1.00431
30 168 1.00377
31 168 1.00339
32 168 1.00310
33 168 1.00339
34 168 1.00377
35 168 1.00431
36 168 1.00461
37 168 1.00415
38 168 1.00313
39 168 1.00156
40 168 1.00010
41 168 0.99940
42 168 0.99975
43 168 1.00113
44 168 1.00313
45 168 1.00527
46 168 1.00724
47 168 1.00876
48 168 1.00959
49 168 1.00974
50 168 1.00944
51 168 1.00909
52 168 1.00856
53 168 1.00758
54 168 1.00645
55 168 1.00537
56 168 1.00445
57 168 1.00390
58 168 1.00361
59 168 1.00346
60 168 1.00336
61 168 1.00327
62 168 1.00318
63 168 1.00311
0 169 1.00346
1 169 1.00348
2 169 1.00351
3 169 1.00356
4 169 1.00361
5 169 1.00372
6 169 1.00394
7 169 1.00438
8 169 1.00509
9 169 1.00609
10 169 1.00711
11 169 1.00802
12 169 1.00871
13 169 1.00904
14 169 1.00930
15 169 1.00942
16 169 1.00900
17 169 1.00792
18 169 1.00627
19 169 1.00429
20 169 1.00227
21 169 1.00053
22 169 0.99952
23 169 0.99956
24 169 1.00054
25 169 1.00207
26 169 1.00355
27 169 1.00436
28 169 1.00458
29 169 1.00419
30 169 1.00368
31 169 1.00340
32 169 1.00319
33 169 1.00340
34 169 1.00368
35 169 1.00419
36 169 1.00458
37 169 1.00436
38 169 1.00355
39 169 1.00207
40 169 1.00054
41 169 0.99956
42 169 0.99952
43 169 1.00053
44 169 1.00227
45 169 1.00429
46 169 1.00627
47 169 1.00792
48 169 1.00900
49 169 1.00942
50 169 1.00930
51 169 1.00904
52 169 1.00871
53 169 1.00802
54 169 1.00711
55 169 1.00609
56 169 1.00509
57 169 1.00438
58 169 1.00394
59 169 1.00372
60 169 1.00361
61 169 1.00356
62 169 1.00351
63 169 1.00348
0 170 1.00366
1 170 1.00367
2 170 1.00370
3 170 1.00375
4 170 1.00384
5 170 1.00404
6 170 1.00441
7 170 1.00502
8 170 1.00584
9 170 1.00680
10 170 1.00763
11 170 1.00826
12 170 1.00870
13 170 1.00890
14 170 1.00907
15 170 1.00899
16 170 1.00829
17 170 1.00700
18 170 1.00528
19 170 1.00336
20 170 1.00150
21 170 1.00007
22 170 0.99945
23 170 0.99985
24 170 1.00104
25 170 1.00260
26 170 1.00393
27 170 1.00450
28 170 1.00451
29 170 1.00406
30 170 1.00361
31 170 1.00342
32 170 1.00328
33 170 1.00342
34 170 1.00361
35 170 1.00406
36 170 1.00451
37 170 1.00450
38 170 1.00393
39 170 1.00260
40 170 1.00104
41 170 0.99985
42 170 0.99945
43 170 1.00007
44 170 1.00150
45 170 1.00336
46 170 1.00528
47 170 1.00700
48 170 1.00829
49 170 1.00899
50 170 1.00907
51 170 1.00890
52 170 1.00870
53 170 1.00826
54 170 1.00763
55 170 1.00680
56 170 1.00584
57 170 1.00502
58 170 1.00441
59 170 1.00404
60 170 1.00384
61 170 1.00375
62 170 1.00370
63 170 1.00367
0 171 1.00385
1 171 1.00387
2 171 1.00393
3 171 1.00403
4 171 1.00422
5 171 1.00456
6 171 1.00509
7 171 1.00579
8 171 1.00658
9 171 1.00736
10 171 1.00793
11 171 1.00831
12 171 1.00858
13 171 1.00871
14 171 1.00875
15 171 1.00843
16 171 1.00748
17 171 1.00605
18 171 1.00432
19 171 1.00249
20 171 1.00085
21 171 0.99975
22 171 0.99953
23 171 1.00025
24 171 1.00159
25 171 1.00310
26 171 1.00424
27 171 1.00458
28 171 1.00441
29 171 1.00392
30 171 1.00354
31 171 1.00345
32 171 1.00338
33 171 1.00345
34 171 1.00354
35 171 1.00392
36 171 1.00441
37 171 1.00458
38 171 1.00424
39 171 1.00310
40 171 1.00159
41 171 1.00025
42 171 0.99953
43 171 0.99975
44 171 1.00085
45 171 1.00249
46 171 1.00432
47 171 1.00605
48 171 1.00748
49 171 1.00843
50 171 1.00875
51 171 1.00871
52 171 1.00858
53 171 1.00831
54 171 1.00793
55 171 1.00736
56 171 1.00658
57 171 1.00579
58 171 1.00509
59 171 1.00456
60 171 1.00422
61 171 1.00403
62 171 1.00393
63 171 1.00387
0 172 1.00421
1 172 1.00424
2 172 1.00434
3 172 1.00453
4 172 1.00483
5 172 1.00528
6 172 1.00586
7 172 1.00652
8 172 1.00715
9 172 1.00767
10 172 1.00799
11 172 1.00820
12 172 1.00839
13 172 1.00845
14 172 1.00832
15 172 1.00774
16 172 1.00658
17 172 1.00508
18 172 1.00339
19 172 1.00171
20 172 1.00032
21 172 0.99960
22 172 0.99976
23 172 1.00074
24 172 1.00216
25 172 1.00356
26 172 1.00447
27 172 1.00460
28 172 1.00428
29 172 1.00379
30 172 1.00349
31 172 1.00349
32 172 1.00346
33 172 1.00349
34 172 1.00349
35 172 1.00379
36 172 1.00428
37 172 1.00460
38 172 1.00447
39 172 1.00356
40 172 1.00216
41 172 1.00074
42 172 0.99976
43 172 0.99960
44 172 1.00032
45 172 1.00171
46 172 1.00339
47 172 1.00508
48 172 1.00658
49 172 1.00774
50 172 1.00832
51 172 1.00845
52 172 1.00839
53 172 1.00820
54 172 1.00799
55 172 1.00767
56 172 1.00715
57 172 1.00652
58 172 1.00586
59 172 1.00528
60 172 1.00483
61 172 1.00453
62 172 1.00434
63 172 1.00424
0 173 1.00482
1 173 1.00487
2 173 1.00501
3 173 1.00525
4 173 1.00560
5 173 1.00605
6 173 1.00656
7 173 1.00705
8 173 1.00744
9 173 1.00772
10 173 1.00788
11 173 1.00802
12 173 1.00815
13 173 1.00810
14 173 1.00775
15 173 1.00692
16 173 1.00563
17 173 1.00412
18 173 1.00252
19 173 1.00102
20 173 0.99995
21 173 0.99961
22 173 1.00012
23 173 1.00129
24 173 1.00273
25 173 1.00396
26 173 1.00463
27 173 1.00455
28 173 1.00413
29 173 1.00367
30 173 1.00346
31 173 1.00352
32 173 1.00353
33 173 1.00352
34 173 1.00346
35 173 1.00367
36 173 1.00413
37 173 1.00455
38 173 1.00463
39 173 1.00396
40 173 1.00273
41 173 1.00129
42 173 1.00012
43 173 0.99961
44 173 0.99995
45 173 1.00102
46 173 1.00252
47 173 1.00412
48 173 1.00563
49 173 1.00692
50 173 1.00775
51 173 1.00810
52 173 1.00815
53 173 1.00802
54 173 1.00788
55 173 1.00772
56 173 1.00744
57 173 1.00705
58 173 1.00656
59 173 1.00605
60 173 1.00560
61 173 1.00525
62 173 1.00501
63 173 1.00487
0 174 1.00560
1 174 1.00565
2 174 1.00578
3 174 1.00602
4 174 1.00632
5 174 1.00666
6 174 1.00699
7 174 1.00726
8 174 1.00745
9 174 1.00759
10 174 1.00770
11 174 1.00781
12 174 1.00786
13 174 1.00763
14 174 1.00705
15 174 1.00603
16 174 1.00468
17 174 1.00321
18 174 1.00174
19 174 1.00048
20 174 0.99976
21 174 0.99980
22 174 1.00059
23 174 1.00190
24 174 1.00327
25 174 1.00429
26 174 1.00471
27 174 1.00446
28 174 1.00398
29 174 1.00358
30 174 1.00346
31 174 1.00356
32 174 1.00359
33 174 1.00356
34 174 1.00346
35 174 1.00358
36 174 1.00398
37 174 1.00446
38 174 1.00471
39 174 1.00429
40 174 1.00327
41 174 1.00190
42 174 1.00059
43 174 0.99980
44 174 0.99976
45 174 1.00048
46 174 1.00174
47 174 1.00321
48 174 1.00468
49 174 1.00603
50 174 1.00705
51 174 1.00763
52 174 1.00786
53 174 1.00781
54 174 1.00770
55 174 1.00759
56 174 1.00745
57 174 1.00726
58 174 1.00699
59 174 1.00666
60 174 1.00632
61 174 1.00602
62 174 1.00578
63 174 1.00565
0 175 1.00625
1 175 1.00629
2 175 1.00639
3 175 1.00655
4 175 1.00674
5 175 1.00692
6 175 1.00708
7 175 1.00720
8 175 1.00729
9 175 1.00740
10 175 1.00751
11 175 1.00756
12 175 1.00746
13 175 1.00702
14 175 1.00622
15 175 1.00508
16 175 1.00374
17 175 1.00237
18 175 1.00107
19 175 1.00010
20 175 0.99975
21 175 1.00013
22 175 1.00116
23 175 1.00251
24 175 1.00376
25 175 1.00453
26 175 1.00470
27 175 1.00432
28 175 1.00383
29 175 1.00351
30 175 1.00347
31 175 1.00360
32 175 1.00364
33 175 1.00360
34 175 1.00347
35 175 1.00351
36 175 1.00383
37 175 1.00432
38 175 1.00470
39 175 1.00453
40 175 1.00376
41 175 1.00251
42 175 1.00116
43 175 1.00013
44 175 0.99975
45 175 1.00010
46 175 1.00107
47 175 1.00237
48 175 1.00374
49 175 1.00508
50 175 1.00622
51 175 1.00702
52 175 1.00746
53 175 1.00756
54 175 1.00751
55 175 1.00740
56 175 1.00729
57 175 1.00720
58 175 1.00708
59 175 1.00692
60 175 1.00674
61 175 1.00655
62 175 1.00639
63 175 1.00629
0 176 1.00659
1 176 1.00661
2 176 1.00665
3 176 1.00673
4 176 1.00681
5 176 1.00689
6 176 1.00696
7 176 1.00702
8 176 1.00711
9 176 1.00722
10 176 1.00729
11 176 1.00722
12 176 1.00692
13 176 1.00626
14 176 1.00532
15 176 1.00414
16 176 1.00286
17 176 1.00162
18 176 1.00054
19 176 0.99990
20 176 0.99992
21 176 1.00061
22 176 1.00178
23 176 1.00310
24 176 1.00416
25 176 1.00468
26 176 1.00463
27 176 1.00417
28 176 1.00370
29 176 1.00347
30 176 1.00349
31 176 1.00363
32 176 1.00368
33 176 1.00363
34 176 1.00349
35 176 1.00347
36 176 1.00370
37 176 1.00417
38 176 1.00463
39 176 1.00468
40 176 1.00416
41 176 1.00310
42 176 1.00178
43 176 1.00061
44 176 0.99992
45 176 0.99990
46 176 1.00054
47 176 1.00162
48 176 1.00286
49 176 1.00414
50 176 1.00532
51 176 1.00626
52 176 1.00692
53 176 1.00722
54 176 1.00729
55 176 1.00722
56 176 1.00711
57 176 1.00702
58 176 1.00696
59 176 1.00689
60 176 1.00681
61 176 1.00673
62 176 1.00665
63 176 1.00661
0 177 1.00658
1 177 1.00658
2 177 1.00660
3 177 1.00663
4 177 1.00666
5 177 1.00671
6 177 1.00677
7 177 1.00685
8 177 1.00695
9 177 1.00702
10 177 1.00697
11 177 1.00672
12 177 1.00621
13 177 1.00540
14 177 1.00439
15 177 1.00325
16 177 1.00207
17 177 1.00100
18 177 1.00019
19 177 0.99990
20 177 1.00026
21 177 1.00118
22 177 1.00242
23 177 1.00364
24 177 1.00447
25 177 1.00472
26 177 1.00450
27 177 1.00400
28 177 1.00359
29 177 1.00346
30 177 1.00353
31 177 1.00366
32 177 1.00370
33 177 1.00366
34 177 1.00353
35 177 1.00346
36 177 1.00359
37 177 1.00400
38 177 1.00450
39 177 1.00472
40 177 1.00447
41 177 1.00364
42 177 1.00242
43 177 1.00118
44 177 1.00026
45 177 0.99990
46 177 1.00019
47 177 1.00100
48 177 1.00207
49 177 1.00325
50 177 1.00439
51 177 1.00540
52 177 1.00621
53 177 1.00672
54 177 1.00697
55 177 1.00702
56 177 1.00695
57 177 1.00685
58 177 1.00677
59 177 1.00671
60 177 1.00666
61 177 1.00663
62 177 1.00660
63 177 1.00658
0 178 1.00638
1 178 1.00638
2 178 1.00640
3 178 1.00644
4 178 1.00648
5 178 1.00655
6 178 1.00663
7 178 1.00671
8 178 1.00676
9 178 1.00671
10 178 1.00649
11 178 1.00605
12 178 1.00538
13 178 1.00449
14 178 1.00349
15 178 1.00243
16 178 1.00139
17 178 1.00053
18 178 1.00004
19 178 1.00010
20 178 1.00075
21 178 1.00182
22 178 1.00305
23 178 1.00410
24 178 1.00467
25 178 1.00469
26 178 1.00433
27 178 1.00384
28 178 1.00353
29 178 1.00348
30 178 1.00358
31 178 1.00369
32 178 1.00372
33 178 1.00369
34 178 1.00358
35 178 1.00348
36 178 1.00353
37 178 1.00384
38 178 1.00433
39 178 1.00469
40 178 1.00467
41 178 1.00410
42 178 1.00305
43 178 1.00182
44 178 1.00075
45 178 1.00010
46 178 1.00004
47 178 1.00053
48 178 1.00139
49 178 1.00243
50 178 1.00349
51 178 1.00449
52 178 1.00538
53 178 1.00605
54 178 1.00649
55 178 1.00671
56 178 1.00676
57 178 1.00671
58 178 1.00663
59 178 1.00655
60 178 1.00648
61 178 1.00644
62 178 1.00640
63 178 1.00638
0 179 1.00625
1 179 1.00626
2 179 1.00628
3 179 1.00633
4 179 1.00638
5 179 1.00644
6 179 1.00650
7 179 1.00651
8 179 1.00643
9 179 1.00623
10 179 1.00583
11 179 1.00524
12 179 1.00449
13 179 1.00361
14 179 1.00266
15 179 1.00171
16 179 1.00084
17 179 1.00025
18 179 1.00009
19 179 1.00049
20 179 1.00135
21 179 1.00249
22 179 1.00363
23 179 1.00445
24 179 1.00476
25 179 1.00457
26 179 1.00413
27 179 1.00370
28 179 1.00349
29 179 1.00352
30 179 1.00363
31 179 1.00371
32 179 1.00372
33 179 1.00371
34 179 1.00363
35 179 1.00352
36 179 1.00349
37 179 1.00370
38 179 1.00413
39 179 1.00457
40 179 1.00476
41 179 1.00445
42 179 1.00363
43 179 1.00249
44 179 1.00135
45 179 1.00049
46 179 1.00009
47 179 1.00025
48 179 1.00084
49 179 1.00171
50 179 1.00266
51 179 1.00361
52 179 1.00449
53 179 1.00524
54 179 1.00583
55 179 1.00623
56 179 1.00643
57 179 1.00651
58 179 1.00650
59 179 1.00644
60 179 1.00638
61 179 1.00633
62 179 1.00628
63 179 1.00626
0 180 1.00619
1 180 1.00620
2 180 1.00621
3 180 1.00624
4 180 1.00627
5 180 1.00627
6 180 1.00624
7 180 1.00613
8 180 1.00591
9 180 1.00556
10 180 1.00504
11 180 1.00438
12 180 1.00363
13 180 1.00279
14 180 1.00194
15 180 1.00113
16 180 1.00048
17 180 1.00019
18 180 1.00037
19 180 1.00102
20 180 1.00202
21 180 1.00315
22 180 1.00412
23 180 1.00468
24 180 1.00474
25 180 1.00440
26 180 1.00394
27 180 1.00359
28 180 1.00349
29 180 1.00357
30 180 1.00367
31 180 1.00372
32 180 1.00372
33 180 1.00372
34 180 1.00367
35 180 1.00357
36 180 1.00349
37 180 1.00359
38 180 1.00394
39 180 1.00440
40 180 1.00474
41 180 1.00468
42 180 1.00412
43 180 1.00315
44 180 1.00202
45 180 1.00102
46 180 1.00037
47 180 1.00019
48 180 1.00048
49 180 1.00113
50 180 1.00194
51 180 1.00279
52 180 1.00363
53 180 1.00438
54 180 1.00504
55 180 1.00556
56 180 1.00591
57 180 1.00613
58 180 1.00624
59 180 1.00627
60 180 1.00627
61 180 1.00624
62 180 1.00621
63 180 1.00620
0 181 1.00604
1 181 1.00604
2 181 1.00603
3 181 1.00602
4 181 1.00598
5 181 1.00591
6 181 1.00577
7 181 1.00555
8 181 1.00522
9 181 1.00476
10 181 1.00420
11 181 1.00354
12 181 1.00283
13 181 1.00207
14 181 1.00133
15 181 1.00070
16 181 1.00032
17 181 1.00035
18 181 1.00082
19 181 1.00166
20 181 1.00271
21 181 1.00374
22 181 1.00448
23 181 1.00478
24 181 1.00462
25 181 1.00420
26 181 1.00377
27 181 1.00353
28 181 1.00351
29 181 1.00362
30 181 1.00371
31 181 1.00373
32 181 1.00373
33 181 1.00373
34 181 1.00371
35 181 1.00362
36 181 1.00351
37 181 1.00353
38 181 1.00377
39 181 1.00420
40 181 1.00462
41 181 1.00478
42 181 1.00448
43 181 1.00374
44 181 1.00271
45 181 1.00166
46 181 1.00082
47 181 1.00035
48 181 1.00032
49 181 1.00070
50 181 1.00133
51 181 1.00207
52 181 1.00283
53 181 1.00354
54 181 1.00420
55 181 1.00476
56 181 1.00522
57 181 1.00555
58 181 1.00577
59 181 1.00591
60 181 1.00598
61 181 1.00602
62 181 1.00603
63 181 1.00604
0 182 1.00571
1 182 1.00570
2 182 1.00566
3 182 1.00561
4 182 1.00551
5 182 1.00535
6 182 1.00513
7 182 1.00483
8 182 1.00443
9 182 1.00395
10 182 1.00340
11 182 1.00278
12 182 1.00213
13 182 1.00146
14 182 1.00087
15 182 1.00048
16 182 1.00041
17 182 1.00073
18 182 1.00141
19 182 1.00236
20 182 1.00337
21 182 1.00423
22 182 1.00471
23 182 1.00475
24 182 1.00445
25 182 1.00399
26 182 1.00364
27 182 1.00351
28 182 1.00356
29 182 1.00368
30 182 1.00374
31 182 1.00374
32 182 1.00373
33 182 1.00374
34 182 1.00374
35 182 1.00368
36 182 1.00356
37 182 1.00351
38 182 1.00364
39 182 1.00399
40 182 1.00445
41 182 1.00475
42 182 1.00471
43 182 1.00423
44 182 1.00337
45 182 1.00236
46 182 1.00141
47 182 1.00073
48 182 1.00041
49 182 1.00048
50 182 1.00087
51 182 1.00146
52 182 1.00213
53 182 1.00278
54 182 1.00340
55 182 1.00395
56 182 1.00443
57 182 1.00483
58 182 1.00513
59 182 1.00535
60 182 1.00551
61 182 1.00561
62 182 1.00566
63 182 1.00570
0 183 1.00515
1 183 1.00514
2 183 1.00508
3 183 1.00500
4 183 1.00486
5 183 1.00465
6 183 1.00439
7 183 1.00405
8 183 1.00365
9 183 1.00318
10 183 1.00266
11 183 1.00210
12 183 1.00152
13 183 1.00099
14 183 1.00062
15 183 1.00050
16 183 1.00071
17 183 1.00127
18 183 1.00210
19 183 1.00305
20 183 1.00395
21 183 1.00457
22 183 1.00479
23 183 1.00463
24 183 1.00423
25 183 1.00380
26 183 1.00356
27 183 1.00352
28 183 1.00362
29 183 1.00372
30 183 1.00376
31 183 1.00375
32 183 1.00374
33 183 1.00375
34 183 1.00376
35 183 1.00372
36 183 1.00362
37 183 1.00352
38 183 1.00356
39 183 1.00380
40 183 1.00423
41 183 1.00463
42 183 1.00479
43 183 1.00457
44 183 1.00395
45 183 1.00305
46 183 1.00210
47 183 1.00127
48 183 1.00071
49 183 1.00050
50 183 1.00062
51 183 1.00099
52 183 1.00152
53 183 1.00210
54 183 1.00266
55 183 1.00318
56 183 1.00365
57 183 1.00405
58 183 1.00439
59 183 1.00465
60 183 1.00486
61 183 1.00500
62 183 1.00508
63 183 1.00514
0 184 1.00450
1 184 1.00448
2 184 1.00441
3 184 1.00430
4 184 1.00413
5 184 1.00392
6 184 1.00364
7 184 1.00331
8 184 1.00292
9 184 1.00249
10 184 1.00202
11 184 1.00152
12 184 1.00107
13 184 1.00074
14 184 1.00061
15 184 1.00077
16 184 1.00122
17 184 1.00194
18 184 1.00281
19 184 1.00370
20 184 1.00440
21 184 1.00476
22 184 1.00474
23 184 1.00443
24 184 1.00400
25 184 1.00366
26 184 1.00353
27 184 1.00357
28 184 1.00368
29 184 1.00376
30 184 1.00377
31 184 1.00376
32 184 1.00376
33 184 1.00376
34 184 1.00377
35 184 1.00376
36 184 1.00368
37 184 1.00357
38 184 1.00353
39 184 1.00366
40 184 1.00400
41 184 1.00443
42 184 1.00474
43 184 1.00476
44 184 1.00440
45 184 1.00370
46 184 1.00281
47 184 1.00194
48 184 1.00122
49 184 1.00077
50 184 1.00061
51 184 1.00074
52 184 1.00107
53 184 1.00152
54 184 1.00202
55 184 1.00249
56 184 1.00292
57 184 1.00331
58 184 1.00364
59 184 1.00392
60 184 1.00413
61 184 1.00430
62 184 1.00441
63 184 1.00448
0 185 1.00381
1 185 1.00379
2 185 1.00371
3 185 1.00360
4 185 1.00343
5 185 1.00321
6 185 1.00294
7 185 1.00263
8 185 1.00227
9 185 1.00188
10 185 1.00148
11 185 1.00111
12 185 1.00083
13 185 1.00072
14 185 1.00085
15 185 1.00124
16 185 1.00186
17 185 1.00266
18 185 1.00350
19 185 1.00422
20 185 1.00468
21 185 1.00479
22 185 1.00458
23 185 1.00419
24 185 1.00380
25 185 1.00357
26 185 1.00354
27 185 1.00363
28 185 1.00373
29 185 1.00378
30 185 1.00378
31 185 1.00378
32 185 1.00378
33 185 1.00378
34 185 1.00378
35 185 1.00378
36 185 1.00373
37 185 1.00363
38 185 1.00354
39 185 1.00357
40 185 1.00380
41 185 1.00419
42 185 1.00458
43 185 1.00479
44 185 1.00468
45 185 1.00422
46 185 1.00350
47 185 1.00266
48 185 1.00186
49 185 1.00124
50 185 1.00085
51 185 1.00072
52 185 1.00083
53 185 1.00111
54 185 1.00148
55 185 1.00188
56 185 1.00227
57 185 1.00263
58 185 1.00294
59 185 1.00321
60 185 1.00343
61 185 1.00360
62 185 1.00371
63 185 1.00379
0 186 1.00312
1 186 1.00310
2 186 1.00303
3 186 1.00292
4 186 1.00276
5 186 1.00256
6 186 1.00232
7 186 1.00203
8 186 1.00172
9 186 1.00140
10 186 1.00111
11 186 1.00091
12 186 1.00085
13 186 1.00097
14 186 1.00132
15 186 1.00187
16 186 1.00258
17 186 1.00336
18 186 1.00408
19 186 1.00459
20 186 1.00480
21 186 1.00469
22 186 1.00436
23 186 1.00395
24 186 1.00366
25 186 1.00354
26 186 1.00359
27 186 1.00370
28 186 1.00378
29 186 1.00380
30 186 1.00380
31 186 1.00379
32 186 1.00379
33 186 1.00379
34 186 1.00380
35 186 1.00380
36 186 1.00378
37 186 1.00370
38 186 1.00359
39 186 1.00354
40 186 1.00366
41 186 1.00395
42 186 1.00436
43 186 1.00469
44 186 1.00480
45 186 1.00459
46 186 1.00408
47 186 1.00336
48 186 1.00258
49 186 1.00187
50 186 1.00132
51 186 1.00097
52 186 1.00085
53 186 1.00091
54 186 1.00111
55 186 1.00140
56 186 1.00172
57 186 1.00203
58 186 1.00232
59 186 1.00256
60 186 1.00276
61 186 1.00292
62 186 1.00303
63 186 1.00310
0 187 1.00250
1 187 1.00248
2 187 1.00241
3 187 1.00231
4 187 1.00217
5 187 1.00199
6 187 1.00178
7 187 1.00155
8 187 1.00132
9 187 1.00111
10 187 1.00099
11 187 1.00098
12 187 1.00113
13 187 1.00145
14 187 1.00195
15 187 1.00259
16 187 1.00330
17 187 1.00398
18 187 1.00451
19 187 1.00477
20 187 1.00475
21 187 1.00448
22 187 1.00410
23 187 1.00376
24 187 1.00357
25 187 1.00356
26 187 1.00366
27 187 1.00376
28 187 1.00381
29 187 1.00382
30 187 1.00381
31 187 1.00381
32 187 1.00381
33 187 1.00381
34 187 1.00381
35 187 1.00382
36 187 1.00381
37 187 1.00376
38 187 1.00366
39 187 1.00356
40 187 1.00357
41 187 1.00376
42 187 1.00410
43 187 1.00448
44 187 1.00475
45 187 1.00477
46 187 1.00451
47 187 1.00398
48 187 1.00330
49 187 1.00259
50 187 1.00195
51 187 1.00145
52 187 1.00113
53 187 1.00098
54 187 1.00099
55 187 1.00111
56 187 1.00132
57 187 1.00155
58 187 1.00178
59 187 1.00199
60 187 1.00217
61 187 1.00231
62 187 1.00241
63 187 1.00248
0 188 1.00197
1 188 1.00195
2 188 1.00190
3 188 1.00181
4 188 1.00169
5 188 1.00155
6 188 1.00140
7 188 1.00125
8 188 1.00114
9 188 1.00109
10 188 1.00114
11 188 1.00131
12 188 1.00163
13 188 1.00209
14 188 1.00266
15 188 1.00331
16 188 1.00394
17 188 1.00445
18 188 1.00474
19 188 1.00478
20 188 1.00457
21 188 1.00422
22 188 1.00387
23 188 1.00363
24 188 1.00356
25 188 1.00362
26 188 1.00373
27 188 1.00381
28 188 1.00383
29 188 1.00383
30 188 1.00382
31 188 1.00382
32 188 1.00383
33 188 1.00382
34 188 1.00382
35 188 1.00383
36 188 1.00383
37 188 1.00381
38 188 1.00373
39 188 1.00362
40 188 1.00356
41 188 1.00363
42 188 1.00387
43 188 1.00422
44 188 1.00457
45 188 1.00478
46 188 1.00474
47 188 1.00445
48 188 1.00394
49 188 1.00331
50 188 1.00266
51 188 1.00209
52 188 1.00163
53 188 1.00131
54 188 1.00114
55 188 1.00109
56 188 1.00114
57 188 1.00125
58 188 1.00140
59 188 1.00155
60 188 1.00169
61 188 1.00181
62 188 1.00190
63 188 1.00195
0 189 1.00157
1 189 1.00156
2 189 1.00152
3 189 1.00147
4 189 1.00139
5 189 1.00131
6 189 1.00125
7 189 1.00121
8 189 1.00124
9 189 1.00134
10 189 1.00154
11 189 1.00185
12 189 1.00228
13 189 1.00280
14 189 1.00338
15 189 1.00395
16 189 1.00443
17 189 1.00472
18 189 1.00478
19 189 1.00463
20 189 1.00432
21 189 1.00396
22 189 1.00369
23 189 1.00357
24 189 1.00360
25 189 1.00370
26 189 1.00379
27 189 1.00384
28 189 1.00385
29 189 1.00384
30 189 1.00384
31 189 1.00384
32 189 1.00384
33 189 1.00384
34 189 1.00384
35 189 1.00384
36 189 1.00385
37 189 1.00384
38 189 1.00379
39 189 1.00370
40 189 1.00360
41 189 1.00357
42 189 1.00369
43 189 1.00396
44 189 1.00432
45 189 1.00463
46 189 1.00478
47 189 1.00472
48 189 1.00443
49 189 1.00395
50 189 1.00338
51 189 1.00280
52 189 1.00228
53 189 1.00185
54 189 1.00154
55 189 1.00134
56 189 1.00124
57 189 1.00121
58 189 1.00125
59 189 1.00131
60 189 1.00139
61 189 1.00147
62 189 1.00152
63 189 1.00156
0 190 1.00139
1 190 1.00139
2 190 1.00137
3 190 1.00136
4 190 1.00134
5 190 1.00135
6 190 1.00138
7 190 1.00146
8 190 1.00160
9 190 1.00182
10 190 1.00213
11 190 1.00253
12 190 1.00301
13 190 1.00352
14 190 1.00402
15 190 1.00444
16 190 1.00471
17 190 1.00478
18 190 1.00466
19 190 1.00438
20 190 1.00404
21 190 1.00375
22 190 1.00360
23 190 1.00358
24 190 1.00367
25 190 1.00378
26 190 1.00384
27 190 1.00386
28 190 1.00386
29 190 1.00385
30 190 1.00386
31 190 1.00386
32 190 1.00386
33 190 1.00386
34 190 1.00386
35 190 1.00385
36 190 1.00386
37 190 1.00386
38 190 1.00384
39 190 1.00378
40 190 1.00367
41 190 1.00358
42 190 1.00360
43 190 1.00375
44 190 1.00404
45 190 1.00438
46 190 1.00466
47 190 1.00478
48 190 1.00471
49 190 1.00444
50 190 1.00402
51 190 1.00352
52 190 1.00301
53 190 1.00253
54 190 1.00213
55 190 1.00182
56 190 1.00160
57 190 1.00146
58 190 1.00138
59 190 1.00135
60 190 1.00134
61 190 1.00136
62 190 1.00137
63 190 1.00139
0 191 1.00148
1 191 1.00149
2 191 1.00150
3 191 1.00153
4 191 1.00157
5 191 1.00165
6 191 1.00177
7 191 1.00194
8 191 1.00217
9 191 1.00247
10 191 1.00284
11 191 1.00326
12 191 1.00371
13 191 1.00413
14 191 1.00449
15 191 1.00471
16 191 1.00477
17 191 1.00466
18 191 1.00441
19 191 1.00410
20 191 1.00381
21 191 1.00363
22 191 1.00358
23 191 1.00365
24 191 1.00375
25 191 1.00384
26 191 1.00387
27 191 1.00388
28 191 1.00387
29 191 1.00387
30 191 1.00387
31 191 1.00387
32 191 1.00387
33 191 1.00387
34 191 1.00387
35 191 1.00387
36 191 1.00387
37 191 1.00388
38 191 1.00387
39 191 1.00384
40 191 1.00375
41 191 1.00365
42 191 1.00358
43 191 1.00363
44 191 1.00381
45 191 1.00410
46 191 1.00441
47 191 1.00466
48 191 1.00477
49 191 1.00471
50 191 1.00449
51 191 1.00413
52 191 1.00371
53 191 1.00326
54 191 1.00284
55 191 1.00247
56 191 1.00217
57 191 1.00194
58 191 1.00177
59 191 1.00165
60 191 1.00157
61 191 1.00153
62 191 1.00150
63 191 1.00149
0 192 1.00186
1 192 1.00187
2 192 1.00191
3 192 1.00197
4 192 1.00206
5 192 1.00219
6 192 1.00237
7 192 1.00259
8 192 1.00287
9 192 1.00319
10 192 1.00355
11 192 1.00393
12 192 1.00428
13 192 1.00456
14 192 1.00473
15 192 1.00476
16 192 1.00465
17 192 1.00442
18 192 1.00413
19 192 1.00385
20 192 1.00366
21 192 1.00359
22 192 1.00364
23 192 1.00373
24 192 1.00383
25 192 1.00388
26 192 1.00389
27 192 1.00389
28 192 1.00388
29 192 1.00389
30 192 1.00389
31 192 1.00389
32 192 1.00389
33 192 1.00389
34 192 1.00389
35 192 1.00389
36 192 1.00388
37 192 1.00389
38 192 1.00389
39 192 1.00388
40 192 1.00383
41 192 1.00373
42 192 1.00364
43 192 1.00359
44 192 1.00366
45 192 1.00385
46 192 1.00413
47 192 1.00442
48 192 1.00465
49 192 1.00476
50 192 1.00473
51 192 1.00456
52 192 1.00428
53 192 1.00393
54 192 1.00355
55 192 1.00319
56 192 1.00287
57 192 1.00259
58 192 1.00237
59 192 1.00219
60 192 1.00206
61 192 1.00197
62 192 1.00191
63 192 1.00187
0 193 1.00244
1 193 1.00246
2 193 1.00250
3 193 1.00259
4 193 1.00270
5 193 1.00286
6 193 1.00306
7 193 1.00330
8 193 1.00358
9 193 1.00387
10 193 1.00417
11 193 1.00443
12 193 1.00464
13 193 1.00475
14 193 1.00474
15 193 1.00461
16 193 1.00440
17 193 1.00412
18 193 1.00386
19 193 1.00367
20 193 1.00360
21 193 1.00363
22 193 1.00372
23 193 1.00382
24 193 1.00388
25 193 1.00391
26 193 1.00390
27 193 1.00390
28 193 1.00390
29 193 1.00390
30 193 1.00391
31 193 1.00391
32 193 1.00391
33 193 1.00391
34 193 1.00391
35 193 1.00390
36 193 1.00390
37 193 1.00390
38 193 1.00390
39 193 1.00391
40 193 1.00388
41 193 1.00382
42 193 1.00372
43 193 1.00363
44 193 1.00360
45 193 1.00367
46 193 1.00386
47 193 1.00412
48 193 1.00440
49 193 1.00461
50 193 1.00474
51 193 1.00475
52 193 1.00464
53 193 1.00443
54 193 1.00417
55 193 1.00387
56 193 1.00358
57 193 1.00330
58 193 1.00306
59 193 1.00286
60 193 1.00270
61 193 1.00259
62 193 1.00250
63 193 1.00246
0 194 1.00314
1 194 1.00316
2 194 1.00321
3 194 1.00330
4 194 1.00342
5 194 1.00358
6 194 1.00376
7 194 1.00397
8 194 1.00419
9 194 1.00440
10 194 1.00458
11 194 1.00470
12 194 1.00475
13 194 1.00470
14 194 1.00456
15 194 1.00435
16 194 1.00409
17 194 1.00385
18 194 1.00368
19 194 1.00361
20 194 1.00363
21 194 1.00371
22 194 1.00381
23 194 1.00388
24 194 1.00392
25 194 1.00392
26 194 1.00392
27 194 1.00392
28 194 1.00392
29 194 1.00392
30 194 1.00392
31 194 1.00393
32 194 1.00393
33 194 1.00393
34 194 1.00392
35 194 1.00392
36 194 1.00392
37 194 1.00392
38 194 1.00392
39 194 1.00392
40 194 1.00392
41 194 1.00388
42 194 1.00381
43 194 1.00371
44 194 1.00363
45 194 1.00361
46 194 1.00368
47 194 1.00385
48 194 1.00409
49 194 1.00435
50 194 1.00456
51 194 1.00470
52 194 1.00475
53 194 1.00470
54 194 1.00458
55 194 1.00440
56 194 1.00419
57 194 1.00397
58 194 1.00376
59 194 1.00358
60 194 1.00342
61 194 1.00330
62 194 1.00321
63 194 1.00316
0 195 1.00383
1 195 1.00385
2 195 1.00389
3 195 1.00397
4 195 1.00407
5 195 1.00419
6 195 1.00433
7 195 1.00446
8 195 1.00459
9 195 1.00469
10 195 1.00473
11 195 1.00472
12 195 1.00463
13 195 1.00448
14 195 1.00427
15 195 1.00404
16 195 1.00383
17 195 1.00368
18 195 1.00361
19 195 1.00363
20 195 1.00371
21 195 1.00381
22 195 1.00389
23 195 1.00392
24 195 1.00393
25 195 1.00393
26 195 1.00393
27 195 1.00393
28 195 1.00394
29 195 1.00394
30 195 1.00394
31 195 1.00394
32 195 1.00394
33 195 1.00394
34 195 1.00394
35 195 1.00394
36 195 1.00394
37 195 1.00393
38 195 1.00393
39 195 1.00393
40 195 1.00393
41 195 1.00392
42 195 1.00389
43 195 1.00381
44 195 1.00371
45 195 1.00363
46 195 1.00361
47 195 1.00368
48 195 1.00383
49 195 1.00404
50 195 1.00427
51 195 1.00448
52 195 1.00463
53 195 1.00472
54 195 1.00473
55 195 1.00469
56 195 1.00459
57 195 1.00446
58 195 1.00433
59 195 1.00419
60 195 1.00407
61 195 1.00397
62 195 1.00389
63 195 1.00385
0 196 1.00437
1 196 1.00438
2 196 1.00441
3 196 1.00446
4 196 1.00452
5 196 1.00459
6 196 1.00466
7 196 1.00470
8 196 1.00473
9 196 1.00471
10 196 1.00465
11 196 1.00453
12 196 1.00437
13 196 1.00417
14 196 1.00396
15 196 1.00379
16 196 1.00367
17 196 1.00362
18 196 1.00365
19 196 1.00372
20 196 1.00381
21 196 1.00389
22 196 1.00393
23 196 1.00395
24 196 1.00394
25 196 1.00394
26 196 1.00394
27 196 1.00395
28 196 1.00395
29 196 1.00396
30 196 1.00396
31 196 1.00396
32 196 1.00396
33 196 1.00396
34 196 1.00396
35 196 1.00396
36 196 1.00395
37 196 1.00395
38 196 1.00394
39 196 1.00394
40 196 1.00394
41 196 1.00395
42 196 1.00393
43 196 1.00389
44 196 1.00381
45 196 1.00372
46 196 1.00365
47 196 1.00362
48 196 1.00367
49 196 1.00379
50 196 1.00396
51 196 1.00417
52 196 1.00437
53 196 1.00453
54 196 1.00465
55 196 1.00471
56 196 1.00473
57 196 1.00470
58 196 1.00466
59 196 1.00459
60 196 1.00452
61 196 1.00446
62 196 1.00441
63 196 1.00438
0 197 1.00467
1 197 1.00467
2 197 1.00468
3 197 1.00470
4 197 1.00471
5 197 1.00472
6 197 1.00471
7 197 1.00468
8 197 1.00462
9 197 1.00452
10 197 1.00439
11 197 1.00423
12 197 1.00405
13 197 1.00387
14 197 1.00373
15 197 1.00365
16 197 1.00363
17 197 1.00366
18 197 1.00373
19 197 1.00382
20 197 1.00390
21 197 1.00394
22 197 1.00396
23 197 1.00396
24 197 1.00395
25 197 1.00395
26 197 1.00396
27 197 1.00397
28 197 1.00397
29 197 1.00397
30 197 1.00398
31 197 1.00398
32 197 1.00398
33 197 1.00398
34 197 1.00398
35 197 1.00397
36 197 1.00397
37 197 1.00397
38 197 1.00396
39 197 1.00395
40 197 1.00395
41 197 1.00396
42 197 1.00396
43 197 1.00394
44 197 1.00390
45 197 1.00382
46 197 1.00373
47 197 1.00366
48 197 1.00363
49 197 1.00365
50 197 1.00373
51 197 1.00387
52 197 1.00405
53 197 1.00423
54 197 1.00439
55 197 1.00452
56 197 1.00462
57 197 1.00468
58 197 1.00471
59 197 1.00472
60 197 1.00471
61 197 1.00470
62 197 1.00468
63 197 1.00467
0 198 1.00469
1 198 1.00469
2 198 1.00468
3 198 1.00467
4 198 1.00464
5 198 1.00460
6 198 1.00454
7 198 1.00445
8 198 1.00435
9 198 1.00421
10 198 1.00407
11 198 1.00392
12 198 1.00379
13 198 1.00369
14 198 1.00364
15 198 1.00364
16 198 1.00368
17 198 1.00376
18 198 1.00384
19 198 1.00391
20 198 1.00395
21 198 1.00397
22 198 1.00397
23 198 1.00396
24 198 1.00397
25 198 1.00397
26 198 1.00398
27 198 1.00398
28 198 1.00399
29 198 1.00399
30 198 1.00399
31 198 1.00400
32 198 1.00400
33 198 1.00400
34 198 1.00399
35 198 1.00399
36 198 1.00399
37 198 1.00398
38 198 1.00398
39 198 1.00397
40 198 1.00397
41 198 1.00396
42 198 1.00397
43 198 1.00397
44 198 1.00395
45 198 1.00391
46 198 1.00384
47 198 1.00376
48 198 1.00368
49 198 1.00364
50 198 1.00364
51 198 1.00369
52 198 1.00379
53 198 1.00392
54 198 1.00407
55 198 1.00421
56 198 1.00435
57 198 1.00445
58 198 1.00454
59 198 1.00460
60 198 1.00464
61 198 1.00467
62 198 1.00468
63 198 1.00469
0 199 1.00448
1 199 1.00448
2 199 1.00446
3 199 1.00442
4 199 1.00438
5 199 1.00431
6 199 1.00423
7 199 1.00413
8 199 1.00401
9 199 1.00390
10 199 1.00379
11 199 1.00371
12 199 1.00365
13 199 1.00364
14 199 1.00366
15 199 1.00371
16 199 1.00379
17 199 1.00386
18 199 1.00392
19 199 1.00396
20 199 1.00397
21 199 1.00398
22 199 1.00397
23 199 1.00397
24 199 1.00398
25 199 1.00399
26 199 1.00399
27 199 1.00400
28 199 1.00400
29 199 1.00401
30 199 1.00401
31 199 1.00401
32 199 1.00401
33 199 1.00401
34 199 1.00401
35 199 1.00401
36 199 1.00400
37 199 1.00400
38 199 1.00399
39 199 1.00399
40 199 1.00398
41 199 1.00397
42 199 1.00397
43 199 1.00398
44 199 1.00397
45 199 1.00396
46 199 1.00392
47 199 1.00386
48 199 1.00379
49 199 1.00371
50 199 1.00366
51 199 1.00364
52 199 1.00365
53 199 1.00371
54 199 1.00379
55 199 1.00390
56 199 1.00401
57 199 1.00413
58 199 1.00423
59 199 1.00431
60 199 1.00438
61 199 1.00442
62 199 1.00446
63 199 1.00448
0 200 1.00416
1 200 1.00416
2 200 1.00413
3 200 1.00409
4 200 1.00404
5 200 1.00398
6 200 1.00391
7 200 1.00383
8 200 1.00376
9 200 1.00370
10 200 1.00366
11 200 1.00364
12 200 1.00365
13 200 1.00369
14 200 1.00375
15 200 1.00382
16 200 1.00389
17 200 1.00394
18 200 1.00397
19 200 1.00398
20 200 1.00398
21 200 1.00398
22 200 1.00398
23 200 1.00399
24 200 1.00400
25 200 1.00401
26 200 1.00401
27 200 1.00402
28 200 1.00402
29 200 1.00402
30 200 1.00403
31 200 1.00403
32 200 1.00403
33 200 1.00403
34 200 1.00403
35 200 1.00402
36 200 1.00402
37 200 1.00402
38 200 1.00401
39 200 1.00401
40 200 1.00400
41 200 1.00399
42 200 1.00398
43 200 1.00398
44 200 1.00398
45 200 1.00398
46 200 1.00397
47 200 1.00394
48 200 1.00389
49 200 1.00382
50 200 1.00375
51 200 1.00369
52 200 1.00365
53 200 1.00364
54 200 1.00366
55 200 1.00370
56 200 1.00376
57 200 1.00383
58 200 1.00391
59 200 1.00398
60 200 1.00404
61 200 1.00409
62 200 1.00413
63 200 1.00416
0 201 1.00386
1 201 1.00385
2 201 1.00384
3 201 1.00381
4 201 1.00378
5 201 1.00374
6 201 1.00370
7 201 1.00367
8 201 1.00366
9 201 1.00365
10 201 1.00366
11 201 1.00369
12 201 1.00374
13 201 1.00380
14 201 1.00387
15 201 1.00392
16 201 1.00396
17 201 1.00398
18 201 1.00399
19 201 1.00399
20 201 1.00399
21 201 1.00399
22 201 1.00400
23 201 1.00401
24 201 1.00401
25 201 1.00402
26 201 1.00403
27 201 1.00403
28 201 1.00404
29 201 1.00404
30 201 1.00404
31 201 1.00404
32 201 1.00404
33 201 1.00404
34 201 1.00404
35 201 1.00404
36 201 1.00404
37 201 1.00403
38 201 1.00403
39 201 1.00402
40 201 1.00401
41 201 1.00401
42 201 1.00400
43 201 1.00399
44 201 1.00399
45 201 1.00399
46 201 1.00399
47 201 1.00398
48 201 1.00396
49 201 1.00392
50 201 1.00387
51 201 1.00380
52 201 1.00374
53 201 1.00369
54 201 1.00366
55 201 1.00365
56 201 1.00366
57 201 1.00367
58 201 1.00370
59 201 1.00374
60 201 1.00378
61 201 1.00381
62 201 1.00384
63 201 1.00385
0 202 1.00369
1 202 1.00369
2 202 1.00368
3 202 1.00368
4 202 1.00367
5 202 1.00366
6 202 1.00366
7 202 1.00367
8 202 1.00369
9 202 1.00371
10 202 1.00376
11 202 1.00381
12 202 1.00386
13 202 1.00391
14 202 1.00395
15 202 1.00397
16 202 1.00399
17 202 1.00399
18 202 1.00399
19 202 1.00399
20 202 1.00400
21 202 1.00400
22 202 1.00401
23 202 1.00402
24 202 1.00403
25 202 1.00404
26 202 1.00404
27 202 1.00405
28 202 1.00405
29 202 1.00405
30 202 1.00406
31 202 1.00406
32 202 1.00406
33 202 1.00406
34 202 1.00406
35 202 1.00405
36 202 1.00405
37 202 1.00405
38 202 1.00404
39 202 1.00404
40 202 1.00403
41 202 1.00402
42 202 1.00401
43 202 1.00400
44 202 1.00400
45 202 1.00399
46 202 1.00399
47 202 1.00399
48 202 1.00399
49 202 1.00397
50 202 1.00395
51 202 1.00391
52 202 1.00386
53 202 1.00381
54 202 1.00376
55 202 1.00371
56 202 1.00369
57 202 1.00367
58 202 1.00366
59 202 1.00366
60 202 1.00367
61 202 1.00368
62 202 1.00368
63 202 1.00369
0 203 1.00367
1 203 1.00367
2 203 1.00367
3 203 1.00368
4 203 1.00369
5 203 1.00370
6 203 1.00373
7 203 1.00376
8 203 1.00379
9 203 1.00383
10 203 1.00387
11 203 1.00391
12 203 1.00395
13 203 1.00397
14 203 1.00399
15 203 1.00399
16 203 1.00399
17 203 1.00399
18 203 1.00399
19 203 1.00400
20 203 1.00401
21 203 1.00402
22 203 1.00403
23 203 1.00404
24 203 1.00404
25 203 1.00405
26 203 1.00405
27 203 1.00406
28 203 1.00406
29 203 1.00407
30 203 1.00407
31 203 1.00407
32 203 1.00407
33 203 1.00407
34 203 1.00407
35 203 1.00407
36 203 1.00406
37 203 1.00406
38 203 1.00405
39 203 1.00405
40 203 1.00404
41 203 1.00404
42 203 1.00403
43 203 1.00402
44 203 1.00401
45 203 1.00400
46 203 1.00399
47 203 1.00399
48 203 1.00399
49 203 1.00399
50 203 1.00399
51 203 1.00397
52 203 1.00395
53 203 1.00391
54 203 1.00387
55 203 1.00383
56 203 1.00379
57 203 1.00376
58 203 1.00373
59 203 1.00370
60 203 1.00369
61 203 1.00368
62 203 1.00367
63 203 1.00367
0 204 1.00377
1 204 1.00377
2 204 1.00378
3 204 1.00379
4 204 1.00380
5 204 1.00382
6 204 1.00385
7 204 1.00388
8 204 1.00391
9 204 1.00393
10 204 1.00396
11 204 1.00397
12 204 1.00399
13 204 1.00399
14 204 1.00399
15 204 1.00399
16 204 1.00399
17 204 1.00400
18 204 1.00400
19 204 1.00401
20 204 1.00402
21 204 1.00403
22 204 1.00404
23 204 1.00405
24 204 1.00406
25 204 1.00406
26 204 1.00407
27 204 1.00407
28 204 1.00408
29 204 1.00408
30 204 1.00408
31 204 1.00408
32 204 1.00408
33 204 1.00408
34 204 1.00408
35 204 1.00408
36 204 1.00408
37 204 1.00407
38 204 1.00407
39 204 1.00406
40 204 1.00406
41 204 1.00405
42 204 1.00404
43 204 1.00403
44 204 1.00402
45 204 1.00401
46 204 1.00400
47 204 1.00400
48 204 1.00399
49 204 1.00399
50 204 1.00399
51 204 1.00399
52 204 1.00399
53 204 1.00397
54 204 1.00396
55 204 1.00393
56 204 1.00391
57 204 1.00388
58 204 1.00385
59 204 1.00382
60 204 1.00380
61 204 1.00379
62 204 1.00378
63 204 1.00377
0 205 1.00389
1 205 1.00389
2 205 1.00389
3 205 1.00390
4 205 1.00391
5 205 1.00393
6 205 1.00394
7 205 1.00396
8 205 1.00397
9 205 1.00398
10 205 1.00399
11 205 1.00399
12 205 1.00399
13 205 1.00399
14 205 1.00399
15 205 1.00399
16 205 1.00400
17 205 1.00401
18 205 1.00402
19 205 1.00403
20 205 1.00404
21 205 1.00405
22 205 1.00405
23 205 1.00406
24 205 1.00407
25 205 1.00408
26 205 1.00408
27 205 1.00408
28 205 1.00409
29 205 1.00409
30 205 1.00409
31 205 1.00409
32 205 1.00409
33 205 1.00409
34 205 1.00409
35 205 1.00409
36 205 1.00409
37 205 1.00408
38 205 1.00408
39 205 1.00408
40 205 1.00407
41 205 1.00406
42 205 1.00405
43 205 1.00405
44 205 1.00404
45 205 1.00403
46 205 1.00402
47 205 1.00401
48 205 1.00400
49 205 1.00399
50 205 1.00399
51 205 1.00399
52 205 1.00399
53 205 1.00399
54 205 1.00399
55 205 1.00398
56 205 1.00397
57 205 1.00396
58 205 1.00394
59 205 1.00393
60 205 1.00391
61 205 1.00390
62 205 1.00389
63 205 1.00389
0 206 1.00396
1 206 1.00397
2 206 1.00397
3 206 1.00397
4 206 1.00397
5 206 1.00398
6 206 1.00398
7 206 1.00399
8 206 1.00399
9 206 1.00399
10 206 1.00399
11 206 1.00399
12 206 1.00399
13 206 1.00399
14 206 1.00399
15 206 1.00400
16 206 1.00401
17 206 1.00402
18 206 1.00403
19 206 1.00404
20 206 1.00405
21 206 1.00406
22 206 1.00407
23 206 1.00407
24 206 1.00408
25 206 1.00409
26 206 1.00409
27 206 1.00410
28 206 1.00410
29 206 1.00410
30 206 1.00410
31 206 1.00411
32 206 1.00411
33 206 1.00411
34 206 1.00410
35 206 1.00410
36 206 1.00410
37 206 1.00410
38 206 1.00409
39 206 1.00409
40 206 1.00408
41 206 1.00407
42 206 1.00407
43 206 1.00406
44 206 1.00405
45 206 1.00404
46 206 1.00403
47 206 1.00402
48 206 1.00401
49 206 1.00400
50 206 1.00399
51 206 1.00399
52 206 1.00399
53 206 1.00399
54 206 1.00399
55 206 1.00399
56 206 1.00399
57 206 1.00399
58 206 1.00398
59 206 1.00398
60 206 1.00397
61 206 1.00397
62 206 1.00397
63 206 1.00397
0 207 1.00399
1 207 1.00399
2 207 1.00398
3 207 1.00398
4 207 1.00398
5 207 1.00398
6 207 1.00398
7 207 1.00398
8 207 1.00398
9 207 1.00398
10 207 1.00398
11 207 1.00398
12 207 1.00399
13 207 1.00399
14 207 1.00400
15 207 1.00401
16 207 1.00402
17 207 1.00403
18 207 1.00404
19 207 1.00405
20 207 1.00406
21 207 1.00407
22 207 1.00408
23 207 1.00409
24 207 1.00409
25 207 1.00410
26 207 1.00410
27 207 1.00411
28 207 1.00411
29 207 1.00411
30 207 1.00411
31 207 1.00411
32 207 1.00411
33 207 1.00411
34 207 1.00411
35 207 1.00411
36 207 1.00411
37 207 1.00411
38 207 1.00410
39 207 1.00410
40 207 1.00409
41 207 1.00409
42 207 1.00408
43 207 1.00407
44 207 1.00406
45 207 1.00405
46 207 1.00404
47 207 1.00403
48 207 1.00402
49 207 1.00401
50 207 1.00400
51 207 1.00399
52 207 1.00399
53 207 1.00398
54 207 1.00398
55 207 1.00398
56 207 1.00398
57 207 1.00398
58 207 1.00398
59 207 1.00398
60 207 1.00398
61 207 1.00398
62 207 1.00398
63 207 1.00399
0 208 1.00398
1 208 1.00398
2 208 1.00397
3 208 1.00397
4 208 1.00397
5 208 1.00397
6 208 1.00397
7 208 1.00397
8 208 1.00397
9 208 1.00398
10 208 1.00398
11 208 1.00399
12 208 1.00399
13 208 1.00400
14 208 1.00401
15 208 1.00402
16 208 1.00403
17 208 1.00404
18 208 1.00405
19 208 1.00406
20 208 1.00407
21 208 1.00408
22 208 1.00409
23 208 1.00410
24 208 1.00410
25 208 1.00411
26 208 1.00411
27 208 1.00412
28 208 1.00412
29 208 1.00412
30 208 1.00412
31 208 1.00412
32 208 1.00413
33 208 1.00412
34 208 1.00412
35 208 1.00412
36 208 1.00412
37 208 1.00412
38 208 1.00411
39 208 1.00411
40 208 1.00410
41 208 1.00410
42 208 1.00409
43 208 1.00408
44 208 1.00407
45 208 1.00406
46 208 1.00405
47 208 1.00404
48 208 1.00403
49 208 1.00402
50 208 1.00401
51 208 1.00400
52 208 1.00399
53 208 1.00399
54 208 1.00398
55 208 1.00398
56 208 1.00397
57 208 1.00397
58 208 1.00397
59 208 1.00397
60 208 1.00397
61 208 1.00397
62 208 1.00397
63 208 1.00398
0 209 1.00397
1 209 1.00397
2 209 1.00397
3 209 1.00397
4 209 1.00397
5 209 1.00397
6 209 1.00397
7 209 1.00397
8 209 1.00398
9 209 1.00398
10 209 1.00399
11 209 1.00400
12 209 1.00400
13 209 1.00401
14 209 1.00402
15 209 1.00403
16 209 1.00404
17 209 1.00405
18 209 1.00406
19 209 1.00407
20 209 1.00408
21 209 1.00409
22 209 1.00410
23 209 1.00410
24 209 1.00411
25 209 1.00412
26 209 1.00412
27 209 1.00412
28 209 1.00413
29 209 1.00413
30 209 1.00413
31 209 1.00413
32 209 1.00413
33 209 1.00413
34 209 1.00413
35 209 1.00413
36 209 1.00413
37 209 1.00412
38 209 1.00412
39 209 1.00412
40 209 1.00411
41 209 1.00410
42 209 1.00410
43 209 1.00409
44 209 1.00408
45 209 1.00407
46 209 1.00406
47 209 1.00405
48 209 1.00404
49 209 1.00403
50 209 1.00402
51 209 1.00401
52 209 1.00400
53 209 1.00400
54 209 1.00399
55 209 1.00398
56 209 1.00398
57 209 1.00397
58 209 1.00397
59 209 1.00397
60 209 1.00397
61 209 1.00397
62 209 1.00397
63 209 1.00397
0 210 1.00397
1 210 1.00397
2 210 1.00397
3 210 1.00397
4 210 1.00397
5 210 1.00397
6 210 1.00398
7 210 1.00398
8 210 1.00398
9 210 1.00399
10 210 1.00399
11 210 1.00400
12 210 1.00401
13 210 1.00402
14 210 1.00403
15 210 1.00404
16 210 1.00405
17 210 1.00406
18 210 1.00407
19 210 1.00408
20 210 1.00409
21 210 1.00410
22 210 1.00410
23 210 1.00411
24 210 1.00412
25 210 1.00412
26 210 1.00413
27 210 1.00413
28 210 1.00414
29 210 1.00414
30 210 1.00414
31 210 1.00414
32 210 1.00414
33 210 1.00414
34 210 1.00414
35 210 1.00414
36 210 1.00414
37 210 1.00413
38 210 1.00413
39 210 1.00412
40 210 1.00412
41 210 1.00411
42 210 1.00410
43 210 1.00410
44 210 1.00409
45 210 1.00408
46 210 1.00407
47 210 1.00406
48 210 1.00405
49 210 1.00404
50 210 1.00403
51 210 1.00402
52 210 1.00401
53 210 1.00400
54 210 1.00399
55 210 1.00399
56 210 1.00398
57 210 1.00398
58 210 1.00398
59 210 1.00397
60 210 1.00397
61 210 1.00397
62 210 1.00397
63 210 1.00397
0 211 1.00397
1 211 1.00397
2 211 1.00397
3 211 1.00397
4 211 1.00397
5 211 1.00398
6 211 1.00398
7 211 1.00398
8 211 1.00399
9 211 1.00399
10 211 1.00400
11 211 1.00400
12 211 1.00401
13 211 1.00402
14 211 1.00403
15 211 1.00404
16 211 1.00405
17 211 1.00406
18 211 1.00407
19 211 1.00408
20 211 1.00409
21 211 1.00410
22 211 1.00411
23 211 1.00412
24 211 1.00412
25 211 1.00413
26 211 1.00413
27 211 1.00414
28 211 1.00414
29 211 1.00414
30 211 1.00414
31 211 1.00415
32 211 1.00415
33 211 1.00415
34 211 1.00414
35 211 1.00414
36 211 1.00414
37 211 1.00414
38 211 1.00413
39 211 1.00413
40 211 1.00412
41 211 1.00412
42 211 1.00411
43 211 1.00410
44 211 1.00409
45 211 1.00408
46 211 1.00407
47 211 1.00406
48 211 1.00405
49 211 1.00404
50 211 1.00403
51 211 1.00402
52 211 1.00401
53 211 1.00400
54 211 1.00400
55 211 1.00399
56 211 1.00399
57 211 1.00398
58 211 1.00398
59 211 1.00398
60 211 1.00397
61 211 1.00397
62 211 1.00397
63 211 1.00397
0 212 1.00397
1 212 1.00397
2 212 1.00397
3 212 1.00397
4 212 1.00397
5 212 1.00398
6 212 1.00398
7 212 1.00398
8 212 1.00399
9 212 1.00399
10 212 1.00400
11 212 1.00401
12 212 1.00402
13 212 1.00403
14 212 1.00404
15 212 1.00405
16 212 1.00406
17 212 1.00407
18 212 1.00408
19 212 1.00409
20 212 1.00410
21 212 1.00411
22 212 1.00412
23 212 1.00412
24 212 1.00413
25 212 1.00413
26 212 1.00414
27 212 1.00414
28 212 1.00415
29 212 1.00415
30 212 1.00415
31 212 1.00415
32 212 1.00415
33 212 1.00415
34 212 1.00415
35 212 1.00415
36 212 1.00415
37 212 1.00414
38 212 1.00414
39 212 1.00413
40 212 1.00413
41 212 1.00412
42 212 1.00412
43 212 1.00411
44 212 1.00410
45 212 1.00409
46 212 1.00408
47 212 1.00407
48 212 1.00406
49 212 1.00405
50 212 1.00404
51 212 1.00403
52 212 1.00402
53 212 1.00401
54 212 1.00400
55 212 1.00399
56 212 1.00399
57 212 1.00398
58 212 1.00398
59 212 1.00398
60 212 1.00397
61 212 1.00397
62 212 1.00397
63 212 1.00397
0 213 1.00397
1 213 1.00397
2 213 1.00397
3 213 1.00397
4 213 1.00397
5 213 1.00397
6 213 1.00398
7 213 1.00398
8 213 1.00399
9 213 1.00399
10 213 1.00400
11 213 1.00401
12 213 1.00402
13 213 1.00403
14 213 1.00404
15 213 1.00405
16 213 1.00406
17 213 1.00407
18 213 1.00408
19 213 1.00409
20 213 1.00410
21 213 1.00411
22 213 1.00412
23 213 1.00413
24 213 1.00413
25 213 1.00414
26 213 1.00414
27 213 1.00415
28 213 1.00415
29 213 1.00415
30 213 1.00415
31 213 1.00415
32 213 1.00415
33 213 1.00415
34 213 1.00415
35 213 1.00415
36 213 1.00415
37 213 1.00415
38 213 1.00414
39 213 1.00414
40 213 1.00413
41 213 1.00413
42 213 1.00412
43 213 1.00411
44 213 1.00410
45 213 1.00409
46 213 1.00408
47 213 1.00407
48 213 1.00406
49 213 1.00405
50 213 1.00404
51 213 1.00403
52 213 1.00402
53 213 1.00401
54 213 1.00400
55 213 1.00399
56 213 1.00399
57 213 1.00398
58 213 1.00398
59 213 1.00397
60 213 1.00397
61 213 1.00397
62 213 1.00397
63 213 1.00397
0 214 1.00397
1 214 1.00397
2 214 1.00397
3 214 1.00397
4 214 1.00397
5 214 1.00397
6 214 1.00398
7 214 1.00398
8 214 1.00399
9 214 1.00399
10 214 1.00400
11 214 1.00401
12 214 1.00402
13 214 1.00403
14 214 1.00404
15 214 1.00405
16 214 1.00406
17 214 1.00407
18 214 1.00408
19 214 1.00409
20 214 1.00410
21 214 1.00411
22 214 1.00412
23 214 1.00413
24 214 1.00413
25 214 1.00414
26 214 1.00414
27 214 1.00415
28 214 1.00415
29 214 1.00415
30 214 1.00415
31 214 1.00415
32 214 1.00415
33 214 1.00415
34 214 1.00415
35 214 1.00415
36 214 1.00415
37 214 1.00415
38 214 1.00414
39 214 1.00414
40 214 1.00413
41 214 1.00413
42 214 1.00412
43 214 1.00411
44 214 1.00410
45 214 1.00409
46 214 1.00408
47 214 1.00407
48 214 1.00406
49 214 1.00405
50 214 1.00404
51 214 1.00403
52 214 1.00402
53 214 1.00401
54 214 1.00400
55 214 1.00399
56 214 1.00399
57 214 1.00398
58 214 1.00398
59 214 1.00397
60 214 1.00397
61 214 1.00397
62 214 1.00397
63 214 1.00397
0 215 1.00396
1 215 1.00396
2 215 1.00396
3 215 1.00397
4 215 1.00397
5 215 1.00397
6 215 1.00397
7 215 1.00398
8 215 1.00398
9 215 1.00399
10 215 1.00400
11 215 1.00401
12 215 1.00402
13 215 1.00403
14 215 1.00404
15 215 1.00405
16 215 1.00406
17 215 1.00407
18 215 1.00408
19 215 1.00409
20 215 1.00410
21 215 1.00411
22 215 1.00412
23 215 1.00413
24 215 1.00413
25 215 1.00414
26 215 1.00414
27 215 1.00415
28 215 1.00415
29 215 1.00415
30 215 1.00415
31 215 1.00415
32 215 1.00415
33 215 1.00415
34 215 1.00415
35 215 1.00415
36 215 1.00415
37 215 1.00415
38 215 1.00414
39 215 1.00414
40 215 1.00413
41 215 1.00413
42 215 1.00412
43 215 1.00411
44 215 1.00410
45 215 1.00409
46 215 1.00408
47 215 1.00407
48 215 1.00406
49 215 1.00405
50 215 1.00404
51 215 1.00403
52 215 1.00402
53 215 1.00401
54 215 1.00400
55 215 1.00399
56 215 1.00398
57 215 1.00398
58 215 1.00397
59 215 1.00397
60 215 1.00397
61 215 1.00397
62 215 1.00396
63 215 1.00396
0 216 1.00396
1 216 1.00396
2 216 1.00396
3 216 1.00396
4 216 1.00396
5 216 1.00397
6 216 1.00397
7 216 1.00398
8 216 1.00398
9 216 1.00399
10 216 1.00400
11 216 1.00400
12 216 1.00401
13 216 1.00403
14 216 1.00404
15 216 1.00405
16 216 1.00406
17 216 1.00407
18 216 1.00408
19 216 1.00409
20 216 1.00410
21 216 1.00411
22 216 1.00412
23 216 1.00413
24 216 1.00413
25 216 1.00414
26 216 1.00414
27 216 1.00415
28 216 1.00415
29 216 1.00415
30 216 1.00415
31 216 1.00415
32 216 1.00415
33 216 1.00415
34 216 1.00415
35 216 1.00415
36 216 1.00415
37 216 1.00415
38 216 1.00414
39 216 1.00414
40 216 1.00413
41 216 1.00413
42 216 1.00412
43 216 1.00411
44 216 1.00410
45 216 1.00409
46 216 1.00408
47 216 1.00407
48 216 1.00406
49 216 1.00405
50 216 1.00404
51 216 1.00403
52 216 1.00401
53 216 1.00400
54 216 1.00400
55 216 1.00399
56 216 1.00398
57 216 1.00398
58 216 1.00397
59 216 1.00397
60 216 1.00396
61 216 1.00396
62 216 1.00396
63 216 1.00396
0 217 1.00395
1 217 1.00395
2 217 1.00395
3 217 1.00396
4 217 1.00396
5 217 1.00396
6 217 1.00396
7 217 1.00397
8 217 1.00398
9 217 1.00398
10 217 1.00399
11 217 1.00400
12 217 1.00401
13 217 1.00402
14 217 1.00403
15 217 1.00404
16 217 1.00406
17 217 1.00407
18 217 1.00408
19 217 1.00409
20 217 1.00410
21 217 1.00411
22 217 1.00412
23 217 1.00412
24 217 1.00413
25 217 1.00414
26 217 1.00414
27 217 1.00414
28 217 1.00415
29 217 1.00415
30 217 1.00415
31 217 1.00415
32 217 1.00415
33 217 1.00415
34 217 1.00415
35 217 1.00415
36 217 1.00415
37 217 1.00414
38 217 1.00414
39 217 1.00414
40 217 1.00413
41 217 1.00412
42 217 1.00412
43 217 1.00411
44 217 1.00410
45 217 1.00409
46 217 1.00408
47 217 1.00407
48 217 1.00406
49 217 1.00404
50 217 1.00403
51 217 1.00402
52 217 1.00401
53 217 1.00400
54 217 1.00399
55 217 1.00398
56 217 1.00398
57 217 1.00397
58 217 1.00396
59 217 1.00396
60 217 1.00396
61 217 1.00396
62 217 1.00395
63 217 1.00395
0 218 1.00395
1 218 1.00395
2 218 1.00395
3 218 1.00395
4 218 1.00395
5 218 1.00395
6 218 1.00396
7 218 1.00396
8 218 1.00397
9 218 1.00398
10 218 1.00398
11 218 1.00399
12 218 1.00401
13 218 1.00402
14 218 1.00403
15 218 1.00404
16 218 1.00405
17 218 1.00406
18 218 1.00408
19 218 1.00409
20 218 1.00410
21 218 1.00411
22 218 1.00411
23 218 1.00412
24 218 1.00413
25 218 1.00413
26 218 1.00414
27 218 1.00414
28 218 1.00414
29 218 1.00414
30 218 1.00414
31 218 1.00415
32 218 1.00415
33 218 1.00415
34 218 1.00414
35 218 1.00414
36 218 1.00414
37 218 1.00414
38 218 1.00414
39 218 1.00413
40 218 1.00413
41 218 1.00412
42 218 1.00411
43 218 1.00411
44 218 1.00410
45 218 1.00409
46 218 1.00408
47 218 1.00406
48 218 1.00405
49 218 1.00404
50 218 1.00403
51 218 1.00402
52 218 1.00401
53 218 1.00399
54 218 1.00398
55 218 1.00398
56 218 1.00397
57 218 1.00396
58 218 1.00396
59 218 1.00395
60 218 1.00395
61 218 1.00395
62 218 1.00395
63 218 1.00395
0 219 1.00394
1 219 1.00394
2 219 1.00394
3 219 1.00394
4 219 1.00394
5 219 1.00394
6 219 1.00395
7 219 1.00395
8 219 1.00396
9 219 1.00397
10 219 1.00398
11 219 1.00399
12 219 1.00400
13 219 1.00401
14 219 1.00402
15 219 1.00403
16 219 1.00405
17 219 1.00406
18 219 1.00407
19 219 1.00408
20 219 1.00409
21 219 1.00410
22 219 1.00411
23 219 1.00412
24 219 1.00412
25 219 1.00413
26 219 1.00413
27 219 1.00413
28 219 1.00414
29 219 1.00414
30 219 1.00414
31 219 1.00414
32 219 1.00414
33 219 1.00414
34 219 1.00414
35 219 1.00414
36 219 1.00414
37 219 1.00413
38 219 1.00413
39 219 1.00413
40 219 1.00412
41 219 1.00412
42 219 1.00411
43 219 1.00410
44 219 1.00409
45 219 1.00408
46 219 1.00407
47 219 1.00406
48 219 1.00405
49 219 1.00403
50 219 1.00402
51 219 1.00401
52 219 1.00400
53 219 1.00399
54 219 1.00398
55 219 1.00397
56 219 1.00396
57 219 1.00395
58 219 1.00395
59 219 1.00394
60 219 1.00394
61 219 1.00394
62 219 1.00394
63 219 1.00394
0 220 1.00393
1 220 1.00393
2 220 1.00393
3 220 1.00393
4 220 1.00393
5 220 1.00393
6 220 1.00394
7 220 1.00394
8 220 1.00395
9 220 1.00396
10 220 1.00397
11 220 1.00398
12 220 1.00399
13 220 1.00400
14 220 1.00402
15 220 1.00403
16 220 1.00404
17 220 1.00405
18 220 1.00406
19 220 1.00408
20 220 1.00409
21 220 1.00409
22 220 1.00410
23 220 1.00411
24 220 1.00412
25 220 1.00412
26 220 1.00412
27 220 1.00413
28 220 1.00413
29 220 1.00413
30 220 1.00413
31 220 1.00413
32 220 1.00413
33 220 1.00413
34 220 1.00413
35 220 1.00413
36 220 1.00413
37 220 1.00413
38 220 1.00412
39 220 1.00412
40 220 1.00412
41 220 1.00411
42 220 1.00410
43 220 1.00409
44 220 1.00409
45 220 1.00408
46 220 1.00406
47 220 1.00405
48 220 1.00404
49 220 1.00403
50 220 1.00402
51 220 1.00400
52 220 1.00399
53 220 1.00398
54 220 1.00397
55 220 1.00396
56 220 1.00395
57 220 1.00394
58 220 1.00394
59 220 1.00393
60 220 1.00393
61 220 1.00393
62 220 1.00393
63 220 1.00393
0 221 1.00391
1 221 1.00391
2 221 1.00392
3 221 1.00392
4 221 1.00392
5 221 1.00392
6 221 1.00393
7 221 1.00393
8 221 1.00394
9 221 1.00395
10 221 1.00396
11 221 1.00397
12 221 1.00398
13 221 1.00400
14 221 1.00401
15 221 1.00402
16 221 1.00403
17 221 1.00405
18 221 1.00406
19 221 1.00407
20 221 1.00408
21 221 1.00409
22 221 1.00410
23 221 1.00410
24 221 1.00411
25 221 1.00411
26 221 1.00412
27 221 1.00412
28 221 1.00412
29 221 1.00412
30 221 1.00412
31 221 1.00412
32 221 1.00412
33 221 1.00412
34 221 1.00412
35 221 1.00412
36 221 1.00412
37 221 1.00412
38 221 1.00412
39 221 1.00411
40 221 1.00411
41 221 1.00410
42 221 1.00410
43 221 1.00409
44 221 1.00408
45 221 1.00407
46 221 1.00406
47 221 1.00405
48 221 1.00403
49 221 1.00402
50 221 1.00401
51 221 1.00400
52 221 1.00398
53 221 1.00397
54 221 1.00396
55 221 1.00395
56 221 1.00394
57 221 1.00393
58 221 1.00393
59 221 1.00392
60 221 1.00392
61 221 1.00392
62 221 1.00392
63 221 1.00391
0 222 1.00390
1 222 1.00390
2 222 1.00390
3 222 1.00391
4 222 1.00391
5 222 1.00391
6 222 1.00392
7 222 1.00392
8 222 1.00393
9 222 1.00394
10 222 1.00395
11 222 1.00396
12 222 1.00397
13 222 1.00399
14 222 1.00400
15 222 1.00401
16 222 1.00403
17 222 1.00404
18 222 1.00405
19 222 1.00406
20 222 1.00407
21 222 1.00408
22 222 1.00409
23 222 1.00410
24 222 1.00410
25 222 1.00411
26 222 1.00411
27 222 1.00411
28 222 1.00411
29 222 1.00412
30 222 1.00412
31 222 1.00412
32 222 1.00412
33 222 1.00412
34 222 1.00412
35 222 1.00412
36 222 1.00411
37 222 1.00411
38 222 1.00411
39 222 1.00411
40 222 1.00410
41 222 1.00410
42 222 1.00409
43 222 1.00408
44 222 1.00407
45 222 1.00406
46 222 1.00405
47 222 1.00404
48 222 1.00403
49 222 1.00401
50 222 1.00400
51 222 1.00399
52 222 1.00397
53 222 1.00396
54 222 1.00395
55 222 1.00394
56 222 1.00393
57 222 1.00392
58 222 1.00392
59 222 1.00391
60 222 1.00391
61 222 1.00391
62 222 1.00390
63 222 1.00390
0 223 1.00389
1 223 1.00389
2 223 1.00389
3 223 1.00390
4 223 1.00390
5 223 1.00390
6 223 1.00391
7 223 1.00391
8 223 1.00392
9 223 1.00393
10 223 1.00394
11 223 1.00395
12 223 1.00397
13 223 1.00398
14 223 1.00399
15 223 1.00400
16 223 1.00402
17 223 1.00403
18 223 1.00404
19 223 1.00405
20 223 1.00406
21 223 1.00407
22 223 1.00408
23 223 1.00409
24 223 1.00409
25 223 1.00410
26 223 1.00410
27 223 1.00410
28 223 1.00411
29 223 1.00411
30 223 1.00411
31 223 1.00411
32 223 1.00411
33 223 1.00411
34 223 1.00411
35 223 1.00411
36 223 1.00411
37 223 1.00410
38 223 1.00410
39 223 1.00410
40 223 1.00409
41 223 1.00409
42 223 1.00408
43 223 1.00407
44 223 1.00406
45 223 1.00405
46 223 1.00404
47 223 1.00403
48 223 1.00402
49 223 1.00400
50 223 1.00399
51 223 1.00398
52 223 1.00397
53 223 1.00395
54 223 1.00394
55 223 1.00393
56 223 1.00392
57 223 1.00391
58 223 1.00391
59 223 1.00390
60 223 1.00390
61 223 1.00390
62 223 1.00389
63 223 1.00389
0 224 1.00388
1 224 1.00388
2 224 1.00388
3 224 1.00389
4 224 1.00389
5 224 1.00389
6 224 1.00390
7 224 1.00390
8 224 1.00391
9 224 1.00392
10 224 1.00393
11 224 1.00394
12 224 1.00396
13 224 1.00397
14 224 1.00398
15 224 1.00400
16 224 1.00401
17 224 1.00402
18 224 1.00403
19 224 1.00405
20 224 1.00406
21 224 1.00407
22 224 1.00407
23 224 1.00408
24 224 1.00409
25 224 1.00409
26 224 1.00410
27 224 1.00410
28 224 1.00410
29 224 1.00410
30 224 1.00410
31 224 1.00410
32 224 1.00410
33 224 1.00410
34 224 1.00410
35 224 1.00410
36 224 1.00410
37 224 1.00410
38 224 1.00410
39 224 1.00409
40 224 1.00409
41 224 1.00408
42 224 1.00407
43 224 1.00407
44 224 1.00406
45 224 1.00405
46 224 1.00403
47 224 1.00402
48 224 1.00401
49 224 1.00400
50 224 1.00398
51 224 1.00397
52 224 1.00396
53 224 1.00394
54 224 1.00393
55 224 1.00392
56 224 1.00391
57 224 1.00390
58 224 1.00390
59 224 1.00389
60 224 1.00389
61 224 1.00389
62 224 1.00388
63 224 1.00388
0 225 1.00387
1 225 1.00387
2 225 1.00387
3 225 1.00387
4 225 1.00388
5 225 1.00388
6 225 1.00389
7 225 1.00389
8 225 1.00390
9 225 1.00391
10 225 1.00392
11 225 1.00393
12 225 1.00395
13 225 1.00396
14 225 1.00397
15 225 1.00399
16 225 1.00400
17 225 1.00401
18 225 1.00403
19 225 1.00404
20 225 1.00405
21 225 1.00406
22 225 1.00407
23 225 1.00407
24 225 1.00408
25 225 1.00408
26 225 1.00409
27 225 1.00409
28 225 1.00409
29 225 1.00409
30 225 1.00410
31 225 1.00410
32 225 1.00410
33 225 1.00410
34 225 1.00410
35 225 1.00409
36 225 1.00409
37 225 1.00409
38 225 1.00409
39 225 1.00408
40 225 1.00408
41 225 1.00407
42 225 1.00407
43 225 1.00406
44 225 1.00405
45 225 1.00404
46 225 1.00403
47 225 1.00401
48 225 1.00400
49 225 1.00399
50 225 1.00397
51 225 1.00396
52 225 1.00395
53 225 1.00393
54 225 1.00392
55 225 1.00391
56 225 1.00390
57 225 1.00389
58 225 1.00389
59 225 1.00388
60 225 1.00388
61 225 1.00387
62 225 1.00387
63 225 1.00387
0 226 1.00386
1 226 1.00386
2 226 1.00386
3 226 1.00386
4 226 1.00387
5 226 1.00387
6 226 1.00388
7 226 1.00388
8 226 1.00389
9 226 1.00390
10 226 1.00391
11 226 1.00392
12 226 1.00394
13 226 1.00395
14 226 1.00396
15 226 1.00398
16 226 1.00399
17 226 1.00401
18 226 1.00402
19 226 1.00403
20 226 1.00404
21 226 1.00405
22 226 1.00406
23 226 1.00407
24 226 1.00407
25 226 1.00408
26 226 1.00408
27 226 1.00408
28 226 1.00409
29 226 1.00409
30 226 1.00409
31 226 1.00409
32 226 1.00409
33 226 1.00409
34 226 1.00409
35 226 1.00409
36 226 1.00409
37 226 1.00408
38 226 1.00408
39 226 1.00408
40 226 1.00407
41 226 1.00407
42 226 1.00406
43 226 1.00405
44 226 1.00404
45 226 1.00403
46 226 1.00402
47 226 1.00401
48 226 1.00399
49 226 1.00398
50 226 1.00396
51 226 1.00395
52 226 1.00394
53 226 1.00392
54 226 1.00391
55 226 1.00390
56 226 1.00389
57 226 1.00388
58 226 1.00388
59 226 1.00387
60 226 1.00387
61 226 1.00386
62 226 1.00386
63 226 1.00386
0 227 1.00385
1 227 1.00385
2 227 1.00385
3 227 1.00385
4 227 1.00386
5 227 1.00386
6 227 1.00387
7 227 1.00387
8 227 1.00388
9 227 1.00389
10 227 1.00390
11 227 1.00391
12 227 1.00393
13 227 1.00394
14 227 1.00396
15 227 1.00397
16 227 1.00398
17 227 1.00400
18 227 1.00401
19 227 1.00402
20 227 1.00403
21 227 1.00404
22 227 1.00405
23 227 1.00406
24 227 1.00407
25 227 1.00407
26 227 1.00408
27 227 1.00408
28 227 1.00408
29 227 1.00408
30 227 1.00408
31 227 1.00408
32 227 1.00408
33 227 1.00408
34 227 1.00408
35 227 1.00408
36 227 1.00408
37 227 1.00408
38 227 1.00408
39 227 1.00407
40 227 1.00407
41 227 1.00406
42 227 1.00405
43 227 1.00404
44 227 1.00403
45 227 1.00402
46 227 1.00401
47 227 1.00400
48 227 1.00398
49 227 1.00397
50 227 1.00396
51 227 1.00394
52 227 1.00393
53 227 1.00391
54 227 1.00390
55 227 1.00389
56 227 1.00388
57 227 1.00387
58 227 1.00387
59 227 1.00386
60 227 1.00386
61 227 1.00385
62 227 1.00385
63 227 1.00385
0 228 1.00384
1 228 1.00384
2 228 1.00384
3 228 1.00384
4 228 1.00385
5 228 1.00385
6 228 1.00386
7 228 1.00386
8 228 1.00387
9 228 1.00388
10 228 1.00389
11 228 1.00390
12 228 1.00392
13 228 1.00393
14 228 1.00395
15 228 1.00396
16 228 1.00397
17 228 1.00399
18 228 1.00400
19 228 1.00401
20 228 1.00403
21 228 1.00404
22 228 1.00405
23 228 1.00405
24 228 1.00406
25 228 1.00406
26 228 1.00407
27 228 1.00407
28 228 1.00408
29 228 1.00408
30 228 1.00408
31 228 1.00408
32 228 1.00408
33 228 1.00408
34 228 1.00408
35 228 1.00408
36 228 1.00408
37 228 1.00407
38 228 1.00407
39 228 1.00406
40 228 1.00406
41 228 1.00405
42 228 1.00405
43 228 1.00404
44 228 1.00403
45 228 1.00401
46 228 1.00400
47 228 1.00399
48 228 1.00397
49 228 1.00396
50 228 1.00395
51 228 1.00393
52 228 1.00392
53 228 1.00390
54 228 1.00389
55 228 1.00388
56 228 1.00387
57 228 1.00386
58 228 1.00386
59 228 1.00385
60 228 1.00385
61 228 1.00384
62 228 1.00384
63 228 1.00384
0 229 1.00383
1 229 1.00383
2 229 1.00383
3 229 1.00383
4 229 1.00384
5 229 1.00384
6 229 1.00385
7 229 1.00385
8 229 1.00386
9 229 1.00387
10 229 1.00388
11 229 1.00390
12 229 1.00391
13 229 1.00392
14 229 1.00394
15 229 1.00395
16 229 1.00397
17 229 1.00398
18 229 1.00399
19 229 1.00401
20 229 1.00402
21 229 1.00403
22 229 1.00404
23 229 1.00405
24 229 1.00405
25 229 1.00406
26 229 1.00406
27 229 1.00407
28 229 1.00407
29 229 1.00407
30 229 1.00407
31 229 1.00407
32 229 1.00407
33 229 1.00407
34 229 1.00407
35 229 1.00407
36 229 1.00407
37 229 1.00407
38 229 1.00406
39 229 1.00406
40 229 1.00405
41 229 1.00405
42 229 1.00404
43 229 1.00403
44 229 1.00402
45 229 1.00401
46 229 1.00399
47 229 1.00398
48 229 1.00397
49 229 1.00395
50 229 1.00394
51 229 1.00392
52 229 1.00391
53 229 1.00390
54 229 1.00388
55 229 1.00387
56 229 1.00386
57 229 1.00385
58 229 1.00385
59 229 1.00384
60 229 1.00384
61 229 1.00383
62 229 1.00383
63 229 1.00383
0 230 1.00382
1 230 1.00382
2 230 1.00382
3 230 1.00382
4 230 1.00382
5 230 1.00383
6 230 1.00384
7 230 1.00384
8 230 1.00385
9 230 1.00386
10 230 1.00387
11 230 1.00389
12 230 1.00390
13 230 1.00391
14 230 1.00393
15 230 1.00394
16 230 1.00396
17 230 1.00397
18 230 1.00399
19 230 1.00400
20 230 1.00401
21 230 1.00402
22 230 1.00403
23 230 1.00404
24 230 1.00405
25 230 1.00405
26 230 1.00406
27 230 1.00406
28 230 1.00406
29 230 1.00407
30 230 1.00407
31 230 1.00407
32 230 1.00407
33 230 1.00407
34 230 1.00407
35 230 1.00407
36 230 1.00406
37 230 1.00406
38 230 1.00406
39 230 1.00405
40 230 1.00405
41 230 1.00404
42 230 1.00403
43 230 1.00402
44 230 1.00401
45 230 1.00400
46 230 1.00399
47 230 1.00397
48 230 1.00396
49 230 1.00394
50 230 1.00393
51 230 1.00391
52 230 1.00390
53 230 1.00389
54 230 1.00387
55 230 1.00386
56 230 1.00385
57 230 1.00384
58 230 1.00384
59 230 1.00383
60 230 1.00382
61 230 1.00382
62 230 1.00382
63 230 1.00382
0 231 1.00381
1 231 1.00381
2 231 1.00381
3 231 1.00381
4 231 1.00382
5 231 1.00382
6 231 1.00383
7 231 1.00383
8 231 1.00384
9 231 1.00385
10 231 1.00387
11 231 1.00388
12 231 1.00389
13 231 1.00391
14 231 1.00392
15 231 1.00394
16 231 1.00395
17 231 1.00397
18 231 1.00398
19 231 1.00399
20 231 1.00401
21 231 1.00402
22 231 1.00403
23 231 1.00404
24 231 1.00404
25 231 1.00405
26 231 1.00405
27 231 1.00406
28 231 1.00406
29 231 1.00406
30 231 1.00406
31 231 1.00406
32 231 1.00406
33 231 1.00406
34 231 1.00406
35 231 1.00406
36 231 1.00406
37 231 1.00406
38 231 1.00405
39 231 1.00405
40 231 1.00404
41 231 1.00404
42 231 1.00403
43 231 1.00402
44 231 1.00401
45 231 1.00399
46 231 1.00398
47 231 1.00397
48 231 1.00395
49 231 1.00394
50 231 1.00392
51 231 1.00391
52 231 1.00389
53 231 1.00388
54 231 1.00387
55 231 1.00385
56 231 1.00384
57 231 1.00383
58 231 1.00383
59 231 1.00382
60 231 1.00382
61 231 1.00381
62 231 1.00381
63 231 1.00381
0 232 1.00380
1 232 1.00380
2 232 1.00380
3 232 1.00380
4 232 1.00381
5 232 1.00381
6 232 1.00382
7 232 1.00383
8 232 1.00384
9 232 1.00385
10 232 1.00386
11 232 1.00387
12 232 1.00389
13 232 1.00390
14 232 1.00392
15 232 1.00393
16 232 1.00395
17 232 1.00396
18 232 1.00398
19 232 1.00399
20 232 1.00400
21 232 1.00401
22 232 1.00402
23 232 1.00403
24 232 1.00404
25 232 1.00405
26 232 1.00405
27 232 1.00405
28 232 1.00406
29 232 1.00406
30 232 1.00406
31 232 1.00406
32 232 1.00406
33 232 1.00406
34 232 1.00406
35 232 1.00406
36 232 1.00406
37 232 1.00405
38 232 1.00405
39 232 1.00405
40 232 1.00404
41 232 1.00403
42 232 1.00402
43 232 1.00401
44 232 1.00400
45 232 1.00399
46 232 1.00398
47 232 1.00396
48 232 1.00395
49 232 1.00393
50 232 1.00392
51 232 1.00390
52 232 1.00389
53 232 1.00387
54 232 1.00386
55 232 1.00385
56 232 1.00384
57 232 1.00383
58 232 1.00382
59 232 1.00381
60 232 1.00381
61 232 1.00380
62 232 1.00380
63 232 1.00380
0 233 1.00379
1 233 1.00379
2 233 1.00380
3 233 1.00380
4 233 1.00380
5 233 1.00381
6 233 1.00381
7 233 1.00382
8 233 1.00383
9 233 1.00384
10 233 1.00385
11 233 1.00387
12 233 1.00388
13 233 1.00390
14 233 1.00391
15 233 1.00393
16 233 1.00394
17 233 1.00396
18 233 1.00397
19 233 1.00399
20 233 1.00400
21 233 1.00401
22 233 1.00402
23 233 1.00403
24 233 1.00404
25 233 1.00404
26 233 1.00405
27 233 1.00405
28 233 1.00406
29 233 1.00406
30 233 1.00406
31 233 1.00406
32 233 1.00406
33 233 1.00406
34 233 1.00406
35 233 1.00406
36 233 1.00406
37 233 1.00405
38 233 1.00405
39 233 1.00404
40 233 1.00404
41 233 1.00403
42 233 1.00402
43 233 1.00401
44 233 1.00400
45 233 1.00399
46 233 1.00397
47 233 1.00396
48 233 1.00394
49 233 1.00393
50 233 1.00391
51 233 1.00390
52 233 1.00388
53 233 1.00387
54 233 1.00385
55 233 1.00384
56 233 1.00383
57 233 1.00382
58 233 1.00381
59 233 1.00381
60 233 1.00380
61 233 1.00380
62 233 1.00380
63 233 1.00379
0 234 1.00379
1 234 1.00379
2 234 1.00379
3 234 1.00379
4 234 1.00380
5 234 1.00380
6 234 1.00381
7 234 1.00382
8 234 1.00383
9 234 1.00384
10 234 1.00385
11 234 1.00386
12 234 1.00388
13 234 1.00389
14 234 1.00391
15 234 1.00392
16 234 1.00394
17 234 1.00395
18 234 1.00397
19 234 1.00398
20 234 1.00400
21 234 1.00401
22 234 1.00402
23 234 1.00403
24 234 1.00404
25 234 1.00404
26 234 1.00405
27 234 1.00405
28 234 1.00406
29 234 1.00406
30 234 1.00406
31 234 1.00406
32 234 1.00406
33 234 1.00406
34 234 1.00406
35 234 1.00406
36 234 1.00406
37 234 1.00405
38 234 1.00405
39 234 1.00404
40 234 1.00404
41 234 1.00403
42 234 1.00402
43 234 1.00401
44 234 1.00400
45 234 1.00398
46 234 1.00397
47 234 1.00395
48 234 1.00394
49 234 1.00392
50 234 1.00391
51 234 1.00389
52 234 1.00388
53 234 1.00386
54 234 1.00385
55 234 1.00384
56 234 1.00383
57 234 1.00382
58 234 1.00381
59 234 1.00380
60 234 1.00380
61 234 1.00379
62 234 1.00379
63 234 1.00379
0 235 1.00379
1 235 1.00379
2 235 1.00379
3 235 1.00379
4 235 1.00379
5 235 1.00380
6 235 1.00381
7 235 1.00381
8 235 1.00382
9 235 1.00383
10 235 1.00385
11 235 1.00386
12 235 1.00388
13 235 1.00389
14 235 1.00391
15 235 1.00392
16 235 1.00394
17 235 1.00395
18 235 1.00397
19 235 1.00398
20 235 1.00400
21 235 1.00401
22 235 1.00402
23 235 1.00403
24 235 1.00404
25 235 1.00405
26 235 1.00405
27 235 1.00406
28 235 1.00406
29 235 1.00406
30 235 1.00406
31 235 1.00406
32 235 1.00406
33 235 1.00406
34 235 1.00406
35 235 1.00406
36 235 1.00406
37 235 1.00406
38 235 1.00405
39 235 1.00405
40 235 1.00404
41 235 1.00403
42 235 1.00402
43 235 1.00401
44 235 1.00400
45 235 1.00398
46 235 1.00397
47 235 1.00395
48 235 1.00394
49 235 1.00392
50 235 1.00391
51 235 1.00389
52 235 1.00388
53 235 1.00386
54 235 1.00385
55 235 1.00383
56 235 1.00382
57 235 1.00381
58 235 1.00381
59 235 1.00380
60 235 1.00379
61 235 1.00379
62 235 1.00379
63 235 1.00379
0 236 1.00378
1 236 1.00378
2 236 1.00379
3 236 1.00379
4 236 1.00379
5 236 1.00380
6 236 1.00380
7 236 1.00381
8 236 1.00382
9 236 1.00383
10 236 1.00385
11 236 1.00386
12 236 1.00388
13 236 1.00389
14 236 1.00391
15 236 1.00392
16 236 1.00394
17 236 1.00396
18 236 1.00397
19 236 1.00399
20 236 1.00400
21 236 1.00401
22 236 1.00402
23 236 1.00403
24 236 1.00404
25 236 1.00405
26 236 1.00405
27 236 1.00406
28 236 1.00406
29 236 1.00407
30 236 1.00407
31 236 1.00407
32 236 1.00407
33 236 1.00407
34 236 1.00407
35 236 1.00407
36 236 1.00406
37 236 1.00406
38 236 1.00405
39 236 1.00405
40 236 1.00404
41 236 1.00403
42 236 1.00402
43 236 1.00401
44 236 1.00400
45 236 1.00399
46 236 1.00397
47 236 1.00396
48 236 1.00394
49 236 1.00392
50 236 1.00391
51 236 1.00389
52 236 1.00388
53 236 1.00386
54 236 1.00385
55 236 1.00383
56 236 1.00382
57 236 1.00381
58 236 1.00380
59 236 1.00380
60 236 1.00379
61 236 1.00379
62 236 1.00379
63 236 1.00378
0 237 1.00379
1 237 1.00379
2 237 1.00379
3 237 1.00379
4 237 1.00379
5 237 1.00380
6 237 1.00381
7 237 1.00382
8 237 1.00383
9 237 1.00384
10 237 1.00385
11 237 1.00386
12 237 1.00388
13 237 1.00390
14 237 1.00391
15 237 1.00393
16 237 1.00395
17 237 1.00396
18 237 1.00398
19 237 1.00399
20 237 1.00401
21 237 1.00402
22 237 1.00403
23 237 1.00404
24 237 1.00405
25 237 1.00406
26 237 1.00406
27 237 1.00407
28 237 1.00407
29 237 1.00407
30 237 1.00407
31 237 1.00408
32 237 1.00408
33 237 1.00408
34 237 1.00407
35 237 1.00407
36 237 1.00407
37 237 1.00407
38 237 1.00406
39 237 1.00406
40 237 1.00405
41 237 1.00404
42 237 1.00403
43 237 1.00402
44 237 1.00401
45 237 1.00399
46 237 1.00398
47 237 1.00396
48 237 1.00395
49 237 1.00393
50 237 1.00391
51 237 1.00390
52 237 1.00388
53 237 1.00386
54 237 1.00385
55 237 1.00384
56 237 1.00383
57 237 1.00382
58 237 1.00381
59 237 1.00380
60 237 1.00379
61 237 1.00379
62 237 1.00379
63 237 1.00379
0 238 1.00379
1 238 1.00379
2 238 1.00379
3 238 1.00379
4 238 1.00380
5 238 1.00380
6 238 1.00381
7 238 1.00382
8 238 1.00383
9 238 1.00384
10 238 1.00385
11 238 1.00387
12 238 1.00388
13 238 1.00390
14 238 1.00392
15 238 1.00393
16 238 1.00395
17 238 1.00397
18 238 1.00398
19 238 1.00400
20 238 1.00401
21 238 1.00403
22 238 1.00404
23 238 1.00405
24 238 1.00406
25 238 1.00406
26 238 1.00407
27 238 1.00407
28 238 1.00408
29 238 1.00408
30 238 1.00408
31 238 1.00408
32 238 1.00408
33 238 1.00408
34 238 1.00408
35 238 1.00408
36 238 1.00408
37 238 1.00407
38 238 1.00407
39 238 1.00406
40 238 1.00406
41 238 1.00405
42 238 1.00404
43 238 1.00403
44 238 1.00401
45 238 1.00400
46 238 1.00398
47 238 1.00397
48 238 1.00395
49 238 1.00393
50 238 1.00392
51 238 1.00390
52 238 1.00388
53 238 1.00387
54 238 1.00385
55 238 1.00384
56 238 1.00383
57 238 1.00382
58 238 1.00381
59 238 1.00380
60 238 1.00380
61 238 1.00379
62 238 1.00379
63 238 1.00379
0 239 1.00380
1 239 1.00380
2 239 1.00380
3 239 1.00380
4 239 1.00380
5 239 1.00381
6 239 1.00382
7 239 1.00383
8 239 1.00384
9 239 1.00385
10 239 1.00386
11 239 1.00388
12 239 1.00390
13 239 1.00391
14 239 1.00393
15 239 1.00395
16 239 1.00396
17 239 1.00398
18 239 1.00400
19 239 1.00401
20 239 1.00402
21 239 1.00404
22 239 1.00405
23 239 1.00406
24 239 1.00407
25 239 1.00408
26 239 1.00408
27 239 1.00409
28 239 1.00409
29 239 1.00409
30 239 1.00410
31 239 1.00410
32 239 1.00410
33 239 1.00410
34 239 1.00410
35 239 1.00409
36 239 1.00409
37 239 1.00409
38 239 1.00408
39 239 1.00408
40 239 1.00407
41 239 1.00406
42 239 1.00405
43 239 1.00404
44 239 1.00402
45 239 1.00401
46 239 1.00400
47 239 1.00398
48 239 1.00396
49 239 1.00395
50 239 1.00393
51 239 1.00391
52 239 1.00390
53 239 1.00388
54 239 1.00386
55 239 1.00385
56 239 1.00384
57 239 1.00383
58 239 1.00382
59 239 1.00381
60 239 1.00380
61 239 1.00380
62 239 1.00380
63 239 1.00380
0 240 1.00380
1 240 1.00380
2 240 1.00380
3 240 1.00381
4 240 1.00381
5 240 1.00382
6 240 1.00383
7 240 1.00384
8 240 1.00385
9 240 1.00386
10 240 1.00388
11 240 1.00389
12 240 1.00391
13 240 1.00392
14 240 1.00394
15 240 1.00396
16 240 1.00398
17 240 1.00399
18 240 1.00401
19 240 1.00402
20 240 1.00404
21 240 1.00405
22 240 1.00406
23 240 1.00407
24 240 1.00408
25 240 1.00409
26 240 1.00410
27 240 1.00410
28 240 1.00411
29 240 1.00411
30 240 1.00412
31 240 1.00412
32 240 1.00412
33 240 1.00412
34 240 1.00412
35 240 1.00411
36 240 1.00411
37 240 1.00410
38 240 1.00410
39 240 1.00409
40 240 1.00408
41 240 1.00407
42 240 1.00406
43 240 1.00405
44 240 1.00404
45 240 1.00402
46 240 1.00401
47 240 1.00399
48 240 1.00398
49 240 1.00396
50 240 1.00394
51 240 1.00392
52 240 1.00391
53 240 1.00389
54 240 1.00388
55 240 1.00386
56 240 1.00385
57 240 1.00384
58 240 1.00383
59 240 1.00382
60 240 1.00381
61 240 1.00381
62 240 1.00380
63 240 1.00380
0 241 1.00381
1 241 1.00382
2 241 1.00382
3 241 1.00382
4 241 1.00383
5 241 1.00383
6 241 1.00384
7 241 1.00385
8 241 1.00386
9 241 1.00388
10 241 1.00389
11 241 1.00391
12 241 1.00393
13 241 1.00394
14 241 1.00396
15 241 1.00398
16 241 1.00400
17 241 1.00401
18 241 1.00403
19 241 1.00404
20 241 1.00406
21 241 1.00407
22 241 1.00408
23 241 1.00410
24 241 1.00411
25 241 1.00411
26 241 1.00412
27 241 1.00413
28 241 1.00413
29 241 1.00414
30 241 1.00414
31 241 1.00414
32 241 1.00414
33 241 1.00414
34 241 1.00414
35 241 1.00414
36 241 1.00413
37 241 1.00413
38 241 1.00412
39 241 1.00411
40 241 1.00411
41 241 1.00410
42 241 1.00408
43 241 1.00407
44 241 1.00406
45 241 1.00404
46 241 1.00403
47 241 1.00401
48 241 1.00400
49 241 1.00398
50 241 1.00396
51 241 1.00394
52 241 1.00393
53 241 1.00391
54 241 1.00389
55 241 1.00388
56 241 1.00386
57 241 1.00385
58 241 1.00384
59 241 1.00383
60 241 1.00383
61 241 1.00382
62 241 1.00382
63 241 1.00382
0 242 1.00383
1 242 1.00383
2 242 1.00383
3 242 1.00384
4 242 1.00384
5 242 1.00385
6 242 1.00386
7 242 1.00387
8 242 1.00388
9 242 1.00390
10 242 1.00391
11 242 1.00393
12 242 1.00395
13 242 1.00396
14 242 1.00398
15 242 1.00400
16 242 1.00402
17 242 1.00404
18 242 1.00405
19 242 1.00407
20 242 1.00408
21 242 1.00410
22 242 1.00411
23 242 1.00412
24 242 1.00413
25 242 1.00414
26 242 1.00415
27 242 1.00415
28 242 1.00416
29 242 1.00416
30 242 1.00416
31 242 1.00417
32 242 1.00417
33 242 1.00417
34 242 1.00416
35 242 1.00416
36 242 1.00416
37 242 1.00415
38 242 1.00415
39 242 1.00414
40 242 1.00413
41 242 1.00412
42 242 1.00411
43 242 1.00410
44 242 1.00408
45 242 1.00407
46 242 1.00405
47 242 1.00404
48 242 1.00402
49 242 1.00400
50 242 1.00398
51 242 1.00396
52 242 1.00395
53 242 1.00393
54 242 1.00391
55 242 1.00390
56 242 1.00388
57 242 1.00387
58 242 1.00386
59 242 1.00385
60 242 1.00384
61 242 1.00384
62 242 1.00383
63 242 1.00383
0 243 1.00385
1 243 1.00386
2 243 1.00386
3 243 1.00386
4 243 1.00387
5 243 1.00388
6 243 1.00389
7 243 1.00390
8 243 1.00391
9 243 1.00392
10 243 1.00394
11 243 1.00396
12 243 1.00398
13 243 1.00399
14 243 1.00401
15 243 1.00403
16 243 1.00405
17 243 1.00407
18 243 1.00408
19 243 1.00410
20 243 1.00411
21 243 1.00413
22 243 1.00414
23 243 1.00415
24 243 1.00416
25 243 1.00417
26 243 1.00418
27 243 1.00418
28 243 1.00419
29 243 1.00419
30 243 1.00419
31 243 1.00420
32 243 1.00420
33 243 1.00420
34 243 1.00419
35 243 1.00419
36 243 1.00419
37 243 1.00418
38 243 1.00418
39 243 1.00417
40 243 1.00416
41 243 1.00415
42 243 1.00414
43 243 1.00413
44 243 1.00411
45 243 1.00410
46 243 1.00408
47 243 1.00407
48 243 1.00405
49 243 1.00403
50 243 1.00401
51 243 1.00399
52 243 1.00398
53 243 1.00396
54 243 1.00394
55 243 1.00392
56 243 1.00391
57 243 1.00390
58 243 1.00389
59 243 1.00388
60 243 1.00387
61 243 1.00386
62 243 1.00386
63 243 1.00386
0 244 1.00388
1 244 1.00388
2 244 1.00388
3 244 1.00389
4 244 1.00390
5 244 1.00390
6 244 1.00392
7 244 1.00393
8 244 1.00394
9 244 1.00396
10 244 1.00397
11 244 1.00399
12 244 1.00401
13 244 1.00403
14 244 1.00405
15 244 1.00407
16 244 1.00409
17 244 1.00410
18 244 1.00412
19 244 1.00414
20 244 1.00415
21 244 1.00417
22 244 1.00418
23 244 1.00419
24 244 1.00420
25 244 1.00421
26 244 1.00422
27 244 1.00422
28 244 1.00423
29 244 1.00423
30 244 1.00424
31 244 1.00424
32 244 1.00424
33 244 1.00424
34 244 1.00424
35 244 1.00423
36 244 1.00423
37 244 1.00422
38 244 1.00422
39 244 1.00421
40 244 1.00420
41 244 1.00419
42 244 1.00418
43 244 1.00417
44 244 1.00415
45 244 1.00414
46 244 1.00412
47 244 1.00410
48 244 1.00409
49 244 1.00407
50 244 1.00405
51 244 1.00403
52 244 1.00401
53 244 1.00399
54 244 1.00397
55 244 1.00396
56 244 1.00394
57 244 1.00393
58 244 1.00392
59 244 1.00390
60 244 1.00390
61 244 1.00389
62 244 1.00388
63 244 1.00388
0 245 1.00392
1 245 1.00392
2 245 1.00392
3 245 1.00393
4 245 1.00394
5 245 1.00395
6 245 1.00396
7 245 1.00397
8 245 1.00399
9 245 1.00400
10 245 1.00402
11 245 1.00404
12 245 1.00406
13 245 1.00408
14 245 1.00410
15 245 1.00412
16 245 1.00414
17 245 1.00415
18 245 1.00417
19 245 1.00419
20 245 1.00420
21 245 1.00422
22 245 1.00423
23 245 1.00424
24 245 1.00425
25 245 1.00426
26 245 1.00427
27 245 1.00428
28 245 1.00429
29 245 1.00429
30 245 1.00430
31 245 1.00430
32 245 1.00430
33 245 1.00430
34 245 1.00430
35 245 1.00429
36 245 1.00429
37 245 1.00428
38 245 1.00427
39 245 1.00426
40 245 1.00425
41 245 1.00424
42 245 1.00423
43 245 1.00422
44 245 1.00420
45 245 1.00419
46 245 1.00417
47 245 1.00415
48 245 1.00414
49 245 1.00412
50 245 1.00410
51 245 1.00408
52 245 1.00406
53 245 1.00404
54 245 1.00402
55 245 1.00400
56 245 1.00399
57 245 1.00397
58 245 1.00396
59 245 1.00395
60 245 1.00394
61 245 1.00393
62 245 1.00392
63 245 1.00392
0 246 1.00398
1 246 1.00398
2 246 1.00398
3 246 1.00399
4 246 1.00400
5 246 1.00401
6 246 1.00402
7 246 1.00404
8 246 1.00405
9 246 1.00407
10 246 1.00409
11 246 1.00411
12 246 1.00413
13 246 1.00415
14 246 1.00417
15 246 1.00419
16 246 1.00421
17 246 1.00423
18 246 1.00425
19 246 1.00427
20 246 1.00428
21 246 1.00430
22 246 1.00432
23 246 1.00433
24 246 1.00435
25 246 1.00436
26 246 1.00437
27 246 1.00438
28 246 1.00438
29 246 1.00439
30 246 1.00439
31 246 1.00439
32 246 1.00439
33 246 1.00439
34 246 1.00439
35 246 1.00439
36 246 1.00438
37 246 1.00438
38 246 1.00437
39 246 1.00436
40 246 1.00435
41 246 1.00433
42 246 1.00432
43 246 1.00430
44 246 1.00428
45 246 1.00427
46 246 1.00425
47 246 1.00423
48 246 1.00421
49 246 1.00419
50 246 1.00417
51 246 1.00415
52 246 1.00413
53 246 1.00411
54 246 1.00409
55 246 1.00407
56 246 1.00405
57 246 1.00404
58 246 1.00402
59 246 1.00401
60 246 1.00400
61 246 1.00399
62 246 1.00398
63 246 1.00398
0 247 1.00409
1 247 1.00409
2 247 1.00410
3 247 1.00410
4 247 1.00411
5 247 1.00412
6 247 1.00414
7 247 1.00415
8 247 1.00417
9 247 1.00419
10 247 1.00421
11 247 1.00423
12 247 1.00425
13 247 1.00427
14 247 1.00429
15 247 1.00431
16 247 1.00433
17 247 1.00435
18 247 1.00437
19 247 1.00439
20 247 1.00441
21 247 1.00442
22 247 1.00443
23 247 1.00444
24 247 1.00445
25 247 1.00445
26 247 1.00445
27 247 1.00446
28 247 1.00446
29 247 1.00446
30 247 1.00446
31 247 1.00446
32 247 1.00446
33 247 1.00446
34 247 1.00446
35 247 1.00446
36 247 1.00446
37 247 1.00446
38 247 1.00445
39 247 1.00445
40 247 1.00445
41 247 1.00444
42 247 1.00443
43 247 1.00442
44 247 1.00441
45 247 1.00439
46 247 1.00437
47 247 1.00435
48 247 1.00433
49 247 1.00431
50 247 1.00429
51 247 1.00427
52 247 1.00425
53 247 1.00423
54 247 1.00421
55 247 1.00419
56 247 1.00417
57 247 1.00415
58 247 1.00414
59 247 1.00412
60 247 1.00411
61 247 1.00410
62 247 1.00410
63 247 1.00409
0 248 1.00432
1 248 1.00433
2 248 1.00433
3 248 1.00433
4 248 1.00434
5 248 1.00435
6 248 1.00436
7 248 1.00437
8 248 1.00438
9 248 1.00440
10 248 1.00442
11 248 1.00443
12 248 1.00445
13 248 1.00447
14 248 1.00449
15 248 1.00451
16 248 1.00453
17 248 1.00454
18 248 1.00456
19 248 1.00457
20 248 1.00459
21 248 1.00459
22 248 1.00460
23 248 1.00460
24 248 1.00460
25 248 1.00461
26 248 1.00461
27 248 1.00461
28 248 1.00461
29 248 1.00461
30 248 1.00461
31 248 1.00461
32 248 1.00460
33 248 1.00460
34 248 1.00461
35 248 1.00461
36 248 1.00461
37 248 1.00461
38 248 1.00461
39 248 1.00461
40 248 1.00460
41 248 1.00460
42 248 1.00460
43 248 1.00459
44 248 1.00459
45 248 1.00457
46 248 1.00456
47 248 1.00454
48 248 1.00453
49 248 1.00451
50 248 1.00449
51 248 1.00447
52 248 1.00445
53 248 1.00443
54 248 1.00442
55 248 1.00440
56 248 1.00438
57 248 1.00437
58 248 1.00436
59 248 1.00435
60 248 1.00434
61 248 1.00433
62 248 1.00433
63 248 1.00433
0 249 1.00424
1 249 1.00424
2 249 1.00424
3 249 1.00424
4 249 1.00424
5 249 1.00425
6 249 1.00425
7 249 1.00426
8 249 1.00427
9 249 1.00428
10 249 1.00429
11 249 1.00430
12 249 1.00432
13 249 1.00433
14 249 1.00435
15 249 1.00436
16 249 1.00437
17 249 1.00439
18 249 1.00440
19 249 1.00441
20 249 1.00442
21 249 1.00442
22 249 1.00443
23 249 1.00443
24 249 1.00444
25 249 1.00444
26 249 1.00445
27 249 1.00445
28 249 1.00445
29 249 1.00445
30 249 1.00445
31 249 1.00445
32 249 1.00445
33 249 1.00445
34 249 1.00445
35 249 1.00445
36 249 1.00445
37 249 1.00445
38 249 1.00445
39 249 1.00444
40 249 1.00444
41 249 1.00443
42 249 1.00443
43 249 1.00442
44 249 1.00442
45 249 1.00441
46 249 1.00440
47 249 1.00439
48 249 1.00437
49 249 1.00436
50 249 1.00435
51 249 1.00433
52 249 1.00432
53 249 1.00430
54 249 1.00429
55 249 1.00428
56 249 1.00427
57 249 1.00426
58 249 1.00425
59 249 1.00425
60 249 1.00424
61 249 1.00424
62 249 1.00424
63 249 1.00424
0 250 1.00442
1 250 1.00442
2 250 1.00442
3 250 1.00442
4 250 1.00442
5 250 1.00442
6 250 1.00442
7 250 1.00443
8 250 1.00444
9 250 1.00445
10 250 1.00446
11 250 1.00447
12 250 1.00448
13 250 1.00450
14 250 1.00451
15 250 1.00452
16 250 1.00454
17 250 1.00455
18 250 1.00456
19 250 1.00457
20 250 1.00458
21 250 1.00458
22 250 1.00459
23 250 1.00459
24 250 1.00459
25 250 1.00460
26 250 1.00460
27 250 1.00460
28 250 1.00460
29 250 1.00460
30 250 1.00460
31 250 1.00460
32 250 1.00460
33 250 1.00460
34 250 1.00460
35 250 1.00460
36 250 1.00460
37 250 1.00460
38 250 1.00460
39 250 1.00460
40 250 1.00459
41 250 1.00459
42 250 1.00459
43 250 1.00458
44 250 1.00458
45 250 1.00457
46 250 1.00456
47 250 1.00455
48 250 1.00454
49 250 1.00452
50 250 1.00451
51 250 1.00450
52 250 1.00448
53 250 1.00447
54 250 1.00446
55 250 1.00445
56 250 1.00444
57 250 1.00443
58 250 1.00442
59 250 1.00442
60 250 1.00442
61 250 1.00442
62 250 1.00442
63 250 1.00442
0 251 1.00424
1 251 1.00424
2 251 1.00424
3 251 1.00424
4 251 1.00424
5 251 1.00424
6 251 1.00424
7 251 1.00425
8 251 1.00425
9 251 1.00426
10 251 1.00428
11 251 1.00429
12 251 1.00430
13 251 1.00432
14 251 1.00433
15 251 1.00434
16 251 1.00436
17 251 1.00437
18 251 1.00438
19 251 1.00439
20 251 1.00440
21 251 1.00441
22 251 1.00441
23 251 1.00441
24 251 1.00442
25 251 1.00442
26 251 1.00442
27 251 1.00442
28 251 1.00442
29 251 1.00442
30 251 1.00442
31 251 1.00442
32 251 1.00442
33 251 1.00442
34 251 1.00442
35 251 1.00442
36 251 1.00442
37 251 1.00442
38 251 1.00442
39 251 1.00442
40 251 1.00442
41 251 1.00441
42 251 1.00441
43 251 1.00441
44 251 1.00440
45 251 1.00439
46 251 1.00438
47 251 1.00437
48 251 1.00436
49 251 1.00434
50 251 1.00433
51 251 1.00432
52 251 1.00430
53 251 1.00429
54 251 1.00428
55 251 1.00426
56 251 1.00425
57 251 1.00425
58 251 1.00424
59 251 1.00424
60 251 1.00424
61 251 1.00424
62 251 1.00424
63 251 1.00424
0 252 1.00442
1 252 1.00442
2 252 1.00442
3 252 1.00442
4 252 1.00442
5 252 1.00442
6 252 1.00442
7 252 1.00442
8 252 1.00442
9 252 1.00443
10 252 1.00444
11 252 1.00445
12 252 1.00446
13 252 1.00448
14 252 1.00449
15 252 1.00450
16 252 1.00451
17 252 1.00452
18 252 1.00454
19 252 1.00454
20 252 1.00455
21 252 1.00456
22 252 1.00456
23 252 1.00457
24 252 1.00457
25 252 1.00457
26 252 1.00457
27 252 1.00457
28 252 1.00458
29 252 1.00458
30 252 1.00458
31 252 1.00458
32 252 1.00458
33 252 1.00458
34 252 1.00458
35 252 1.00458
36 252 1.00458
37 252 1.00457
38 252 1.00457
39 252 1.00457
40 252 1.00457
41 252 1.00457
42 252 1.00456
43 252 1.00456
44 252 1.00455
45 252 1.00454
46 252 1.00454
47 252 1.00452
48 252 1.00451
49 252 1.00450
50 252 1.00449
51 252 1.00448
52 252 1.00446
53 252 1.00445
54 252 1.00444
55 252 1.00443
56 252 1.00442
57 252 1.00442
58 252 1.00442
59 252 1.00442
60 252 1.00442
61 252 1.00442
62 252 1.00442
63 252 1.00442
0 253 0.99313
1 253 0.99313
2 253 0.99313
3 253 0.99313
4 253 0.99313
5 253 0.99313
6 253 0.99313
7 253 0.99313
8 253 0.99314
9 253 0.99314
10 253 0.99315
11 253 0.99315
12 253 0.99316
13 253 0.99316
14 253 0.99317
15 253 0.99317
16 253 0.99317
17 253 0.99318
18 253 0.99318
19 253 0.99319
20 253 0.99319
21 253 0.99319
22 253 0.99319
23 253 0.99320
24 253 0.99320
25 253 0.99320
26 253 0.99320
27 253 0.99320
28 253 0.99320
29 253 0.99320
30 253 0.99320
31 253 0.99320
32 253 0.99320
33 253 0.99320
34 253 0.99320
35 253 0.99320
36 253 0.99320
37 253 0.99320
38 253 0.99320
39 253 0.99320
40 253 0.99320
41 253 0.99320
42 253 0.99319
43 253 0.99319
44 253 0.99319
45 253 0.99319
46 253 0.99318
47 253 0.99318
48 253 0.99317
49 253 0.99317
50 253 0.99317
51 253 0.99316
52 253 0.99316
53 253 0.99315
54 253 0.99315
55 253 0.99314
56 253 0.99314
57 253 0.99313
58 253 0.99313
59 253 0.99313
60 253 0.99313
61 253 0.99313
62 253 0.99313
63 253 0.99313
0 254 0.91164
1 254 0.91164
2 254 0.91164
3 254 0.91164
4 254 0.91165
5 254 0.91165
6 254 0.91166
7 254 0.91167
8 254 0.91167
9 254 0.91168
10 254 0.91169
11 254 0.91170
12 254 0.91172
13 254 0.91173
14 254 0.91174
15 254 0.91175
16 254 0.91176
17 254 0.91177
18 254 0.91179
19 254 0.91180
20 254 0.91181
21 254 0.91182
22 254 0.91183
23 254 0.91184
24 254 0.91185
25 254 0.91186
26 254 0.91186
27 254 0.91187
28 254 0.91187
29 254 0.91188
30 254 0.91188
31 254 0.91188
32 254 0.91188
33 254 0.91188
34 254 0.91188
35 254 0.91188
36 254 0.91187
37 254 0.91187
38 254 0.91186
39 254 0.91186
40 254 0.91185
41 254 0.91184
42 254 0.91183
43 254 0.91182
44 254 0.91181
45 254 0.91180
46 254 0.91179
47 254 0.91177
48 254 0.91176
49 254 0.91175
50 254 0.91174
51 254 0.91173
52 254 0.91172
53 254 0.91170
54 254 0.91169
55 254 0.91168
56 254 0.91167
57 254 0.91167
58 254 0.91166
59 254 0.91165
60 254 0.91165
61 254 0.91164
62 254 0.91164
63 254 0.91164
0 255 0.68556
1 255 0.68556
2 255 0.68557
3 255 0.68557
4 255 0.68558
5 255 0.68559
6 255 0.68560
7 255 0.68561
8 255 0.68562
9 255 0.68563
10 255 0.68565
11 255 0.68566
12 255 0.68568
13 255 0.68570
14 255 0.68572
15 255 0.68573
16 255 0.68575
17 255 0.68577
18 255 0.68579
19 255 0.68581
20 255 0.68582
21 255 0.68584
22 255 0.68586
23 255 0.68587
24 255 0.68588
25 255 0.68590
26 255 0.68591
27 255 0.68592
28 255 0.68592
29 255 0.68593
30 255 0.68593
31 255 0.68594
32 255 0.68594
33 255 0.68594
34 255 0.68593
35 255 0.68593
36 255 0.68592
37 255 0.68592
38 255 0.68591
39 255 0.68590
40 255 0.68588
41 255 0.68587
42 255 0.68586
43 255 0.68584
44 255 0.68582
45 255 0.68581
46 255 0.68579
47 255 0.68577
48 255 0.68575
49 255 0.68573
50 255 0.68572
51 255 0.68570
52 255 0.68568
53 255 0.68566
54 255 0.68565
55 255 0.68563
56 255 0.68562
57 255 0.68561
58 255 0.68560
59 255 0.68559
60 255 0.68558
61 255 0.68557
62 255 0.68557
63 255 0.68556
