# RT 3D W=64 Re=30000 At=0.5 Ca=960 Pe=1024 xi=5 nu=8.5333e-05 sigma=3.5556e-09 M=2.5000e-03 t_ref=1600.0
# phi on the mid-z plane: x y phi
0 0 -0.00000
1 0 -0.00000
2 0 -0.00000
3 0 -0.00000
4 0 -0.00000
5 0 -0.00000
6 0 -0.00000
7 0 -0.00000
8 0 -0.00000
9 0 -0.00000
10 0 -0.00000
11 0 -0.00000
12 0 -0.00000
13 0 -0.00000
14 0 -0.00000
15 0 -0.00000
16 0 -0.00000
17 0 -0.00000
18 0 -0.00000
19 0 -0.00000
20 0 -0.00000
21 0 -0.00000
22 0 -0.00000
23 0 -0.00000
24 0 -0.00000
25 0 -0.00000
26 0 -0.00000
27 0 -0.00000
28 0 -0.00000
29 0 -0.00000
30 0 -0.00000
31 0 -0.00000
32 0 -0.00000
33 0 -0.00000
34 0 -0.00000
35 0 -0.00000
36 0 -0.00000
37 0 -0.00000
38 0 -0.00000
39 0 -0.00000
40 0 -0.00000
41 0 -0.00000
42 0 -0.00000
43 0 -0.00000
44 0 -0.00000
45 0 -0.00000
46 0 -0.00000
47 0 -0.00000
48 0 -0.00000
49 0 -0.00000
50 0 -0.00000
51 0 -0.00000
52 0 -0.00000
53 0 -0.00000
54 0 -0.00000
55 0 -0.00000
56 0 -0.00000
57 0 -0.00000
58 0 -0.00000
59 0 -0.00000
60 0 -0.00000
61 0 -0.00000
62 0 -0.00000
63 0 -0.00000
0 1 -0.00000
1 1 -0.00000
2 1 -0.00000
3 1 -0.00000
4 1 -0.00000
5 1 -0.00000
6 1 -0.00000
7 1 -0.00000
8 1 -0.00000
9 1 -0.00000
10 1 -0.00000
11 1 -0.00000
12 1 -0.00000
13 1 -0.00000
14 1 -0.00000
15 1 -0.00000
16 1 -0.00000
17 1 -0.00000
18 1 -0.00000
19 1 -0.00000
20 1 -0.00000
21 1 -0.00000
22 1 -0.00000
23 1 -0.00000
24 1 -0.00000
25 1 -0.00000
26 1 -0.00000
27 1 -0.00000
28 1 -0.00000
29 1 -0.00000
30 1 -0.00000
31 1 -0.00000
32 1 -0.00000
33 1 -0.00000
34 1 -0.00000
35 1 -0.00000
36 1 -0.00000
37 1 -0.00000
38 1 -0.00000
39 1 -0.00000
40 1 -0.00000
41 1 -0.00000
42 1 -0.00000
43 1 -0.00000
44 1 -0.00000
45 1 -0.00000
46 1 -0.00000
47 1 -0.00000
48 1 -0.00000
49 1 -0.00000
50 1 -0.00000
51 1 -0.00000
52 1 -0.00000
53 1 -0.00000
54 1 -0.00000
55 1 -0.00000
56 1 -0.00000
57 1 -0.00000
58 1 -0.00000
59 1 -0.00000
60 1 -0.00000
61 1 -0.00000
62 1 -0.00000
63 1 -0.00000
0 2 -0.00000
1 2 -0.00000
2 2 -0.00000
3 2 -0.00000
4 2 -0.00000
5 2 -0.00000
6 2 -0.00000
7 2 -0.00000
8 2 -0.00000
9 2 -0.00000
10 2 -0.00000
11 2 -0.00000
12 2 -0.00000
13 2 -0.00000
14 2 -0.00000
15 2 -0.00000
16 2 -0.00000
17 2 -0.00000
18 2 -0.00000
19 2 -0.00000
20 2 -0.00000
21 2 -0.00000
22 2 -0.00000
23 2 -0.00000
24 2 -0.00000
25 2 -0.00000
26 2 -0.00000
27 2 -0.00000
28 2 -0.00000
29 2 -0.00000
30 2 -0.00000
31 2 -0.00000
32 2 -0.00000
33 2 -0.00000
34 2 -0.00000
35 2 -0.00000
36 2 -0.00000
37 2 -0.00000
38 2 -0.00000
39 2 -0.00000
40 2 -0.00000
41 2 -0.00000
42 2 -0.00000
43 2 -0.00000
44 2 -0.00000
45 2 -0.00000
46 2 -0.00000
47 2 -0.00000
48 2 -0.00000
49 2 -0.00000
50 2 -0.00000
51 2 -0.00000
52 2 -0.00000
53 2 -0.00000
54 2 -0.00000
55 2 -0.00000
56 2 -0.00000
57 2 -0.00000
58 2 -0.00000
59 2 -0.00000
60 2 -0.00000
61 2 -0.00000
62 2 -0.00000
63 2 -0.00000
0 3 -0.00000
1 3 -0.00000
2 3 -0.00000
3 3 -0.00000
4 3 -0.00000
5 3 -0.00000
6 3 -0.00000
7 3 -0.00000
8 3 -0.00000
9 3 -0.00000
10 3 -0.00000
11 3 -0.00000
12 3 -0.00000
13 3 -0.00000
14 3 -0.00000
15 3 -0.00000
16 3 -0.00000
17 3 -0.00000
18 3 -0.00000
19 3 -0.00000
20 3 -0.00000
21 3 -0.00000
22 3 -0.00000
23 3 -0.00000
24 3 -0.00000
25 3 -0.00000
26 3 -0.00000
27 3 -0.00000
28 3 -0.00000
29 3 -0.00000
30 3 -0.00000
31 3 -0.00000
32 3 -0.00000
33 3 -0.00000
34 3 -0.00000
35 3 -0.00000
36 3 -0.00000
37 3 -0.00000
38 3 -0.00000
39 3 -0.00000
40 3 -0.00000
41 3 -0.00000
42 3 -0.00000
43 3 -0.00000
44 3 -0.00000
45 3 -0.00000
46 3 -0.00000
47 3 -0.00000
48 3 -0.00000
49 3 -0.00000
50 3 -0.00000
51 3 -0.00000
52 3 -0.00000
53 3 -0.00000
54 3 -0.00000
55 3 -0.00000
56 3 -0.00000
57 3 -0.00000
58 3 -0.00000
59 3 -0.00000
60 3 -0.00000
61 3 -0.00000
62 3 -0.00000
63 3 -0.00000
0 4 -0.00000
1 4 -0.00000
2 4 -0.00000
3 4 -0.00000
4 4 -0.00000
5 4 -0.00000
6 4 -0.00000
7 4 -0.00000
8 4 -0.00000
9 4 -0.00000
10 4 -0.00000
11 4 -0.00000
12 4 -0.00000
13 4 -0.00000
14 4 -0.00000
15 4 -0.00000
16 4 -0.00000
17 4 -0.00000
18 4 -0.00000
19 4 -0.00000
20 4 -0.00000
21 4 -0.00000
22 4 -0.00000
23 4 -0.00000
24 4 -0.00000
25 4 -0.00000
26 4 -0.00000
27 4 -0.00000
28 4 -0.00000
29 4 -0.00000
30 4 -0.00000
31 4 -0.00000
32 4 -0.00000
33 4 -0.00000
34 4 -0.00000
35 4 -0.00000
36 4 -0.00000
37 4 -0.00000
38 4 -0.00000
39 4 -0.00000
40 4 -0.00000
41 4 -0.00000
42 4 -0.00000
43 4 -0.00000
44 4 -0.00000
45 4 -0.00000
46 4 -0.00000
47 4 -0.00000
48 4 -0.00000
49 4 -0.00000
50 4 -0.00000
51 4 -0.00000
52 4 -0.00000
53 4 -0.00000
54 4 -0.00000
55 4 -0.00000
56 4 -0.00000
57 4 -0.00000
58 4 -0.00000
59 4 -0.00000
60 4 -0.00000
61 4 -0.00000
62 4 -0.00000
63 4 -0.00000
0 5 -0.00000
1 5 -0.00000
2 5 -0.00000
3 5 -0.00000
4 5 -0.00000
5 5 -0.00000
6 5 -0.00000
7 5 -0.00000
8 5 -0.00000
9 5 -0.00000
10 5 -0.00000
11 5 -0.00000
12 5 -0.00000
13 5 -0.00000
14 5 -0.00000
15 5 -0.00000
16 5 -0.00000
17 5 -0.00000
18 5 -0.00000
19 5 -0.00000
20 5 -0.00000
21 5 -0.00000
22 5 -0.00000
23 5 -0.00000
24 5 -0.00000
25 5 -0.00000
26 5 -0.00000
27 5 -0.00000
28 5 -0.00000
29 5 -0.00000
30 5 -0.00000
31 5 -0.00000
32 5 -0.00000
33 5 -0.00000
34 5 -0.00000
35 5 -0.00000
36 5 -0.00000
37 5 -0.00000
38 5 -0.00000
39 5 -0.00000
40 5 -0.00000
41 5 -0.00000
42 5 -0.00000
43 5 -0.00000
44 5 -0.00000
45 5 -0.00000
46 5 -0.00000
47 5 -0.00000
48 5 -0.00000
49 5 -0.00000
50 5 -0.00000
51 5 -0.00000
52 5 -0.00000
53 5 -0.00000
54 5 -0.00000
55 5 -0.00000
56 5 -0.00000
57 5 -0.00000
58 5 -0.00000
59 5 -0.00000
60 5 -0.00000
61 5 -0.00000
62 5 -0.00000
63 5 -0.00000
0 6 -0.00000
1 6 -0.00000
2 6 -0.00000
3 6 -0.00000
4 6 -0.00000
5 6 -0.00000
6 6 -0.00000
7 6 -0.00000
8 6 -0.00000
9 6 -0.00000
10 6 -0.00000
11 6 -0.00000
12 6 -0.00000
13 6 -0.00000
14 6 -0.00000
15 6 -0.00000
16 6 -0.00000
17 6 -0.00000
18 6 -0.00000
19 6 -0.00000
20 6 -0.00000
21 6 -0.00000
22 6 -0.00000
23 6 -0.00000
24 6 -0.00000
25 6 -0.00000
26 6 -0.00000
27 6 -0.00000
28 6 -0.00000
29 6 -0.00000
30 6 -0.00000
31 6 -0.00000
32 6 -0.00000
33 6 -0.00000
34 6 -0.00000
35 6 -0.00000
36 6 -0.00000
37 6 -0.00000
38 6 -0.00000
39 6 -0.00000
40 6 -0.00000
41 6 -0.00000
42 6 -0.00000
43 6 -0.00000
44 6 -0.00000
45 6 -0.00000
46 6 -0.00000
47 6 -0.00000
48 6 -0.00000
49 6 -0.00000
50 6 -0.00000
51 6 -0.00000
52 6 -0.00000
53 6 -0.00000
54 6 -0.00000
55 6 -0.00000
56 6 -0.00000
57 6 -0.00000
58 6 -0.00000
59 6 -0.00000
60 6 -0.00000
61 6 -0.00000
62 6 -0.00000
63 6 -0.00000
0 7 -0.00000
1 7 -0.00000
2 7 -0.00000
3 7 -0.00000
4 7 -0.00000
5 7 -0.00000
6 7 -0.00000
7 7 -0.00000
8 7 -0.00000
9 7 -0.00000
10 7 -0.00000
11 7 -0.00000
12 7 -0.00000
13 7 -0.00000
14 7 -0.00000
15 7 -0.00000
16 7 -0.00000
17 7 -0.00000
18 7 -0.00000
19 7 -0.00000
20 7 -0.00000
21 7 -0.00000
22 7 -0.00000
23 7 -0.00000
24 7 -0.00000
25 7 -0.00000
26 7 -0.00000
27 7 -0.00000
28 7 -0.00000
29 7 -0.00000
30 7 -0.00000
31 7 -0.00000
32 7 -0.00000
33 7 -0.00000
34 7 -0.00000
35 7 -0.00000
36 7 -0.00000
37 7 -0.00000
38 7 -0.00000
39 7 -0.00000
40 7 -0.00000
41 7 -0.00000
42 7 -0.00000
43 7 -0.00000
44 7 -0.00000
45 7 -0.00000
46 7 -0.00000
47 7 -0.00000
48 7 -0.00000
49 7 -0.00000
50 7 -0.00000
51 7 -0.00000
52 7 -0.00000
53 7 -0.00000
54 7 -0.00000
55 7 -0.00000
56 7 -0.00000
57 7 -0.00000
58 7 -0.00000
59 7 -0.00000
60 7 -0.00000
61 7 -0.00000
62 7 -0.00000
63 7 -0.00000
0 8 -0.00000
1 8 -0.00000
2 8 -0.00000
3 8 -0.00000
4 8 -0.00000
5 8 -0.00000
6 8 -0.00000
7 8 -0.00000
8 8 -0.00000
9 8 -0.00000
10 8 -0.00000
11 8 -0.00000
12 8 -0.00000
13 8 -0.00000
14 8 -0.00000
15 8 -0.00000
16 8 -0.00000
17 8 -0.00000
18 8 -0.00000
19 8 -0.00000
20 8 -0.00000
21 8 -0.00000
22 8 -0.00000
23 8 -0.00000
24 8 -0.00000
25 8 -0.00000
26 8 -0.00000
27 8 -0.00000
28 8 -0.00000
29 8 -0.00000
30 8 -0.00000
31 8 -0.00000
32 8 -0.00000
33 8 -0.00000
34 8 -0.00000
35 8 -0.00000
36 8 -0.00000
37 8 -0.00000
38 8 -0.00000
39 8 -0.00000
40 8 -0.00000
41 8 -0.00000
42 8 -0.00000
43 8 -0.00000
44 8 -0.00000
45 8 -0.00000
46 8 -0.00000
47 8 -0.00000
48 8 -0.00000
49 8 -0.00000
50 8 -0.00000
51 8 -0.00000
52 8 -0.00000
53 8 -0.00000
54 8 -0.00000
55 8 -0.00000
56 8 -0.00000
57 8 -0.00000
58 8 -0.00000
59 8 -0.00000
60 8 -0.00000
61 8 -0.00000
62 8 -0.00000
63 8 -0.00000
0 9 -0.00000
1 9 -0.00000
2 9 -0.00000
3 9 -0.00000
4 9 -0.00000
5 9 -0.00000
6 9 -0.00000
7 9 -0.00000
8 9 -0.00000
9 9 -0.00000
10 9 -0.00000
11 9 -0.00000
12 9 -0.00000
13 9 -0.00000
14 9 -0.00000
15 9 -0.00000
16 9 -0.00000
17 9 -0.00000
18 9 -0.00000
19 9 -0.00000
20 9 -0.00000
21 9 -0.00000
22 9 -0.00000
23 9 -0.00000
24 9 -0.00000
25 9 -0.00000
26 9 -0.00000
27 9 -0.00000
28 9 -0.00000
29 9 -0.00000
30 9 -0.00000
31 9 -0.00000
32 9 -0.00000
33 9 -0.00000
34 9 -0.00000
35 9 -0.00000
36 9 -0.00000
37 9 -0.00000
38 9 -0.00000
39 9 -0.00000
40 9 -0.00000
41 9 -0.00000
42 9 -0.00000
43 9 -0.00000
44 9 -0.00000
45 9 -0.00000
46 9 -0.00000
47 9 -0.00000
48 9 -0.00000
49 9 -0.00000
50 9 -0.00000
51 9 -0.00000
52 9 -0.00000
53 9 -0.00000
54 9 -0.00000
55 9 -0.00000
56 9 -0.00000
57 9 -0.00000
58 9 -0.00000
59 9 -0.00000
60 9 -0.00000
61 9 -0.00000
62 9 -0.00000
63 9 -0.00000
0 10 -0.00000
1 10 -0.00000
2 10 -0.00000
3 10 -0.00000
4 10 -0.00000
5 10 -0.00000
6 10 -0.00000
7 10 -0.00000
8 10 -0.00000
9 10 -0.00000
10 10 -0.00000
11 10 -0.00000
12 10 -0.00000
13 10 -0.00000
14 10 -0.00000
15 10 -0.00000
16 10 -0.00000
17 10 -0.00000
18 10 -0.00000
19 10 -0.00000
20 10 -0.00000
21 10 -0.00000
22 10 -0.00000
23 10 -0.00000
24 10 -0.00000
25 10 -0.00000
26 10 -0.00000
27 10 -0.00000
28 10 -0.00000
29 10 -0.00000
30 10 -0.00000
31 10 -0.00000
32 10 -0.00000
33 10 -0.00000
34 10 -0.00000
35 10 -0.00000
36 10 -0.00000
37 10 -0.00000
38 10 -0.00000
39 10 -0.00000
40 10 -0.00000
41 10 -0.00000
42 10 -0.00000
43 10 -0.00000
44 10 -0.00000
45 10 -0.00000
46 10 -0.00000
47 10 -0.00000
48 10 -0.00000
49 10 -0.00000
50 10 -0.00000
51 10 -0.00000
52 10 -0.00000
53 10 -0.00000
54 10 -0.00000
55 10 -0.00000
56 10 -0.00000
57 10 -0.00000
58 10 -0.00000
59 10 -0.00000
60 10 -0.00000
61 10 -0.00000
62 10 -0.00000
63 10 -0.00000
0 11 -0.00000
1 11 -0.00000
2 11 -0.00000
3 11 -0.00000
4 11 -0.00000
5 11 -0.00000
6 11 -0.00000
7 11 -0.00000
8 11 -0.00000
9 11 -0.00000
10 11 -0.00000
11 11 -0.00000
12 11 -0.00000
13 11 -0.00000
14 11 -0.00000
15 11 -0.00000
16 11 -0.00000
17 11 -0.00000
18 11 -0.00000
19 11 -0.00000
20 11 -0.00000
21 11 -0.00000
22 11 -0.00000
23 11 -0.00000
24 11 -0.00000
25 11 -0.00000
26 11 -0.00000
27 11 -0.00000
28 11 -0.00000
29 11 -0.00000
30 11 -0.00000
31 11 -0.00000
32 11 -0.00000
33 11 -0.00000
34 11 -0.00000
35 11 -0.00000
36 11 -0.00000
37 11 -0.00000
38 11 -0.00000
39 11 -0.00000
40 11 -0.00000
41 11 -0.00000
42 11 -0.00000
43 11 -0.00000
44 11 -0.00000
45 11 -0.00000
46 11 -0.00000
47 11 -0.00000
48 11 -0.00000
49 11 -0.00000
50 11 -0.00000
51 11 -0.00000
52 11 -0.00000
53 11 -0.00000
54 11 -0.00000
55 11 -0.00000
56 11 -0.00000
57 11 -0.00000
58 11 -0.00000
59 11 -0.00000
60 11 -0.00000
61 11 -0.00000
62 11 -0.00000
63 11 -0.00000
0 12 -0.00000
1 12 -0.00000
2 12 -0.00000
3 12 -0.00000
4 12 -0.00000
5 12 -0.00000
6 12 -0.00000
7 12 -0.00000
8 12 -0.00000
9 12 -0.00000
10 12 -0.00000
11 12 -0.00000
12 12 -0.00000
13 12 -0.00000
14 12 -0.00000
15 12 -0.00000
16 12 -0.00000
17 12 -0.00000
18 12 -0.00000
19 12 -0.00000
20 12 -0.00000
21 12 -0.00000
22 12 -0.00000
23 12 -0.00000
24 12 -0.00000
25 12 -0.00000
26 12 -0.00000
27 12 0.00000
28 12 0.00000
29 12 0.00000
30 12 0.00000
31 12 0.00000
32 12 0.00000
33 12 0.00000
34 12 0.00000
35 12 0.00000
36 12 0.00000
37 12 0.00000
38 12 -0.00000
39 12 -0.00000
40 12 -0.00000
41 12 -0.00000
42 12 -0.00000
43 12 -0.00000
44 12 -0.00000
45 12 -0.00000
46 12 -0.00000
47 12 -0.00000
48 12 -0.00000
49 12 -0.00000
50 12 -0.00000
51 12 -0.00000
52 12 -0.00000
53 12 -0.00000
54 12 -0.00000
55 12 -0.00000
56 12 -0.00000
57 12 -0.00000
58 12 -0.00000
59 12 -0.00000
60 12 -0.00000
61 12 -0.00000
62 12 -0.00000
63 12 -0.00000
0 13 -0.00000
1 13 -0.00000
2 13 -0.00000
3 13 -0.00000
4 13 -0.00000
5 13 -0.00000
6 13 -0.00000
7 13 -0.00000
8 13 -0.00000
9 13 -0.00000
10 13 -0.00000
11 13 -0.00000
12 13 -0.00000
13 13 -0.00000
14 13 -0.00000
15 13 -0.00000
16 13 -0.00000
17 13 -0.00000
18 13 -0.00000
19 13 -0.00000
20 13 -0.00000
21 13 -0.00000
22 13 0.00000
23 13 -0.00000
24 13 0.00000
25 13 0.00000
26 13 0.00000
27 13 0.00000
28 13 0.00000
29 13 0.00000
30 13 0.00000
31 13 0.00000
32 13 0.00000
33 13 0.00000
34 13 0.00000
35 13 0.00000
36 13 0.00000
37 13 0.00000
38 13 0.00000
39 13 0.00000
40 13 0.00000
41 13 -0.00000
42 13 0.00000
43 13 -0.00000
44 13 -0.00000
45 13 -0.00000
46 13 -0.00000
47 13 -0.00000
48 13 -0.00000
49 13 -0.00000
50 13 -0.00000
51 13 -0.00000
52 13 -0.00000
53 13 -0.00000
54 13 -0.00000
55 13 -0.00000
56 13 -0.00000
57 13 -0.00000
58 13 -0.00000
59 13 -0.00000
60 13 -0.00000
61 13 -0.00000
62 13 -0.00000
63 13 -0.00000
0 14 -0.00000
1 14 -0.00000
2 14 -0.00000
3 14 -0.00000
4 14 -0.00000
5 14 -0.00000
6 14 -0.00000
7 14 -0.00000
8 14 -0.00000
9 14 -0.00000
10 14 -0.00000
11 14 -0.00000
12 14 -0.00000
13 14 -0.00000
14 14 -0.00000
15 14 -0.00000
16 14 -0.00000
17 14 -0.00000
18 14 -0.00000
19 14 -0.00000
20 14 0.00000
21 14 -0.00000
22 14 0.00000
23 14 0.00000
24 14 0.00000
25 14 0.00000
26 14 0.00000
27 14 0.00000
28 14 0.00000
29 14 0.00000
30 14 0.00000
31 14 0.00000
32 14 0.00000
33 14 0.00000
34 14 0.00000
35 14 0.00000
36 14 0.00000
37 14 0.00000
38 14 0.00000
39 14 0.00000
40 14 0.00000
41 14 0.00000
42 14 0.00000
43 14 -0.00000
44 14 0.00000
45 14 -0.00000
46 14 -0.00000
47 14 -0.00000
48 14 -0.00000
49 14 -0.00000
50 14 -0.00000
51 14 -0.00000
52 14 -0.00000
53 14 -0.00000
54 14 -0.00000
55 14 -0.00000
56 14 -0.00000
57 14 -0.00000
58 14 -0.00000
59 14 -0.00000
60 14 -0.00000
61 14 -0.00000
62 14 -0.00000
63 14 -0.00000
0 15 -0.00000
1 15 -0.00000
2 15 -0.00000
3 15 -0.00000
4 15 -0.00000
5 15 -0.00000
6 15 -0.00000
7 15 -0.00000
8 15 -0.00000
9 15 -0.00000
10 15 -0.00000
11 15 -0.00000
12 15 -0.00000
13 15 -0.00000
14 15 -0.00000
15 15 -0.00000
16 15 -0.00000
17 15 -0.00000
18 15 -0.00000
19 15 -0.00000
20 15 0.00000
21 15 0.00000
22 15 0.00000
23 15 0.00000
24 15 0.00000
25 15 0.00000
26 15 0.00000
27 15 0.00000
28 15 0.00000
29 15 0.00000
30 15 0.00000
31 15 0.00000
32 15 0.00000
33 15 0.00000
34 15 0.00000
35 15 0.00000
36 15 0.00000
37 15 0.00000
38 15 0.00000
39 15 0.00000
40 15 0.00000
41 15 0.00000
42 15 0.00000
43 15 0.00000
44 15 0.00000
45 15 -0.00000
46 15 -0.00000
47 15 -0.00000
48 15 -0.00000
49 15 -0.00000
50 15 -0.00000
51 15 -0.00000
52 15 -0.00000
53 15 -0.00000
54 15 -0.00000
55 15 -0.00000
56 15 -0.00000
57 15 -0.00000
58 15 -0.00000
59 15 -0.00000
60 15 -0.00000
61 15 -0.00000
62 15 -0.00000
63 15 -0.00000
0 16 -0.00000
1 16 -0.00000
2 16 -0.00000
3 16 -0.00000
4 16 -0.00000
5 16 -0.00000
6 16 -0.00000
7 16 -0.00000
8 16 -0.00000
9 16 -0.00000
10 16 -0.00000
11 16 -0.00000
12 16 -0.00000
13 16 -0.00000
14 16 -0.00000
15 16 -0.00000
16 16 -0.00000
17 16 -0.00000
18 16 0.00000
19 16 0.00000
20 16 0.00000
21 16 0.00000
22 16 0.00000
23 16 0.00000
24 16 0.00000
25 16 0.00000
26 16 0.00000
27 16 0.00000
28 16 0.00000
29 16 0.00000
30 16 0.00000
31 16 0.00000
32 16 0.00000
33 16 0.00000
34 16 0.00000
35 16 0.00000
36 16 0.00000
37 16 0.00000
38 16 0.00000
39 16 0.00000
40 16 0.00000
41 16 0.00000
42 16 0.00000
43 16 0.00000
44 16 0.00000
45 16 0.00000
46 16 0.00000
47 16 -0.00000
48 16 -0.00000
49 16 -0.00000
50 16 -0.00000
51 16 -0.00000
52 16 -0.00000
53 16 -0.00000
54 16 -0.00000
55 16 -0.00000
56 16 -0.00000
57 16 -0.00000
58 16 -0.00000
59 16 -0.00000
60 16 -0.00000
61 16 -0.00000
62 16 -0.00000
63 16 -0.00000
0 17 -0.00000
1 17 -0.00000
2 17 -0.00000
3 17 -0.00000
4 17 -0.00000
5 17 -0.00000
6 17 -0.00000
7 17 -0.00000
8 17 -0.00000
9 17 -0.00000
10 17 -0.00000
11 17 -0.00000
12 17 -0.00000
13 17 -0.00000
14 17 -0.00000
15 17 -0.00000
16 17 0.00000
17 17 0.00000
18 17 0.00000
19 17 0.00000
20 17 0.00000
21 17 0.00000
22 17 0.00000
23 17 0.00000
24 17 0.00000
25 17 0.00000
26 17 0.00000
27 17 0.00000
28 17 0.00000
29 17 0.00000
30 17 0.00000
31 17 0.00000
32 17 0.00000
33 17 0.00000
34 17 0.00000
35 17 0.00000
36 17 0.00000
37 17 0.00000
38 17 0.00000
39 17 0.00000
40 17 0.00000
41 17 0.00000
42 17 0.00000
43 17 0.00000
44 17 0.00000
45 17 0.00000
46 17 0.00000
47 17 0.00000
48 17 0.00000
49 17 -0.00000
50 17 -0.00000
51 17 -0.00000
52 17 -0.00000
53 17 -0.00000
54 17 -0.00000
55 17 -0.00000
56 17 -0.00000
57 17 -0.00000
58 17 -0.00000
59 17 -0.00000
60 17 -0.00000
61 17 -0.00000
62 17 -0.00000
63 17 -0.00000
0 18 -0.00000
1 18 -0.00000
2 18 -0.00000
3 18 -0.00000
4 18 -0.00000
5 18 -0.00000
6 18 -0.00000
7 18 -0.00000
8 18 -0.00000
9 18 -0.00000
10 18 -0.00000
11 18 -0.00000
12 18 -0.00000
13 18 -0.00000
14 18 0.00000
15 18 0.00000
16 18 0.00000
17 18 0.00000
18 18 0.00000
19 18 0.00000
20 18 0.00000
21 18 0.00000
22 18 0.00000
23 18 0.00000
24 18 0.00000
25 18 0.00000
26 18 0.00000
27 18 0.00000
28 18 0.00000
29 18 0.00000
30 18 0.00000
31 18 0.00000
32 18 0.00000
33 18 0.00000
34 18 0.00000
35 18 0.00000
36 18 0.00000
37 18 0.00000
38 18 0.00000
39 18 0.00000
40 18 0.00000
41 18 0.00000
42 18 0.00000
43 18 0.00000
44 18 0.00000
45 18 0.00000
46 18 0.00000
47 18 0.00000
48 18 0.00000
49 18 0.00000
50 18 0.00000
51 18 -0.00000
52 18 -0.00000
53 18 -0.00000
54 18 -0.00000
55 18 -0.00000
56 18 -0.00000
57 18 -0.00000
58 18 -0.00000
59 18 -0.00000
60 18 -0.00000
61 18 -0.00000
62 18 -0.00000
63 18 -0.00000
0 19 -0.00000
1 19 -0.00000
2 19 -0.00000
3 19 -0.00000
4 19 -0.00000
5 19 -0.00000
6 19 -0.00000
7 19 -0.00000
8 19 -0.00000
9 19 -0.00000
10 19 -0.00000
11 19 -0.00000
12 19 -0.00000
13 19 -0.00000
14 19 0.00000
15 19 0.00000
16 19 0.00000
17 19 0.00000
18 19 0.00000
19 19 0.00000
20 19 0.00000
21 19 0.00000
22 19 0.00000
23 19 0.00000
24 19 0.00000
25 19 0.00000
26 19 0.00000
27 19 0.00000
28 19 0.00000
29 19 0.00000
30 19 0.00000
31 19 0.00000
32 19 0.00000
33 19 0.00000
34 19 0.00000
35 19 0.00000
36 19 0.00000
37 19 0.00000
38 19 0.00000
39 19 0.00000
40 19 0.00000
41 19 0.00000
42 19 0.00000
43 19 0.00000
44 19 0.00000
45 19 0.00000
46 19 0.00000
47 19 0.00000
48 19 0.00000
49 19 0.00000
50 19 0.00000
51 19 -0.00000
52 19 -0.00000
53 19 -0.00000
54 19 -0.00000
55 19 -0.00000
56 19 -0.00000
57 19 -0.00000
58 19 -0.00000
59 19 -0.00000
60 19 -0.00000
61 19 -0.00000
62 19 -0.00000
63 19 -0.00000
0 20 -0.00000
1 20 -0.00000
2 20 -0.00000
3 20 -0.00000
4 20 -0.00000
5 20 -0.00000
6 20 -0.00000
7 20 -0.00000
8 20 -0.00000
9 20 -0.00000
10 20 -0.00000
11 20 -0.00000
12 20 -0.00000
13 20 0.00000
14 20 0.00000
15 20 0.00000
16 20 0.00000
17 20 0.00000
18 20 0.00000
19 20 0.00000
20 20 0.00000
21 20 0.00000
22 20 0.00000
23 20 0.00000
24 20 0.00000
25 20 0.00000
26 20 0.00000
27 20 0.00000
28 20 0.00000
29 20 0.00000
30 20 0.00000
31 20 0.00000
32 20 0.00000
33 20 0.00000
34 20 0.00000
35 20 0.00000
36 20 0.00000
37 20 0.00000
38 20 0.00000
39 20 0.00000
40 20 0.00000
41 20 0.00000
42 20 0.00000
43 20 0.00000
44 20 0.00000
45 20 0.00000
46 20 0.00000
47 20 0.00000
48 20 0.00000
49 20 0.00000
50 20 0.00000
51 20 0.00000
52 20 -0.00000
53 20 -0.00000
54 20 -0.00000
55 20 -0.00000
56 20 -0.00000
57 20 -0.00000
58 20 -0.00000
59 20 -0.00000
60 20 -0.00000
61 20 -0.00000
62 20 -0.00000
63 20 -0.00000
0 21 -0.00000
1 21 -0.00000
2 21 -0.00000
3 21 -0.00000
4 21 -0.00000
5 21 -0.00000
6 21 -0.00000
7 21 -0.00000
8 21 -0.00000
9 21 -0.00000
10 21 -0.00000
11 21 0.00000
12 21 0.00000
13 21 0.00000
14 21 0.00000
15 21 0.00000
16 21 0.00000
17 21 0.00000
18 21 0.00000
19 21 0.00000
20 21 0.00000
21 21 0.00000
22 21 0.00000
23 21 0.00000
24 21 0.00000
25 21 0.00000
26 21 0.00000
27 21 0.00000
28 21 0.00000
29 21 0.00000
30 21 0.00000
31 21 0.00000
32 21 0.00000
33 21 0.00000
34 21 0.00000
35 21 0.00000
36 21 0.00000
37 21 0.00000
38 21 0.00000
39 21 0.00000
40 21 0.00000
41 21 0.00000
42 21 0.00000
43 21 0.00000
44 21 0.00000
45 21 0.00000
46 21 0.00000
47 21 0.00000
48 21 0.00000
49 21 0.00000
50 21 0.00000
51 21 0.00000
52 21 0.00000
53 21 0.00000
54 21 -0.00000
55 21 -0.00000
56 21 -0.00000
57 21 -0.00000
58 21 -0.00000
59 21 -0.00000
60 21 -0.00000
61 21 -0.00000
62 21 -0.00000
63 21 -0.00000
0 22 -0.00000
1 22 -0.00000
2 22 -0.00000
3 22 -0.00000
4 22 -0.00000
5 22 -0.00000
6 22 -0.00000
7 22 -0.00000
8 22 -0.00000
9 22 0.00000
10 22 -0.00000
11 22 0.00000
12 22 0.00000
13 22 0.00000
14 22 0.00000
15 22 0.00000
16 22 0.00000
17 22 0.00000
18 22 0.00000
19 22 0.00000
20 22 0.00000
21 22 0.00000
22 22 0.00000
23 22 0.00000
24 22 0.00000
25 22 0.00000
26 22 0.00000
27 22 0.00000
28 22 0.00000
29 22 0.00000
30 22 0.00000
31 22 0.00000
32 22 0.00000
33 22 0.00000
34 22 0.00000
35 22 0.00000
36 22 0.00000
37 22 0.00000
38 22 0.00000
39 22 0.00000
40 22 0.00000
41 22 0.00000
42 22 0.00000
43 22 0.00000
44 22 0.00000
45 22 0.00000
46 22 0.00000
47 22 0.00000
48 22 0.00000
49 22 0.00000
50 22 0.00000
51 22 0.00000
52 22 0.00000
53 22 0.00000
54 22 -0.00000
55 22 0.00000
56 22 -0.00000
57 22 -0.00000
58 22 -0.00000
59 22 -0.00000
60 22 -0.00000
61 22 -0.00000
62 22 -0.00000
63 22 -0.00000
0 23 -0.00000
1 23 -0.00000
2 23 -0.00000
3 23 -0.00000
4 23 -0.00000
5 23 -0.00000
6 23 -0.00000
7 23 -0.00000
8 23 -0.00000
9 23 0.00000
10 23 -0.00000
11 23 0.00000
12 23 0.00000
13 23 0.00000
14 23 0.00000
15 23 0.00000
16 23 0.00000
17 23 0.00000
18 23 0.00000
19 23 0.00000
20 23 0.00000
21 23 0.00000
22 23 0.00000
23 23 0.00000
24 23 0.00000
25 23 0.00000
26 23 0.00000
27 23 0.00000
28 23 0.00000
29 23 0.00000
30 23 0.00000
31 23 0.00000
32 23 0.00000
33 23 0.00000
34 23 0.00000
35 23 0.00000
36 23 0.00000
37 23 0.00000
38 23 0.00000
39 23 0.00000
40 23 0.00000
41 23 0.00000
42 23 0.00000
43 23 0.00000
44 23 0.00000
45 23 0.00000
46 23 0.00000
47 23 0.00000
48 23 0.00000
49 23 0.00000
50 23 0.00000
51 23 0.00000
52 23 0.00000
53 23 0.00000
54 23 -0.00000
55 23 0.00000
56 23 -0.00000
57 23 -0.00000
58 23 -0.00000
59 23 -0.00000
60 23 -0.00000
61 23 -0.00000
62 23 -0.00000
63 23 -0.00000
0 24 0.00000
1 24 -0.00000
2 24 -0.00000
3 24 -0.00000
4 24 -0.00000
5 24 -0.00000
6 24 -0.00000
7 24 -0.00000
8 24 -0.00000
9 24 0.00000
10 24 -0.00000
11 24 0.00000
12 24 0.00000
13 24 0.00000
14 24 0.00000
15 24 0.00000
16 24 0.00000
17 24 0.00000
18 24 0.00000
19 24 0.00000
20 24 0.00000
21 24 0.00000
22 24 0.00000
23 24 0.00000
24 24 0.00000
25 24 0.00000
26 24 0.00000
27 24 0.00000
28 24 0.00000
29 24 0.00000
30 24 0.00000
31 24 0.00000
32 24 0.00000
33 24 0.00000
34 24 0.00000
35 24 0.00000
36 24 0.00000
37 24 0.00000
38 24 0.00000
39 24 0.00000
40 24 0.00000
41 24 0.00000
42 24 0.00000
43 24 0.00000
44 24 0.00000
45 24 0.00000
46 24 0.00000
47 24 0.00000
48 24 0.00000
49 24 0.00000
50 24 0.00000
51 24 0.00000
52 24 0.00000
53 24 0.00000
54 24 -0.00000
55 24 0.00000
56 24 -0.00000
57 24 -0.00000
58 24 -0.00000
59 24 -0.00000
60 24 -0.00000
61 24 -0.00000
62 24 -0.00000
63 24 -0.00000
0 25 0.00000
1 25 -0.00000
2 25 0.00000
3 25 -0.00000
4 25 -0.00000
5 25 -0.00000
6 25 -0.00000
7 25 0.00000
8 25 -0.00000
9 25 0.00000
10 25 -0.00000
11 25 0.00000
12 25 0.00000
13 25 0.00000
14 25 0.00000
15 25 0.00000
16 25 0.00000
17 25 0.00000
18 25 0.00000
19 25 0.00000
20 25 0.00000
21 25 0.00000
22 25 0.00000
23 25 0.00000
24 25 0.00000
25 25 0.00000
26 25 0.00000
27 25 0.00000
28 25 0.00000
29 25 0.00000
30 25 0.00000
31 25 0.00000
32 25 0.00000
33 25 0.00000
34 25 0.00000
35 25 0.00000
36 25 0.00000
37 25 0.00000
38 25 0.00000
39 25 0.00000
40 25 0.00000
41 25 0.00000
42 25 0.00000
43 25 0.00000
44 25 0.00000
45 25 0.00000
46 25 0.00000
47 25 0.00000
48 25 0.00000
49 25 0.00000
50 25 0.00000
51 25 0.00000
52 25 0.00000
53 25 0.00000
54 25 -0.00000
55 25 0.00000
56 25 -0.00000
57 25 0.00000
58 25 -0.00000
59 25 -0.00000
60 25 -0.00000
61 25 -0.00000
62 25 0.00000
63 25 -0.00000
0 26 0.00000
1 26 -0.00000
2 26 0.00000
3 26 -0.00000
4 26 -0.00000
5 26 -0.00000
6 26 -0.00000
7 26 0.00000
8 26 -0.00000
9 26 0.00000
10 26 -0.00000
11 26 0.00000
12 26 -0.00000
13 26 0.00000
14 26 0.00000
15 26 0.00000
16 26 0.00000
17 26 0.00000
18 26 0.00000
19 26 0.00000
20 26 0.00000
21 26 0.00000
22 26 0.00000
23 26 0.00000
24 26 0.00000
25 26 0.00000
26 26 0.00000
27 26 0.00000
28 26 0.00000
29 26 0.00000
30 26 0.00000
31 26 0.00000
32 26 0.00000
33 26 0.00000
34 26 0.00000
35 26 0.00000
36 26 0.00000
37 26 0.00000
38 26 0.00000
39 26 0.00000
40 26 0.00000
41 26 0.00000
42 26 0.00000
43 26 0.00000
44 26 0.00000
45 26 0.00000
46 26 0.00000
47 26 0.00000
48 26 0.00000
49 26 0.00000
50 26 0.00000
51 26 0.00000
52 26 -0.00000
53 26 0.00000
54 26 -0.00000
55 26 0.00000
56 26 -0.00000
57 26 0.00000
58 26 -0.00000
59 26 -0.00000
60 26 -0.00000
61 26 -0.00000
62 26 0.00000
63 26 -0.00000
0 27 0.00000
1 27 -0.00000
2 27 0.00000
3 27 -0.00000
4 27 -0.00000
5 27 0.00000
6 27 -0.00000
7 27 0.00000
8 27 -0.00000
9 27 0.00000
10 27 -0.00000
11 27 0.00000
12 27 -0.00000
13 27 0.00000
14 27 0.00000
15 27 0.00000
16 27 0.00000
17 27 0.00000
18 27 0.00000
19 27 0.00000
20 27 0.00000
21 27 0.00000
22 27 0.00000
23 27 0.00000
24 27 0.00000
25 27 0.00000
26 27 0.00000
27 27 0.00000
28 27 0.00000
29 27 0.00000
30 27 0.00000
31 27 0.00000
32 27 0.00000
33 27 0.00000
34 27 0.00000
35 27 0.00000
36 27 0.00000
37 27 0.00000
38 27 0.00000
39 27 0.00000
40 27 0.00000
41 27 0.00000
42 27 0.00000
43 27 0.00000
44 27 0.00000
45 27 0.00000
46 27 0.00000
47 27 0.00000
48 27 0.00000
49 27 0.00000
50 27 0.00000
51 27 0.00000
52 27 -0.00000
53 27 0.00000
54 27 -0.00000
55 27 0.00000
56 27 -0.00000
57 27 0.00000
58 27 -0.00000
59 27 0.00000
60 27 -0.00000
61 27 -0.00000
62 27 0.00000
63 27 -0.00000
0 28 0.00000
1 28 -0.00000
2 28 0.00000
3 28 -0.00000
4 28 -0.00000
5 28 0.00000
6 28 -0.00000
7 28 0.00000
8 28 -0.00000
9 28 0.00000
10 28 -0.00000
11 28 0.00000
12 28 -0.00000
13 28 0.00000
14 28 0.00000
15 28 0.00000
16 28 0.00000
17 28 0.00000
18 28 0.00000
19 28 0.00000
20 28 0.00000
21 28 0.00000
22 28 0.00000
23 28 0.00000
24 28 0.00000
25 28 0.00000
26 28 0.00000
27 28 0.00000
28 28 0.00000
29 28 0.00000
30 28 0.00000
31 28 0.00000
32 28 0.00000
33 28 0.00000
34 28 0.00000
35 28 0.00000
36 28 0.00000
37 28 0.00000
38 28 0.00000
39 28 0.00000
40 28 0.00000
41 28 0.00000
42 28 0.00000
43 28 0.00000
44 28 0.00000
45 28 0.00000
46 28 0.00000
47 28 0.00000
48 28 0.00000
49 28 0.00000
50 28 0.00000
51 28 0.00000
52 28 -0.00000
53 28 0.00000
54 28 -0.00000
55 28 0.00000
56 28 -0.00000
57 28 0.00000
58 28 -0.00000
59 28 0.00000
60 28 -0.00000
61 28 -0.00000
62 28 0.00000
63 28 -0.00000
0 29 0.00000
1 29 -0.00000
2 29 0.00000
3 29 -0.00000
4 29 -0.00000
5 29 0.00000
6 29 -0.00000
7 29 -0.00000
8 29 -0.00000
9 29 0.00000
10 29 0.00000
11 29 0.00000
12 29 -0.00000
13 29 0.00000
14 29 0.00000
15 29 0.00000
16 29 0.00000
17 29 -0.00000
18 29 0.00000
19 29 0.00000
20 29 0.00000
21 29 0.00000
22 29 0.00000
23 29 0.00000
24 29 0.00000
25 29 0.00000
26 29 0.00000
27 29 0.00000
28 29 0.00000
29 29 0.00000
30 29 0.00000
31 29 0.00000
32 29 0.00000
33 29 0.00000
34 29 0.00000
35 29 0.00000
36 29 0.00000
37 29 0.00000
38 29 0.00000
39 29 0.00000
40 29 0.00000
41 29 0.00000
42 29 0.00000
43 29 0.00000
44 29 0.00000
45 29 0.00000
46 29 0.00000
47 29 -0.00000
48 29 0.00000
49 29 0.00000
50 29 0.00000
51 29 0.00000
52 29 -0.00000
53 29 0.00000
54 29 0.00000
55 29 0.00000
56 29 -0.00000
57 29 -0.00000
58 29 -0.00000
59 29 0.00000
60 29 -0.00000
61 29 -0.00000
62 29 0.00000
63 29 -0.00000
0 30 0.00000
1 30 -0.00000
2 30 0.00000
3 30 0.00000
4 30 -0.00000
5 30 -0.00000
6 30 -0.00000
7 30 0.00000
8 30 0.00000
9 30 0.00000
10 30 0.00000
11 30 0.00000
12 30 -0.00000
13 30 0.00000
14 30 0.00000
15 30 0.00000
16 30 0.00000
17 30 -0.00000
18 30 0.00000
19 30 0.00000
20 30 0.00000
21 30 0.00000
22 30 0.00000
23 30 0.00000
24 30 0.00000
25 30 0.00000
26 30 0.00000
27 30 0.00000
28 30 0.00000
29 30 0.00000
30 30 0.00000
31 30 0.00000
32 30 0.00000
33 30 0.00000
34 30 0.00000
35 30 0.00000
36 30 0.00000
37 30 0.00000
38 30 0.00000
39 30 0.00000
40 30 0.00000
41 30 0.00000
42 30 0.00000
43 30 0.00000
44 30 0.00000
45 30 0.00000
46 30 0.00000
47 30 -0.00000
48 30 0.00000
49 30 0.00000
50 30 0.00000
51 30 0.00000
52 30 -0.00000
53 30 0.00000
54 30 0.00000
55 30 0.00000
56 30 0.00000
57 30 0.00000
58 30 -0.00000
59 30 -0.00000
60 30 -0.00000
61 30 0.00000
62 30 0.00000
63 30 -0.00000
0 31 0.00000
1 31 -0.00000
2 31 0.00000
3 31 -0.00000
4 31 -0.00000
5 31 -0.00000
6 31 0.00000
7 31 0.00000
8 31 0.00000
9 31 -0.00000
10 31 -0.00000
11 31 0.00000
12 31 -0.00000
13 31 0.00000
14 31 0.00000
15 31 0.00000
16 31 0.00000
17 31 -0.00000
18 31 0.00000
19 31 0.00000
20 31 -0.00000
21 31 0.00000
22 31 0.00000
23 31 0.00000
24 31 0.00000
25 31 0.00000
26 31 0.00000
27 31 0.00000
28 31 0.00000
29 31 0.00000
30 31 0.00000
31 31 0.00000
32 31 0.00000
33 31 0.00000
34 31 0.00000
35 31 0.00000
36 31 0.00000
37 31 0.00000
38 31 0.00000
39 31 0.00000
40 31 0.00000
41 31 0.00000
42 31 0.00000
43 31 0.00000
44 31 -0.00000
45 31 0.00000
46 31 0.00000
47 31 -0.00000
48 31 0.00000
49 31 0.00000
50 31 0.00000
51 31 0.00000
52 31 -0.00000
53 31 0.00000
54 31 -0.00000
55 31 -0.00000
56 31 0.00000
57 31 0.00000
58 31 0.00000
59 31 -0.00000
60 31 -0.00000
61 31 -0.00000
62 31 0.00000
63 31 -0.00000
0 32 0.00000
1 32 -0.00000
2 32 -0.00000
3 32 -0.00000
4 32 -0.00000
5 32 0.00000
6 32 0.00000
7 32 -0.00000
8 32 -0.00000
9 32 -0.00000
10 32 0.00000
11 32 0.00000
12 32 0.00000
13 32 0.00000
14 32 -0.00000
15 32 -0.00000
16 32 0.00000
17 32 -0.00000
18 32 0.00000
19 32 0.00000
20 32 -0.00000
21 32 0.00000
22 32 -0.00000
23 32 0.00000
24 32 0.00000
25 32 0.00000
26 32 0.00000
27 32 0.00000
28 32 0.00000
29 32 0.00000
30 32 0.00000
31 32 0.00000
32 32 0.00000
33 32 0.00000
34 32 0.00000
35 32 0.00000
36 32 0.00000
37 32 0.00000
38 32 0.00000
39 32 0.00000
40 32 0.00000
41 32 0.00000
42 32 -0.00000
43 32 0.00000
44 32 -0.00000
45 32 0.00000
46 32 0.00000
47 32 -0.00000
48 32 0.00000
49 32 -0.00000
50 32 -0.00000
51 32 0.00000
52 32 0.00000
53 32 0.00000
54 32 0.00000
55 32 -0.00000
56 32 -0.00000
57 32 -0.00000
58 32 0.00000
59 32 0.00000
60 32 -0.00000
61 32 -0.00000
62 32 -0.00000
63 32 -0.00000
0 33 0.00000
1 33 -0.00000
2 33 -0.00000
3 33 -0.00000
4 33 -0.00000
5 33 0.00000
6 33 -0.00000
7 33 -0.00000
8 33 -0.00000
9 33 0.00000
10 33 0.00000
11 33 0.00000
12 33 -0.00000
13 33 -0.00000
14 33 -0.00000
15 33 0.00000
16 33 0.00000
17 33 0.00000
18 33 0.00000
19 33 -0.00000
20 33 -0.00000
21 33 0.00000
22 33 -0.00000
23 33 0.00000
24 33 0.00000
25 33 -0.00000
26 33 0.00000
27 33 0.00000
28 33 0.00000
29 33 0.00000
30 33 0.00000
31 33 0.00000
32 33 0.00000
33 33 0.00000
34 33 0.00000
35 33 0.00000
36 33 0.00000
37 33 0.00000
38 33 0.00000
39 33 -0.00000
40 33 0.00000
41 33 0.00000
42 33 -0.00000
43 33 0.00000
44 33 -0.00000
45 33 -0.00000
46 33 0.00000
47 33 0.00000
48 33 0.00000
49 33 0.00000
50 33 -0.00000
51 33 -0.00000
52 33 -0.00000
53 33 0.00000
54 33 0.00000
55 33 0.00000
56 33 -0.00000
57 33 -0.00000
58 33 -0.00000
59 33 0.00000
60 33 -0.00000
61 33 -0.00000
62 33 -0.00000
63 33 -0.00000
0 34 0.00000
1 34 -0.00000
2 34 0.00000
3 34 0.00000
4 34 -0.00000
5 34 -0.00000
6 34 -0.00000
7 34 0.00000
8 34 0.00000
9 34 0.00000
10 34 -0.00000
11 34 -0.00000
12 34 -0.00000
13 34 0.00000
14 34 0.00000
15 34 0.00000
16 34 0.00000
17 34 -0.00000
18 34 -0.00000
19 34 -0.00000
20 34 -0.00000
21 34 0.00000
22 34 -0.00000
23 34 0.00000
24 34 0.00000
25 34 -0.00000
26 34 0.00000
27 34 0.00000
28 34 0.00000
29 34 0.00000
30 34 0.00000
31 34 0.00000
32 34 0.00000
33 34 0.00000
34 34 0.00000
35 34 0.00000
36 34 0.00000
37 34 0.00000
38 34 0.00000
39 34 -0.00000
40 34 0.00000
41 34 0.00000
42 34 -0.00000
43 34 0.00000
44 34 -0.00000
45 34 -0.00000
46 34 -0.00000
47 34 -0.00000
48 34 0.00000
49 34 0.00000
50 34 0.00000
51 34 0.00000
52 34 -0.00000
53 34 -0.00000
54 34 -0.00000
55 34 0.00000
56 34 0.00000
57 34 0.00000
58 34 -0.00000
59 34 -0.00000
60 34 -0.00000
61 34 0.00000
62 34 0.00000
63 34 -0.00000
0 35 -0.00000
1 35 -0.00000
2 35 0.00000
3 35 0.00000
4 35 -0.00000
5 35 -0.00000
6 35 0.00000
7 35 0.00000
8 35 0.00000
9 35 -0.00000
10 35 -0.00000
11 35 -0.00000
12 35 0.00000
13 35 0.00000
14 35 0.00000
15 35 -0.00000
16 35 -0.00000
17 35 -0.00000
18 35 0.00000
19 35 0.00000
20 35 0.00000
21 35 0.00000
22 35 -0.00000
23 35 -0.00000
24 35 -0.00000
25 35 -0.00000
26 35 0.00000
27 35 0.00000
28 35 0.00000
29 35 0.00000
30 35 0.00000
31 35 0.00000
32 35 -0.00000
33 35 0.00000
34 35 0.00000
35 35 0.00000
36 35 0.00000
37 35 0.00000
38 35 0.00000
39 35 -0.00000
40 35 -0.00000
41 35 -0.00000
42 35 -0.00000
43 35 0.00000
44 35 0.00000
45 35 0.00000
46 35 0.00000
47 35 -0.00000
48 35 -0.00000
49 35 -0.00000
50 35 0.00000
51 35 0.00000
52 35 0.00000
53 35 -0.00000
54 35 -0.00000
55 35 -0.00000
56 35 0.00000
57 35 0.00000
58 35 0.00000
59 35 -0.00000
60 35 -0.00000
61 35 0.00000
62 35 0.00000
63 35 -0.00000
0 36 0.00000
1 36 0.00000
2 36 0.00000
3 36 -0.00000
4 36 -0.00000
5 36 0.00000
6 36 0.00000
7 36 -0.00000
8 36 -0.00000
9 36 -0.00000
10 36 0.00000
11 36 0.00000
12 36 0.00000
13 36 -0.00000
14 36 -0.00000
15 36 -0.00000
16 36 -0.00000
17 36 0.00000
18 36 0.00000
19 36 0.00000
20 36 -0.00000
21 36 -0.00000
22 36 -0.00000
23 36 -0.00000
24 36 0.00000
25 36 0.00000
26 36 0.00000
27 36 0.00000
28 36 -0.00000
29 36 -0.00000
30 36 -0.00000
31 36 -0.00000
32 36 -0.00000
33 36 -0.00000
34 36 -0.00000
35 36 -0.00000
36 36 -0.00000
37 36 0.00000
38 36 0.00000
39 36 0.00000
40 36 0.00000
41 36 -0.00000
42 36 -0.00000
43 36 -0.00000
44 36 -0.00000
45 36 0.00000
46 36 0.00000
47 36 0.00000
48 36 -0.00000
49 36 -0.00000
50 36 -0.00000
51 36 -0.00000
52 36 0.00000
53 36 0.00000
54 36 0.00000
55 36 -0.00000
56 36 -0.00000
57 36 -0.00000
58 36 0.00000
59 36 0.00000
60 36 -0.00000
61 36 -0.00000
62 36 0.00000
63 36 0.00000
0 37 0.00000
1 37 0.00000
2 37 -0.00000
3 37 -0.00000
4 37 -0.00000
5 37 0.00000
6 37 0.00000
7 37 -0.00000
8 37 -0.00000
9 37 0.00000
10 37 0.00000
11 37 0.00000
12 37 -0.00000
13 37 -0.00000
14 37 -0.00000
15 37 0.00000
16 37 0.00000
17 37 0.00000
18 37 0.00000
19 37 -0.00000
20 37 -0.00000
21 37 -0.00000
22 37 -0.00000
23 37 0.00000
24 37 0.00000
25 37 0.00000
26 37 0.00000
27 37 -0.00000
28 37 -0.00000
29 37 -0.00000
30 37 0.00000
31 37 0.00000
32 37 0.00000
33 37 0.00000
34 37 0.00000
35 37 -0.00000
36 37 -0.00000
37 37 -0.00000
38 37 0.00000
39 37 0.00000
40 37 0.00000
41 37 0.00000
42 37 -0.00000
43 37 -0.00000
44 37 -0.00000
45 37 -0.00000
46 37 0.00000
47 37 0.00000
48 37 0.00000
49 37 0.00000
50 37 -0.00000
51 37 -0.00000
52 37 -0.00000
53 37 0.00000
54 37 0.00000
55 37 0.00000
56 37 -0.00000
57 37 -0.00000
58 37 0.00000
59 37 0.00000
60 37 -0.00000
61 37 -0.00000
62 37 -0.00000
63 37 0.00000
0 38 -0.00000
1 38 -0.00000
2 38 -0.00000
3 38 0.00000
4 38 0.00000
5 38 0.00000
6 38 -0.00000
7 38 -0.00000
8 38 0.00000
9 38 0.00000
10 38 -0.00000
11 38 -0.00000
12 38 -0.00000
13 38 0.00000
14 38 0.00000
15 38 0.00000
16 38 0.00000
17 38 -0.00000
18 38 -0.00000
19 38 -0.00000
20 38 0.00000
21 38 0.00000
22 38 0.00000
23 38 0.00000
24 38 -0.00000
25 38 -0.00000
26 38 -0.00000
27 38 -0.00000
28 38 -0.00000
29 38 0.00000
30 38 0.00000
31 38 0.00000
32 38 0.00000
33 38 0.00000
34 38 0.00000
35 38 0.00000
36 38 -0.00000
37 38 -0.00000
38 38 -0.00000
39 38 -0.00000
40 38 -0.00000
41 38 0.00000
42 38 0.00000
43 38 0.00000
44 38 0.00000
45 38 -0.00000
46 38 -0.00000
47 38 -0.00000
48 38 0.00000
49 38 0.00000
50 38 0.00000
51 38 0.00000
52 38 -0.00000
53 38 -0.00000
54 38 -0.00000
55 38 0.00000
56 38 0.00000
57 38 -0.00000
58 38 -0.00000
59 38 0.00000
60 38 0.00000
61 38 0.00000
62 38 -0.00000
63 38 -0.00000
0 39 -0.00000
1 39 -0.00000
2 39 0.00000
3 39 0.00000
4 39 0.00000
5 39 -0.00000
6 39 -0.00000
7 39 0.00000
8 39 0.00000
9 39 0.00000
10 39 -0.00000
11 39 -0.00000
12 39 0.00000
13 39 0.00000
14 39 0.00000
15 39 -0.00000
16 39 -0.00000
17 39 -0.00000
18 39 0.00000
19 39 0.00000
20 39 0.00000
21 39 0.00000
22 39 -0.00000
23 39 -0.00000
24 39 -0.00000
25 39 -0.00000
26 39 0.00000
27 39 0.00000
28 39 0.00000
29 39 0.00000
30 39 0.00000
31 39 -0.00000
32 39 -0.00000
33 39 -0.00000
34 39 0.00000
35 39 0.00000
36 39 0.00000
37 39 0.00000
38 39 0.00000
39 39 -0.00000
40 39 -0.00000
41 39 -0.00000
42 39 -0.00000
43 39 0.00000
44 39 0.00000
45 39 0.00000
46 39 0.00000
47 39 -0.00000
48 39 -0.00000
49 39 -0.00000
50 39 0.00000
51 39 0.00000
52 39 0.00000
53 39 -0.00000
54 39 -0.00000
55 39 0.00000
56 39 0.00000
57 39 0.00000
58 39 -0.00000
59 39 -0.00000
60 39 0.00000
61 39 0.00000
62 39 0.00000
63 39 -0.00000
0 40 0.00000
1 40 0.00000
2 40 0.00000
3 40 -0.00000
4 40 -0.00000
5 40 -0.00000
6 40 0.00000
7 40 0.00000
8 40 0.00000
9 40 -0.00000
10 40 -0.00000
11 40 0.00000
12 40 0.00000
13 40 -0.00000
14 40 -0.00000
15 40 -0.00000
16 40 0.00000
17 40 0.00000
18 40 0.00000
19 40 0.00000
20 40 -0.00000
21 40 -0.00000
22 40 -0.00000
23 40 -0.00000
24 40 0.00000
25 40 0.00000
26 40 0.00000
27 40 0.00000
28 40 -0.00000
29 40 -0.00000
30 40 -0.00000
31 40 -0.00000
32 40 -0.00000
33 40 -0.00000
34 40 -0.00000
35 40 -0.00000
36 40 -0.00000
37 40 0.00000
38 40 0.00000
39 40 0.00000
40 40 0.00000
41 40 -0.00000
42 40 -0.00000
43 40 -0.00000
44 40 -0.00000
45 40 0.00000
46 40 0.00000
47 40 0.00000
48 40 0.00000
49 40 -0.00000
50 40 -0.00000
51 40 -0.00000
52 40 0.00000
53 40 0.00000
54 40 -0.00000
55 40 -0.00000
56 40 0.00000
57 40 0.00000
58 40 0.00000
59 40 -0.00000
60 40 -0.00000
61 40 -0.00000
62 40 0.00000
63 40 0.00000
0 41 0.00000
1 41 0.00000
2 41 -0.00000
3 41 -0.00000
4 41 -0.00000
5 41 0.00000
6 41 0.00000
7 41 -0.00000
8 41 -0.00000
9 41 -0.00000
10 41 -0.00000
11 41 0.00000
12 41 0.00000
13 41 -0.00000
14 41 -0.00000
15 41 0.00000
16 41 0.00000
17 41 0.00000
18 41 -0.00000
19 41 -0.00000
20 41 -0.00001
21 41 -0.00000
22 41 0.00000
23 41 0.00001
24 41 0.00001
25 41 0.00000
26 41 -0.00000
27 41 -0.00001
28 41 -0.00001
29 41 -0.00001
30 41 -0.00000
31 41 0.00000
32 41 0.00001
33 41 0.00000
34 41 -0.00000
35 41 -0.00001
36 41 -0.00001
37 41 -0.00001
38 41 -0.00000
39 41 0.00000
40 41 0.00001
41 41 0.00001
42 41 0.00000
43 41 -0.00000
44 41 -0.00001
45 41 -0.00000
46 41 -0.00000
47 41 0.00000
48 41 0.00000
49 41 0.00000
50 41 -0.00000
51 41 -0.00000
52 41 0.00000
53 41 0.00000
54 41 -0.00000
55 41 -0.00000
56 41 -0.00000
57 41 -0.00000
58 41 0.00000
59 41 0.00000
60 41 -0.00000
61 41 -0.00000
62 41 -0.00000
63 41 0.00000
0 42 0.00000
1 42 -0.00000
2 42 -0.00000
3 42 0.00000
4 42 0.00000
5 42 0.00000
6 42 -0.00000
7 42 -0.00000
8 42 -0.00000
9 42 0.00000
10 42 0.00000
11 42 0.00000
12 42 -0.00000
13 42 -0.00000
14 42 0.00000
15 42 0.00000
16 42 -0.00000
17 42 -0.00001
18 42 -0.00001
19 42 -0.00000
20 42 0.00001
21 42 0.00002
22 42 0.00002
23 42 0.00001
24 42 -0.00002
25 42 -0.00004
26 42 -0.00005
27 42 -0.00003
28 42 0.00001
29 42 0.00004
30 42 0.00007
31 42 0.00008
32 42 0.00008
33 42 0.00008
34 42 0.00007
35 42 0.00004
36 42 0.00001
37 42 -0.00003
38 42 -0.00005
39 42 -0.00004
40 42 -0.00002
41 42 0.00001
42 42 0.00002
43 42 0.00002
44 42 0.00001
45 42 -0.00000
46 42 -0.00001
47 42 -0.00001
48 42 -0.00000
49 42 0.00000
50 42 0.00000
51 42 -0.00000
52 42 -0.00000
53 42 0.00000
54 42 0.00000
55 42 0.00000
56 42 -0.00000
57 42 -0.00000
58 42 -0.00000
59 42 0.00000
60 42 0.00000
61 42 0.00000
62 42 -0.00000
63 42 -0.00000
0 43 -0.00000
1 43 -0.00000
2 43 0.00000
3 43 0.00000
4 43 0.00000
5 43 -0.00000
6 43 -0.00000
7 43 -0.00000
8 43 0.00000
9 43 0.00000
10 43 0.00000
11 43 -0.00001
12 43 -0.00001
13 43 -0.00000
14 43 0.00000
15 43 0.00000
16 43 -0.00000
17 43 -0.00000
18 43 0.00001
19 43 0.00003
20 43 0.00004
21 43 0.00001
22 43 -0.00004
23 43 -0.00010
24 43 -0.00012
25 43 -0.00007
26 43 0.00004
27 43 0.00016
28 43 0.00020
29 43 0.00016
30 43 0.00006
31 43 -0.00003
32 43 -0.00007
33 43 -0.00003
34 43 0.00006
35 43 0.00016
36 43 0.00020
37 43 0.00016
38 43 0.00004
39 43 -0.00007
40 43 -0.00012
41 43 -0.00010
42 43 -0.00004
43 43 0.00001
44 43 0.00004
45 43 0.00003
46 43 0.00001
47 43 -0.00000
48 43 -0.00000
49 43 0.00000
50 43 0.00000
51 43 -0.00000
52 43 -0.00001
53 43 -0.00001
54 43 0.00000
55 43 0.00000
56 43 0.00000
57 43 -0.00000
58 43 -0.00000
59 43 -0.00000
60 43 0.00000
61 43 0.00000
62 43 0.00000
63 43 -0.00000
0 44 -0.00000
1 44 0.00000
2 44 0.00000
3 44 -0.00000
4 44 -0.00000
5 44 -0.00000
6 44 0.00000
7 44 0.00001
8 44 0.00001
9 44 -0.00001
10 44 -0.00002
11 44 -0.00001
12 44 0.00001
13 44 0.00002
14 44 0.00002
15 44 0.00000
16 44 -0.00001
17 44 0.00000
18 44 0.00002
19 44 0.00001
20 44 -0.00005
21 44 -0.00014
22 44 -0.00017
23 44 -0.00006
24 44 0.00019
25 44 0.00047
26 44 0.00061
27 44 0.00041
28 44 -0.00012
29 44 -0.00082
30 44 -0.00152
31 44 -0.00202
32 44 -0.00219
33 44 -0.00202
34 44 -0.00152
35 44 -0.00082
36 44 -0.00012
37 44 0.00041
38 44 0.00061
39 44 0.00047
40 44 0.00019
41 44 -0.00006
42 44 -0.00017
43 44 -0.00014
44 44 -0.00005
45 44 0.00001
46 44 0.00002
47 44 0.00000
48 44 -0.00001
49 44 0.00000
50 44 0.00002
51 44 0.00002
52 44 0.00001
53 44 -0.00001
54 44 -0.00002
55 44 -0.00001
56 44 0.00001
57 44 0.00001
58 44 0.00000
59 44 -0.00000
60 44 -0.00000
61 44 -0.00000
62 44 0.00000
63 44 0.00000
0 45 0.00000
1 45 0.00000
2 45 -0.00000
3 45 -0.00000
4 45 -0.00000
5 45 0.00001
6 45 0.00001
7 45 0.00000
8 45 -0.00002
9 45 -0.00004
10 45 -0.00001
11 45 0.00005
12 45 0.00007
13 45 0.00003
14 45 -0.00005
15 45 -0.00009
16 45 -0.00007
17 45 -0.00001
18 45 0.00000
19 45 -0.00004
20 45 -0.00006
21 45 0.00007
22 45 0.00044
23 45 0.00095
24 45 0.00121
25 45 0.00084
26 45 -0.00033
27 45 -0.00212
28 45 -0.00387
29 45 -0.00494
30 45 -0.00511
31 45 -0.00479
32 45 -0.00458
33 45 -0.00479
34 45 -0.00511
35 45 -0.00494
36 45 -0.00387
37 45 -0.00212
38 45 -0.00033
39 45 0.00084
40 45 0.00121
41 45 0.00095
42 45 0.00044
43 45 0.00007
44 45 -0.00006
45 45 -0.00004
46 45 0.00000
47 45 -0.00001
48 45 -0.00007
49 45 -0.00009
50 45 -0.00005
51 45 0.00003
52 45 0.00007
53 45 0.00005
54 45 -0.00001
55 45 -0.00004
56 45 -0.00002
57 45 0.00000
58 45 0.00001
59 45 0.00001
60 45 -0.00000
61 45 -0.00000
62 45 -0.00000
63 45 0.00000
0 46 0.00000
1 46 0.00000
2 46 -0.00000
3 46 -0.00000
4 46 0.00001
5 46 0.00002
6 46 -0.00000
7 46 -0.00004
8 46 -0.00005
9 46 0.00003
10 46 0.00013
11 46 0.00013
12 46 -0.00004
13 46 -0.00025
14 46 -0.00029
15 46 -0.00009
16 46 0.00019
17 46 0.00032
18 46 0.00022
19 46 0.00007
20 46 0.00014
21 46 0.00047
22 46 0.00083
23 46 0.00055
24 46 -0.00101
25 46 -0.00365
26 46 -0.00591
27 46 -0.00544
28 46 -0.00019
29 46 0.00988
30 46 0.02217
31 46 0.03229
32 46 0.03619
33 46 0.03229
34 46 0.02217
35 46 0.00988
36 46 -0.00019
37 46 -0.00544
38 46 -0.00591
39 46 -0.00365
40 46 -0.00101
41 46 0.00055
42 46 0.00083
43 46 0.00047
44 46 0.00014
45 46 0.00007
46 46 0.00022
47 46 0.00032
48 46 0.00019
49 46 -0.00009
50 46 -0.00029
51 46 -0.00025
52 46 -0.00004
53 46 0.00013
54 46 0.00013
55 46 0.00003
56 46 -0.00005
57 46 -0.00004
58 46 -0.00000
59 46 0.00002
60 46 0.00001
61 46 -0.00000
62 46 -0.00000
63 46 0.00000
0 47 0.00000
1 47 -0.00000
2 47 -0.00000
3 47 0.00001
4 47 0.00002
5 47 -0.00001
6 47 -0.00006
7 47 -0.00004
8 47 0.00009
9 47 0.00022
10 47 0.00011
11 47 -0.00028
12 47 -0.00060
13 47 -0.00039
14 47 0.00037
15 47 0.00114
16 47 0.00116
17 47 0.00030
18 47 -0.00094
19 47 -0.00187
20 47 -0.00225
21 47 -0.00262
22 47 -0.00365
23 47 -0.00539
24 47 -0.00638
25 47 -0.00285
26 47 0.01052
27 47 0.03812
28 47 0.08020
29 47 0.13101
30 47 0.18004
31 47 0.21553
32 47 0.22847
33 47 0.21553
34 47 0.18004
35 47 0.13100
36 47 0.08020
37 47 0.03812
38 47 0.01052
39 47 -0.00285
40 47 -0.00638
41 47 -0.00539
42 47 -0.00365
43 47 -0.00262
44 47 -0.00225
45 47 -0.00187
46 47 -0.00094
47 47 0.00030
48 47 0.00116
49 47 0.00114
50 47 0.00037
51 47 -0.00039
52 47 -0.00060
53 47 -0.00028
54 47 0.00011
55 47 0.00022
56 47 0.00009
57 47 -0.00004
58 47 -0.00006
59 47 -0.00001
60 47 0.00002
61 47 0.00001
62 47 -0.00000
63 47 -0.00000
0 48 -0.00000
1 48 -0.00000
2 48 0.00001
3 48 0.00002
4 48 -0.00001
5 48 -0.00006
6 48 -0.00003
7 48 0.00014
8 48 0.00025
9 48 -0.00001
10 48 -0.00061
11 48 -0.00087
12 48 -0.00000
13 48 0.00172
14 48 0.00272
15 48 0.00159
16 48 -0.00165
17 48 -0.00511
18 48 -0.00636
19 48 -0.00463
20 48 -0.00143
21 48 0.00109
22 48 0.00348
23 48 0.01031
24 48 0.02892
25 48 0.06736
26 48 0.13109
27 48 0.21906
28 48 0.32210
29 48 0.42523
30 48 0.51229
31 48 0.57005
32 48 0.59021
33 48 0.57004
34 48 0.51229
35 48 0.42522
36 48 0.32210
37 48 0.21905
38 48 0.13109
39 48 0.06736
40 48 0.02892
41 48 0.01031
42 48 0.00348
43 48 0.00109
44 48 -0.00143
45 48 -0.00463
46 48 -0.00636
47 48 -0.00511
48 48 -0.00165
49 48 0.00159
50 48 0.00272
51 48 0.00172
52 48 -0.00000
53 48 -0.00087
54 48 -0.00061
55 48 -0.00001
56 48 0.00025
57 48 0.00014
58 48 -0.00003
59 48 -0.00006
60 48 -0.00001
61 48 0.00002
62 48 0.00001
63 48 -0.00000
0 49 -0.00001
1 49 0.00000
2 49 0.00002
3 49 0.00000
4 49 -0.00005
5 49 -0.00004
6 49 0.00014
7 49 0.00025
8 49 -0.00010
9 49 -0.00083
10 49 -0.00088
11 49 0.00082
12 49 0.00339
13 49 0.00376
14 49 -0.00036
15 49 -0.00711
16 49 -0.01027
17 49 -0.00283
18 49 0.01716
19 49 0.04426
20 49 0.06941
21 49 0.08784
22 49 0.10563
23 49 0.13707
24 49 0.19541
25 49 0.28586
26 49 0.40341
27 49 0.53449
28 49 0.66164
29 49 0.76957
30 49 0.84893
31 49 0.89639
32 49 0.91205
33 49 0.89639
34 49 0.84892
35 49 0.76956
36 49 0.66163
37 49 0.53448
38 49 0.40341
39 49 0.28585
40 49 0.19541
41 49 0.13706
42 49 0.10563
43 49 0.08784
44 49 0.06941
45 49 0.04426
46 49 0.01716
47 49 -0.00283
48 49 -0.01027
49 49 -0.00711
50 49 -0.00036
51 49 0.00376
52 49 0.00339
53 49 0.00082
54 49 -0.00088
55 49 -0.00083
56 49 -0.00010
57 49 0.00025
58 49 0.00014
59 49 -0.00004
60 49 -0.00005
61 49 0.00000
62 49 0.00002
63 49 0.00000
0 50 -0.00000
1 50 0.00001
2 50 0.00001
3 50 -0.00003
4 50 -0.00005
5 50 0.00010
6 50 0.00025
7 50 -0.00010
8 50 -0.00088
9 50 -0.00077
10 50 0.00154
11 50 0.00449
12 50 0.00336
13 50 -0.00451
14 50 -0.01339
15 50 -0.00849
16 50 0.02505
17 50 0.09092
18 50 0.17658
19 50 0.25925
20 50 0.31963
21 50 0.35550
22 50 0.38489
23 50 0.43251
24 50 0.51092
25 50 0.61471
26 50 0.72737
27 50 0.83097
28 50 0.91296
29 50 0.96900
30 50 1.00167
31 50 1.01721
32 50 1.02158
33 50 1.01720
34 50 1.00167
35 50 0.96899
36 50 0.91296
37 50 0.83096
38 50 0.72737
39 50 0.61471
40 50 0.51092
41 50 0.43251
42 50 0.38489
43 50 0.35550
44 50 0.31963
45 50 0.25925
46 50 0.17658
47 50 0.09092
48 50 0.02505
49 50 -0.00849
50 50 -0.01339
51 50 -0.00451
52 50 0.00336
53 50 0.00449
54 50 0.00154
55 50 -0.00077
56 50 -0.00088
57 50 -0.00010
58 50 0.00025
59 50 0.00010
60 50 -0.00005
61 50 -0.00003
62 50 0.00001
63 50 0.00001
0 51 0.00001
1 51 0.00001
2 51 -0.00001
3 51 -0.00006
4 51 0.00004
5 51 0.00023
6 51 0.00000
7 51 -0.00079
8 51 -0.00080
9 51 0.00169
10 51 0.00479
11 51 0.00241
12 51 -0.00823
13 51 -0.01647
14 51 0.00310
15 51 0.07486
16 51 0.20198
17 51 0.36119
18 51 0.51496
19 51 0.63087
20 51 0.69641
21 51 0.72369
22 51 0.74125
23 51 0.77373
24 51 0.82618
25 51 0.88715
26 51 0.94177
27 51 0.98062
28 51 1.00172
29 51 1.00875
30 51 1.00753
31 51 1.00386
32 51 1.00208
33 51 1.00384
34 51 1.00752
35 51 1.00874
36 51 1.00172
37 51 0.98061
38 51 0.94177
39 51 0.88715
40 51 0.82618
41 51 0.77373
42 51 0.74125
43 51 0.72369
44 51 0.69641
45 51 0.63087
46 51 0.51496
47 51 0.36119
48 51 0.20198
49 51 0.07486
50 51 0.00310
51 51 -0.01647
52 51 -0.00823
53 51 0.00241
54 51 0.00479
55 51 0.00169
56 51 -0.00080
57 51 -0.00079
58 51 0.00000
59 51 0.00023
60 51 0.00004
61 51 -0.00006
62 51 -0.00001
63 51 0.00001
0 52 0.00002
1 52 0.00000
2 52 -0.00004
3 52 -0.00002
4 52 0.00018
5 52 0.00013
6 52 -0.00059
7 52 -0.00092
8 52 0.00125
9 52 0.00463
10 52 0.00225
11 52 -0.00961
12 52 -0.01665
13 52 0.01606
14 52 0.12162
15 52 0.30025
16 52 0.51372
17 52 0.70985
18 52 0.85196
19 52 0.93115
20 52 0.96013
21 52 0.96189
22 52 0.95966
23 52 0.96640
24 52 0.98106
25 52 0.99571
26 52 1.00433
27 52 1.00565
28 52 1.00172
29 52 0.99541
30 52 0.98906
31 52 0.98430
32 52 0.98248
33 52 0.98427
34 52 0.98903
35 52 0.99540
36 52 1.00171
37 52 1.00565
38 52 1.00433
39 52 0.99571
40 52 0.98106
41 52 0.96640
42 52 0.95966
43 52 0.96189
44 52 0.96013
45 52 0.93115
46 52 0.85196
47 52 0.70985
48 52 0.51372
49 52 0.30025
50 52 0.12162
51 52 0.01606
52 52 -0.01665
53 52 -0.00961
54 52 0.00225
55 52 0.00463
56 52 0.00125
57 52 -0.00092
58 52 -0.00059
59 52 0.00013
60 52 0.00018
61 52 -0.00002
62 52 -0.00004
63 52 0.00000
0 53 0.00002
1 53 -0.00001
2 53 -0.00005
3 53 0.00009
4 53 0.00021
5 53 -0.00030
6 53 -0.00096
7 53 0.00050
8 53 0.00410
9 53 0.00306
10 53 -0.00855
11 53 -0.01666
12 53 0.02056
13 53 0.14467
14 53 0.35448
15 53 0.59734
16 53 0.80564
17 53 0.94060
18 53 1.00428
19 53 1.02172
20 53 1.01792
21 53 1.00848
22 53 1.00156
23 53 0.99951
24 53 1.00007
25 53 1.00006
26 53 0.99821
27 53 0.99533
28 53 0.99272
29 53 0.99090
30 53 0.98968
31 53 0.98873
32 53 0.98829
33 53 0.98869
34 53 0.98963
35 53 0.99087
36 53 0.99271
37 53 0.99532
38 53 0.99821
39 53 1.00006
40 53 1.00007
41 53 0.99951
42 53 1.00156
43 53 1.00848
44 53 1.01792
45 53 1.02172
46 53 1.00428
47 53 0.94060
48 53 0.80564
49 53 0.59734
50 53 0.35448
51 53 0.14467
52 53 0.02056
53 53 -0.01666
54 53 -0.00855
55 53 0.00306
56 53 0.00410
57 53 0.00050
58 53 -0.00096
59 53 -0.00030
60 53 0.00021
61 53 0.00009
62 53 -0.00005
63 53 -0.00001
0 54 0.00001
1 54 -0.00003
2 54 -0.00001
3 54 0.00018
4 54 0.00000
5 54 -0.00078
6 54 -0.00030
7 54 0.00305
8 54 0.00406
9 54 -0.00566
10 54 -0.01683
11 54 0.01429
12 54 0.13998
13 54 0.36407
14 54 0.62488
15 54 0.84045
16 54 0.96646
17 54 1.01246
18 54 1.01467
19 54 1.00456
20 54 0.99616
21 54 0.99170
22 54 0.99067
23 54 0.99191
24 54 0.99376
25 54 0.99490
26 54 0.99517
27 54 0.99527
28 54 0.99576
29 54 0.99666
30 54 0.99755
31 54 0.99796
32 54 0.99799
33 54 0.99792
34 54 0.99751
35 54 0.99663
36 54 0.99575
37 54 0.99526
38 54 0.99517
39 54 0.99490
40 54 0.99376
41 54 0.99191
42 54 0.99067
43 54 0.99170
44 54 0.99616
45 54 1.00456
46 54 1.01467
47 54 1.01246
48 54 0.96646
49 54 0.84045
50 54 0.62488
51 54 0.36407
52 54 0.13998
53 54 0.01429
54 54 -0.01683
55 54 -0.00566
56 54 0.00406
57 54 0.00305
58 54 -0.00030
59 54 -0.00078
60 54 0.00000
61 54 0.00018
62 54 -0.00001
63 54 -0.00003
0 55 -0.00002
1 55 -0.00003
2 55 0.00008
3 55 0.00017
4 55 -0.00040
5 55 -0.00081
6 55 0.00153
7 55 0.00437
8 55 -0.00171
9 55 -0.01538
10 55 0.00182
11 55 0.11240
12 55 0.33632
13 55 0.61172
14 55 0.84235
15 55 0.97298
16 55 1.01422
17 55 1.01020
18 55 0.99705
19 55 0.98970
20 55 0.98839
21 55 0.98992
22 55 0.99263
23 55 0.99544
24 55 0.99762
25 55 0.99887
26 55 0.99934
27 55 0.99942
28 55 0.99935
29 55 0.99928
30 55 0.99927
31 55 0.99913
32 55 0.99900
33 55 0.99910
34 55 0.99924
35 55 0.99927
36 55 0.99935
37 55 0.99942
38 55 0.99935
39 55 0.99888
40 55 0.99762
41 55 0.99544
42 55 0.99263
43 55 0.98992
44 55 0.98839
45 55 0.98970
46 55 0.99705
47 55 1.01020
48 55 1.01422
49 55 0.97298
50 55 0.84235
51 55 0.61172
52 55 0.33632
53 55 0.11240
54 55 0.00182
55 55 -0.01538
56 55 -0.00171
57 55 0.00437
58 55 0.00153
59 55 -0.00081
60 55 -0.00040
61 55 0.00017
62 55 0.00008
63 55 -0.00003
0 56 -0.00005
1 56 -0.00001
2 56 0.00015
3 56 -0.00000
4 56 -0.00074
5 56 0.00007
6 56 0.00353
7 56 0.00208
8 56 -0.01095
9 56 -0.00992
10 56 0.07137
11 56 0.27738
12 56 0.56204
13 56 0.81694
14 56 0.96663
15 56 1.01462
16 56 1.01072
17 56 0.99787
18 56 0.99189
19 56 0.99227
20 56 0.99451
21 56 0.99644
22 56 0.99774
23 56 0.99833
24 56 0.99857
25 56 0.99905
26 56 0.99960
27 56 0.99981
28 56 0.99949
29 56 0.99894
30 56 0.99862
31 56 0.99840
32 56 0.99826
33 56 0.99838
34 56 0.99860
35 56 0.99894
36 56 0.99949
37 56 0.99981
38 56 0.99960
39 56 0.99905
40 56 0.99857
41 56 0.99833
42 56 0.99774
43 56 0.99644
44 56 0.99451
45 56 0.99227
46 56 0.99189
47 56 0.99787
48 56 1.01072
49 56 1.01462
50 56 0.96663
51 56 0.81694
52 56 0.56204
53 56 0.27738
54 56 0.07137
55 56 -0.00992
56 56 -0.01095
57 56 0.00208
58 56 0.00353
59 56 0.00007
60 56 -0.00074
61 56 -0.00000
62 56 0.00015
63 56 -0.00001
0 57 -0.00006
1 57 0.00004
2 57 0.00016
3 57 -0.00031
4 57 -0.00071
5 57 0.00167
6 57 0.00388
7 57 -0.00440
8 57 -0.01508
9 57 0.02941
10 57 0.19790
11 57 0.47756
12 57 0.76136
13 57 0.94535
14 57 1.01215
15 57 1.01262
16 57 0.99976
17 57 0.99497
18 57 0.99691
19 57 0.99994
20 57 1.00130
21 57 1.00099
22 57 0.99963
23 57 0.99761
24 57 0.99598
25 57 0.99602
26 57 0.99747
27 57 0.99907
28 57 0.99975
29 57 0.99958
30 57 0.99932
31 57 0.99915
32 57 0.99904
33 57 0.99914
34 57 0.99931
35 57 0.99958
36 57 0.99976
37 57 0.99907
38 57 0.99747
39 57 0.99602
40 57 0.99598
41 57 0.99761
42 57 0.99963
43 57 1.00099
44 57 1.00130
45 57 0.99994
46 57 0.99691
47 57 0.99497
48 57 0.99976
49 57 1.01262
50 57 1.01215
51 57 0.94535
52 57 0.76136
53 57 0.47756
54 57 0.19790
55 57 0.02941
56 57 -0.01508
57 57 -0.00440
58 57 0.00388
59 57 0.00167
60 57 -0.00071
61 57 -0.00031
62 57 0.00016
63 57 0.00004
0 58 -0.00005
1 58 0.00008
2 58 0.00007
3 58 -0.00058
4 58 -0.00005
5 58 0.00321
6 58 0.00132
7 58 -0.01191
8 58 -0.00114
9 58 0.11367
10 58 0.36578
11 58 0.67173
12 58 0.90300
13 58 1.00417
14 58 1.01507
15 58 1.00000
16 58 0.99191
17 58 0.99315
18 58 0.99696
19 58 1.00016
20 58 1.00263
21 58 1.00414
22 58 1.00398
23 58 1.00159
24 58 0.99803
25 58 0.99561
26 58 0.99555
27 58 0.99742
28 58 0.99922
29 58 0.99963
30 58 0.99934
31 58 0.99902
32 58 0.99886
33 58 0.99902
34 58 0.99934
35 58 0.99963
36 58 0.99923
37 58 0.99742
38 58 0.99555
39 58 0.99561
40 58 0.99803
41 58 1.00159
42 58 1.00398
43 58 1.00414
44 58 1.00263
45 58 1.00016
46 58 0.99696
47 58 0.99315
48 58 0.99191
49 58 1.00000
50 58 1.01507
51 58 1.00417
52 58 0.90300
53 58 0.67173
54 58 0.36578
55 58 0.11367
56 58 -0.00114
57 58 -0.01191
58 58 0.00132
59 58 0.00321
60 58 -0.00005
61 58 -0.00058
62 58 0.00007
63 58 0.00008
0 59 -0.00001
1 59 0.00011
2 59 -0.00010
3 59 -0.00065
4 59 0.00109
5 59 0.00361
6 59 -0.00404
7 59 -0.01351
8 59 0.04264
9 59 0.24064
10 59 0.54865
11 59 0.83111
12 59 0.98384
13 59 1.01420
14 59 0.99221
15 59 0.96834
16 59 0.95505
17 59 0.94907
18 59 0.94791
19 59 0.95382
20 59 0.96729
21 59 0.98439
22 59 0.99960
23 59 1.00753
24 59 1.00664
25 59 1.00108
26 59 0.99635
27 59 0.99581
28 59 0.99795
29 59 0.99935
30 59 0.99949
31 59 0.99921
32 59 0.99902
33 59 0.99921
34 59 0.99949
35 59 0.99936
36 59 0.99795
37 59 0.99581
38 59 0.99635
39 59 1.00108
40 59 1.00664
41 59 1.00753
42 59 0.99960
43 59 0.98439
44 59 0.96729
45 59 0.95382
46 59 0.94791
47 59 0.94907
48 59 0.95505
49 59 0.96834
50 59 0.99221
51 59 1.01420
52 59 0.98384
53 59 0.83111
54 59 0.54865
55 59 0.24064
56 59 0.04264
57 59 -0.01351
58 59 -0.00404
59 59 0.00361
60 59 0.00109
61 59 -0.00065
62 59 -0.00010
63 59 0.00011
0 60 0.00005
1 60 0.00009
2 60 -0.00030
3 60 -0.00040
4 60 0.00232
5 60 0.00216
6 60 -0.01019
7 60 -0.00076
8 60 0.12229
9 60 0.39836
10 60 0.72193
11 60 0.94062
12 60 1.00425
13 60 0.97009
14 60 0.91010
15 60 0.85579
16 60 0.81206
17 60 0.78054
18 60 0.76726
19 60 0.77972
20 60 0.81709
21 60 0.87131
22 60 0.93127
23 60 0.98093
24 60 1.00713
25 60 1.01043
26 60 1.00264
27 60 0.99696
28 60 0.99722
29 60 0.99910
30 60 0.99983
31 60 0.99967
32 60 0.99945
33 60 0.99967
34 60 0.99983
35 60 0.99910
36 60 0.99722
37 60 0.99696
38 60 1.00264
39 60 1.01043
40 60 1.00713
41 60 0.98093
42 60 0.93127
43 60 0.87131
44 60 0.81709
45 60 0.77972
46 60 0.76726
47 60 0.78054
48 60 0.81206
49 60 0.85579
50 60 0.91010
51 60 0.97009
52 60 1.00425
53 60 0.94062
54 60 0.72193
55 60 0.39836
56 60 0.12229
57 60 -0.00076
58 60 -0.01019
59 60 0.00216
60 60 0.00232
61 60 -0.00040
62 60 -0.00030
63 60 0.00009
0 61 0.00010
1 61 0.00003
2 61 -0.00045
3 61 0.00023
4 61 0.00313
5 61 -0.00125
6 61 -0.01323
7 61 0.03428
8 61 0.23756
9 61 0.56943
10 61 0.86056
11 61 0.97848
12 61 0.93772
13 61 0.82553
14 61 0.70631
15 61 0.60240
16 61 0.51889
17 61 0.46183
18 61 0.43988
19 61 0.45854
20 61 0.51595
21 61 0.60934
22 61 0.73211
23 61 0.85981
24 61 0.95760
25 61 1.00510
26 61 1.01034
27 61 1.00144
28 61 0.99776
29 61 0.99875
30 61 0.99973
31 61 0.99966
32 61 0.99941
33 61 0.99966
34 61 0.99973
35 61 0.99876
36 61 0.99776
37 61 1.00144
38 61 1.01034
39 61 1.00510
40 61 0.95760
41 61 0.85981
42 61 0.73211
43 61 0.60934
44 61 0.51595
45 61 0.45854
46 61 0.43988
47 61 0.46183
48 61 0.51889
49 61 0.60240
50 61 0.70631
51 61 0.82553
52 61 0.93772
53 61 0.97848
54 61 0.86056
55 61 0.56943
56 61 0.23756
57 61 0.03428
58 61 -0.01323
59 61 -0.00125
60 61 0.00313
61 61 0.00023
62 61 -0.00045
63 61 0.00003
0 62 0.00014
1 62 -0.00006
2 62 -0.00046
3 62 0.00103
4 62 0.00294
5 62 -0.00613
6 62 -0.00786
7 62 0.09723
8 62 0.38018
9 62 0.72678
10 62 0.92785
11 62 0.90739
12 62 0.75056
13 62 0.56444
14 62 0.40605
15 62 0.28781
16 62 0.20667
17 62 0.16098
18 62 0.14805
19 62 0.16391
20 62 0.20906
21 62 0.29609
22 62 0.44047
23 62 0.63209
24 62 0.82350
25 62 0.95614
26 62 1.00638
27 62 1.00635
28 62 0.99972
29 62 0.99896
30 62 0.99988
31 62 0.99992
32 62 0.99966
33 62 0.99992
34 62 0.99988
35 62 0.99896
36 62 0.99972
37 62 1.00635
38 62 1.00638
39 62 0.95614
40 62 0.82350
41 62 0.63209
42 62 0.44047
43 62 0.29609
44 62 0.20906
45 62 0.16391
46 62 0.14805
47 62 0.16098
48 62 0.20667
49 62 0.28781
50 62 0.40605
51 62 0.56444
52 62 0.75056
53 62 0.90739
54 62 0.92785
55 62 0.72678
56 62 0.38018
57 62 0.09723
58 62 -0.00786
59 62 -0.00613
60 62 0.00294
61 62 0.00103
62 62 -0.00046
63 62 -0.00006
0 63 0.00011
1 63 -0.00015
2 63 -0.00027
3 63 0.00177
4 63 0.00151
5 63 -0.01053
6 63 0.01133
7 63 0.18722
8 63 0.52952
9 63 0.83124
10 63 0.88595
11 63 0.71785
12 63 0.48476
13 63 0.29467
14 63 0.17569
15 63 0.11078
16 63 0.08030
17 63 0.07299
18 63 0.07639
19 63 0.08099
20 63 0.08710
21 63 0.11467
22 63 0.20351
23 63 0.38323
24 63 0.62884
25 63 0.85469
26 63 0.97893
27 63 1.00686
28 63 1.00210
29 63 0.99957
30 63 1.00011
31 63 1.00020
32 63 0.99991
33 63 1.00020
34 63 1.00011
35 63 0.99957
36 63 1.00210
37 63 1.00686
38 63 0.97893
39 63 0.85469
40 63 0.62884
41 63 0.38323
42 63 0.20351
43 63 0.11467
44 63 0.08710
45 63 0.08099
46 63 0.07639
47 63 0.07299
48 63 0.08030
49 63 0.11078
50 63 0.17569
51 63 0.29467
52 63 0.48476
53 63 0.71785
54 63 0.88595
55 63 0.83124
56 63 0.52952
57 63 0.18722
58 63 0.01133
59 63 -0.01053
60 63 0.00151
61 63 0.00177
62 63 -0.00027
63 63 -0.00015
0 64 0.00006
1 64 -0.00020
2 64 0.00007
3 64 0.00209
4 64 -0.00107
5 64 -0.01161
6 64 0.04671
7 64 0.29381
8 64 0.65650
9 64 0.85140
10 64 0.73926
11 64 0.47796
12 64 0.26362
13 64 0.15442
14 64 0.11907
15 64 0.11176
16 64 0.11344
17 64 0.12043
18 64 0.12781
19 64 0.12921
20 64 0.11556
21 64 0.09098
22 64 0.09863
23 64 0.20292
24 64 0.43243
25 64 0.71887
26 64 0.92577
27 64 0.99920
28 64 1.00389
29 64 1.00047
30 64 1.00045
31 64 1.00051
32 64 1.00019
33 64 1.00051
34 64 1.00045
35 64 1.00047
36 64 1.00389
37 64 0.99920
38 64 0.92577
39 64 0.71887
40 64 0.43243
41 64 0.20292
42 64 0.09863
43 64 0.09098
44 64 0.11556
45 64 0.12921
46 64 0.12781
47 64 0.12043
48 64 0.11344
49 64 0.11176
50 64 0.11907
51 64 0.15442
52 64 0.26362
53 64 0.47796
54 64 0.73926
55 64 0.85140
56 64 0.65650
57 64 0.29381
58 64 0.04671
59 64 -0.01161
60 64 -0.00107
61 64 0.00209
62 64 0.00007
63 64 -0.00020
0 65 -0.00001
1 65 -0.00020
2 65 0.00042
3 65 0.00183
4 65 -0.00392
5 65 -0.00720
6 65 0.09481
7 65 0.39912
8 65 0.73657
9 65 0.78638
10 65 0.54119
11 65 0.27971
12 65 0.15256
13 65 0.12589
14 65 0.12757
15 65 0.11940
16 65 0.10481
17 65 0.09568
18 65 0.09800
19 65 0.11165
20 65 0.12207
21 65 0.10607
22 65 0.07769
23 65 0.10731
24 65 0.27581
25 65 0.57593
26 65 0.85346
27 65 0.98207
28 65 1.00384
29 65 1.00135
30 65 1.00082
31 65 1.00085
32 65 1.00049
33 65 1.00085
34 65 1.00082
35 65 1.00135
36 65 1.00384
37 65 0.98207
38 65 0.85346
39 65 0.57593
40 65 0.27581
41 65 0.10731
42 65 0.07769
43 65 0.10607
44 65 0.12207
45 65 0.11165
46 65 0.09800
47 65 0.09568
48 65 0.10481
49 65 0.11940
50 65 0.12757
51 65 0.12589
52 65 0.15256
53 65 0.27971
54 65 0.54119
55 65 0.78638
56 65 0.73657
57 65 0.39912
58 65 0.09481
59 65 -0.00720
60 65 -0.00392
61 65 0.00183
62 65 0.00042
63 65 -0.00020
0 66 -0.00007
1 66 -0.00014
2 66 0.00068
3 66 0.00116
4 66 -0.00619
5 66 0.00241
6 66 0.14772
7 66 0.48757
8 66 0.76323
9 66 0.66626
10 66 0.35281
11 66 0.15887
12 66 0.11357
13 66 0.11260
14 66 0.10450
15 66 0.08091
16 66 0.05460
17 66 0.03542
18 66 0.03049
19 66 0.04658
20 66 0.07886
21 66 0.09713
22 66 0.08084
23 66 0.07143
24 66 0.17180
25 66 0.44894
26 66 0.77391
27 66 0.95768
28 66 1.00160
29 66 1.00195
30 66 1.00108
31 66 1.00106
32 66 1.00067
33 66 1.00106
34 66 1.00108
35 66 1.00195
36 66 1.00160
37 66 0.95768
38 66 0.77391
39 66 0.44894
40 66 0.17180
41 66 0.07143
42 66 0.08084
43 66 0.09713
44 66 0.07886
45 66 0.04658
46 66 0.03049
47 66 0.03542
48 66 0.05460
49 66 0.08091
50 66 0.10450
51 66 0.11260
52 66 0.11357
53 66 0.15887
54 66 0.35281
55 66 0.66626
56 66 0.76323
57 66 0.48757
58 66 0.14772
59 66 0.00241
60 66 -0.00619
61 66 0.00116
62 66 0.00068
63 66 -0.00014
0 67 -0.00011
1 67 -0.00006
2 67 0.00080
3 67 0.00029
4 67 -0.00735
5 67 0.01506
6 67 0.19646
7 67 0.54925
8 67 0.74330
9 67 0.52870
10 67 0.21668
11 67 0.12226
12 67 0.12792
13 67 0.11609
14 67 0.09727
15 67 0.08018
16 67 0.06381
17 67 0.04353
18 67 0.02485
19 67 0.02227
20 67 0.04501
21 67 0.07515
22 67 0.08142
23 67 0.06389
24 67 0.11054
25 67 0.34795
26 67 0.69752
27 67 0.92965
28 67 0.99758
29 67 1.00227
30 67 1.00134
31 67 1.00128
32 67 1.00084
33 67 1.00128
34 67 1.00134
35 67 1.00227
36 67 0.99758
37 67 0.92965
38 67 0.69752
39 67 0.34795
40 67 0.11055
41 67 0.06389
42 67 0.08142
43 67 0.07515
44 67 0.04501
45 67 0.02227
46 67 0.02485
47 67 0.04353
48 67 0.06381
49 67 0.08018
50 67 0.09727
51 67 0.11609
52 67 0.12792
53 67 0.12226
54 67 0.21668
55 67 0.52870
56 67 0.74330
57 67 0.54925
58 67 0.19646
59 67 0.01506
60 67 -0.00735
61 67 0.00029
62 67 0.00080
63 67 -0.00006
0 68 -0.00012
1 68 0.00002
2 68 0.00078
3 68 -0.00054
4 68 -0.00727
5 68 0.02740
6 68 0.23175
7 68 0.57898
8 68 0.69523
9 68 0.41098
10 68 0.15621
11 68 0.17193
12 68 0.20477
13 68 0.16390
14 68 0.12458
15 68 0.10195
16 68 0.08755
17 68 0.06674
18 68 0.03884
19 68 0.01900
20 68 0.02432
21 68 0.04878
22 68 0.07001
23 68 0.06126
24 68 0.07551
25 68 0.27297
26 68 0.63104
27 68 0.90169
28 68 0.99233
29 68 1.00207
30 68 1.00143
31 68 1.00134
32 68 1.00085
33 68 1.00134
34 68 1.00143
35 68 1.00207
36 68 0.99233
37 68 0.90169
38 68 0.63104
39 68 0.27297
40 68 0.07551
41 68 0.06126
42 68 0.07001
43 68 0.04878
44 68 0.02432
45 68 0.01900
46 68 0.03884
47 68 0.06674
48 68 0.08755
49 68 0.10195
50 68 0.12458
51 68 0.16390
52 68 0.20477
53 68 0.17193
54 68 0.15621
55 68 0.41098
56 68 0.69523
57 68 0.57898
58 68 0.23175
59 68 0.02740
60 68 -0.00727
61 68 -0.00054
62 68 0.00078
63 68 0.00002
0 69 -0.00011
1 69 0.00009
2 69 0.00066
3 69 -0.00120
4 69 -0.00653
5 69 0.03563
6 69 0.24696
7 69 0.57961
8 69 0.64871
9 69 0.34574
10 69 0.16456
11 69 0.27568
12 69 0.33347
13 69 0.26837
14 69 0.18914
15 69 0.12668
16 69 0.09429
17 69 0.07418
18 69 0.04857
19 69 0.02279
20 69 0.01597
21 69 0.02930
22 69 0.05505
23 69 0.05854
24 69 0.05701
25 69 0.22136
26 69 0.57877
27 69 0.87746
28 69 0.98712
29 69 1.00165
30 69 1.00145
31 69 1.00135
32 69 1.00081
33 69 1.00135
34 69 1.00145
35 69 1.00165
36 69 0.98712
37 69 0.87746
38 69 0.57877
39 69 0.22136
40 69 0.05701
41 69 0.05854
42 69 0.05505
43 69 0.02930
44 69 0.01597
45 69 0.02279
46 69 0.04857
47 69 0.07418
48 69 0.09429
49 69 0.12668
50 69 0.18914
51 69 0.26837
52 69 0.33347
53 69 0.27568
54 69 0.16456
55 69 0.34574
56 69 0.64871
57 69 0.57961
58 69 0.24696
59 69 0.03563
60 69 -0.00653
61 69 -0.00120
62 69 0.00066
63 69 0.00009
0 70 -0.00009
1 70 0.00013
2 70 0.00050
3 70 -0.00157
4 70 -0.00570
5 70 0.03763
6 70 0.24079
7 70 0.55813
8 70 0.62446
9 70 0.34307
10 70 0.20085
11 70 0.35604
12 70 0.45579
13 70 0.41392
14 70 0.30905
15 70 0.18569
16 70 0.11149
17 70 0.08183
18 70 0.05904
19 70 0.03188
20 70 0.01709
21 70 0.01927
22 70 0.04195
23 70 0.05421
24 70 0.04654
25 70 0.18692
26 70 0.54059
27 70 0.85848
28 70 0.98252
29 70 1.00102
30 70 1.00135
31 70 1.00127
32 70 1.00070
33 70 1.00127
34 70 1.00135
35 70 1.00102
36 70 0.98252
37 70 0.85848
38 70 0.54059
39 70 0.18692
40 70 0.04654
41 70 0.05421
42 70 0.04195
43 70 0.01927
44 70 0.01709
45 70 0.03188
46 70 0.05904
47 70 0.08183
48 70 0.11149
49 70 0.18569
50 70 0.30905
51 70 0.41392
52 70 0.45579
53 70 0.35604
54 70 0.20085
55 70 0.34307
56 70 0.62446
57 70 0.55813
58 70 0.24079
59 70 0.03763
60 70 -0.00570
61 70 -0.00157
62 70 0.00050
63 70 0.00013
0 71 -0.00006
1 71 0.00014
2 71 0.00034
3 71 -0.00161
4 71 -0.00495
5 71 0.03341
6 71 0.21419
7 71 0.51419
8 71 0.61972
9 71 0.39165
10 71 0.22775
11 71 0.33588
12 71 0.46252
13 71 0.50355
14 71 0.43415
15 71 0.26822
16 71 0.14132
17 71 0.08879
18 71 0.06403
19 71 0.03747
20 71 0.01908
21 71 0.01362
22 71 0.03102
23 71 0.04810
24 71 0.03895
25 71 0.16462
26 71 0.51539
27 71 0.84550
28 71 0.97899
29 71 1.00030
30 71 1.00113
31 71 1.00111
32 71 1.00051
33 71 1.00111
34 71 1.00113
35 71 1.00030
36 71 0.97899
37 71 0.84550
38 71 0.51539
39 71 0.16462
40 71 0.03895
41 71 0.04810
42 71 0.03102
43 71 0.01362
44 71 0.01908
45 71 0.03747
46 71 0.06403
47 71 0.08879
48 71 0.14132
49 71 0.26822
50 71 0.43415
51 71 0.50355
52 71 0.46252
53 71 0.33588
54 71 0.22775
55 71 0.39165
56 71 0.61972
57 71 0.51419
58 71 0.21419
59 71 0.03341
60 71 -0.00495
61 71 -0.00161
62 71 0.00034
63 71 0.00014
0 72 -0.00004
1 72 0.00013
2 72 0.00023
3 72 -0.00139
4 72 -0.00441
5 72 0.02400
6 72 0.16958
7 72 0.44161
8 72 0.60973
9 72 0.47287
10 72 0.27205
11 72 0.26596
12 72 0.36452
13 72 0.49314
14 72 0.51049
15 72 0.34494
16 72 0.17639
17 72 0.09656
18 72 0.06643
19 72 0.04136
20 72 0.02217
21 72 0.01223
22 72 0.02466
23 72 0.04306
24 72 0.03362
25 72 0.15248
26 72 0.50274
27 72 0.83911
28 72 0.97699
29 72 0.99967
30 72 1.00091
31 72 1.00096
32 72 1.00035
33 72 1.00096
34 72 1.00091
35 72 0.99967
36 72 0.97699
37 72 0.83911
38 72 0.50274
39 72 0.15248
40 72 0.03362
41 72 0.04306
42 72 0.02466
43 72 0.01223
44 72 0.02217
45 72 0.04136
46 72 0.06643
47 72 0.09656
48 72 0.17639
49 72 0.34494
50 72 0.51049
51 72 0.49314
52 72 0.36452
53 72 0.26596
54 72 0.27205
55 72 0.47287
56 72 0.60973
57 72 0.44161
58 72 0.16958
59 72 0.02400
60 72 -0.00441
61 72 -0.00139
62 72 0.00023
63 72 0.00013
0 73 -0.00003
1 73 0.00011
2 73 0.00019
3 73 -0.00099
4 73 -0.00391
5 73 0.01291
6 73 0.11766
7 73 0.35021
8 73 0.57440
9 73 0.56274
10 73 0.38651
11 73 0.28782
12 73 0.32152
13 73 0.47726
14 73 0.55236
15 73 0.39961
16 73 0.20555
17 73 0.10301
18 73 0.06663
19 73 0.04298
20 73 0.02414
21 73 0.01189
22 73 0.02093
23 73 0.03851
24 73 0.02918
25 73 0.14868
26 73 0.50154
27 73 0.83895
28 73 0.97644
29 73 0.99911
30 73 1.00062
31 73 1.00075
32 73 1.00014
33 73 1.00075
34 73 1.00062
35 73 0.99911
36 73 0.97644
37 73 0.83895
38 73 0.50154
39 73 0.14868
40 73 0.02918
41 73 0.03851
42 73 0.02093
43 73 0.01189
44 73 0.02414
45 73 0.04298
46 73 0.06663
47 73 0.10301
48 73 0.20555
49 73 0.39961
50 73 0.55236
51 73 0.47726
52 73 0.32152
53 73 0.28782
54 73 0.38651
55 73 0.56274
56 73 0.57440
57 73 0.35021
58 73 0.11766
59 73 0.01291
60 73 -0.00391
61 73 -0.00099
62 73 0.00019
63 73 0.00011
0 74 -0.00002
1 74 0.00009
2 74 0.00019
3 74 -0.00056
4 74 -0.00312
5 74 0.00395
6 74 0.06982
7 74 0.24984
8 74 0.48931
9 74 0.59441
10 74 0.51575
11 74 0.41048
12 74 0.39989
13 74 0.52041
14 74 0.57550
15 74 0.41610
16 74 0.21385
17 74 0.10210
18 74 0.06297
19 74 0.04145
20 74 0.02390
21 74 0.01111
22 74 0.01870
23 74 0.03411
24 74 0.02555
25 74 0.15285
26 74 0.51120
27 74 0.84474
28 74 0.97740
29 74 0.99880
30 74 1.00042
31 74 1.00060
32 74 1.00002
33 74 1.00060
34 74 1.00042
35 74 0.99880
36 74 0.97740
37 74 0.84474
38 74 0.51120
39 74 0.15285
40 74 0.02555
41 74 0.03411
42 74 0.01870
43 74 0.01111
44 74 0.02390
45 74 0.04145
46 74 0.06297
47 74 0.10210
48 74 0.21385
49 74 0.41610
50 74 0.57550
51 74 0.52041
52 74 0.39989
53 74 0.41048
54 74 0.51575
55 74 0.59441
56 74 0.48931
57 74 0.24984
58 74 0.06982
59 74 0.00395
60 74 -0.00312
61 74 -0.00056
62 74 0.00019
63 74 0.00009
0 75 -0.00001
1 75 0.00009
2 75 0.00017
3 75 -0.00027
4 75 -0.00217
5 75 -0.00141
6 75 0.03228
7 75 0.15094
8 75 0.35584
9 75 0.52161
10 75 0.55343
11 75 0.51493
12 75 0.50454
13 75 0.56083
14 75 0.54871
15 75 0.38062
16 75 0.19515
17 75 0.09244
18 75 0.05630
19 75 0.03791
20 75 0.02227
21 75 0.01037
22 75 0.01810
23 75 0.03010
24 75 0.02351
25 75 0.16544
26 75 0.53117
27 75 0.85578
28 75 0.97964
29 75 0.99868
30 75 1.00025
31 75 1.00046
32 75 0.99992
33 75 1.00046
34 75 1.00025
35 75 0.99868
36 75 0.97964
37 75 0.85578
38 75 0.53117
39 75 0.16544
40 75 0.02351
41 75 0.03010
42 75 0.01810
43 75 0.01037
44 75 0.02227
45 75 0.03791
46 75 0.05630
47 75 0.09244
48 75 0.19515
49 75 0.38062
50 75 0.54871
51 75 0.56083
52 75 0.50454
53 75 0.51493
54 75 0.55343
55 75 0.52161
56 75 0.35584
57 75 0.15094
58 75 0.03228
59 75 -0.00141
60 75 -0.00217
61 75 -0.00027
62 75 0.00017
63 75 0.00009
0 76 -0.00000
1 76 0.00006
2 76 0.00011
3 76 -0.00011
4 76 -0.00118
5 76 -0.00300
6 76 0.00925
7 76 0.07249
8 76 0.21416
9 76 0.37417
10 76 0.46484
11 76 0.49065
12 76 0.49570
13 76 0.50163
14 76 0.44624
15 76 0.30072
16 76 0.15679
17 76 0.07633
18 76 0.04710
19 76 0.03242
20 76 0.01909
21 76 0.00945
22 76 0.01841
23 76 0.02578
24 76 0.02368
25 76 0.18704
26 76 0.56073
27 76 0.87122
28 76 0.98287
29 76 0.99874
30 76 1.00010
31 76 1.00032
32 76 0.99983
33 76 1.00032
34 76 1.00010
35 76 0.99874
36 76 0.98287
37 76 0.87122
38 76 0.56073
39 76 0.18704
40 76 0.02368
41 76 0.02578
42 76 0.01841
43 76 0.00945
44 76 0.01909
45 76 0.03242
46 76 0.04710
47 76 0.07633
48 76 0.15679
49 76 0.30072
50 76 0.44624
51 76 0.50163
52 76 0.49570
53 76 0.49065
54 76 0.46484
55 76 0.37417
56 76 0.21416
57 76 0.07249
58 76 0.00925
59 76 -0.00300
60 76 -0.00118
61 76 -0.00011
62 76 0.00011
63 76 0.00006
0 77 0.00000
1 77 0.00004
2 77 0.00006
3 77 -0.00004
4 77 -0.00040
5 77 -0.00228
6 77 -0.00071
7 77 0.02400
8 77 0.10151
9 77 0.21668
10 77 0.31193
11 77 0.36494
12 77 0.38295
13 77 0.37422
14 77 0.31901
15 77 0.21527
16 77 0.11623
17 77 0.05846
18 77 0.03648
19 77 0.02557
20 77 0.01488
21 77 0.00872
22 77 0.01921
23 77 0.02086
24 77 0.02749
25 77 0.21886
26 77 0.59924
27 77 0.89015
28 77 0.98683
29 77 0.99900
30 77 1.00005
31 77 1.00025
32 77 0.99981
33 77 1.00025
34 77 1.00005
35 77 0.99900
36 77 0.98683
37 77 0.89015
38 77 0.59924
39 77 0.21886
40 77 0.02749
41 77 0.02086
42 77 0.01921
43 77 0.00872
44 77 0.01488
45 77 0.02557
46 77 0.03648
47 77 0.05846
48 77 0.11623
49 77 0.21527
50 77 0.31901
51 77 0.37422
52 77 0.38295
53 77 0.36494
54 77 0.31193
55 77 0.21668
56 77 0.10151
57 77 0.02400
58 77 -0.00071
59 77 -0.00228
60 77 -0.00040
61 77 -0.00004
62 77 0.00006
63 77 0.00004
0 78 0.00000
1 78 0.00003
2 78 0.00004
3 78 -0.00002
4 78 0.00001
5 78 -0.00093
6 78 -0.00235
7 78 0.00281
8 78 0.03524
9 78 0.10095
10 78 0.17312
11 78 0.22802
12 78 0.25373
13 78 0.24851
14 78 0.20936
15 78 0.14242
16 78 0.07799
17 78 0.03904
18 78 0.02466
19 78 0.01798
20 78 0.01035
21 78 0.00863
22 78 0.01977
23 78 0.01511
24 78 0.03689
25 78 0.26196
26 78 0.64541
27 78 0.91114
28 78 0.99096
29 78 0.99928
30 78 1.00000
31 78 1.00015
32 78 0.99976
33 78 1.00015
34 78 1.00000
35 78 0.99928
36 78 0.99096
37 78 0.91114
38 78 0.64541
39 78 0.26196
40 78 0.03689
41 78 0.01511
42 78 0.01977
43 78 0.00863
44 78 0.01035
45 78 0.01798
46 78 0.02466
47 78 0.03904
48 78 0.07799
49 78 0.14242
50 78 0.20936
51 78 0.24851
52 78 0.25373
53 78 0.22802
54 78 0.17312
55 78 0.10095
56 78 0.03524
57 78 0.00281
58 78 -0.00235
59 78 -0.00093
60 78 0.00001
61 78 -0.00002
62 78 0.00004
63 78 0.00003
0 79 -0.00000
1 79 0.00002
2 79 0.00003
3 79 -0.00003
4 79 0.00011
5 79 -0.00009
6 79 -0.00123
7 79 -0.00274
8 79 0.00584
9 79 0.03466
10 79 0.07617
11 79 0.11615
12 79 0.14016
13 79 0.14150
14 79 0.12009
15 79 0.08164
16 79 0.04354
17 79 0.02087
18 79 0.01423
19 79 0.01138
20 79 0.00667
21 79 0.00943
22 79 0.01891
23 79 0.00905
24 79 0.05480
25 79 0.31729
26 79 0.69750
27 79 0.93267
28 79 0.99477
29 79 0.99950
30 79 0.99995
31 79 1.00005
32 79 0.99971
33 79 1.00005
34 79 0.99995
35 79 0.99950
36 79 0.99477
37 79 0.93267
38 79 0.69750
39 79 0.31729
40 79 0.05480
41 79 0.00905
42 79 0.01891
43 79 0.00943
44 79 0.00667
45 79 0.01138
46 79 0.01423
47 79 0.02087
48 79 0.04354
49 79 0.08164
50 79 0.12009
51 79 0.14150
52 79 0.14016
53 79 0.11615
54 79 0.07617
55 79 0.03466
56 79 0.00584
57 79 -0.00274
58 79 -0.00123
59 79 -0.00009
60 79 0.00011
61 79 -0.00003
62 79 0.00003
63 79 0.00002
0 80 -0.00001
1 80 0.00001
2 80 0.00003
3 80 -0.00001
4 80 0.00010
5 80 0.00023
6 80 -0.00009
7 80 -0.00223
8 80 -0.00258
9 80 0.00608
10 80 0.02403
11 80 0.04595
12 80 0.06234
13 80 0.06658
14 80 0.05774
15 80 0.03876
16 80 0.01925
17 80 0.00878
18 80 0.00764
19 80 0.00679
20 80 0.00456
21 80 0.01087
22 80 0.01588
23 80 0.00493
24 80 0.08501
25 80 0.38516
26 80 0.75319
27 80 0.95320
28 80 0.99786
29 80 0.99963
30 80 0.99990
31 80 0.99998
32 80 0.99969
33 80 0.99998
34 80 0.99990
35 80 0.99963
36 80 0.99786
37 80 0.95320
38 80 0.75319
39 80 0.38516
40 80 0.08501
41 80 0.00493
42 80 0.01588
43 80 0.01087
44 80 0.00456
45 80 0.00679
46 80 0.00764
47 80 0.00878
48 80 0.01925
49 80 0.03876
50 80 0.05774
51 80 0.06658
52 80 0.06234
53 80 0.04595
54 80 0.02403
55 80 0.00608
56 80 -0.00258
57 80 -0.00223
58 80 -0.00009
59 80 0.00023
60 80 0.00010
61 80 -0.00001
62 80 0.00003
63 80 0.00001
0 81 -0.00001
1 81 0.00000
2 81 0.00004
3 81 0.00001
4 81 0.00007
5 81 0.00026
6 81 0.00045
7 81 -0.00077
8 81 -0.00283
9 81 -0.00223
10 81 0.00275
11 81 0.01151
12 81 0.01976
13 81 0.02334
14 81 0.02095
15 81 0.01324
16 81 0.00508
17 81 0.00207
18 81 0.00354
19 81 0.00332
20 81 0.00384
21 81 0.01201
22 81 0.01048
23 81 0.00626
24 81 0.13095
25 81 0.46438
26 81 0.80944
27 81 0.97122
28 81 0.99993
29 81 0.99958
30 81 0.99984
31 81 0.99992
32 81 0.99968
33 81 0.99992
34 81 0.99984
35 81 0.99958
36 81 0.99993
37 81 0.97122
38 81 0.80944
39 81 0.46438
40 81 0.13095
41 81 0.00626
42 81 0.01048
43 81 0.01201
44 81 0.00384
45 81 0.00332
46 81 0.00354
47 81 0.00207
48 81 0.00508
49 81 0.01324
50 81 0.02095
51 81 0.02334
52 81 0.01976
53 81 0.01151
54 81 0.00275
55 81 -0.00223
56 81 -0.00283
57 81 -0.00077
58 81 0.00045
59 81 0.00026
60 81 0.00007
61 81 0.00001
62 81 0.00004
63 81 0.00000
0 82 -0.00001
1 82 0.00000
2 82 0.00004
3 82 0.00003
4 82 0.00003
5 82 0.00015
6 82 0.00046
7 82 0.00006
8 82 -0.00145
9 82 -0.00281
10 82 -0.00291
11 82 -0.00097
12 82 0.00181
13 82 0.00365
14 82 0.00354
15 82 0.00112
16 82 -0.00131
17 82 -0.00085
18 82 0.00101
19 82 0.00109
20 82 0.00474
21 82 0.01205
22 82 0.00362
23 82 0.01749
24 82 0.19498
25 82 0.55209
26 82 0.86286
27 82 0.98558
28 82 1.00090
29 82 0.99943
30 82 0.99979
31 82 0.99989
32 82 0.99971
33 82 0.99989
34 82 0.99979
35 82 0.99943
36 82 1.00090
37 82 0.98558
38 82 0.86286
39 82 0.55209
40 82 0.19498
41 82 0.01749
42 82 0.00362
43 82 0.01205
44 82 0.00474
45 82 0.00109
46 82 0.00101
47 82 -0.00085
48 82 -0.00131
49 82 0.00112
50 82 0.00354
51 82 0.00365
52 82 0.00181
53 82 -0.00097
54 82 -0.00291
55 82 -0.00281
56 82 -0.00145
57 82 0.00006
58 82 0.00046
59 82 0.00015
60 82 0.00003
61 82 0.00003
62 82 0.00004
63 82 0.00000
0 83 -0.00001
1 83 0.00000
2 83 0.00004
3 83 0.00003
4 83 0.00001
5 83 0.00005
6 83 0.00032
7 83 0.00034
8 83 -0.00040
9 83 -0.00167
10 83 -0.00291
11 83 -0.00328
12 83 -0.00290
13 83 -0.00232
14 83 -0.00205
15 83 -0.00259
16 83 -0.00281
17 83 -0.00151
18 83 -0.00041
19 83 0.00048
20 83 0.00671
21 83 0.00980
22 83 -0.00221
23 83 0.04384
24 83 0.27769
25 83 0.64384
26 83 0.91017
27 83 0.99566
28 83 1.00089
29 83 0.99923
30 83 0.99977
31 83 0.99989
32 83 0.99975
33 83 0.99989
34 83 0.99977
35 83 0.99923
36 83 1.00089
37 83 0.99566
38 83 0.91017
39 83 0.64384
40 83 0.27769
41 83 0.04384
42 83 -0.00221
43 83 0.00980
44 83 0.00671
45 83 0.00048
46 83 -0.00041
47 83 -0.00151
48 83 -0.00281
49 83 -0.00259
50 83 -0.00205
51 83 -0.00232
52 83 -0.00290
53 83 -0.00328
54 83 -0.00291
55 83 -0.00167
56 83 -0.00040
57 83 0.00034
58 83 0.00032
59 83 0.00005
60 83 0.00001
61 83 0.00003
62 83 0.00004
63 83 0.00000
0 84 -0.00000
1 84 -0.00000
2 84 0.00002
3 84 0.00002
4 84 0.00000
5 84 0.00001
6 84 0.00023
7 84 0.00046
8 84 0.00026
9 84 -0.00061
10 84 -0.00186
11 84 -0.00270
12 84 -0.00300
13 84 -0.00293
14 84 -0.00280
15 84 -0.00293
16 84 -0.00263
17 84 -0.00171
18 84 -0.00126
19 84 0.00140
20 84 0.00827
21 84 0.00452
22 84 -0.00239
23 84 0.09084
24 84 0.37749
25 84 0.73418
26 84 0.94875
27 84 1.00146
28 84 1.00021
29 84 0.99903
30 84 0.99977
31 84 0.99988
32 84 0.99979
33 84 0.99988
34 84 0.99977
35 84 0.99903
36 84 1.00021
37 84 1.00146
38 84 0.94874
39 84 0.73418
40 84 0.37749
41 84 0.09084
42 84 -0.00239
43 84 0.00452
44 84 0.00827
45 84 0.00140
46 84 -0.00126
47 84 -0.00171
48 84 -0.00263
49 84 -0.00293
50 84 -0.00280
51 84 -0.00293
52 84 -0.00300
53 84 -0.00270
54 84 -0.00186
55 84 -0.00061
56 84 0.00026
57 84 0.00046
58 84 0.00023
59 84 0.00001
60 84 0.00000
61 84 0.00002
62 84 0.00002
63 84 -0.00000
0 85 -0.00000
1 85 -0.00000
2 85 0.00001
3 85 0.00001
4 85 -0.00001
5 85 -0.00001
6 85 0.00015
7 85 0.00050
8 85 0.00067
9 85 0.00019
10 85 -0.00088
11 85 -0.00182
12 85 -0.00236
13 85 -0.00254
14 85 -0.00261
15 85 -0.00266
16 85 -0.00230
17 85 -0.00196
18 85 -0.00123
19 85 0.00357
20 85 0.00788
21 85 -0.00241
22 85 0.00988
23 85 0.16251
24 85 0.48973
25 85 0.81718
26 85 0.97708
27 85 1.00356
28 85 0.99924
29 85 0.99894
30 85 0.99978
31 85 0.99987
32 85 0.99982
33 85 0.99987
34 85 0.99978
35 85 0.99894
36 85 0.99924
37 85 1.00356
38 85 0.97708
39 85 0.81718
40 85 0.48973
41 85 0.16251
42 85 0.00988
43 85 -0.00241
44 85 0.00788
45 85 0.00357
46 85 -0.00123
47 85 -0.00196
48 85 -0.00230
49 85 -0.00266
50 85 -0.00261
51 85 -0.00254
52 85 -0.00236
53 85 -0.00182
54 85 -0.00088
55 85 0.00019
56 85 0.00067
57 85 0.00050
58 85 0.00015
59 85 -0.00001
60 85 -0.00001
61 85 0.00001
62 85 0.00001
63 85 -0.00000
0 86 -0.00000
1 86 -0.00000
2 86 0.00000
3 86 -0.00000
4 86 -0.00002
5 86 -0.00004
6 86 0.00007
7 86 0.00042
8 86 0.00084
9 86 0.00073
10 86 -0.00004
11 86 -0.00089
12 86 -0.00154
13 86 -0.00198
14 86 -0.00224
15 86 -0.00224
16 86 -0.00205
17 86 -0.00201
18 86 0.00006
19 86 0.00577
20 86 0.00433
21 86 -0.00688
22 86 0.04206
23 86 0.25910
24 86 0.60662
25 86 0.88737
26 86 0.99504
27 86 1.00299
28 86 0.99837
29 86 0.99901
30 86 0.99982
31 86 0.99987
32 86 0.99985
33 86 0.99987
34 86 0.99982
35 86 0.99901
36 86 0.99837
37 86 1.00299
38 86 0.99504
39 86 0.88737
40 86 0.60662
41 86 0.25910
42 86 0.04206
43 86 -0.00688
44 86 0.00433
45 86 0.00577
46 86 0.00006
47 86 -0.00201
48 86 -0.00205
49 86 -0.00224
50 86 -0.00224
51 86 -0.00198
52 86 -0.00154
53 86 -0.00089
54 86 -0.00004
55 86 0.00073
56 86 0.00084
57 86 0.00042
58 86 0.00007
59 86 -0.00004
60 86 -0.00002
61 86 -0.00000
62 86 0.00000
63 86 -0.00000
0 87 -0.00000
1 87 -0.00000
2 87 0.00000
3 87 -0.00000
4 87 -0.00002
5 87 -0.00005
6 87 -0.00001
7 87 0.00027
8 87 0.00076
9 87 0.00095
10 87 0.00054
11 87 -0.00013
12 87 -0.00079
13 87 -0.00135
14 87 -0.00169
15 87 -0.00176
16 87 -0.00192
17 87 -0.00152
18 87 0.00229
19 87 0.00626
20 87 -0.00190
21 87 -0.00209
22 87 0.10048
23 87 0.37622
24 87 0.71865
25 87 0.94104
26 87 1.00393
27 87 1.00102
28 87 0.99782
29 87 0.99923
30 87 0.99985
31 87 0.99987
32 87 0.99989
33 87 0.99987
34 87 0.99985
35 87 0.99923
36 87 0.99782
37 87 1.00102
38 87 1.00393
39 87 0.94104
40 87 0.71865
41 87 0.37622
42 87 0.10048
43 87 -0.00209
44 87 -0.00190
45 87 0.00626
46 87 0.00229
47 87 -0.00152
48 87 -0.00192
49 87 -0.00176
50 87 -0.00169
51 87 -0.00135
52 87 -0.00079
53 87 -0.00013
54 87 0.00054
55 87 0.00095
56 87 0.00076
57 87 0.00027
58 87 -0.00001
59 87 -0.00005
60 87 -0.00002
61 87 -0.00000
62 87 0.00000
63 87 -0.00000
0 88 -0.00000
1 88 -0.00000
2 88 -0.00000
3 88 -0.00000
4 88 -0.00002
5 88 -0.00005
6 88 -0.00006
7 88 0.00010
8 88 0.00050
9 88 0.00084
10 88 0.00076
11 88 0.00031
12 88 -0.00029
13 88 -0.00085
14 88 -0.00120
15 88 -0.00148
16 88 -0.00175
17 88 -0.00019
18 88 0.00442
19 88 0.00370
20 88 -0.00740
21 88 0.02045
22 88 0.18778
23 88 0.50500
24 88 0.81683
25 88 0.97718
26 88 1.00611
27 88 0.99881
28 88 0.99772
29 88 0.99953
30 88 0.99986
31 88 0.99987
32 88 0.99993
33 88 0.99987
34 88 0.99986
35 88 0.99953
36 88 0.99772
37 88 0.99881
38 88 1.00611
39 88 0.97718
40 88 0.81683
41 88 0.50500
42 88 0.18778
43 88 0.02045
44 88 -0.00740
45 88 0.00370
46 88 0.00442
47 88 -0.00019
48 88 -0.00175
49 88 -0.00148
50 88 -0.00120
51 88 -0.00085
52 88 -0.00029
53 88 0.00031
54 88 0.00076
55 88 0.00084
56 88 0.00050
57 88 0.00010
58 88 -0.00006
59 88 -0.00005
60 88 -0.00002
61 88 -0.00000
62 88 -0.00000
63 88 -0.00000
0 89 -0.00000
1 89 -0.00000
2 89 -0.00000
3 89 -0.00000
4 89 -0.00002
5 89 -0.00004
6 89 -0.00008
7 89 -0.00002
8 89 0.00022
9 89 0.00055
10 89 0.00068
11 89 0.00045
12 89 -0.00003
13 89 -0.00052
14 89 -0.00093
15 89 -0.00141
16 89 -0.00120
17 89 0.00184
18 89 0.00506
19 89 -0.00160
20 89 -0.00579
21 89 0.06836
22 89 0.30075
23 89 0.63358
24 89 0.89471
25 89 0.99753
26 89 1.00433
27 89 0.99725
28 89 0.99813
29 89 0.99983
30 89 0.99985
31 89 0.99989
32 89 0.99999
33 89 0.99989
34 89 0.99985
35 89 0.99983
36 89 0.99813
37 89 0.99725
38 89 1.00433
39 89 0.99753
40 89 0.89471
41 89 0.63358
42 89 0.30075
43 89 0.06836
44 89 -0.00579
45 89 -0.00160
46 89 0.00506
47 89 0.00184
48 89 -0.00120
49 89 -0.00141
50 89 -0.00093
51 89 -0.00052
52 89 -0.00003
53 89 0.00045
54 89 0.00068
55 89 0.00055
56 89 0.00022
57 89 -0.00002
58 89 -0.00008
59 89 -0.00004
60 89 -0.00002
61 89 -0.00000
62 89 -0.00000
63 89 -0.00000
0 90 -0.00000
1 90 -0.00000
2 90 0.00000
3 90 -0.00000
4 90 -0.00001
5 90 -0.00003
6 90 -0.00006
7 90 -0.00006
8 90 0.00005
9 90 0.00029
10 90 0.00049
11 90 0.00041
12 90 0.00008
13 90 -0.00035
14 90 -0.00088
15 90 -0.00128
16 90 0.00003
17 90 0.00369
18 90 0.00303
19 90 -0.00684
20 90 0.01111
21 90 0.14540
22 90 0.43031
23 90 0.75002
24 90 0.94972
25 90 1.00581
26 90 1.00107
27 90 0.99658
28 90 0.99882
29 90 1.00003
30 90 0.99979
31 90 0.99989
32 90 1.00003
33 90 0.99989
34 90 0.99979
35 90 1.00003
36 90 0.99882
37 90 0.99658
38 90 1.00107
39 90 1.00581
40 90 0.94972
41 90 0.75002
42 90 0.43031
43 90 0.14540
44 90 0.01111
45 90 -0.00684
46 90 0.00303
47 90 0.00369
48 90 0.00003
49 90 -0.00128
50 90 -0.00088
51 90 -0.00035
52 90 0.00008
53 90 0.00041
54 90 0.00049
55 90 0.00029
56 90 0.00005
57 90 -0.00006
58 90 -0.00006
59 90 -0.00003
60 90 -0.00001
61 90 -0.00000
62 90 0.00000
63 90 -0.00000
0 91 -0.00000
1 91 -0.00000
2 91 0.00000
3 91 0.00000
4 91 -0.00001
5 91 -0.00002
6 91 -0.00005
7 91 -0.00006
8 91 -0.00004
9 91 0.00011
10 91 0.00032
11 91 0.00035
12 91 0.00010
13 91 -0.00037
14 91 -0.00096
15 91 -0.00077
16 91 0.00177
17 91 0.00414
18 91 -0.00153
19 91 -0.00638
20 91 0.05117
21 91 0.24989
22 91 0.56420
23 91 0.84566
24 91 0.98339
25 91 1.00651
26 91 0.99815
27 91 0.99675
28 91 0.99953
29 91 1.00009
30 91 0.99973
31 91 0.99990
32 91 1.00006
33 91 0.99990
34 91 0.99973
35 91 1.00009
36 91 0.99953
37 91 0.99675
38 91 0.99815
39 91 1.00651
40 91 0.98339
41 91 0.84566
42 91 0.56420
43 91 0.24989
44 91 0.05117
45 91 -0.00638
46 91 -0.00153
47 91 0.00414
48 91 0.00177
49 91 -0.00077
50 91 -0.00096
51 91 -0.00037
52 91 0.00010
53 91 0.00035
54 91 0.00032
55 91 0.00011
56 91 -0.00004
57 91 -0.00006
58 91 -0.00005
59 91 -0.00002
60 91 -0.00001
61 91 0.00000
62 91 0.00000
63 91 -0.00000
0 92 -0.00000
1 92 -0.00000
2 92 0.00000
3 92 0.00000
4 92 -0.00000
5 92 -0.00001
6 92 -0.00003
7 92 -0.00005
8 92 -0.00007
9 92 0.00002
10 92 0.00022
11 92 0.00030
12 92 0.00004
13 92 -0.00053
14 92 -0.00090
15 92 0.00036
16 92 0.00325
17 92 0.00223
18 92 -0.00619
19 92 0.00740
20 92 0.11929
21 92 0.37458
22 92 0.69007
23 92 0.91676
24 92 1.00032
25 92 1.00373
26 92 0.99651
27 92 0.99755
28 92 1.00006
29 92 1.00002
30 92 0.99967
31 92 0.99992
32 92 1.00008
33 92 0.99992
34 92 0.99967
35 92 1.00002
36 92 1.00006
37 92 0.99755
38 92 0.99651
39 92 1.00373
40 92 1.00032
41 92 0.91676
42 92 0.69007
43 92 0.37458
44 92 0.11929
45 92 0.00740
46 92 -0.00619
47 92 0.00223
48 92 0.00325
49 92 0.00036
50 92 -0.00090
51 92 -0.00053
52 92 0.00004
53 92 0.00030
54 92 0.00022
55 92 0.00002
56 92 -0.00007
57 92 -0.00005
58 92 -0.00003
59 92 -0.00001
60 92 -0.00000
61 92 0.00000
62 92 0.00000
63 92 -0.00000
0 93 -0.00000
1 93 -0.00000
2 93 0.00000
3 93 0.00000
4 93 0.00000
5 93 -0.00000
6 93 -0.00002
7 93 -0.00005
8 93 -0.00008
9 93 -0.00000
10 93 0.00020
11 93 0.00023
12 93 -0.00016
13 93 -0.00072
14 93 -0.00039
15 93 0.00189
16 93 0.00339
17 93 -0.00192
18 93 -0.00588
19 93 0.04253
20 93 0.21580
21 93 0.50869
22 93 0.79825
23 93 0.96393
24 93 1.00598
25 93 1.00021
26 93 0.99604
27 93 0.99852
28 93 1.00029
29 93 0.99985
30 93 0.99960
31 93 0.99991
32 93 1.00006
33 93 0.99991
34 93 0.99960
35 93 0.99985
36 93 1.00029
37 93 0.99852
38 93 0.99604
39 93 1.00021
40 93 1.00598
41 93 0.96393
42 93 0.79825
43 93 0.50869
44 93 0.21580
45 93 0.04253
46 93 -0.00588
47 93 -0.00192
48 93 0.00339
49 93 0.00189
50 93 -0.00039
51 93 -0.00072
52 93 -0.00016
53 93 0.00023
54 93 0.00020
55 93 -0.00000
56 93 -0.00008
57 93 -0.00005
58 93 -0.00002
59 93 -0.00000
60 93 0.00000
61 93 0.00000
62 93 0.00000
63 93 -0.00000
0 94 -0.00000
1 94 -0.00000
2 94 -0.00000
3 94 0.00000
4 94 0.00001
5 94 0.00000
6 94 -0.00001
7 94 -0.00005
8 94 -0.00006
9 94 0.00003
10 94 0.00020
11 94 0.00008
12 94 -0.00043
13 94 -0.00063
14 94 0.00075
15 94 0.00304
16 94 0.00129
17 94 -0.00608
18 94 0.00691
19 94 0.10551
20 94 0.33643
21 94 0.64080
22 94 0.88343
23 94 0.99105
24 94 1.00537
25 94 0.99752
26 94 0.99651
27 94 0.99940
28 94 1.00029
29 94 0.99969
30 94 0.99957
31 94 0.99989
32 94 1.00002
33 94 0.99989
34 94 0.99957
35 94 0.99969
36 94 1.00029
37 94 0.99940
38 94 0.99651
39 94 0.99752
40 94 1.00537
41 94 0.99105
42 94 0.88343
43 94 0.64080
44 94 0.33643
45 94 0.10551
46 94 0.00691
47 94 -0.00608
48 94 0.00129
49 94 0.00304
50 94 0.00075
51 94 -0.00063
52 94 -0.00043
53 94 0.00008
54 94 0.00020
55 94 0.00003
56 94 -0.00006
57 94 -0.00005
58 94 -0.00001
59 94 0.00000
60 94 0.00001
61 94 0.00000
62 94 -0.00000
63 94 -0.00000
0 95 -0.00000
1 95 -0.00000
2 95 -0.00000
3 95 0.00000
4 95 0.00001
5 95 0.00000
6 95 -0.00002
7 95 -0.00004
8 95 -0.00002
9 95 0.00008
10 95 0.00012
11 95 -0.00018
12 95 -0.00059
13 95 0.00007
14 95 0.00220
15 95 0.00270
16 95 -0.00287
17 95 -0.00508
18 95 0.04118
19 95 0.19928
20 95 0.47256
21 95 0.76031
22 95 0.94415
23 95 1.00339
24 95 1.00227
25 95 0.99622
26 95 0.99745
27 95 0.99993
28 95 1.00012
29 95 0.99956
30 95 0.99957
31 95 0.99986
32 95 0.99996
33 95 0.99986
34 95 0.99957
35 95 0.99956
36 95 1.00012
37 95 0.99993
38 95 0.99745
39 95 0.99622
40 95 1.00227
41 95 1.00339
42 95 0.94415
43 95 0.76031
44 95 0.47256
45 95 0.19928
46 95 0.04118
47 95 -0.00508
48 95 -0.00287
49 95 0.00270
50 95 0.00220
51 95 0.00007
52 95 -0.00059
53 95 -0.00018
54 95 0.00012
55 95 0.00008
56 95 -0.00002
57 95 -0.00004
58 95 -0.00002
59 95 0.00000
60 95 0.00001
61 95 0.00000
62 95 -0.00000
63 95 -0.00000
0 96 -0.00000
1 96 -0.00000
2 96 -0.00000
3 96 0.00000
4 96 0.00001
5 96 -0.00000
6 96 -0.00002
7 96 -0.00003
8 96 0.00003
9 96 0.00009
10 96 -0.00006
11 96 -0.00045
12 96 -0.00033
13 96 0.00128
14 96 0.00286
15 96 -0.00002
16 96 -0.00649
17 96 0.00943
18 96 0.10514
19 96 0.32142
20 96 0.61212
21 96 0.85860
22 96 0.98181
23 96 1.00607
24 96 0.99893
25 96 0.99600
26 96 0.99841
27 96 1.00009
28 96 0.99989
29 96 0.99950
30 96 0.99958
31 96 0.99983
32 96 0.99991
33 96 0.99983
34 96 0.99958
35 96 0.99950
36 96 0.99989
37 96 1.00009
38 96 0.99841
39 96 0.99600
40 96 0.99893
41 96 1.00607
42 96 0.98181
43 96 0.85860
44 96 0.61212
45 96 0.32142
46 96 0.10514
47 96 0.00943
48 96 -0.00649
49 96 -0.00002
50 96 0.00286
51 96 0.00128
52 96 -0.00033
53 96 -0.00045
54 96 -0.00006
55 96 0.00009
56 96 0.00003
57 96 -0.00003
58 96 -0.00002
59 96 -0.00000
60 96 0.00001
61 96 0.00000
62 96 -0.00000
63 96 -0.00000
0 97 -0.00000
1 97 -0.00000
2 97 0.00000
3 97 0.00000
4 97 0.00000
5 97 -0.00001
6 97 -0.00002
7 97 0.00001
8 97 0.00006
9 97 0.00000
10 97 -0.00029
11 97 -0.00044
12 97 0.00055
13 97 0.00246
14 97 0.00180
15 97 -0.00421
16 97 -0.00339
17 97 0.04734
18 97 0.20222
19 97 0.46233
20 97 0.74111
21 97 0.93041
22 97 1.00044
23 97 1.00373
24 97 0.99666
25 97 0.99667
26 97 0.99923
27 97 1.00006
28 97 0.99976
29 97 0.99953
30 97 0.99959
31 97 0.99980
32 97 0.99988
33 97 0.99980
34 97 0.99959
35 97 0.99953
36 97 0.99976
37 97 1.00006
38 97 0.99923
39 97 0.99667
40 97 0.99666
41 97 1.00373
42 97 1.00044
43 97 0.93041
44 97 0.74111
45 97 0.46233
46 97 0.20222
47 97 0.04734
48 97 -0.00339
49 97 -0.00421
50 97 0.00180
51 97 0.00246
52 97 0.00055
53 97 -0.00044
54 97 -0.00029
55 97 0.00000
56 97 0.00006
57 97 0.00001
58 97 -0.00002
59 97 -0.00001
60 97 0.00000
61 97 0.00000
62 97 0.00000
63 97 -0.00000
0 98 -0.00000
1 98 -0.00000
2 98 0.00000
3 98 -0.00000
4 98 -0.00001
5 98 -0.00001
6 98 0.00000
7 98 0.00005
8 98 0.00002
9 98 -0.00019
10 98 -0.00045
11 98 0.00001
12 98 0.00170
13 98 0.00255
14 98 -0.00134
15 98 -0.00646
16 98 0.01509
17 98 0.11594
18 98 0.32782
19 98 0.60648
20 98 0.84708
21 98 0.97526
22 98 1.00592
23 98 1.00006
24 98 0.99592
25 98 0.99779
26 98 0.99972
27 98 0.99993
28 98 0.99973
29 98 0.99959
30 98 0.99960
31 98 0.99979
32 98 0.99989
33 98 0.99979
34 98 0.99960
35 98 0.99959
36 98 0.99973
37 98 0.99993
38 98 0.99972
39 98 0.99779
40 98 0.99592
41 98 1.00006
42 98 1.00592
43 98 0.97526
44 98 0.84708
45 98 0.60648
46 98 0.32782
47 98 0.11594
48 98 0.01509
49 98 -0.00646
50 98 -0.00134
51 98 0.00255
52 98 0.00170
53 98 0.00001
54 98 -0.00045
55 98 -0.00019
56 98 0.00002
57 98 0.00005
58 98 0.00000
59 98 -0.00001
60 98 -0.00001
61 98 -0.00000
62 98 0.00000
63 98 -0.00000
0 99 0.00000
1 99 0.00000
2 99 -0.00000
3 99 -0.00001
4 99 -0.00001
5 99 0.00000
6 99 0.00004
7 99 0.00005
8 99 -0.00010
9 99 -0.00038
10 99 -0.00028
11 99 0.00095
12 99 0.00249
13 99 0.00088
14 99 -0.00509
15 99 -0.00047
16 99 0.05752
17 99 0.21593
18 99 0.46938
19 99 0.73743
20 99 0.92344
21 99 0.99763
22 99 1.00442
23 99 0.99733
24 99 0.99647
25 99 0.99887
26 99 0.99988
27 99 0.99983
28 99 0.99978
29 99 0.99965
30 99 0.99959
31 99 0.99980
32 99 0.99993
33 99 0.99980
34 99 0.99959
35 99 0.99965
36 99 0.99978
37 99 0.99983
38 99 0.99988
39 99 0.99887
40 99 0.99647
41 99 0.99733
42 99 1.00442
43 99 0.99763
44 99 0.92343
45 99 0.73743
46 99 0.46938
47 99 0.21593
48 99 0.05752
49 99 -0.00047
50 99 -0.00509
51 99 0.00088
52 99 0.00249
53 99 0.00095
54 99 -0.00028
55 99 -0.00038
56 99 -0.00010
57 99 0.00005
58 99 0.00004
59 99 0.00000
60 99 -0.00001
61 99 -0.00001
62 99 -0.00000
63 99 0.00000
0 100 0.00001
1 100 0.00000
2 100 -0.00001
3 100 -0.00001
4 100 -0.00000
5 100 0.00003
6 100 0.00006
7 100 -0.00003
8 100 -0.00028
9 100 -0.00039
10 100 0.00040
11 100 0.00205
12 100 0.00220
13 100 -0.00227
14 100 -0.00569
15 100 0.02151
16 100 0.12869
17 100 0.34053
18 100 0.61094
19 100 0.84342
20 100 0.97086
21 100 1.00496
22 100 1.00093
23 100 0.99635
24 100 0.99764
25 100 0.99955
26 100 0.99984
27 100 0.99980
28 100 0.99986
29 100 0.99968
30 100 0.99958
31 100 0.99981
32 100 0.99996
33 100 0.99981
34 100 0.99958
35 100 0.99968
36 100 0.99986
37 100 0.99980
38 100 0.99984
39 100 0.99955
40 100 0.99764
41 100 0.99635
42 100 1.00093
43 100 1.00496
44 100 0.97086
45 100 0.84342
46 100 0.61094
47 100 0.34053
48 100 0.12869
49 100 0.02151
50 100 -0.00569
51 100 -0.00227
52 100 0.00220
53 100 0.00205
54 100 0.00040
55 100 -0.00039
56 100 -0.00028
57 100 -0.00003
58 100 0.00006
59 100 0.00003
60 100 -0.00000
61 100 -0.00001
62 100 -0.00001
63 100 0.00000
0 101 0.00000
1 101 -0.00000
2 101 -0.00001
3 101 -0.00001
4 101 0.00002
5 101 0.00005
6 101 0.00000
7 101 -0.00021
8 101 -0.00042
9 101 -0.00006
10 101 0.00139
11 101 0.00252
12 101 0.00017
13 101 -0.00548
14 101 0.00249
15 101 0.06636
16 101 0.22832
17 101 0.47858
18 101 0.73892
19 101 0.92018
20 101 0.99534
21 101 1.00461
22 101 0.99826
23 101 0.99681
24 101 0.99878
25 101 0.99980
26 101 0.99975
27 101 0.99983
28 101 0.99990
29 101 0.99966
30 101 0.99958
31 101 0.99982
32 101 0.99997
33 101 0.99982
34 101 0.99958
35 101 0.99966
36 101 0.99990
37 101 0.99983
38 101 0.99975
39 101 0.99980
40 101 0.99878
41 101 0.99681
42 101 0.99826
43 101 1.00461
44 101 0.99534
45 101 0.92018
46 101 0.73892
47 101 0.47858
48 101 0.22832
49 101 0.06636
50 101 0.00249
51 101 -0.00548
52 101 0.00017
53 101 0.00252
54 101 0.00139
55 101 -0.00006
56 101 -0.00042
57 101 -0.00021
58 101 0.00000
59 101 0.00005
60 101 0.00002
61 101 -0.00001
62 101 -0.00001
63 101 -0.00000
0 102 -0.00001
1 102 -0.00001
2 102 -0.00001
3 102 0.00002
4 102 0.00006
5 102 0.00004
6 102 -0.00013
7 102 -0.00038
8 102 -0.00026
9 102 0.00082
10 102 0.00237
11 102 0.00174
12 102 -0.00319
13 102 -0.00491
14 102 0.02708
15 102 0.13954
16 102 0.35243
17 102 0.61830
18 102 0.84460
19 102 0.96944
20 102 1.00455
21 102 1.00176
22 102 0.99714
23 102 0.99781
24 102 0.99950
25 102 0.99981
26 102 0.99972
27 102 0.99988
28 102 0.99989
29 102 0.99965
30 102 0.99959
31 102 0.99982
32 102 0.99995
33 102 0.99982
34 102 0.99959
35 102 0.99965
36 102 0.99989
37 102 0.99988
38 102 0.99972
39 102 0.99981
40 102 0.99950
41 102 0.99781
42 102 0.99714
43 102 1.00176
44 102 1.00455
45 102 0.96944
46 102 0.84460
47 102 0.61830
48 102 0.35243
49 102 0.13954
50 102 0.02708
51 102 -0.00491
52 102 -0.00319
53 102 0.00174
54 102 0.00237
55 102 0.00082
56 102 -0.00026
57 102 -0.00038
58 102 -0.00013
59 102 0.00004
60 102 0.00006
61 102 0.00002
62 102 -0.00001
63 102 -0.00001
0 103 -0.00002
1 103 -0.00002
2 103 0.00001
3 103 0.00006
4 103 0.00006
5 103 -0.00007
6 103 -0.00031
7 103 -0.00037
8 103 0.00040
9 103 0.00195
10 103 0.00237
11 103 -0.00096
12 103 -0.00609
13 103 0.00592
14 103 0.07672
15 103 0.24392
16 103 0.49360
17 103 0.74827
18 103 0.92344
19 103 0.99594
20 103 1.00520
21 103 0.99902
22 103 0.99712
23 103 0.99868
24 103 0.99975
25 103 0.99972
26 103 0.99972
27 103 0.99990
28 103 0.99987
29 103 0.99963
30 103 0.99961
31 103 0.99981
32 103 0.99993
33 103 0.99981
34 103 0.99961
35 103 0.99963
36 103 0.99987
37 103 0.99990
38 103 0.99972
39 103 0.99972
40 103 0.99975
41 103 0.99868
42 103 0.99712
43 103 0.99902
44 103 1.00520
45 103 0.99594
46 103 0.92344
47 103 0.74827
48 103 0.49360
49 103 0.24392
50 103 0.07672
51 103 0.00592
52 103 -0.00609
53 103 -0.00096
54 103 0.00237
55 103 0.00195
56 103 0.00040
57 103 -0.00037
58 103 -0.00031
59 103 -0.00007
60 103 0.00006
61 103 0.00006
62 103 0.00001
63 103 -0.00002
0 104 -0.00002
1 104 -0.00000
2 104 0.00004
3 104 0.00007
4 104 -0.00003
5 104 -0.00027
6 104 -0.00042
7 104 0.00004
8 104 0.00148
9 104 0.00259
10 104 0.00058
11 104 -0.00490
12 104 -0.00345
13 104 0.03706
14 104 0.15994
15 104 0.37803
16 104 0.64039
17 104 0.85766
18 104 0.97443
19 104 1.00593
20 104 1.00235
21 104 0.99742
22 104 0.99770
23 104 0.99933
24 104 0.99982
25 104 0.99968
26 104 0.99975
27 104 0.99991
28 104 0.99984
29 104 0.99964
30 104 0.99962
31 104 0.99981
32 104 0.99991
33 104 0.99981
34 104 0.99962
35 104 0.99964
36 104 0.99984
37 104 0.99991
38 104 0.99975
39 104 0.99968
40 104 0.99982
41 104 0.99933
42 104 0.99770
43 104 0.99742
44 104 1.00235
45 104 1.00593
46 104 0.97443
47 104 0.85766
48 104 0.64039
49 104 0.37803
50 104 0.15994
51 104 0.03706
52 104 -0.00345
53 104 -0.00490
54 104 0.00058
55 104 0.00259
56 104 0.00148
57 104 0.00004
58 104 -0.00042
59 104 -0.00027
60 104 -0.00003
61 104 0.00007
62 104 0.00004
63 104 -0.00000
0 105 0.00003
1 105 0.00004
2 105 0.00004
3 105 -0.00003
4 105 -0.00024
5 105 -0.00042
6 105 -0.00010
7 105 0.00110
8 105 0.00255
9 105 0.00178
10 105 -0.00315
11 105 -0.00664
12 105 0.01447
13 105 0.10078
14 105 0.28140
15 105 0.53296
16 105 0.77724
17 105 0.93784
18 105 1.00029
19 105 1.00597
20 105 0.99907
21 105 0.99693
22 105 0.99845
23 105 0.99970
24 105 0.99981
25 105 0.99967
26 105 0.99977
27 105 0.99990
28 105 0.99983
29 105 0.99965
30 105 0.99964
31 105 0.99980
32 105 0.99989
33 105 0.99980
34 105 0.99964
35 105 0.99965
36 105 0.99983
37 105 0.99990
38 105 0.99977
39 105 0.99967
40 105 0.99981
41 105 0.99970
42 105 0.99845
43 105 0.99693
44 105 0.99907
45 105 1.00597
46 105 1.00029
47 105 0.93784
48 105 0.77724
49 105 0.53296
50 105 0.28140
51 105 0.10078
52 105 0.01447
53 105 -0.00664
54 105 -0.00315
55 105 0.00178
56 105 0.00255
57 105 0.00110
58 105 -0.00010
59 105 -0.00042
60 105 -0.00024
61 105 -0.00003
62 105 0.00004
63 105 0.00004
0 106 0.00011
1 106 0.00008
2 106 -0.00005
3 106 -0.00024
4 106 -0.00041
5 106 -0.00016
6 106 0.00093
7 106 0.00235
8 106 0.00223
9 106 -0.00170
10 106 -0.00727
11 106 0.00216
12 106 0.06176
13 106 0.20714
14 106 0.43669
15 106 0.69122
16 106 0.88811
17 106 0.98581
18 106 1.00778
19 106 1.00212
20 106 0.99705
21 106 0.99735
22 106 0.99919
23 106 0.99990
24 106 0.99977
25 106 0.99967
26 106 0.99978
27 106 0.99989
28 106 0.99982
29 106 0.99967
30 106 0.99965
31 106 0.99979
32 106 0.99987
33 106 0.99979
34 106 0.99965
35 106 0.99966
36 106 0.99982
37 106 0.99989
38 106 0.99978
39 106 0.99966
40 106 0.99977
41 106 0.99990
42 106 0.99919
43 106 0.99735
44 106 0.99705
45 106 1.00212
46 106 1.00778
47 106 0.98581
48 106 0.88811
49 106 0.69122
50 106 0.43669
51 106 0.20714
52 106 0.06176
53 106 0.00216
54 106 -0.00727
55 106 -0.00170
56 106 0.00223
57 106 0.00235
58 106 0.00093
59 106 -0.00016
60 106 -0.00041
61 106 -0.00024
62 106 -0.00005
63 106 0.00008
0 107 0.00009
1 107 -0.00001
2 107 -0.00024
3 107 -0.00040
4 107 -0.00015
5 107 0.00086
6 107 0.00229
7 107 0.00240
8 107 -0.00081
9 107 -0.00671
10 107 -0.00396
11 107 0.03716
12 107 0.15362
13 107 0.35765
14 107 0.60930
15 107 0.83067
16 107 0.96250
17 107 1.00611
18 107 1.00549
19 107 0.99840
20 107 0.99658
21 107 0.99827
22 107 0.99975
23 107 0.99994
24 107 0.99973
25 107 0.99967
26 107 0.99980
27 107 0.99987
28 107 0.99981
29 107 0.99968
30 107 0.99967
31 107 0.99979
32 107 0.99985
33 107 0.99979
34 107 0.99967
35 107 0.99968
36 107 0.99981
37 107 0.99987
38 107 0.99980
39 107 0.99967
40 107 0.99973
41 107 0.99994
42 107 0.99975
43 107 0.99827
44 107 0.99658
45 107 0.99840
46 107 1.00549
47 107 1.00611
48 107 0.96250
49 107 0.83067
50 107 0.60930
51 107 0.35765
52 107 0.15362
53 107 0.03716
54 107 -0.00396
55 107 -0.00671
56 107 -0.00081
57 107 0.00240
58 107 0.00229
59 107 0.00086
60 107 -0.00015
61 107 -0.00040
62 107 -0.00024
63 107 -0.00001
0 108 -0.00016
1 108 -0.00025
2 108 -0.00036
3 108 -0.00005
4 108 0.00094
5 108 0.00226
6 108 0.00248
7 108 -0.00039
8 108 -0.00611
9 108 -0.00647
10 108 0.02272
11 108 0.11718
12 108 0.29731
13 108 0.53855
14 108 0.77275
15 108 0.93246
16 108 0.99994
17 108 1.00839
18 108 1.00044
19 108 0.99640
20 108 0.99727
21 108 0.99922
22 108 1.00001
23 108 0.99989
24 108 0.99969
25 108 0.99969
26 108 0.99981
27 108 0.99986
28 108 0.99980
29 108 0.99969
30 108 0.99968
31 108 0.99978
32 108 0.99983
33 108 0.99978
34 108 0.99968
35 108 0.99969
36 108 0.99980
37 108 0.99986
38 108 0.99981
39 108 0.99969
40 108 0.99969
41 108 0.99989
42 108 1.00001
43 108 0.99922
44 108 0.99727
45 108 0.99640
46 108 1.00044
47 108 1.00839
48 108 0.99994
49 108 0.93246
50 108 0.77275
51 108 0.53855
52 108 0.29731
53 108 0.11718
54 108 0.02272
55 108 -0.00647
56 108 -0.00611
57 108 -0.00039
58 108 0.00248
59 108 0.00226
60 108 0.00094
61 108 -0.00005
62 108 -0.00036
63 108 -0.00025
0 109 -0.00049
1 109 -0.00041
2 109 -0.00000
3 109 0.00108
4 109 0.00236
5 109 0.00242
6 109 -0.00032
7 109 -0.00581
8 109 -0.00740
9 109 0.01524
10 109 0.09460
11 109 0.25486
12 109 0.48281
13 109 0.72085
14 109 0.90025
15 109 0.98958
16 109 1.00985
17 109 1.00327
18 109 0.99689
19 109 0.99648
20 109 0.99857
21 109 0.99990
22 109 1.00005
23 109 0.99982
24 109 0.99969
25 109 0.99971
26 109 0.99981
27 109 0.99985
28 109 0.99978
29 109 0.99969
30 109 0.99970
31 109 0.99978
32 109 0.99982
33 109 0.99978
34 109 0.99970
35 109 0.99969
36 109 0.99978
37 109 0.99985
38 109 0.99981
39 109 0.99971
40 109 0.99969
41 109 0.99982
42 109 1.00005
43 109 0.99990
44 109 0.99857
45 109 0.99648
46 109 0.99689
47 109 1.00327
48 109 1.00985
49 109 0.98958
50 109 0.90025
51 109 0.72085
52 109 0.48281
53 109 0.25486
54 109 0.09460
55 109 0.01524
56 109 -0.00740
57 109 -0.00581
58 109 -0.00032
59 109 0.00242
60 109 0.00236
61 109 0.00108
62 109 -0.00000
63 109 -0.00041
0 110 -0.00027
1 110 0.00004
2 110 0.00095
3 110 0.00215
4 110 0.00216
5 110 -0.00064
6 110 -0.00573
7 110 -0.00709
8 110 0.01295
9 110 0.08354
10 110 0.22918
11 110 0.44386
12 110 0.67961
13 110 0.87056
14 110 0.97723
15 110 1.00943
16 110 1.00600
17 110 0.99811
18 110 0.99597
19 110 0.99776
20 110 0.99960
21 110 1.00009
22 110 0.99993
23 110 0.99976
24 110 0.99970
25 110 0.99973
26 110 0.99981
27 110 0.99983
28 110 0.99977
29 110 0.99970
30 110 0.99971
31 110 0.99977
32 110 0.99980
33 110 0.99977
34 110 0.99971
35 110 0.99970
36 110 0.99977
37 110 0.99983
38 110 0.99981
39 110 0.99973
40 110 0.99970
41 110 0.99976
42 110 0.99993
43 110 1.00009
44 110 0.99960
45 110 0.99776
46 110 0.99597
47 110 0.99811
48 110 1.00600
49 110 1.00943
50 110 0.97723
51 110 0.87056
52 110 0.67961
53 110 0.44386
54 110 0.22918
55 110 0.08354
56 110 0.01295
57 110 -0.00709
58 110 -0.00573
59 110 -0.00064
60 110 0.00216
61 110 0.00215
62 110 0.00095
63 110 0.00004
0 111 0.00161
1 111 0.00176
2 111 0.00190
3 111 0.00124
4 111 -0.00167
5 111 -0.00628
6 111 -0.00606
7 111 0.01502
8 111 0.08265
9 111 0.21941
10 111 0.42270
11 111 0.65228
12 111 0.84736
13 111 0.96552
14 111 1.00787
15 111 1.00811
16 111 0.99944
17 111 0.99575
18 111 0.99702
19 111 0.99918
20 111 1.00008
21 111 1.00002
22 111 0.99984
23 111 0.99976
24 111 0.99972
25 111 0.99974
26 111 0.99981
27 111 0.99981
28 111 0.99976
29 111 0.99971
30 111 0.99972
31 111 0.99977
32 111 0.99979
33 111 0.99977
34 111 0.99972
35 111 0.99971
36 111 0.99976
37 111 0.99981
38 111 0.99981
39 111 0.99974
40 111 0.99972
41 111 0.99976
42 111 0.99984
43 111 1.00002
44 111 1.00008
45 111 0.99918
46 111 0.99702
47 111 0.99575
48 111 0.99944
49 111 1.00811
50 111 1.00787
51 111 0.96552
52 111 0.84736
53 111 0.65228
54 111 0.42270
55 111 0.21941
56 111 0.08265
57 111 0.01502
58 111 -0.00606
59 111 -0.00628
60 111 -0.00167
61 111 0.00124
62 111 0.00190
63 111 0.00176
0 112 0.00291
1 112 0.00225
2 112 0.00010
3 112 -0.00353
4 112 -0.00720
5 112 -0.00396
6 112 0.02177
7 112 0.09219
8 112 0.22609
9 112 0.42089
10 112 0.64178
11 112 0.83428
12 112 0.95692
13 112 1.00603
14 112 1.00969
15 112 1.00068
16 112 0.99574
17 112 0.99642
18 112 0.99884
19 112 1.00006
20 112 1.00010
21 112 0.99988
22 112 0.99980
23 112 0.99977
24 112 0.99972
25 112 0.99973
26 112 0.99980
27 112 0.99980
28 112 0.99975
29 112 0.99972
30 112 0.99974
31 112 0.99977
32 112 0.99978
33 112 0.99977
34 112 0.99974
35 112 0.99972
36 112 0.99975
37 112 0.99980
38 112 0.99980
39 112 0.99973
40 112 0.99972
41 112 0.99977
42 112 0.99980
43 112 0.99988
44 112 1.00010
45 112 1.00006
46 112 0.99884
47 112 0.99642
48 112 0.99574
49 112 1.00068
50 112 1.00969
51 112 1.00603
52 112 0.95692
53 112 0.83428
54 112 0.64178
55 112 0.42089
56 112 0.22610
57 112 0.09219
58 112 0.02177
59 112 -0.00396
60 112 -0.00720
61 112 -0.00353
62 112 0.00010
63 112 0.00225
0 113 -0.00148
1 113 -0.00259
2 113 -0.00502
3 113 -0.00527
4 113 0.00466
5 113 0.03952
6 113 0.11826
7 113 0.25450
8 113 0.44308
9 113 0.65235
10 113 0.83511
11 113 0.95446
12 113 1.00504
13 113 1.01072
14 113 1.00182
15 113 0.99591
16 113 0.99600
17 113 0.99849
18 113 1.00004
19 113 1.00017
20 113 0.99988
21 113 0.99976
22 113 0.99978
23 113 0.99976
24 113 0.99971
25 113 0.99973
26 113 0.99980
27 113 0.99979
28 113 0.99974
29 113 0.99973
30 113 0.99976
31 113 0.99977
32 113 0.99977
33 113 0.99977
34 113 0.99976
35 113 0.99973
36 113 0.99974
37 113 0.99979
38 113 0.99980
39 113 0.99973
40 113 0.99971
41 113 0.99976
42 113 0.99978
43 113 0.99976
44 113 0.99988
45 113 1.00017
46 113 1.00004
47 113 0.99849
48 113 0.99600
49 113 0.99591
50 113 1.00182
51 113 1.01072
52 113 1.00504
53 113 0.95446
54 113 0.83511
55 113 0.65235
56 113 0.44308
57 113 0.25450
58 113 0.11826
59 113 0.03952
60 113 0.00466
61 113 -0.00527
62 113 -0.00502
63 113 -0.00259
0 114 0.00763
1 114 0.00961
2 114 0.01805
3 114 0.04066
4 114 0.09001
5 114 0.18048
6 114 0.31998
7 114 0.49984
8 114 0.69103
9 114 0.85426
10 114 0.96062
11 114 1.00632
12 114 1.01127
13 114 1.00238
14 114 0.99613
15 114 0.99580
16 114 0.99821
17 114 0.99998
18 114 1.00026
19 114 0.99991
20 114 0.99972
21 114 0.99975
22 114 0.99979
23 114 0.99976
24 114 0.99971
25 114 0.99974
26 114 0.99980
27 114 0.99978
28 114 0.99974
29 114 0.99975
30 114 0.99978
31 114 0.99977
32 114 0.99976
33 114 0.99977
34 114 0.99978
35 114 0.99975
36 114 0.99974
37 114 0.99978
38 114 0.99980
39 114 0.99974
40 114 0.99971
41 114 0.99976
42 114 0.99979
43 114 0.99975
44 114 0.99972
45 114 0.99991
46 114 1.00026
47 114 0.99998
48 114 0.99821
49 114 0.99580
50 114 0.99613
51 114 1.00238
52 114 1.01127
53 114 1.00632
54 114 0.96062
55 114 0.85426
56 114 0.69103
57 114 0.49984
58 114 0.31998
59 114 0.18048
60 114 0.09001
61 114 0.04066
62 114 0.01805
63 114 0.00961
0 115 0.12580
1 115 0.13527
2 115 0.16601
3 115 0.22446
4 115 0.31808
5 115 0.44886
6 115 0.60596
7 115 0.76456
8 115 0.89474
9 115 0.97646
10 115 1.00980
11 115 1.01128
12 115 1.00194
13 115 0.99576
14 115 0.99552
15 115 0.99801
16 115 0.99991
17 115 1.00032
18 115 0.99998
19 115 0.99971
20 115 0.99970
21 115 0.99977
22 115 0.99979
23 115 0.99974
24 115 0.99971
25 115 0.99975
26 115 0.99980
27 115 0.99978
28 115 0.99975
29 115 0.99977
30 115 0.99979
31 115 0.99978
32 115 0.99976
33 115 0.99978
34 115 0.99979
35 115 0.99977
36 115 0.99975
37 115 0.99978
38 115 0.99980
39 115 0.99975
40 115 0.99971
41 115 0.99974
42 115 0.99979
43 115 0.99977
44 115 0.99970
45 115 0.99971
46 115 0.99998
47 115 1.00032
48 115 0.99991
49 115 0.99801
50 115 0.99552
51 115 0.99576
52 115 1.00194
53 115 1.01128
54 115 1.00980
55 115 0.97646
56 115 0.89474
57 115 0.76456
58 115 0.60596
59 115 0.44886
60 115 0.31808
61 115 0.22446
62 115 0.16601
63 115 0.13527
0 116 0.43311
1 116 0.44682
2 116 0.48817
3 116 0.55727
4 116 0.65126
5 116 0.76015
6 116 0.86594
7 116 0.94906
8 116 0.99765
9 116 1.01349
10 116 1.00974
11 116 1.00052
12 116 0.99493
13 116 0.99511
14 116 0.99785
15 116 0.99986
16 116 1.00032
17 116 1.00000
18 116 0.99969
19 116 0.99964
20 116 0.99971
21 116 0.99976
22 116 0.99977
23 116 0.99973
24 116 0.99972
25 116 0.99977
26 116 0.99981
27 116 0.99979
28 116 0.99976
29 116 0.99979
30 116 0.99981
31 116 0.99979
32 116 0.99977
33 116 0.99979
34 116 0.99981
35 116 0.99979
36 116 0.99976
37 116 0.99979
38 116 0.99981
39 116 0.99977
40 116 0.99972
41 116 0.99973
42 116 0.99977
43 116 0.99976
44 116 0.99971
45 116 0.99964
46 116 0.99969
47 116 1.00000
48 116 1.00032
49 116 0.99986
50 116 0.99785
51 116 0.99511
52 116 0.99493
53 116 1.00052
54 116 1.00974
55 116 1.01349
56 116 0.99765
57 116 0.94906
58 116 0.86594
59 116 0.76015
60 116 0.65126
61 116 0.55727
62 116 0.48817
63 116 0.44682
0 117 0.78448
1 117 0.79383
2 117 0.82078
3 117 0.86196
4 117 0.91094
5 117 0.95805
6 117 0.99307
7 117 1.01047
8 117 1.01176
9 117 1.00450
10 117 0.99723
11 117 0.99385
12 117 0.99479
13 117 0.99774
14 117 0.99978
15 117 1.00024
16 117 0.99993
17 117 0.99964
18 117 0.99958
19 117 0.99965
20 117 0.99972
21 117 0.99975
22 117 0.99976
23 117 0.99975
24 117 0.99974
25 117 0.99979
26 117 0.99982
27 117 0.99980
28 117 0.99978
29 117 0.99980
30 117 0.99983
31 117 0.99980
32 117 0.99978
33 117 0.99980
34 117 0.99983
35 117 0.99980
36 117 0.99978
37 117 0.99980
38 117 0.99982
39 117 0.99979
40 117 0.99974
41 117 0.99975
42 117 0.99976
43 117 0.99975
44 117 0.99972
45 117 0.99965
46 117 0.99958
47 117 0.99964
48 117 0.99993
49 117 1.00024
50 117 0.99978
51 117 0.99774
52 117 0.99479
53 117 0.99385
54 117 0.99723
55 117 1.00450
56 117 1.01176
57 117 1.01047
58 117 0.99307
59 117 0.95805
60 117 0.91094
61 117 0.86196
62 117 0.82078
63 117 0.79383
0 118 0.96910
1 118 0.97189
2 118 0.97954
3 118 0.98995
4 118 1.00006
5 118 1.00651
6 118 1.00722
7 118 1.00316
8 118 0.99728
9 118 0.99319
10 118 0.99274
11 118 0.99483
12 118 0.99762
13 118 0.99939
14 118 0.99974
15 118 0.99951
16 118 0.99938
17 118 0.99946
18 118 0.99959
19 118 0.99969
20 118 0.99973
21 118 0.99975
22 118 0.99977
23 118 0.99977
24 118 0.99977
25 118 0.99981
26 118 0.99984
27 118 0.99981
28 118 0.99979
29 118 0.99982
30 118 0.99985
31 118 0.99982
32 118 0.99980
33 118 0.99982
34 118 0.99985
35 118 0.99982
36 118 0.99979
37 118 0.99981
38 118 0.99984
39 118 0.99981
40 118 0.99977
41 118 0.99977
42 118 0.99977
43 118 0.99975
44 118 0.99973
45 118 0.99969
46 118 0.99959
47 118 0.99946
48 118 0.99938
49 118 0.99951
50 118 0.99974
51 118 0.99939
52 118 0.99762
53 118 0.99483
54 118 0.99274
55 118 0.99319
56 118 0.99728
57 118 1.00316
58 118 1.00722
59 118 1.00651
60 118 1.00006
61 118 0.98995
62 118 0.97954
63 118 0.97189
0 119 1.00087
1 119 1.00092
2 119 1.00095
3 119 1.00072
4 119 0.99985
5 119 0.99804
6 119 0.99556
7 119 0.99360
8 119 0.99290
9 119 0.99390
10 119 0.99605
11 119 0.99784
12 119 0.99862
13 119 0.99848
14 119 0.99823
15 119 0.99844
16 119 0.99895
17 119 0.99939
18 119 0.99960
19 119 0.99969
20 119 0.99974
21 119 0.99977
22 119 0.99979
23 119 0.99979
24 119 0.99979
25 119 0.99983
26 119 0.99985
27 119 0.99983
28 119 0.99981
29 119 0.99984
30 119 0.99986
31 119 0.99984
32 119 0.99982
33 119 0.99984
34 119 0.99986
35 119 0.99984
36 119 0.99981
37 119 0.99983
38 119 0.99985
39 119 0.99983
40 119 0.99979
41 119 0.99979
42 119 0.99979
43 119 0.99977
44 119 0.99974
45 119 0.99969
46 119 0.99960
47 119 0.99939
48 119 0.99895
49 119 0.99844
50 119 0.99823
51 119 0.99848
52 119 0.99862
53 119 0.99784
54 119 0.99605
55 119 0.99390
56 119 0.99290
57 119 0.99360
58 119 0.99556
59 119 0.99804
60 119 0.99985
61 119 1.00072
62 119 1.00095
63 119 1.00092
0 120 0.99551
1 120 0.99539
2 120 0.99513
3 120 0.99492
4 120 0.99481
5 120 0.99476
6 120 0.99497
7 120 0.99579
8 120 0.99698
9 120 0.99814
10 120 0.99866
11 120 0.99820
12 120 0.99727
13 120 0.99656
14 120 0.99669
15 120 0.99758
16 120 0.99856
17 120 0.99922
18 120 0.99952
19 120 0.99966
20 120 0.99975
21 120 0.99980
22 120 0.99982
23 120 0.99981
24 120 0.99981
25 120 0.99984
26 120 0.99987
27 120 0.99985
28 120 0.99983
29 120 0.99986
30 120 0.99988
31 120 0.99986
32 120 0.99984
33 120 0.99986
34 120 0.99988
35 120 0.99986
36 120 0.99983
37 120 0.99985
38 120 0.99987
39 120 0.99984
40 120 0.99981
41 120 0.99981
42 120 0.99982
43 120 0.99980
44 120 0.99975
45 120 0.99966
46 120 0.99952
47 120 0.99922
48 120 0.99856
49 120 0.99758
50 120 0.99669
51 120 0.99656
52 120 0.99727
53 120 0.99820
54 120 0.99866
55 120 0.99814
56 120 0.99698
57 120 0.99579
58 120 0.99497
59 120 0.99476
60 120 0.99481
61 120 0.99492
62 120 0.99513
63 120 0.99539
0 121 0.99477
1 121 0.99489
2 121 0.99524
3 121 0.99579
4 121 0.99650
5 121 0.99732
6 121 0.99824
7 121 0.99910
8 121 0.99954
9 121 0.99942
10 121 0.99873
11 121 0.99767
12 121 0.99672
13 121 0.99618
14 121 0.99637
15 121 0.99717
16 121 0.99811
17 121 0.99886
18 121 0.99933
19 121 0.99960
20 121 0.99975
21 121 0.99982
22 121 0.99984
23 121 0.99982
24 121 0.99983
25 121 0.99986
26 121 0.99989
27 121 0.99987
28 121 0.99986
29 121 0.99988
30 121 0.99990
31 121 0.99988
32 121 0.99987
33 121 0.99988
34 121 0.99990
35 121 0.99988
36 121 0.99986
37 121 0.99987
38 121 0.99989
39 121 0.99986
40 121 0.99983
41 121 0.99982
42 121 0.99984
43 121 0.99982
44 121 0.99975
45 121 0.99960
46 121 0.99933
47 121 0.99886
48 121 0.99811
49 121 0.99717
50 121 0.99637
51 121 0.99618
52 121 0.99672
53 121 0.99767
54 121 0.99873
55 121 0.99942
56 121 0.99954
57 121 0.99910
58 121 0.99824
59 121 0.99732
60 121 0.99650
61 121 0.99579
62 121 0.99524
63 121 0.99489
0 122 0.99268
1 122 0.99296
2 122 0.99364
3 122 0.99450
4 122 0.99549
5 122 0.99659
6 122 0.99774
7 122 0.99867
8 122 0.99916
9 122 0.99922
10 122 0.99893
11 122 0.99844
12 122 0.99791
13 122 0.99735
14 122 0.99696
15 122 0.99698
16 122 0.99751
17 122 0.99834
18 122 0.99904
19 122 0.99949
20 122 0.99974
21 122 0.99983
22 122 0.99986
23 122 0.99985
24 122 0.99985
25 122 0.99988
26 122 0.99991
27 122 0.99989
28 122 0.99988
29 122 0.99991
30 122 0.99992
31 122 0.99990
32 122 0.99989
33 122 0.99990
34 122 0.99992
35 122 0.99991
36 122 0.99988
37 122 0.99989
38 122 0.99991
39 122 0.99988
40 122 0.99985
41 122 0.99985
42 122 0.99986
43 122 0.99983
44 122 0.99974
45 122 0.99949
46 122 0.99904
47 122 0.99834
48 122 0.99751
49 122 0.99698
50 122 0.99696
51 122 0.99735
52 122 0.99791
53 122 0.99844
54 122 0.99893
55 122 0.99922
56 122 0.99916
57 122 0.99867
58 122 0.99774
59 122 0.99659
60 122 0.99549
61 122 0.99450
62 122 0.99364
63 122 0.99296
0 123 0.98478
1 123 0.98526
2 123 0.98646
3 123 0.98805
4 123 0.98993
5 123 0.99203
6 123 0.99423
7 123 0.99624
8 123 0.99783
9 123 0.99887
10 123 0.99935
11 123 0.99939
12 123 0.99905
13 123 0.99835
14 123 0.99750
15 123 0.99686
16 123 0.99697
17 123 0.99781
18 123 0.99871
19 123 0.99934
20 123 0.99969
21 123 0.99983
22 123 0.99987
23 123 0.99987
24 123 0.99987
25 123 0.99990
26 123 0.99993
27 123 0.99992
28 123 0.99991
29 123 0.99993
30 123 0.99994
31 123 0.99993
32 123 0.99992
33 123 0.99993
34 123 0.99994
35 123 0.99993
36 123 0.99991
37 123 0.99992
38 123 0.99993
39 123 0.99990
40 123 0.99987
41 123 0.99987
42 123 0.99987
43 123 0.99983
44 123 0.99969
45 123 0.99934
46 123 0.99871
47 123 0.99781
48 123 0.99697
49 123 0.99686
50 123 0.99750
51 123 0.99835
52 123 0.99905
53 123 0.99939
54 123 0.99935
55 123 0.99887
56 123 0.99783
57 123 0.99624
58 123 0.99423
59 123 0.99203
60 123 0.98993
61 123 0.98805
62 123 0.98646
63 123 0.98526
0 124 0.97772
1 124 0.97842
2 124 0.98017
3 124 0.98247
4 124 0.98512
5 124 0.98804
6 124 0.99109
7 124 0.99403
8 124 0.99649
9 124 0.99825
10 124 0.99923
11 124 0.99959
12 124 0.99946
13 124 0.99886
14 124 0.99796
15 124 0.99704
16 124 0.99675
17 124 0.99740
18 124 0.99838
19 124 0.99915
20 124 0.99961
21 124 0.99982
22 124 0.99990
23 124 0.99990
24 124 0.99990
25 124 0.99992
26 124 0.99995
27 124 0.99994
28 124 0.99993
29 124 0.99995
30 124 0.99996
31 124 0.99995
32 124 0.99994
33 124 0.99995
34 124 0.99996
35 124 0.99995
36 124 0.99993
37 124 0.99994
38 124 0.99995
39 124 0.99992
40 124 0.99990
41 124 0.99990
42 124 0.99990
43 124 0.99982
44 124 0.99961
45 124 0.99915
46 124 0.99838
47 124 0.99740
48 124 0.99675
49 124 0.99704
50 124 0.99796
51 124 0.99886
52 124 0.99946
53 124 0.99959
54 124 0.99923
55 124 0.99825
56 124 0.99649
57 124 0.99403
58 124 0.99109
59 124 0.98804
60 124 0.98512
61 124 0.98247
62 124 0.98017
63 124 0.97842
0 125 0.97950
1 125 0.98012
2 125 0.98160
3 125 0.98345
4 125 0.98559
5 125 0.98806
6 125 0.99081
7 125 0.99356
8 125 0.99597
9 125 0.99779
10 125 0.99891
11 125 0.99946
12 125 0.99955
13 125 0.99917
14 125 0.99840
15 125 0.99742
16 125 0.99678
17 125 0.99710
18 125 0.99805
19 125 0.99893
20 125 0.99951
21 125 0.99981
22 125 0.99992
23 125 0.99993
24 125 0.99993
25 125 0.99995
26 125 0.99997
27 125 0.99997
28 125 0.99996
29 125 0.99998
30 125 0.99999
31 125 0.99997
32 125 0.99997
33 125 0.99997
34 125 0.99999
35 125 0.99998
36 125 0.99996
37 125 0.99997
38 125 0.99997
39 125 0.99995
40 125 0.99993
41 125 0.99993
42 125 0.99992
43 125 0.99981
44 125 0.99951
45 125 0.99893
46 125 0.99805
47 125 0.99710
48 125 0.99678
49 125 0.99742
50 125 0.99840
51 125 0.99917
52 125 0.99955
53 125 0.99946
54 125 0.99891
55 125 0.99779
56 125 0.99597
57 125 0.99356
58 125 0.99081
59 125 0.98806
60 125 0.98559
61 125 0.98345
62 125 0.98160
63 125 0.98012
0 126 0.98466
1 126 0.98508
2 126 0.98601
3 126 0.98709
4 126 0.98841
5 126 0.99009
6 126 0.99209
7 126 0.99420
8 126 0.99613
9 126 0.99770
10 126 0.99876
11 126 0.99937
12 126 0.99956
13 126 0.99932
14 126 0.99867
15 126 0.99771
16 126 0.99687
17 126 0.99692
18 126 0.99779
19 126 0.99873
20 126 0.99941
21 126 0.99978
22 126 0.99993
23 126 0.99996
24 126 0.99996
25 126 0.99997
26 126 0.99999
27 126 0.99999
28 126 0.99999
29 126 1.00000
30 126 1.00001
31 126 1.00000
32 126 1.00000
33 126 1.00000
34 126 1.00001
35 126 1.00000
36 126 0.99999
37 126 0.99999
38 126 0.99999
39 126 0.99997
40 126 0.99996
41 126 0.99996
42 126 0.99993
43 126 0.99978
44 126 0.99941
45 126 0.99873
46 126 0.99779
47 126 0.99692
48 126 0.99687
49 126 0.99771
50 126 0.99867
51 126 0.99932
52 126 0.99956
53 126 0.99937
54 126 0.99876
55 126 0.99770
56 126 0.99613
57 126 0.99420
58 126 0.99209
59 126 0.99009
60 126 0.98841
61 126 0.98709
62 126 0.98601
63 126 0.98508
0 127 0.98628
1 127 0.98664
2 127 0.98741
3 127 0.98835
4 127 0.98954
5 127 0.99103
6 127 0.99279
7 127 0.99462
8 127 0.99631
9 127 0.99774
10 127 0.99875
11 127 0.99934
12 127 0.99952
13 127 0.99931
14 127 0.99875
15 127 0.99787
16 127 0.99698
17 127 0.99686
18 127 0.99762
19 127 0.99857
20 127 0.99932
21 127 0.99976
22 127 0.99995
23 127 0.99999
24 127 0.99999
25 127 1.00000
26 127 1.00002
27 127 1.00002
28 127 1.00001
29 127 1.00003
30 127 1.00003
31 127 1.00002
32 127 1.00002
33 127 1.00002
34 127 1.00003
35 127 1.00003
36 127 1.00001
37 127 1.00002
38 127 1.00002
39 127 1.00000
40 127 0.99999
41 127 0.99999
42 127 0.99995
43 127 0.99976
44 127 0.99932
45 127 0.99857
46 127 0.99762
47 127 0.99686
48 127 0.99698
49 127 0.99787
50 127 0.99875
51 127 0.99931
52 127 0.99952
53 127 0.99934
54 127 0.99875
55 127 0.99774
56 127 0.99631
57 127 0.99462
58 127 0.99279
59 127 0.99103
60 127 0.98954
61 127 0.98835
62 127 0.98741
63 127 0.98664
0 128 0.98703
1 128 0.98731
2 128 0.98796
3 128 0.98883
4 128 0.98998
5 128 0.99143
6 128 0.99313
7 128 0.99486
8 128 0.99644
9 128 0.99777
10 128 0.99875
11 128 0.99931
12 128 0.99946
13 128 0.99923
14 128 0.99873
15 128 0.99799
16 128 0.99717
17 128 0.99695
18 128 0.99756
19 128 0.99847
20 128 0.99925
21 128 0.99973
22 128 0.99996
23 128 1.00003
24 128 1.00002
25 128 1.00002
26 128 1.00004
27 128 1.00004
28 128 1.00004
29 128 1.00005
30 128 1.00005
31 128 1.00005
32 128 1.00005
33 128 1.00005
34 128 1.00005
35 128 1.00005
36 128 1.00004
37 128 1.00004
38 128 1.00004
39 128 1.00002
40 128 1.00002
41 128 1.00003
42 128 0.99996
43 128 0.99973
44 128 0.99925
45 128 0.99847
46 128 0.99756
47 128 0.99695
48 128 0.99717
49 128 0.99799
50 128 0.99873
51 128 0.99923
52 128 0.99946
53 128 0.99931
54 128 0.99875
55 128 0.99777
56 128 0.99644
57 128 0.99486
58 128 0.99313
59 128 0.99143
60 128 0.98998
61 128 0.98883
62 128 0.98796
63 128 0.98731
0 129 0.98847
1 129 0.98868
2 129 0.98918
3 129 0.98989
4 129 0.99087
5 129 0.99213
6 129 0.99366
7 129 0.99522
8 129 0.99661
9 129 0.99782
10 129 0.99874
11 129 0.99928
12 129 0.99940
13 129 0.99914
14 129 0.99868
15 129 0.99809
16 129 0.99741
17 129 0.99715
18 129 0.99759
19 129 0.99841
20 129 0.99919
21 129 0.99970
22 129 0.99997
23 129 1.00006
24 129 1.00006
25 129 1.00006
26 129 1.00007
27 129 1.00007
28 129 1.00007
29 129 1.00008
30 129 1.00008
31 129 1.00007
32 129 1.00008
33 129 1.00007
34 129 1.00008
35 129 1.00008
36 129 1.00007
37 129 1.00007
38 129 1.00007
39 129 1.00006
40 129 1.00006
41 129 1.00006
42 129 0.99997
43 129 0.99970
44 129 0.99919
45 129 0.99841
46 129 0.99759
47 129 0.99715
48 129 0.99741
49 129 0.99809
50 129 0.99868
51 129 0.99914
52 129 0.99940
53 129 0.99928
54 129 0.99874
55 129 0.99782
56 129 0.99661
57 129 0.99522
58 129 0.99366
59 129 0.99213
60 129 0.99087
61 129 0.98989
62 129 0.98918
63 129 0.98868
0 130 0.98993
1 130 0.99012
2 130 0.99059
3 130 0.99123
4 130 0.99208
5 130 0.99316
6 130 0.99448
7 130 0.99581
8 130 0.99698
9 130 0.99801
10 130 0.99882
11 130 0.99932
12 130 0.99940
13 130 0.99908
14 130 0.99864
15 130 0.99817
16 130 0.99763
17 130 0.99736
18 130 0.99767
19 130 0.99840
20 130 0.99915
21 130 0.99968
22 130 0.99998
23 130 1.00010
24 130 1.00010
25 130 1.00009
26 130 1.00010
27 130 1.00010
28 130 1.00010
29 130 1.00011
30 130 1.00011
31 130 1.00010
32 130 1.00010
33 130 1.00010
34 130 1.00011
35 130 1.00011
36 130 1.00010
37 130 1.00010
38 130 1.00010
39 130 1.00009
40 130 1.00010
41 130 1.00010
42 130 0.99998
43 130 0.99968
44 130 0.99915
45 130 0.99840
46 130 0.99767
47 130 0.99736
48 130 0.99763
49 130 0.99817
50 130 0.99864
51 130 0.99908
52 130 0.99940
53 130 0.99932
54 130 0.99882
55 130 0.99801
56 130 0.99698
57 130 0.99581
58 130 0.99448
59 130 0.99316
60 130 0.99208
61 130 0.99123
62 130 0.99059
63 130 0.99012
0 131 0.99128
1 131 0.99147
2 131 0.99195
3 131 0.99259
4 131 0.99339
5 131 0.99436
6 131 0.99551
7 131 0.99664
8 131 0.99758
9 131 0.99838
10 131 0.99904
11 131 0.99944
12 131 0.99946
13 131 0.99909
14 131 0.99861
15 131 0.99820
16 131 0.99777
17 131 0.99753
18 131 0.99776
19 131 0.99841
20 131 0.99913
21 131 0.99966
22 131 0.99999
23 131 1.00014
24 131 1.00015
25 131 1.00013
26 131 1.00013
27 131 1.00013
28 131 1.00013
29 131 1.00014
30 131 1.00014
31 131 1.00013
32 131 1.00013
33 131 1.00013
34 131 1.00014
35 131 1.00014
36 131 1.00013
37 131 1.00013
38 131 1.00013
39 131 1.00013
40 131 1.00015
41 131 1.00014
42 131 0.99999
43 131 0.99966
44 131 0.99913
45 131 0.99841
46 131 0.99776
47 131 0.99753
48 131 0.99777
49 131 0.99820
50 131 0.99861
51 131 0.99909
52 131 0.99946
53 131 0.99944
54 131 0.99904
55 131 0.99838
56 131 0.99758
57 131 0.99664
58 131 0.99551
59 131 0.99436
60 131 0.99339
61 131 0.99259
62 131 0.99195
63 131 0.99147
0 132 0.99256
1 132 0.99274
2 132 0.99319
3 132 0.99381
4 132 0.99455
5 132 0.99543
6 132 0.99646
7 132 0.99744
8 132 0.99821
9 132 0.99883
10 132 0.99932
11 132 0.99961
12 132 0.99957
13 132 0.99914
14 132 0.99862
15 132 0.99820
16 132 0.99784
17 132 0.99765
18 132 0.99786
19 132 0.99844
20 132 0.99913
21 132 0.99966
22 132 1.00000
23 132 1.00018
24 132 1.00020
25 132 1.00017
26 132 1.00016
27 132 1.00016
28 132 1.00016
29 132 1.00017
30 132 1.00016
31 132 1.00016
32 132 1.00016
33 132 1.00016
34 132 1.00016
35 132 1.00017
36 132 1.00016
37 132 1.00016
38 132 1.00016
39 132 1.00017
40 132 1.00020
41 132 1.00018
42 132 1.00000
43 132 0.99966
44 132 0.99913
45 132 0.99844
46 132 0.99786
47 132 0.99765
48 132 0.99784
49 132 0.99820
50 132 0.99862
51 132 0.99914
52 132 0.99957
53 132 0.99961
54 132 0.99932
55 132 0.99883
56 132 0.99821
57 132 0.99744
58 132 0.99646
59 132 0.99543
60 132 0.99455
61 132 0.99381
62 132 0.99319
63 132 0.99274
0 133 0.99368
1 133 0.99383
2 133 0.99422
3 133 0.99477
4 133 0.99544
5 133 0.99624
6 133 0.99716
7 133 0.99804
8 133 0.99871
9 133 0.99922
10 133 0.99958
11 133 0.99977
12 133 0.99968
13 133 0.99922
14 133 0.99865
15 133 0.99820
16 133 0.99788
17 133 0.99777
18 133 0.99797
19 133 0.99849
20 133 0.99915
21 133 0.99966
22 133 1.00002
23 133 1.00023
24 133 1.00025
25 133 1.00021
26 133 1.00019
27 133 1.00019
28 133 1.00019
29 133 1.00020
30 133 1.00019
31 133 1.00019
32 133 1.00019
33 133 1.00019
34 133 1.00019
35 133 1.00020
36 133 1.00019
37 133 1.00019
38 133 1.00019
39 133 1.00021
40 133 1.00025
41 133 1.00023
42 133 1.00002
43 133 0.99966
44 133 0.99915
45 133 0.99849
46 133 0.99797
47 133 0.99777
48 133 0.99788
49 133 0.99820
50 133 0.99865
51 133 0.99922
52 133 0.99968
53 133 0.99977
54 133 0.99958
55 133 0.99922
56 133 0.99871
57 133 0.99804
58 133 0.99716
59 133 0.99624
60 133 0.99544
61 133 0.99477
62 133 0.99422
63 133 0.99383
0 134 0.99462
1 134 0.99474
2 134 0.99506
3 134 0.99553
4 134 0.99614
5 134 0.99685
6 134 0.99768
7 134 0.99849
8 134 0.99910
9 134 0.99955
10 134 0.99983
11 134 0.99993
12 134 0.99978
13 134 0.99931
14 134 0.99870
15 134 0.99820
16 134 0.99792
17 134 0.99789
18 134 0.99810
19 134 0.99855
20 134 0.99917
21 134 0.99967
22 134 1.00004
23 134 1.00027
24 134 1.00030
25 134 1.00025
26 134 1.00023
27 134 1.00022
28 134 1.00022
29 134 1.00023
30 134 1.00022
31 134 1.00022
32 134 1.00022
33 134 1.00022
34 134 1.00022
35 134 1.00023
36 134 1.00022
37 134 1.00022
38 134 1.00023
39 134 1.00025
40 134 1.00030
41 134 1.00027
42 134 1.00004
43 134 0.99967
44 134 0.99917
45 134 0.99855
46 134 0.99810
47 134 0.99789
48 134 0.99792
49 134 0.99820
50 134 0.99870
51 134 0.99931
52 134 0.99978
53 134 0.99993
54 134 0.99983
55 134 0.99955
56 134 0.99910
57 134 0.99849
58 134 0.99768
59 134 0.99685
60 134 0.99614
61 134 0.99553
62 134 0.99506
63 134 0.99474
0 135 0.99549
1 135 0.99560
2 135 0.99586
3 135 0.99628
4 135 0.99683
5 135 0.99746
6 135 0.99821
7 135 0.99894
8 135 0.99950
9 135 0.99991
10 135 1.00010
11 135 1.00010
12 135 0.99988
13 135 0.99939
14 135 0.99875
15 135 0.99821
16 135 0.99794
17 135 0.99799
18 135 0.99821
19 135 0.99862
20 135 0.99921
21 135 0.99969
22 135 1.00007
23 135 1.00032
24 135 1.00035
25 135 1.00030
26 135 1.00027
27 135 1.00025
28 135 1.00025
29 135 1.00026
30 135 1.00025
31 135 1.00024
32 135 1.00025
33 135 1.00024
34 135 1.00025
35 135 1.00026
36 135 1.00025
37 135 1.00025
38 135 1.00027
39 135 1.00030
40 135 1.00035
41 135 1.00032
42 135 1.00007
43 135 0.99969
44 135 0.99921
45 135 0.99862
46 135 0.99821
47 135 0.99799
48 135 0.99794
49 135 0.99821
50 135 0.99875
51 135 0.99939
52 135 0.99988
53 135 1.00010
54 135 1.00010
55 135 0.99991
56 135 0.99950
57 135 0.99894
58 135 0.99821
59 135 0.99746
60 135 0.99683
61 135 0.99628
62 135 0.99586
63 135 0.99560
0 136 0.99647
1 136 0.99656
2 136 0.99679
3 136 0.99717
4 136 0.99767
5 136 0.99824
6 136 0.99889
7 136 0.99952
8 136 1.00000
9 136 1.00032
10 136 1.00042
11 136 1.00028
12 136 0.99997
13 136 0.99945
14 136 0.99877
15 136 0.99818
16 136 0.99791
17 136 0.99803
18 136 0.99829
19 136 0.99868
20 136 0.99925
21 136 0.99973
22 136 1.00012
23 136 1.00038
24 136 1.00041
25 136 1.00034
26 136 1.00030
27 136 1.00028
28 136 1.00028
29 136 1.00028
30 136 1.00028
31 136 1.00027
32 136 1.00027
33 136 1.00027
34 136 1.00028
35 136 1.00028
36 136 1.00028
37 136 1.00028
38 136 1.00030
39 136 1.00034
40 136 1.00041
41 136 1.00038
42 136 1.00012
43 136 0.99973
44 136 0.99925
45 136 0.99868
46 136 0.99829
47 136 0.99803
48 136 0.99791
49 136 0.99818
50 136 0.99877
51 136 0.99945
52 136 0.99997
53 136 1.00028
54 136 1.00042
55 136 1.00032
56 136 1.00000
57 136 0.99952
58 136 0.99889
59 136 0.99824
60 136 0.99767
61 136 0.99717
62 136 0.99679
63 136 0.99656
0 137 0.99761
1 137 0.99769
2 137 0.99789
3 137 0.99823
4 137 0.99868
5 137 0.99916
6 137 0.99970
7 137 1.00020
8 137 1.00056
9 137 1.00077
10 137 1.00073
11 137 1.00044
12 137 1.00003
13 137 0.99947
14 137 0.99877
15 137 0.99813
16 137 0.99786
17 137 0.99803
18 137 0.99834
19 137 0.99874
20 137 0.99931
21 137 0.99980
22 137 1.00018
23 137 1.00044
24 137 1.00046
25 137 1.00039
26 137 1.00034
27 137 1.00031
28 137 1.00030
29 137 1.00031
30 137 1.00030
31 137 1.00029
32 137 1.00030
33 137 1.00029
34 137 1.00030
35 137 1.00031
36 137 1.00030
37 137 1.00031
38 137 1.00034
39 137 1.00039
40 137 1.00046
41 137 1.00044
42 137 1.00018
43 137 0.99980
44 137 0.99931
45 137 0.99874
46 137 0.99834
47 137 0.99803
48 137 0.99786
49 137 0.99813
50 137 0.99877
51 137 0.99947
52 137 1.00003
53 137 1.00044
54 137 1.00073
55 137 1.00077
56 137 1.00056
57 137 1.00020
58 137 0.99970
59 137 0.99916
60 137 0.99868
61 137 0.99823
62 137 0.99789
63 137 0.99769
0 138 0.99881
1 138 0.99888
2 138 0.99905
3 138 0.99934
4 138 0.99971
5 138 1.00010
6 138 1.00052
7 138 1.00088
8 138 1.00109
9 138 1.00116
10 138 1.00098
11 138 1.00056
12 138 1.00004
13 138 0.99944
14 138 0.99874
15 138 0.99808
16 138 0.99781
17 138 0.99803
18 138 0.99838
19 138 0.99879
20 138 0.99938
21 138 0.99987
22 138 1.00025
23 138 1.00050
24 138 1.00051
25 138 1.00043
26 138 1.00036
27 138 1.00033
28 138 1.00033
29 138 1.00033
30 138 1.00032
31 138 1.00032
32 138 1.00032
33 138 1.00032
34 138 1.00032
35 138 1.00033
36 138 1.00033
37 138 1.00033
38 138 1.00036
39 138 1.00043
40 138 1.00051
41 138 1.00050
42 138 1.00025
43 138 0.99987
44 138 0.99938
45 138 0.99879
46 138 0.99838
47 138 0.99803
48 138 0.99781
49 138 0.99808
50 138 0.99874
51 138 0.99944
52 138 1.00004
53 138 1.00056
54 138 1.00098
55 138 1.00116
56 138 1.00109
57 138 1.00088
58 138 1.00052
59 138 1.00010
60 138 0.99971
61 138 0.99934
62 138 0.99905
63 138 0.99888
0 139 0.99999
1 139 1.00004
2 139 1.00017
3 139 1.00040
4 139 1.00069
5 139 1.00098
6 139 1.00127
7 139 1.00147
8 139 1.00153
9 139 1.00144
10 139 1.00112
11 139 1.00059
12 139 0.99998
13 139 0.99936
14 139 0.99867
15 139 0.99801
16 139 0.99777
17 139 0.99804
18 139 0.99843
19 139 0.99886
20 139 0.99947
21 139 0.99997
22 139 1.00033
23 139 1.00056
24 139 1.00056
25 139 1.00046
26 139 1.00039
27 139 1.00035
28 139 1.00035
29 139 1.00035
30 139 1.00034
31 139 1.00034
32 139 1.00034
33 139 1.00034
34 139 1.00034
35 139 1.00035
36 139 1.00035
37 139 1.00035
38 139 1.00039
39 139 1.00046
40 139 1.00056
41 139 1.00056
42 139 1.00033
43 139 0.99997
44 139 0.99947
45 139 0.99886
46 139 0.99843
47 139 0.99804
48 139 0.99777
49 139 0.99801
50 139 0.99867
51 139 0.99936
52 139 0.99998
53 139 1.00059
54 139 1.00112
55 139 1.00144
56 139 1.00153
57 139 1.00147
58 139 1.00127
59 139 1.00098
60 139 1.00069
61 139 1.00040
62 139 1.00017
63 139 1.00004
0 140 1.00113
1 140 1.00117
2 140 1.00125
3 140 1.00141
4 140 1.00161
5 140 1.00179
6 140 1.00193
7 140 1.00197
8 140 1.00185
9 140 1.00160
10 140 1.00116
11 140 1.00053
12 140 0.99985
13 140 0.99921
14 140 0.99855
15 140 0.99793
16 140 0.99772
17 140 0.99808
18 140 0.99850
19 140 0.99896
20 140 0.99958
21 140 1.00008
22 140 1.00043
23 140 1.00062
24 140 1.00060
25 140 1.00048
26 140 1.00040
27 140 1.00037
28 140 1.00036
29 140 1.00037
30 140 1.00036
31 140 1.00036
32 140 1.00036
33 140 1.00036
34 140 1.00036
35 140 1.00037
36 140 1.00036
37 140 1.00037
38 140 1.00040
39 140 1.00048
40 140 1.00060
41 140 1.00062
42 140 1.00043
43 140 1.00008
44 140 0.99958
45 140 0.99896
46 140 0.99850
47 140 0.99808
48 140 0.99772
49 140 0.99793
50 140 0.99855
51 140 0.99921
52 140 0.99985
53 140 1.00053
54 140 1.00116
55 140 1.00160
56 140 1.00185
57 140 1.00197
58 140 1.00193
59 140 1.00179
60 140 1.00161
61 140 1.00141
62 140 1.00125
63 140 1.00117
0 141 1.00223
1 141 1.00225
2 141 1.00228
3 141 1.00236
4 141 1.00246
5 141 1.00250
6 141 1.00249
7 141 1.00235
8 141 1.00204
9 141 1.00163
10 141 1.00109
11 141 1.00039
12 141 0.99965
13 141 0.99901
14 141 0.99842
15 141 0.99784
16 141 0.99770
17 141 0.99813
18 141 0.99859
19 141 0.99907
20 141 0.99972
21 141 1.00021
22 141 1.00053
23 141 1.00068
24 141 1.00062
25 141 1.00050
26 141 1.00041
27 141 1.00038
28 141 1.00038
29 141 1.00039
30 141 1.00038
31 141 1.00037
32 141 1.00037
33 141 1.00037
34 141 1.00038
35 141 1.00039
36 141 1.00038
37 141 1.00038
38 141 1.00041
39 141 1.00050
40 141 1.00062
41 141 1.00068
42 141 1.00053
43 141 1.00021
44 141 0.99972
45 141 0.99907
46 141 0.99859
47 141 0.99813
48 141 0.99770
49 141 0.99784
50 141 0.99842
51 141 0.99901
52 141 0.99965
53 141 1.00039
54 141 1.00109
55 141 1.00163
56 141 1.00204
57 141 1.00235
58 141 1.00249
59 141 1.00250
60 141 1.00246
61 141 1.00236
62 141 1.00228
63 141 1.00225
0 142 1.00316
1 142 1.00316
2 142 1.00314
3 142 1.00313
4 142 1.00311
5 142 1.00301
6 142 1.00283
7 142 1.00252
8 142 1.00205
9 142 1.00151
10 142 1.00089
11 142 1.00015
12 142 0.99939
13 142 0.99878
14 142 0.99828
15 142 0.99779
16 142 0.99774
17 142 0.99825
18 142 0.99872
19 142 0.99924
20 142 0.99988
21 142 1.00035
22 142 1.00063
23 142 1.00072
24 142 1.00064
25 142 1.00051
26 142 1.00042
27 142 1.00039
28 142 1.00039
29 142 1.00040
30 142 1.00039
31 142 1.00039
32 142 1.00039
33 142 1.00039
34 142 1.00039
35 142 1.00040
36 142 1.00039
37 142 1.00039
38 142 1.00042
39 142 1.00051
40 142 1.00064
41 142 1.00072
42 142 1.00063
43 142 1.00035
44 142 0.99988
45 142 0.99924
46 142 0.99872
47 142 0.99825
48 142 0.99774
49 142 0.99779
50 142 0.99828
51 142 0.99878
52 142 0.99939
53 142 1.00015
54 142 1.00089
55 142 1.00151
56 142 1.00205
57 142 1.00252
58 142 1.00283
59 142 1.00301
60 142 1.00311
61 142 1.00313
62 142 1.00314
63 142 1.00316
0 143 1.00378
1 143 1.00376
2 143 1.00369
3 143 1.00360
4 143 1.00347
5 143 1.00323
6 143 1.00290
7 143 1.00243
8 143 1.00184
9 143 1.00123
10 143 1.00057
11 143 0.99980
12 143 0.99908
13 143 0.99855
14 143 0.99816
15 143 0.99779
16 143 0.99785
17 143 0.99839
18 143 0.99889
19 143 0.99944
20 143 1.00006
21 143 1.00050
22 143 1.00073
23 143 1.00076
24 143 1.00065
25 143 1.00051
26 143 1.00043
27 143 1.00040
28 143 1.00041
29 143 1.00041
30 143 1.00040
31 143 1.00040
32 143 1.00040
33 143 1.00040
34 143 1.00040
35 143 1.00041
36 143 1.00041
37 143 1.00040
38 143 1.00043
39 143 1.00051
40 143 1.00065
41 143 1.00076
42 143 1.00073
43 143 1.00050
44 143 1.00006
45 143 0.99944
46 143 0.99889
47 143 0.99839
48 143 0.99785
49 143 0.99779
50 143 0.99816
51 143 0.99855
52 143 0.99908
53 143 0.99980
54 143 1.00057
55 143 1.00123
56 143 1.00184
57 143 1.00243
58 143 1.00290
59 143 1.00323
60 143 1.00347
61 143 1.00360
62 143 1.00369
63 143 1.00376
0 144 1.00393
1 144 1.00390
2 144 1.00380
3 144 1.00364
4 144 1.00342
5 144 1.00307
6 144 1.00262
7 144 1.00206
8 144 1.00142
9 144 1.00078
10 144 1.00011
11 144 0.99939
12 144 0.99876
13 144 0.99834
14 144 0.99806
15 144 0.99783
16 144 0.99798
17 144 0.99856
18 144 0.99909
19 144 0.99965
20 144 1.00024
21 144 1.00063
22 144 1.00080
23 144 1.00078
24 144 1.00064
25 144 1.00050
26 144 1.00044
27 144 1.00042
28 144 1.00042
29 144 1.00043
30 144 1.00042
31 144 1.00042
32 144 1.00042
33 144 1.00042
34 144 1.00042
35 144 1.00043
36 144 1.00042
37 144 1.00042
38 144 1.00044
39 144 1.00050
40 144 1.00064
41 144 1.00078
42 144 1.00080
43 144 1.00063
44 144 1.00024
45 144 0.99965
46 144 0.99909
47 144 0.99856
48 144 0.99798
49 144 0.99783
50 144 0.99806
51 144 0.99834
52 144 0.99876
53 144 0.99939
54 144 1.00011
55 144 1.00078
56 144 1.00142
57 144 1.00206
58 144 1.00262
59 144 1.00307
60 144 1.00342
61 144 1.00364
62 144 1.00380
63 144 1.00390
0 145 1.00357
1 145 1.00354
2 145 1.00341
3 145 1.00321
4 145 1.00294
5 145 1.00254
6 145 1.00204
7 145 1.00147
8 145 1.00084
9 145 1.00022
10 145 0.99960
11 145 0.99898
12 145 0.99847
13 145 0.99817
14 145 0.99802
15 145 0.99793
16 145 0.99817
17 145 0.99876
18 145 0.99932
19 145 0.99987
20 145 1.00042
21 145 1.00075
22 145 1.00085
23 145 1.00078
24 145 1.00063
25 145 1.00049
26 145 1.00044
27 145 1.00043
28 145 1.00044
29 145 1.00044
30 145 1.00043
31 145 1.00043
32 145 1.00043
33 145 1.00043
34 145 1.00043
35 145 1.00044
36 145 1.00044
37 145 1.00043
38 145 1.00044
39 145 1.00049
40 145 1.00063
41 145 1.00078
42 145 1.00085
43 145 1.00075
44 145 1.00042
45 145 0.99987
46 145 0.99932
47 145 0.99876
48 145 0.99817
49 145 0.99793
50 145 0.99802
51 145 0.99817
52 145 0.99847
53 145 0.99898
54 145 0.99960
55 145 1.00022
56 145 1.00084
57 145 1.00147
58 145 1.00204
59 145 1.00254
60 145 1.00294
61 145 1.00321
62 145 1.00341
63 145 1.00354
0 146 1.00281
1 146 1.00277
2 146 1.00263
3 146 1.00241
4 146 1.00214
5 146 1.00175
6 146 1.00129
7 146 1.00075
8 146 1.00017
9 146 0.99962
10 146 0.99911
11 146 0.99863
12 146 0.99825
13 146 0.99807
14 146 0.99803
15 146 0.99809
16 146 0.99841
17 146 0.99901
18 146 0.99959
19 146 1.00013
20 146 1.00060
21 146 1.00086
22 146 1.00088
23 146 1.00076
24 146 1.00060
25 146 1.00047
26 146 1.00044
27 146 1.00045
28 146 1.00045
29 146 1.00045
30 146 1.00045
31 146 1.00044
32 146 1.00044
33 146 1.00044
34 146 1.00045
35 146 1.00045
36 146 1.00045
37 146 1.00045
38 146 1.00044
39 146 1.00047
40 146 1.00060
41 146 1.00076
42 146 1.00088
43 146 1.00086
44 146 1.00060
45 146 1.00013
46 146 0.99959
47 146 0.99901
48 146 0.99841
49 146 0.99809
50 146 0.99803
51 146 0.99807
52 146 0.99825
53 146 0.99863
54 146 0.99911
55 146 0.99962
56 146 1.00017
57 146 1.00075
58 146 1.00129
59 146 1.00175
60 146 1.00214
61 146 1.00241
62 146 1.00263
63 146 1.00277
0 147 1.00181
1 147 1.00177
2 147 1.00165
3 147 1.00145
4 147 1.00121
5 147 1.00088
6 147 1.00047
7 147 0.99999
8 147 0.99951
9 147 0.99909
10 147 0.99872
11 147 0.99837
12 147 0.99810
13 147 0.99801
14 147 0.99809
15 147 0.99830
16 147 0.99867
17 147 0.99925
18 147 0.99985
19 147 1.00036
20 147 1.00076
21 147 1.00093
22 147 1.00088
23 147 1.00074
24 147 1.00057
25 147 1.00046
26 147 1.00045
27 147 1.00046
28 147 1.00047
29 147 1.00047
30 147 1.00046
31 147 1.00046
32 147 1.00046
33 147 1.00046
34 147 1.00046
35 147 1.00047
36 147 1.00047
37 147 1.00046
38 147 1.00045
39 147 1.00046
40 147 1.00057
41 147 1.00074
42 147 1.00088
43 147 1.00093
44 147 1.00076
45 147 1.00036
46 147 0.99985
47 147 0.99925
48 147 0.99867
49 147 0.99830
50 147 0.99809
51 147 0.99801
52 147 0.99810
53 147 0.99837
54 147 0.99872
55 147 0.99909
56 147 0.99951
57 147 0.99999
58 147 1.00047
59 147 1.00088
60 147 1.00121
61 147 1.00146
62 147 1.00165
63 147 1.00177
0 148 1.00084
1 148 1.00080
2 148 1.00071
3 148 1.00055
4 148 1.00034
5 148 1.00006
6 148 0.99972
7 148 0.99935
8 148 0.99899
9 148 0.99870
10 148 0.99844
11 148 0.99819
12 148 0.99801
13 148 0.99801
14 148 0.99824
15 148 0.99856
16 148 0.99896
17 148 0.99953
18 148 1.00013
19 148 1.00059
20 148 1.00089
21 148 1.00096
22 148 1.00086
23 148 1.00070
24 148 1.00054
25 148 1.00046
26 148 1.00046
27 148 1.00048
28 148 1.00048
29 148 1.00048
30 148 1.00047
31 148 1.00047
32 148 1.00047
33 148 1.00047
34 148 1.00047
35 148 1.00048
36 148 1.00048
37 148 1.00048
38 148 1.00046
39 148 1.00046
40 148 1.00054
41 148 1.00070
42 148 1.00086
43 148 1.00096
44 148 1.00089
45 148 1.00059
46 148 1.00013
47 148 0.99953
48 148 0.99896
49 148 0.99856
50 148 0.99824
51 148 0.99801
52 148 0.99801
53 148 0.99819
54 148 0.99844
55 148 0.99870
56 148 0.99899
57 148 0.99935
58 148 0.99972
59 148 1.00006
60 148 1.00034
61 148 1.00055
62 148 1.00071
63 148 1.00081
0 149 0.99997
1 149 0.99994
2 149 0.99986
3 149 0.99973
4 149 0.99957
5 149 0.99937
6 149 0.99913
7 149 0.99886
8 149 0.99862
9 149 0.99843
10 149 0.99825
11 149 0.99809
12 149 0.99802
13 149 0.99816
14 149 0.99849
15 149 0.99886
16 149 0.99930
17 149 0.99988
18 149 1.00043
19 149 1.00079
20 149 1.00098
21 149 1.00097
22 149 1.00082
23 149 1.00064
24 149 1.00051
25 149 1.00046
26 149 1.00048
27 149 1.00050
28 149 1.00049
29 149 1.00049
30 149 1.00048
31 149 1.00048
32 149 1.00049
33 149 1.00048
34 149 1.00048
35 149 1.00049
36 149 1.00049
37 149 1.00050
38 149 1.00048
39 149 1.00046
40 149 1.00051
41 149 1.00064
42 149 1.00082
43 149 1.00097
44 149 1.00098
45 149 1.00079
46 149 1.00043
47 149 0.99988
48 149 0.99930
49 149 0.99886
50 149 0.99849
51 149 0.99816
52 149 0.99802
53 149 0.99809
54 149 0.99825
55 149 0.99843
56 149 0.99862
57 149 0.99886
58 149 0.99913
59 149 0.99937
60 149 0.99957
61 149 0.99973
62 149 0.99986
63 149 0.99994
0 150 0.99931
1 150 0.99928
2 150 0.99922
3 150 0.99913
4 150 0.99903
5 150 0.99890
6 150 0.99873
7 150 0.99855
8 150 0.99838
9 150 0.99826
10 150 0.99816
11 150 0.99810
12 150 0.99815
13 150 0.99841
14 150 0.99880
15 150 0.99921
16 150 0.99967
17 150 1.00023
18 150 1.00069
19 150 1.00094
20 150 1.00102
21 150 1.00094
22 150 1.00076
23 150 1.00059
24 150 1.00049
25 150 1.00047
26 150 1.00050
27 150 1.00051
28 150 1.00051
29 150 1.00050
30 150 1.00050
31 150 1.00050
32 150 1.00050
33 150 1.00050
34 150 1.00050
35 150 1.00050
36 150 1.00051
37 150 1.00051
38 150 1.00050
39 150 1.00047
40 150 1.00049
41 150 1.00059
42 150 1.00076
43 150 1.00094
44 150 1.00102
45 150 1.00094
46 150 1.00069
47 150 1.00023
48 150 0.99967
49 150 0.99921
50 150 0.99880
51 150 0.99841
52 150 0.99815
53 150 0.99810
54 150 0.99816
55 150 0.99826
56 150 0.99838
57 150 0.99855
58 150 0.99873
59 150 0.99890
60 150 0.99903
61 150 0.99913
62 150 0.99922
63 150 0.99928
0 151 0.99887
1 151 0.99884
2 151 0.99879
3 151 0.99873
4 151 0.99867
5 151 0.99859
6 151 0.99848
7 151 0.99836
8 151 0.99825
9 151 0.99819
10 151 0.99817
11 151 0.99822
12 151 0.99842
13 151 0.99876
14 151 0.99918
15 151 0.99962
16 151 1.00009
17 151 1.00057
18 151 1.00090
19 151 1.00104
20 151 1.00102
21 151 1.00088
22 151 1.00069
23 151 1.00054
24 151 1.00048
25 151 1.00049
26 151 1.00052
27 151 1.00052
28 151 1.00051
29 151 1.00051
30 151 1.00051
31 151 1.00051
32 151 1.00051
33 151 1.00051
34 151 1.00051
35 151 1.00051
36 151 1.00051
37 151 1.00052
38 151 1.00052
39 151 1.00049
40 151 1.00048
41 151 1.00054
42 151 1.00069
43 151 1.00088
44 151 1.00102
45 151 1.00104
46 151 1.00090
47 151 1.00057
48 151 1.00009
49 151 0.99962
50 151 0.99918
51 151 0.99876
52 151 0.99842
53 151 0.99822
54 151 0.99817
55 151 0.99819
56 151 0.99825
57 151 0.99836
58 151 0.99848
59 151 0.99859
60 151 0.99867
61 151 0.99873
62 151 0.99879
63 151 0.99884
0 152 0.99859
1 152 0.99856
2 152 0.99851
3 152 0.99847
4 152 0.99844
5 152 0.99841
6 152 0.99835
7 152 0.99829
8 152 0.99824
9 152 0.99827
10 152 0.99836
11 152 0.99853
12 152 0.99883
13 152 0.99921
14 152 0.99964
15 152 1.00008
16 152 1.00049
17 152 1.00085
18 152 1.00105
19 152 1.00107
20 152 1.00097
21 152 1.00080
22 152 1.00062
23 152 1.00051
24 152 1.00049
25 152 1.00051
26 152 1.00054
27 152 1.00054
28 152 1.00053
29 152 1.00053
30 152 1.00052
31 152 1.00052
32 152 1.00052
33 152 1.00052
34 152 1.00052
35 152 1.00053
36 152 1.00053
37 152 1.00054
38 152 1.00054
39 152 1.00051
40 152 1.00049
41 152 1.00051
42 152 1.00062
43 152 1.00080
44 152 1.00097
45 152 1.00107
46 152 1.00105
47 152 1.00085
48 152 1.00049
49 152 1.00008
50 152 0.99964
51 152 0.99921
52 152 0.99882
53 152 0.99853
54 152 0.99836
55 152 0.99827
56 152 0.99824
57 152 0.99829
58 152 0.99835
59 152 0.99841
60 152 0.99844
61 152 0.99847
62 152 0.99851
63 152 0.99856
0 153 0.99851
1 153 0.99848
2 153 0.99843
3 153 0.99839
4 153 0.99838
5 153 0.99839
6 153 0.99839
7 153 0.99840
8 153 0.99844
9 153 0.99856
10 153 0.99874
11 153 0.99898
12 153 0.99931
13 153 0.99970
14 153 1.00011
15 153 1.00049
16 153 1.00081
17 153 1.00103
18 153 1.00111
19 153 1.00103
20 153 1.00089
21 153 1.00071
22 153 1.00056
23 153 1.00050
24 153 1.00051
25 153 1.00054
26 153 1.00055
27 153 1.00055
28 153 1.00054
29 153 1.00054
30 153 1.00054
31 153 1.00054
32 153 1.00054
33 153 1.00054
34 153 1.00054
35 153 1.00054
36 153 1.00054
37 153 1.00055
38 153 1.00055
39 153 1.00054
40 153 1.00051
41 153 1.00050
42 153 1.00056
43 153 1.00071
44 153 1.00088
45 153 1.00103
46 153 1.00111
47 153 1.00103
48 153 1.00081
49 153 1.00049
50 153 1.00011
51 153 0.99970
52 153 0.99931
53 153 0.99898
54 153 0.99874
55 153 0.99856
56 153 0.99844
57 153 0.99840
58 153 0.99839
59 153 0.99839
60 153 0.99838
61 153 0.99839
62 153 0.99843
63 153 0.99848
0 154 0.99862
1 154 0.99859
2 154 0.99857
3 154 0.99857
4 154 0.99859
5 154 0.99862
6 154 0.99866
7 154 0.99872
8 154 0.99883
9 154 0.99901
10 154 0.99922
11 154 0.99950
12 154 0.99984
13 154 1.00019
14 154 1.00054
15 154 1.00082
16 154 1.00101
17 154 1.00111
18 154 1.00108
19 154 1.00095
20 154 1.00079
21 154 1.00062
22 154 1.00053
23 154 1.00051
24 154 1.00053
25 154 1.00056
26 154 1.00056
27 154 1.00055
28 154 1.00055
29 154 1.00055
30 154 1.00055
31 154 1.00055
32 154 1.00055
33 154 1.00055
34 154 1.00055
35 154 1.00055
36 154 1.00055
37 154 1.00055
38 154 1.00056
39 154 1.00056
40 154 1.00053
41 154 1.00051
42 154 1.00053
43 154 1.00062
44 154 1.00079
45 154 1.00095
46 154 1.00108
47 154 1.00111
48 154 1.00101
49 154 1.00082
50 154 1.00054
51 154 1.00019
52 154 0.99984
53 154 0.99950
54 154 0.99922
55 154 0.99901
56 154 0.99883
57 154 0.99872
58 154 0.99866
59 154 0.99862
60 154 0.99859
61 154 0.99857
62 154 0.99857
63 154 0.99859
0 155 0.99888
1 155 0.99887
2 155 0.99888
3 155 0.99890
4 155 0.99894
5 155 0.99899
6 155 0.99906
7 155 0.99917
8 155 0.99932
9 155 0.99952
10 155 0.99976
11 155 1.00004
12 155 1.00034
13 155 1.00062
14 155 1.00086
15 155 1.00103
16 155 1.00111
17 155 1.00110
18 155 1.00100
19 155 1.00085
20 155 1.00069
21 155 1.00056
22 155 1.00051
23 155 1.00053
24 155 1.00056
25 155 1.00058
26 155 1.00057
27 155 1.00056
28 155 1.00056
29 155 1.00056
30 155 1.00056
31 155 1.00056
32 155 1.00056
33 155 1.00056
34 155 1.00056
35 155 1.00056
36 155 1.00056
37 155 1.00056
38 155 1.00057
39 155 1.00058
40 155 1.00056
41 155 1.00053
42 155 1.00051
43 155 1.00056
44 155 1.00069
45 155 1.00085
46 155 1.00100
47 155 1.00110
48 155 1.00111
49 155 1.00103
50 155 1.00086
51 155 1.00062
52 155 1.00034
53 155 1.00004
54 155 0.99976
55 155 0.99952
56 155 0.99932
57 155 0.99917
58 155 0.99906
59 155 0.99899
60 155 0.99894
61 155 0.99890
62 155 0.99888
63 155 0.99887
0 156 0.99926
1 156 0.99925
2 156 0.99927
3 156 0.99930
4 156 0.99935
5 156 0.99943
6 156 0.99953
7 156 0.99966
8 156 0.99984
9 156 1.00004
10 156 1.00027
11 156 1.00051
12 156 1.00074
13 156 1.00092
14 156 1.00105
15 156 1.00111
16 156 1.00109
17 156 1.00101
18 156 1.00088
19 156 1.00073
20 156 1.00061
21 156 1.00053
22 156 1.00053
23 156 1.00056
24 156 1.00058
25 156 1.00059
26 156 1.00058
27 156 1.00057
28 156 1.00057
29 156 1.00057
30 156 1.00057
31 156 1.00057
32 156 1.00057
33 156 1.00057
34 156 1.00057
35 156 1.00057
36 156 1.00057
37 156 1.00057
38 156 1.00058
39 156 1.00059
40 156 1.00058
41 156 1.00056
42 156 1.00053
43 156 1.00053
44 156 1.00061
45 156 1.00073
46 156 1.00088
47 156 1.00101
48 156 1.00109
49 156 1.00111
50 156 1.00105
51 156 1.00092
52 156 1.00074
53 156 1.00051
54 156 1.00027
55 156 1.00004
56 156 0.99984
57 156 0.99966
58 156 0.99953
59 156 0.99943
60 156 0.99935
61 156 0.99930
62 156 0.99927
63 156 0.99926
0 157 0.99969
1 157 0.99969
2 157 0.99971
3 157 0.99975
4 157 0.99982
5 157 0.99990
6 157 1.00001
7 157 1.00015
8 157 1.00031
9 157 1.00049
10 157 1.00067
11 157 1.00084
12 157 1.00097
13 157 1.00106
14 157 1.00110
15 157 1.00109
16 157 1.00100
17 157 1.00089
18 157 1.00076
19 157 1.00063
20 157 1.00055
21 157 1.00053
22 157 1.00056
23 157 1.00058
24 157 1.00060
25 157 1.00059
26 157 1.00058
27 157 1.00058
28 157 1.00058
29 157 1.00058
30 157 1.00057
31 157 1.00057
32 157 1.00057
33 157 1.00057
34 157 1.00057
35 157 1.00058
36 157 1.00058
37 157 1.00058
38 157 1.00058
39 157 1.00059
40 157 1.00060
41 157 1.00058
42 157 1.00056
43 157 1.00053
44 157 1.00055
45 157 1.00063
46 157 1.00076
47 157 1.00089
48 157 1.00100
49 157 1.00109
50 157 1.00110
51 157 1.00106
52 157 1.00097
53 157 1.00084
54 157 1.00067
55 157 1.00049
56 157 1.00031
57 157 1.00015
58 157 1.00001
59 157 0.99990
60 157 0.99982
61 157 0.99975
62 157 0.99971
63 157 0.99969
0 158 1.00012
1 158 1.00013
2 158 1.00016
3 158 1.00020
4 158 1.00027
5 158 1.00035
6 158 1.00044
7 158 1.00056
8 158 1.00069
9 158 1.00082
10 158 1.00094
11 158 1.00102
12 158 1.00108
13 158 1.00110
14 158 1.00107
15 158 1.00100
16 158 1.00089
17 158 1.00078
18 158 1.00067
19 158 1.00058
20 158 1.00055
21 158 1.00056
22 158 1.00059
23 158 1.00061
24 158 1.00060
25 158 1.00059
26 158 1.00059
27 158 1.00059
28 158 1.00058
29 158 1.00058
30 158 1.00058
31 158 1.00058
32 158 1.00058
33 158 1.00058
34 158 1.00058
35 158 1.00058
36 158 1.00058
37 158 1.00059
38 158 1.00059
39 158 1.00059
40 158 1.00060
41 158 1.00061
42 158 1.00059
43 158 1.00056
44 158 1.00055
45 158 1.00058
46 158 1.00067
47 158 1.00078
48 158 1.00089
49 158 1.00100
50 158 1.00107
51 158 1.00110
52 158 1.00108
53 158 1.00102
54 158 1.00094
55 158 1.00082
56 158 1.00069
57 158 1.00056
58 158 1.00044
59 158 1.00035
60 158 1.00027
61 158 1.00020
62 158 1.00016
63 158 1.00013
0 159 1.00052
1 159 1.00052
2 159 1.00054
3 159 1.00058
4 159 1.00064
5 159 1.00071
6 159 1.00078
7 159 1.00086
8 159 1.00094
9 159 1.00101
10 159 1.00107
11 159 1.00108
12 159 1.00108
13 159 1.00104
14 159 1.00097
15 159 1.00087
16 159 1.00077
17 159 1.00068
18 159 1.00060
19 159 1.00056
20 159 1.00057
21 159 1.00059
22 159 1.00061
23 159 1.00061
24 159 1.00060
25 159 1.00059
26 159 1.00059
27 159 1.00059
28 159 1.00059
29 159 1.00058
30 159 1.00058
31 159 1.00058
32 159 1.00058
33 159 1.00058
34 159 1.00058
35 159 1.00058
36 159 1.00059
37 159 1.00059
38 159 1.00059
39 159 1.00059
40 159 1.00060
41 159 1.00061
42 159 1.00061
43 159 1.00059
44 159 1.00057
45 159 1.00056
46 159 1.00060
47 159 1.00068
48 159 1.00077
49 159 1.00087
50 159 1.00097
51 159 1.00104
52 159 1.00108
53 159 1.00108
54 159 1.00107
55 159 1.00101
56 159 1.00094
57 159 1.00086
58 159 1.00078
59 159 1.00071
60 159 1.00064
61 159 1.00058
62 159 1.00054
63 159 1.00052
0 160 1.00084
1 160 1.00084
2 160 1.00086
3 160 1.00088
4 160 1.00091
5 160 1.00095
6 160 1.00099
7 160 1.00103
8 160 1.00106
9 160 1.00108
10 160 1.00108
11 160 1.00105
12 160 1.00100
13 160 1.00093
14 160 1.00084
15 160 1.00076
16 160 1.00068
17 160 1.00061
18 160 1.00058
19 160 1.00058
20 160 1.00060
21 160 1.00062
22 160 1.00062
23 160 1.00062
24 160 1.00060
25 160 1.00060
26 160 1.00060
27 160 1.00059
28 160 1.00059
29 160 1.00059
30 160 1.00058
31 160 1.00058
32 160 1.00058
33 160 1.00058
34 160 1.00059
35 160 1.00059
36 160 1.00059
37 160 1.00059
38 160 1.00060
39 160 1.00060
40 160 1.00060
41 160 1.00062
42 160 1.00062
43 160 1.00062
44 160 1.00060
45 160 1.00058
46 160 1.00058
47 160 1.00061
48 160 1.00068
49 160 1.00076
50 160 1.00084
51 160 1.00093
52 160 1.00100
53 160 1.00105
54 160 1.00108
55 160 1.00108
56 160 1.00106
57 160 1.00103
58 160 1.00099
59 160 1.00095
60 160 1.00091
61 160 1.00088
62 160 1.00086
63 160 1.00084
0 161 1.00103
1 161 1.00103
2 161 1.00104
3 161 1.00105
4 161 1.00106
5 161 1.00107
6 161 1.00108
7 161 1.00108
8 161 1.00107
9 161 1.00105
10 161 1.00101
11 161 1.00095
12 161 1.00088
13 161 1.00081
14 161 1.00074
15 161 1.00067
16 161 1.00062
17 161 1.00059
18 161 1.00059
19 161 1.00061
20 161 1.00063
21 161 1.00063
22 161 1.00063
23 161 1.00061
24 161 1.00061
25 161 1.00060
26 161 1.00060
27 161 1.00059
28 161 1.00059
29 161 1.00059
30 161 1.00059
31 161 1.00058
32 161 1.00058
33 161 1.00058
34 161 1.00059
35 161 1.00059
36 161 1.00059
37 161 1.00059
38 161 1.00060
39 161 1.00060
40 161 1.00061
41 161 1.00061
42 161 1.00063
43 161 1.00063
44 161 1.00063
45 161 1.00061
46 161 1.00059
47 161 1.00059
48 161 1.00062
49 161 1.00067
50 161 1.00074
51 161 1.00081
52 161 1.00088
53 161 1.00095
54 161 1.00101
55 161 1.00105
56 161 1.00107
57 161 1.00108
58 161 1.00108
59 161 1.00107
60 161 1.00106
61 161 1.00105
62 161 1.00104
63 161 1.00103
0 162 1.00108
1 162 1.00108
2 162 1.00108
3 162 1.00108
4 162 1.00107
5 162 1.00107
6 162 1.00105
7 162 1.00103
8 162 1.00099
9 162 1.00094
10 162 1.00089
11 162 1.00083
12 162 1.00077
13 162 1.00071
14 162 1.00066
15 162 1.00063
16 162 1.00061
17 162 1.00061
18 162 1.00062
19 162 1.00064
20 162 1.00064
21 162 1.00064
22 162 1.00063
23 162 1.00061
24 162 1.00061
25 162 1.00060
26 162 1.00060
27 162 1.00059
28 162 1.00059
29 162 1.00059
30 162 1.00059
31 162 1.00058
32 162 1.00058
33 162 1.00058
34 162 1.00059
35 162 1.00059
36 162 1.00059
37 162 1.00059
38 162 1.00060
39 162 1.00060
40 162 1.00061
41 162 1.00061
42 162 1.00063
43 162 1.00064
44 162 1.00064
45 162 1.00064
46 162 1.00062
47 162 1.00061
48 162 1.00061
49 162 1.00063
50 162 1.00066
51 162 1.00071
52 162 1.00077
53 162 1.00083
54 162 1.00089
55 162 1.00094
56 162 1.00099
57 162 1.00103
58 162 1.00105
59 162 1.00107
60 162 1.00107
61 162 1.00108
62 162 1.00108
63 162 1.00108
0 163 1.00104
1 163 1.00104
2 163 1.00103
3 163 1.00102
4 163 1.00100
5 163 1.00098
6 163 1.00094
7 163 1.00091
8 163 1.00087
9 163 1.00082
10 163 1.00077
11 163 1.00073
12 163 1.00068
13 163 1.00065
14 163 1.00063
15 163 1.00063
16 163 1.00063
17 163 1.00064
18 163 1.00065
19 163 1.00065
20 163 1.00065
21 163 1.00064
22 163 1.00062
23 163 1.00061
24 163 1.00061
25 163 1.00060
26 163 1.00060
27 163 1.00059
28 163 1.00059
29 163 1.00058
30 163 1.00058
31 163 1.00058
32 163 1.00057
33 163 1.00058
34 163 1.00058
35 163 1.00058
36 163 1.00059
37 163 1.00059
38 163 1.00060
39 163 1.00060
40 163 1.00061
41 163 1.00061
42 163 1.00062
43 163 1.00064
44 163 1.00065
45 163 1.00065
46 163 1.00065
47 163 1.00064
48 163 1.00063
49 163 1.00063
50 163 1.00063
51 163 1.00065
52 163 1.00068
53 163 1.00073
54 163 1.00077
55 163 1.00082
56 163 1.00087
57 163 1.00091
58 163 1.00094
59 163 1.00098
60 163 1.00100
61 163 1.00102
62 163 1.00103
63 163 1.00104
0 164 1.00093
1 164 1.00092
2 164 1.00091
3 164 1.00090
4 164 1.00088
5 164 1.00085
6 164 1.00082
7 164 1.00079
8 164 1.00076
9 164 1.00073
10 164 1.00069
11 164 1.00067
12 164 1.00065
13 164 1.00065
14 164 1.00065
15 164 1.00065
16 164 1.00065
17 164 1.00066
18 164 1.00066
19 164 1.00066
20 164 1.00065
21 164 1.00063
22 164 1.00062
23 164 1.00061
24 164 1.00061
25 164 1.00060
26 164 1.00059
27 164 1.00058
28 164 1.00058
29 164 1.00057
30 164 1.00057
31 164 1.00057
32 164 1.00057
33 164 1.00057
34 164 1.00057
35 164 1.00057
36 164 1.00058
37 164 1.00058
38 164 1.00059
39 164 1.00060
40 164 1.00061
41 164 1.00061
42 164 1.00062
43 164 1.00063
44 164 1.00065
45 164 1.00066
46 164 1.00066
47 164 1.00066
48 164 1.00065
49 164 1.00065
50 164 1.00065
51 164 1.00065
52 164 1.00065
53 164 1.00067
54 164 1.00070
55 164 1.00073
56 164 1.00076
57 164 1.00079
58 164 1.00082
59 164 1.00085
60 164 1.00088
61 164 1.00090
62 164 1.00091
63 164 1.00092
0 165 1.00081
1 165 1.00080
2 165 1.00080
3 165 1.00079
4 165 1.00077
5 165 1.00075
6 165 1.00073
7 165 1.00071
8 165 1.00069
9 165 1.00067
10 165 1.00066
11 165 1.00065
12 165 1.00066
13 165 1.00067
14 165 1.00067
15 165 1.00067
16 165 1.00067
17 165 1.00067
18 165 1.00067
19 165 1.00066
20 165 1.00064
21 165 1.00063
22 165 1.00062
23 165 1.00061
24 165 1.00060
25 165 1.00059
26 165 1.00058
27 165 1.00057
28 165 1.00056
29 165 1.00056
30 165 1.00055
31 165 1.00055
32 165 1.00055
33 165 1.00055
34 165 1.00055
35 165 1.00056
36 165 1.00056
37 165 1.00057
38 165 1.00058
39 165 1.00059
40 165 1.00060
41 165 1.00061
42 165 1.00062
43 165 1.00063
44 165 1.00064
45 165 1.00066
46 165 1.00067
47 165 1.00067
48 165 1.00067
49 165 1.00067
50 165 1.00067
51 165 1.00067
52 165 1.00066
53 165 1.00065
54 165 1.00066
55 165 1.00067
56 165 1.00069
57 165 1.00071
58 165 1.00073
59 165 1.00075
60 165 1.00077
61 165 1.00079
62 165 1.00080
63 165 1.00080
0 166 1.00073
1 166 1.00073
2 166 1.00073
3 166 1.00072
4 166 1.00071
5 166 1.00070
6 166 1.00069
7 166 1.00068
8 166 1.00067
9 166 1.00067
10 166 1.00068
11 166 1.00068
12 166 1.00068
13 166 1.00069
14 166 1.00069
15 166 1.00069
16 166 1.00069
17 166 1.00068
18 166 1.00067
19 166 1.00065
20 166 1.00063
21 166 1.00062
22 166 1.00061
23 166 1.00060
24 166 1.00059
25 166 1.00058
26 166 1.00057
27 166 1.00056
28 166 1.00055
29 166 1.00054
30 166 1.00054
31 166 1.00054
32 166 1.00054
33 166 1.00054
34 166 1.00054
35 166 1.00054
36 166 1.00055
37 166 1.00056
38 166 1.00057
39 166 1.00058
40 166 1.00059
41 166 1.00060
42 166 1.00061
43 166 1.00062
44 166 1.00063
45 166 1.00065
46 166 1.00067
47 166 1.00068
48 166 1.00069
49 166 1.00069
50 166 1.00069
51 166 1.00069
52 166 1.00068
53 166 1.00068
54 166 1.00068
55 166 1.00067
56 166 1.00067
57 166 1.00068
58 166 1.00069
59 166 1.00070
60 166 1.00071
61 166 1.00072
62 166 1.00073
63 166 1.00073
0 167 1.00069
1 167 1.00069
2 167 1.00069
3 167 1.00069
4 167 1.00069
5 167 1.00069
6 167 1.00068
7 167 1.00069
8 167 1.00069
9 167 1.00069
10 167 1.00070
11 167 1.00070
12 167 1.00070
13 167 1.00070
14 167 1.00070
15 167 1.00070
16 167 1.00068
17 167 1.00067
18 167 1.00065
19 167 1.00064
20 167 1.00062
21 167 1.00061
22 167 1.00060
23 167 1.00058
24 167 1.00057
25 167 1.00056
26 167 1.00055
27 167 1.00054
28 167 1.00053
29 167 1.00053
30 167 1.00052
31 167 1.00052
32 167 1.00052
33 167 1.00052
34 167 1.00052
35 167 1.00053
36 167 1.00053
37 167 1.00054
38 167 1.00055
39 167 1.00056
40 167 1.00057
41 167 1.00058
42 167 1.00060
43 167 1.00061
44 167 1.00062
45 167 1.00064
46 167 1.00065
47 167 1.00067
48 167 1.00068
49 167 1.00070
50 167 1.00070
51 167 1.00070
52 167 1.00070
53 167 1.00070
54 167 1.00070
55 167 1.00069
56 167 1.00069
57 167 1.00069
58 167 1.00068
59 167 1.00069
60 167 1.00069
61 167 1.00069
62 167 1.00069
63 167 1.00069
0 168 1.00070
1 168 1.00070
2 168 1.00070
3 168 1.00070
4 168 1.00070
5 168 1.00071
6 168 1.00071
7 168 1.00071
8 168 1.00072
9 168 1.00072
10 168 1.00072
11 168 1.00072
12 168 1.00072
13 168 1.00071
14 168 1.00070
15 168 1.00069
16 168 1.00068
17 168 1.00066
18 168 1.00064
19 168 1.00062
20 168 1.00061
21 168 1.00059
22 168 1.00058
23 168 1.00057
24 168 1.00055
25 168 1.00054
26 168 1.00053
27 168 1.00052
28 168 1.00051
29 168 1.00051
30 168 1.00050
31 168 1.00050
32 168 1.00050
33 168 1.00050
34 168 1.00050
35 168 1.00051
36 168 1.00051
37 168 1.00052
38 168 1.00053
39 168 1.00054
40 168 1.00055
41 168 1.00057
42 168 1.00058
43 168 1.00059
44 168 1.00061
45 168 1.00062
46 168 1.00064
47 168 1.00066
48 168 1.00068
49 168 1.00069
50 168 1.00070
51 168 1.00071
52 168 1.00072
53 168 1.00072
54 168 1.00072
55 168 1.00072
56 168 1.00072
57 168 1.00071
58 168 1.00071
59 168 1.00071
60 168 1.00070
61 168 1.00070
62 168 1.00070
63 168 1.00070
0 169 1.00072
1 169 1.00072
2 169 1.00072
3 169 1.00072
4 169 1.00073
5 169 1.00073
6 169 1.00074
7 169 1.00074
8 169 1.00074
9 169 1.00074
10 169 1.00073
11 169 1.00073
12 169 1.00072
13 169 1.00071
14 169 1.00069
15 169 1.00068
16 169 1.00066
17 169 1.00064
18 169 1.00062
19 169 1.00061
20 169 1.00059
21 169 1.00058
22 169 1.00056
23 169 1.00055
24 169 1.00053
25 169 1.00052
26 169 1.00051
27 169 1.00050
28 169 1.00049
29 169 1.00048
30 169 1.00048
31 169 1.00048
32 169 1.00047
33 169 1.00048
34 169 1.00048
35 169 1.00048
36 169 1.00049
37 169 1.00050
38 169 1.00051
39 169 1.00052
40 169 1.00053
41 169 1.00055
42 169 1.00056
43 169 1.00058
44 169 1.00059
45 169 1.00061
46 169 1.00062
47 169 1.00064
48 169 1.00066
49 169 1.00068
50 169 1.00069
51 169 1.00071
52 169 1.00072
53 169 1.00073
54 169 1.00073
55 169 1.00074
56 169 1.00074
57 169 1.00074
58 169 1.00074
59 169 1.00073
60 169 1.00073
61 169 1.00072
62 169 1.00072
63 169 1.00072
0 170 1.00075
1 170 1.00075
2 170 1.00075
3 170 1.00076
4 170 1.00076
5 170 1.00076
6 170 1.00075
7 170 1.00075
8 170 1.00075
9 170 1.00074
10 170 1.00074
11 170 1.00072
12 170 1.00071
13 170 1.00069
14 170 1.00067
15 170 1.00066
16 170 1.00064
17 170 1.00062
18 170 1.00060
19 170 1.00059
20 170 1.00057
21 170 1.00055
22 170 1.00054
23 170 1.00052
24 170 1.00051
25 170 1.00049
26 170 1.00048
27 170 1.00047
28 170 1.00047
29 170 1.00046
30 170 1.00045
31 170 1.00045
32 170 1.00045
33 170 1.00045
34 170 1.00045
35 170 1.00046
36 170 1.00047
37 170 1.00047
38 170 1.00048
39 170 1.00049
40 170 1.00051
41 170 1.00052
42 170 1.00054
43 170 1.00055
44 170 1.00057
45 170 1.00059
46 170 1.00060
47 170 1.00062
48 170 1.00064
49 170 1.00066
50 170 1.00067
51 170 1.00069
52 170 1.00071
53 170 1.00072
54 170 1.00074
55 170 1.00074
56 170 1.00075
57 170 1.00075
58 170 1.00075
59 170 1.00076
60 170 1.00076
61 170 1.00076
62 170 1.00075
63 170 1.00075
0 171 1.00077
1 171 1.00077
2 171 1.00077
3 171 1.00077
4 171 1.00077
5 171 1.00076
6 171 1.00076
7 171 1.00075
8 171 1.00074
9 171 1.00073
10 171 1.00072
11 171 1.00070
12 171 1.00069
13 171 1.00067
14 171 1.00065
15 171 1.00063
16 171 1.00061
17 171 1.00060
18 171 1.00058
19 171 1.00056
20 171 1.00054
21 171 1.00053
22 171 1.00051
23 171 1.00049
24 171 1.00048
25 171 1.00047
26 171 1.00046
27 171 1.00045
28 171 1.00044
29 171 1.00043
30 171 1.00043
31 171 1.00042
32 171 1.00042
33 171 1.00042
34 171 1.00043
35 171 1.00043
36 171 1.00044
37 171 1.00045
38 171 1.00046
39 171 1.00047
40 171 1.00048
41 171 1.00049
42 171 1.00051
43 171 1.00053
44 171 1.00054
45 171 1.00056
46 171 1.00058
47 171 1.00060
48 171 1.00061
49 171 1.00063
50 171 1.00065
51 171 1.00067
52 171 1.00069
53 171 1.00070
54 171 1.00072
55 171 1.00073
56 171 1.00074
57 171 1.00075
58 171 1.00076
59 171 1.00076
60 171 1.00077
61 171 1.00077
62 171 1.00077
63 171 1.00077
0 172 1.00077
1 172 1.00077
2 172 1.00077
3 172 1.00076
4 172 1.00076
5 172 1.00075
6 172 1.00075
7 172 1.00074
8 172 1.00073
9 172 1.00071
10 172 1.00070
11 172 1.00068
12 172 1.00066
13 172 1.00064
14 172 1.00063
15 172 1.00061
16 172 1.00059
17 172 1.00057
18 172 1.00055
19 172 1.00054
20 172 1.00052
21 172 1.00050
22 172 1.00048
23 172 1.00047
24 172 1.00045
25 172 1.00044
26 172 1.00043
27 172 1.00042
28 172 1.00041
29 172 1.00040
30 172 1.00040
31 172 1.00039
32 172 1.00039
33 172 1.00039
34 172 1.00040
35 172 1.00040
36 172 1.00041
37 172 1.00042
38 172 1.00043
39 172 1.00044
40 172 1.00045
41 172 1.00047
42 172 1.00048
43 172 1.00050
44 172 1.00052
45 172 1.00054
46 172 1.00055
47 172 1.00057
48 172 1.00059
49 172 1.00061
50 172 1.00063
51 172 1.00064
52 172 1.00066
53 172 1.00068
54 172 1.00070
55 172 1.00071
56 172 1.00073
57 172 1.00074
58 172 1.00075
59 172 1.00075
60 172 1.00076
61 172 1.00076
62 172 1.00077
63 172 1.00077
0 173 1.00075
1 173 1.00075
2 173 1.00075
3 173 1.00075
4 173 1.00074
5 173 1.00073
6 173 1.00072
7 173 1.00071
8 173 1.00069
9 173 1.00068
10 173 1.00066
11 173 1.00065
12 173 1.00063
13 173 1.00061
14 173 1.00060
15 173 1.00058
16 173 1.00056
17 173 1.00054
18 173 1.00052
19 173 1.00050
20 173 1.00049
21 173 1.00047
22 173 1.00045
23 173 1.00043
24 173 1.00042
25 173 1.00041
26 173 1.00040
27 173 1.00038
28 173 1.00038
29 173 1.00037
30 173 1.00036
31 173 1.00036
32 173 1.00036
33 173 1.00036
34 173 1.00036
35 173 1.00037
36 173 1.00038
37 173 1.00039
38 173 1.00040
39 173 1.00041
40 173 1.00042
41 173 1.00043
42 173 1.00045
43 173 1.00047
44 173 1.00049
45 173 1.00050
46 173 1.00052
47 173 1.00054
48 173 1.00056
49 173 1.00058
50 173 1.00060
51 173 1.00061
52 173 1.00063
53 173 1.00065
54 173 1.00066
55 173 1.00068
56 173 1.00069
57 173 1.00071
58 173 1.00072
59 173 1.00073
60 173 1.00074
61 173 1.00075
62 173 1.00075
63 173 1.00075
0 174 1.00072
1 174 1.00072
2 174 1.00072
3 174 1.00071
4 174 1.00070
5 174 1.00070
6 174 1.00069
7 174 1.00068
8 174 1.00066
9 174 1.00065
10 174 1.00063
11 174 1.00062
12 174 1.00060
13 174 1.00058
14 174 1.00057
15 174 1.00055
16 174 1.00053
17 174 1.00051
18 174 1.00049
19 174 1.00047
20 174 1.00045
21 174 1.00044
22 174 1.00042
23 174 1.00040
24 174 1.00039
25 174 1.00037
26 174 1.00036
27 174 1.00035
28 174 1.00034
29 174 1.00034
30 174 1.00033
31 174 1.00033
32 174 1.00033
33 174 1.00033
34 174 1.00033
35 174 1.00034
36 174 1.00034
37 174 1.00035
38 174 1.00036
39 174 1.00038
40 174 1.00039
41 174 1.00040
42 174 1.00042
43 174 1.00044
44 174 1.00045
45 174 1.00047
46 174 1.00049
47 174 1.00051
48 174 1.00053
49 174 1.00055
50 174 1.00057
51 174 1.00058
52 174 1.00060
53 174 1.00062
54 174 1.00063
55 174 1.00065
56 174 1.00066
57 174 1.00068
58 174 1.00069
59 174 1.00070
60 174 1.00070
61 174 1.00071
62 174 1.00072
63 174 1.00072
0 175 1.00068
1 175 1.00068
2 175 1.00068
3 175 1.00067
4 175 1.00067
5 175 1.00066
6 175 1.00065
7 175 1.00064
8 175 1.00063
9 175 1.00061
10 175 1.00060
11 175 1.00058
12 175 1.00057
13 175 1.00055
14 175 1.00053
15 175 1.00051
16 175 1.00049
17 175 1.00047
18 175 1.00045
19 175 1.00044
20 175 1.00042
21 175 1.00040
22 175 1.00038
23 175 1.00037
24 175 1.00035
25 175 1.00034
26 175 1.00033
27 175 1.00032
28 175 1.00031
29 175 1.00030
30 175 1.00030
31 175 1.00030
32 175 1.00029
33 175 1.00030
34 175 1.00030
35 175 1.00030
36 175 1.00031
37 175 1.00032
38 175 1.00033
39 175 1.00034
40 175 1.00035
41 175 1.00037
42 175 1.00038
43 175 1.00040
44 175 1.00042
45 175 1.00044
46 175 1.00045
47 175 1.00047
48 175 1.00049
49 175 1.00051
50 175 1.00053
51 175 1.00055
52 175 1.00057
53 175 1.00058
54 175 1.00060
55 175 1.00061
56 175 1.00063
57 175 1.00064
58 175 1.00065
59 175 1.00066
60 175 1.00067
61 175 1.00067
62 175 1.00068
63 175 1.00068
0 176 1.00065
1 176 1.00064
2 176 1.00064
3 176 1.00064
4 176 1.00063
5 176 1.00062
6 176 1.00061
7 176 1.00060
8 176 1.00059
9 176 1.00058
10 176 1.00056
11 176 1.00055
12 176 1.00053
13 176 1.00051
14 176 1.00049
15 176 1.00048
16 176 1.00046
17 176 1.00044
18 176 1.00042
19 176 1.00040
20 176 1.00038
21 176 1.00036
22 176 1.00035
23 176 1.00033
24 176 1.00032
25 176 1.00031
26 176 1.00029
27 176 1.00028
28 176 1.00028
29 176 1.00027
30 176 1.00026
31 176 1.00026
32 176 1.00026
33 176 1.00026
34 176 1.00026
35 176 1.00027
36 176 1.00028
37 176 1.00028
38 176 1.00029
39 176 1.00031
40 176 1.00032
41 176 1.00033
42 176 1.00035
43 176 1.00036
44 176 1.00038
45 176 1.00040
46 176 1.00042
47 176 1.00044
48 176 1.00046
49 176 1.00048
50 176 1.00049
51 176 1.00051
52 176 1.00053
53 176 1.00055
54 176 1.00056
55 176 1.00058
56 176 1.00059
57 176 1.00060
58 176 1.00061
59 176 1.00062
60 176 1.00063
61 176 1.00064
62 176 1.00064
63 176 1.00064
0 177 1.00060
1 177 1.00060
2 177 1.00060
3 177 1.00060
4 177 1.00059
5 177 1.00058
6 177 1.00057
7 177 1.00056
8 177 1.00055
9 177 1.00054
10 177 1.00052
11 177 1.00051
12 177 1.00049
13 177 1.00047
14 177 1.00045
15 177 1.00044
16 177 1.00042
17 177 1.00040
18 177 1.00038
19 177 1.00036
20 177 1.00034
21 177 1.00033
22 177 1.00031
23 177 1.00029
24 177 1.00028
25 177 1.00027
26 177 1.00026
27 177 1.00025
28 177 1.00024
29 177 1.00023
30 177 1.00023
31 177 1.00022
32 177 1.00022
33 177 1.00022
34 177 1.00023
35 177 1.00023
36 177 1.00024
37 177 1.00025
38 177 1.00026
39 177 1.00027
40 177 1.00028
41 177 1.00029
42 177 1.00031
43 177 1.00033
44 177 1.00034
45 177 1.00036
46 177 1.00038
47 177 1.00040
48 177 1.00042
49 177 1.00044
50 177 1.00045
51 177 1.00047
52 177 1.00049
53 177 1.00051
54 177 1.00052
55 177 1.00054
56 177 1.00055
57 177 1.00056
58 177 1.00057
59 177 1.00058
60 177 1.00059
61 177 1.00060
62 177 1.00060
63 177 1.00060
0 178 1.00056
1 178 1.00056
2 178 1.00056
3 178 1.00056
4 178 1.00055
5 178 1.00054
6 178 1.00053
7 178 1.00052
8 178 1.00051
9 178 1.00050
10 178 1.00048
11 178 1.00047
12 178 1.00045
13 178 1.00043
14 178 1.00041
15 178 1.00040
16 178 1.00038
17 178 1.00036
18 178 1.00034
19 178 1.00032
20 178 1.00031
21 178 1.00029
22 178 1.00027
23 178 1.00026
24 178 1.00024
25 178 1.00023
26 178 1.00022
27 178 1.00021
28 178 1.00020
29 178 1.00020
30 178 1.00019
31 178 1.00019
32 178 1.00019
33 178 1.00019
34 178 1.00019
35 178 1.00020
36 178 1.00020
37 178 1.00021
38 178 1.00022
39 178 1.00023
40 178 1.00024
41 178 1.00026
42 178 1.00027
43 178 1.00029
44 178 1.00031
45 178 1.00032
46 178 1.00034
47 178 1.00036
48 178 1.00038
49 178 1.00040
50 178 1.00042
51 178 1.00043
52 178 1.00045
53 178 1.00047
54 178 1.00048
55 178 1.00050
56 178 1.00051
57 178 1.00052
58 178 1.00053
59 178 1.00054
60 178 1.00055
61 178 1.00056
62 178 1.00056
63 178 1.00056
0 179 1.00052
1 179 1.00052
2 179 1.00052
3 179 1.00051
4 179 1.00051
5 179 1.00050
6 179 1.00049
7 179 1.00048
8 179 1.00047
9 179 1.00045
10 179 1.00044
11 179 1.00042
12 179 1.00041
13 179 1.00039
14 179 1.00037
15 179 1.00035
16 179 1.00034
17 179 1.00032
18 179 1.00030
19 179 1.00028
20 179 1.00027
21 179 1.00025
22 179 1.00023
23 179 1.00022
24 179 1.00021
25 179 1.00019
26 179 1.00018
27 179 1.00017
28 179 1.00016
29 179 1.00016
30 179 1.00015
31 179 1.00015
32 179 1.00015
33 179 1.00015
34 179 1.00015
35 179 1.00016
36 179 1.00016
37 179 1.00017
38 179 1.00018
39 179 1.00019
40 179 1.00021
41 179 1.00022
42 179 1.00023
43 179 1.00025
44 179 1.00027
45 179 1.00028
46 179 1.00030
47 179 1.00032
48 179 1.00034
49 179 1.00035
50 179 1.00037
51 179 1.00039
52 179 1.00041
53 179 1.00042
54 179 1.00044
55 179 1.00045
56 179 1.00047
57 179 1.00048
58 179 1.00049
59 179 1.00050
60 179 1.00051
61 179 1.00051
62 179 1.00052
63 179 1.00052
0 180 1.00048
1 180 1.00048
2 180 1.00047
3 180 1.00047
4 180 1.00046
5 180 1.00045
6 180 1.00045
7 180 1.00044
8 180 1.00042
9 180 1.00041
10 180 1.00040
11 180 1.00038
12 180 1.00037
13 180 1.00035
14 180 1.00033
15 180 1.00031
16 180 1.00030
17 180 1.00028
18 180 1.00026
19 180 1.00024
20 180 1.00023
21 180 1.00021
22 180 1.00020
23 180 1.00018
24 180 1.00017
25 180 1.00016
26 180 1.00015
27 180 1.00014
28 180 1.00013
29 180 1.00012
30 180 1.00012
31 180 1.00012
32 180 1.00011
33 180 1.00012
34 180 1.00012
35 180 1.00012
36 180 1.00013
37 180 1.00014
38 180 1.00015
39 180 1.00016
40 180 1.00017
41 180 1.00018
42 180 1.00020
43 180 1.00021
44 180 1.00023
45 180 1.00024
46 180 1.00026
47 180 1.00028
48 180 1.00030
49 180 1.00031
50 180 1.00033
51 180 1.00035
52 180 1.00037
53 180 1.00038
54 180 1.00040
55 180 1.00041
56 180 1.00042
57 180 1.00044
58 180 1.00045
59 180 1.00045
60 180 1.00046
61 180 1.00047
62 180 1.00047
63 180 1.00048
0 181 1.00043
1 181 1.00043
2 181 1.00043
3 181 1.00042
4 181 1.00042
5 181 1.00041
6 181 1.00040
7 181 1.00039
8 181 1.00038
9 181 1.00036
10 181 1.00035
11 181 1.00034
12 181 1.00032
13 181 1.00030
14 181 1.00029
15 181 1.00027
16 181 1.00025
17 181 1.00024
18 181 1.00022
19 181 1.00020
20 181 1.00019
21 181 1.00017
22 181 1.00016
23 181 1.00014
24 181 1.00013
25 181 1.00012
26 181 1.00011
27 181 1.00010
28 181 1.00009
29 181 1.00008
30 181 1.00008
31 181 1.00008
32 181 1.00008
33 181 1.00008
34 181 1.00008
35 181 1.00008
36 181 1.00009
37 181 1.00010
38 181 1.00011
39 181 1.00012
40 181 1.00013
41 181 1.00014
42 181 1.00016
43 181 1.00017
44 181 1.00019
45 181 1.00020
46 181 1.00022
47 181 1.00024
48 181 1.00025
49 181 1.00027
50 181 1.00029
51 181 1.00030
52 181 1.00032
53 181 1.00034
54 181 1.00035
55 181 1.00036
56 181 1.00038
57 181 1.00039
58 181 1.00040
59 181 1.00041
60 181 1.00042
61 181 1.00042
62 181 1.00043
63 181 1.00043
0 182 1.00038
1 182 1.00038
2 182 1.00038
3 182 1.00038
4 182 1.00037
5 182 1.00036
6 182 1.00035
7 182 1.00034
8 182 1.00033
9 182 1.00032
10 182 1.00031
11 182 1.00029
12 182 1.00028
13 182 1.00026
14 182 1.00025
15 182 1.00023
16 182 1.00021
17 182 1.00020
18 182 1.00018
19 182 1.00016
20 182 1.00015
21 182 1.00013
22 182 1.00012
23 182 1.00011
24 182 1.00009
25 182 1.00008
26 182 1.00007
27 182 1.00006
28 182 1.00006
29 182 1.00005
30 182 1.00005
31 182 1.00004
32 182 1.00004
33 182 1.00004
34 182 1.00005
35 182 1.00005
36 182 1.00006
37 182 1.00006
38 182 1.00007
39 182 1.00008
40 182 1.00009
41 182 1.00011
42 182 1.00012
43 182 1.00013
44 182 1.00015
45 182 1.00016
46 182 1.00018
47 182 1.00020
48 182 1.00021
49 182 1.00023
50 182 1.00025
51 182 1.00026
52 182 1.00028
53 182 1.00029
54 182 1.00031
55 182 1.00032
56 182 1.00033
57 182 1.00034
58 182 1.00035
59 182 1.00036
60 182 1.00037
61 182 1.00038
62 182 1.00038
63 182 1.00038
0 183 1.00034
1 183 1.00033
2 183 1.00033
3 183 1.00033
4 183 1.00032
5 183 1.00032
6 183 1.00031
7 183 1.00030
8 183 1.00029
9 183 1.00028
10 183 1.00026
11 183 1.00025
12 183 1.00023
13 183 1.00022
14 183 1.00020
15 183 1.00019
16 183 1.00017
17 183 1.00016
18 183 1.00014
19 183 1.00012
20 183 1.00011
21 183 1.00009
22 183 1.00008
23 183 1.00007
24 183 1.00006
25 183 1.00004
26 183 1.00003
27 183 1.00003
28 183 1.00002
29 183 1.00001
30 183 1.00001
31 183 1.00001
32 183 1.00001
33 183 1.00001
34 183 1.00001
35 183 1.00001
36 183 1.00002
37 183 1.00003
38 183 1.00003
39 183 1.00004
40 183 1.00006
41 183 1.00007
42 183 1.00008
43 183 1.00009
44 183 1.00011
45 183 1.00012
46 183 1.00014
47 183 1.00016
48 183 1.00017
49 183 1.00019
50 183 1.00020
51 183 1.00022
52 183 1.00024
53 183 1.00025
54 183 1.00026
55 183 1.00028
56 183 1.00029
57 183 1.00030
58 183 1.00031
59 183 1.00032
60 183 1.00032
61 183 1.00033
62 183 1.00033
63 183 1.00033
0 184 1.00029
1 184 1.00029
2 184 1.00029
3 184 1.00028
4 184 1.00028
5 184 1.00027
6 184 1.00026
7 184 1.00026
8 184 1.00024
9 184 1.00023
10 184 1.00022
11 184 1.00021
12 184 1.00019
13 184 1.00018
14 184 1.00016
15 184 1.00015
16 184 1.00013
17 184 1.00012
18 184 1.00010
19 184 1.00009
20 184 1.00007
21 184 1.00006
22 184 1.00004
23 184 1.00003
24 184 1.00002
25 184 1.00001
26 184 1.00000
27 184 0.99999
28 184 0.99999
29 184 0.99998
30 184 0.99998
31 184 0.99997
32 184 0.99997
33 184 0.99997
34 184 0.99998
35 184 0.99998
36 184 0.99999
37 184 0.99999
38 184 1.00000
39 184 1.00001
40 184 1.00002
41 184 1.00003
42 184 1.00004
43 184 1.00006
44 184 1.00007
45 184 1.00009
46 184 1.00010
47 184 1.00012
48 184 1.00013
49 184 1.00015
50 184 1.00016
51 184 1.00018
52 184 1.00019
53 184 1.00021
54 184 1.00022
55 184 1.00023
56 184 1.00025
57 184 1.00026
58 184 1.00026
59 184 1.00027
60 184 1.00028
61 184 1.00028
62 184 1.00029
63 184 1.00029
0 185 1.00025
1 185 1.00025
2 185 1.00024
3 185 1.00024
4 185 1.00023
5 185 1.00023
6 185 1.00022
7 185 1.00021
8 185 1.00020
9 185 1.00019
10 185 1.00018
11 185 1.00017
12 185 1.00015
13 185 1.00014
14 185 1.00012
15 185 1.00011
16 185 1.00009
17 185 1.00008
18 185 1.00006
19 185 1.00005
20 185 1.00004
21 185 1.00002
22 185 1.00001
23 185 1.00000
24 185 0.99999
25 185 0.99997
26 185 0.99997
27 185 0.99996
28 185 0.99995
29 185 0.99995
30 185 0.99994
31 185 0.99994
32 185 0.99994
33 185 0.99994
34 185 0.99994
35 185 0.99995
36 185 0.99995
37 185 0.99996
38 185 0.99997
39 185 0.99997
40 185 0.99999
41 185 1.00000
42 185 1.00001
43 185 1.00002
44 185 1.00004
45 185 1.00005
46 185 1.00006
47 185 1.00008
48 185 1.00009
49 185 1.00011
50 185 1.00012
51 185 1.00014
52 185 1.00015
53 185 1.00017
54 185 1.00018
55 185 1.00019
56 185 1.00020
57 185 1.00021
58 185 1.00022
59 185 1.00023
60 185 1.00023
61 185 1.00024
62 185 1.00024
63 185 1.00025
0 186 1.00020
1 186 1.00020
2 186 1.00020
3 186 1.00020
4 186 1.00019
5 186 1.00019
6 186 1.00018
7 186 1.00017
8 186 1.00016
9 186 1.00015
10 186 1.00014
11 186 1.00013
12 186 1.00011
13 186 1.00010
14 186 1.00009
15 186 1.00007
16 186 1.00006
17 186 1.00004
18 186 1.00003
19 186 1.00002
20 186 1.00000
21 186 0.99999
22 186 0.99998
23 186 0.99996
24 186 0.99995
25 186 0.99994
26 186 0.99994
27 186 0.99993
28 186 0.99992
29 186 0.99992
30 186 0.99991
31 186 0.99991
32 186 0.99991
33 186 0.99991
34 186 0.99991
35 186 0.99992
36 186 0.99992
37 186 0.99993
38 186 0.99993
39 186 0.99994
40 186 0.99995
41 186 0.99996
42 186 0.99998
43 186 0.99999
44 186 1.00000
45 186 1.00002
46 186 1.00003
47 186 1.00004
48 186 1.00006
49 186 1.00007
50 186 1.00009
51 186 1.00010
52 186 1.00011
53 186 1.00013
54 186 1.00014
55 186 1.00015
56 186 1.00016
57 186 1.00017
58 186 1.00018
59 186 1.00019
60 186 1.00019
61 186 1.00020
62 186 1.00020
63 186 1.00020
0 187 1.00016
1 187 1.00016
2 187 1.00016
3 187 1.00016
4 187 1.00015
5 187 1.00014
6 187 1.00014
7 187 1.00013
8 187 1.00012
9 187 1.00011
10 187 1.00010
11 187 1.00009
12 187 1.00008
13 187 1.00006
14 187 1.00005
15 187 1.00004
16 187 1.00002
17 187 1.00001
18 187 0.99999
19 187 0.99998
20 187 0.99997
21 187 0.99996
22 187 0.99994
23 187 0.99993
24 187 0.99992
25 187 0.99991
26 187 0.99990
27 187 0.99990
28 187 0.99989
29 187 0.99989
30 187 0.99988
31 187 0.99988
32 187 0.99988
33 187 0.99988
34 187 0.99988
35 187 0.99989
36 187 0.99989
37 187 0.99990
38 187 0.99990
39 187 0.99991
40 187 0.99992
41 187 0.99993
42 187 0.99994
43 187 0.99996
44 187 0.99997
45 187 0.99998
46 187 0.99999
47 187 1.00001
48 187 1.00002
49 187 1.00004
50 187 1.00005
51 187 1.00006
52 187 1.00008
53 187 1.00009
54 187 1.00010
55 187 1.00011
56 187 1.00012
57 187 1.00013
58 187 1.00014
59 187 1.00015
60 187 1.00015
61 187 1.00016
62 187 1.00016
63 187 1.00016
0 188 1.00012
1 188 1.00012
2 188 1.00012
3 188 1.00012
4 188 1.00011
5 188 1.00011
6 188 1.00010
7 188 1.00009
8 188 1.00008
9 188 1.00008
10 188 1.00006
11 188 1.00005
12 188 1.00004
13 188 1.00003
14 188 1.00002
15 188 1.00000
16 188 0.99999
17 188 0.99998
18 188 0.99996
19 188 0.99995
20 188 0.99994
21 188 0.99993
22 188 0.99992
23 188 0.99990
24 188 0.99989
25 188 0.99989
26 188 0.99988
27 188 0.99987
28 188 0.99987
29 188 0.99986
30 188 0.99986
31 188 0.99986
32 188 0.99985
33 188 0.99986
34 188 0.99986
35 188 0.99986
36 188 0.99987
37 188 0.99987
38 188 0.99988
39 188 0.99989
40 188 0.99989
41 188 0.99990
42 188 0.99992
43 188 0.99993
44 188 0.99994
45 188 0.99995
46 188 0.99996
47 188 0.99998
48 188 0.99999
49 188 1.00000
50 188 1.00002
51 188 1.00003
52 188 1.00004
53 188 1.00005
54 188 1.00007
55 188 1.00008
56 188 1.00008
57 188 1.00009
58 188 1.00010
59 188 1.00011
60 188 1.00011
61 188 1.00012
62 188 1.00012
63 188 1.00012
0 189 1.00009
1 189 1.00008
2 189 1.00008
3 189 1.00008
4 189 1.00008
5 189 1.00007
6 189 1.00006
7 189 1.00006
8 189 1.00005
9 189 1.00004
10 189 1.00003
11 189 1.00002
12 189 1.00001
13 189 1.00000
14 189 0.99998
15 189 0.99997
16 189 0.99996
17 189 0.99995
18 189 0.99993
19 189 0.99992
20 189 0.99991
21 189 0.99990
22 189 0.99989
23 189 0.99988
24 189 0.99987
25 189 0.99986
26 189 0.99985
27 189 0.99985
28 189 0.99984
29 189 0.99984
30 189 0.99983
31 189 0.99983
32 189 0.99983
33 189 0.99983
34 189 0.99983
35 189 0.99984
36 189 0.99984
37 189 0.99985
38 189 0.99985
39 189 0.99986
40 189 0.99987
41 189 0.99988
42 189 0.99989
43 189 0.99990
44 189 0.99991
45 189 0.99992
46 189 0.99993
47 189 0.99995
48 189 0.99996
49 189 0.99997
50 189 0.99998
51 189 1.00000
52 189 1.00001
53 189 1.00002
54 189 1.00003
55 189 1.00004
56 189 1.00005
57 189 1.00006
58 189 1.00006
59 189 1.00007
60 189 1.00008
61 189 1.00008
62 189 1.00008
63 189 1.00008
0 190 1.00005
1 190 1.00005
2 190 1.00005
3 190 1.00005
4 190 1.00004
5 190 1.00004
6 190 1.00003
7 190 1.00002
8 190 1.00002
9 190 1.00001
10 190 1.00000
11 190 0.99999
12 190 0.99998
13 190 0.99997
14 190 0.99996
15 190 0.99994
16 190 0.99993
17 190 0.99992
18 190 0.99991
19 190 0.99990
20 190 0.99989
21 190 0.99988
22 190 0.99987
23 190 0.99986
24 190 0.99985
25 190 0.99984
26 190 0.99983
27 190 0.99982
28 190 0.99982
29 190 0.99982
30 190 0.99981
31 190 0.99981
32 190 0.99981
33 190 0.99981
34 190 0.99981
35 190 0.99982
36 190 0.99982
37 190 0.99982
38 190 0.99983
39 190 0.99984
40 190 0.99985
41 190 0.99986
42 190 0.99986
43 190 0.99988
44 190 0.99989
45 190 0.99990
46 190 0.99991
47 190 0.99992
48 190 0.99993
49 190 0.99994
50 190 0.99996
51 190 0.99997
52 190 0.99998
53 190 0.99999
54 190 1.00000
55 190 1.00001
56 190 1.00002
57 190 1.00002
58 190 1.00003
59 190 1.00004
60 190 1.00004
61 190 1.00005
62 190 1.00005
63 190 1.00005
0 191 1.00002
1 191 1.00002
2 191 1.00002
3 191 1.00001
4 191 1.00001
5 191 1.00000
6 191 1.00000
7 191 0.99999
8 191 0.99998
9 191 0.99998
10 191 0.99997
11 191 0.99996
12 191 0.99995
13 191 0.99994
14 191 0.99993
15 191 0.99992
16 191 0.99991
17 191 0.99989
18 191 0.99988
19 191 0.99987
20 191 0.99986
21 191 0.99985
22 191 0.99984
23 191 0.99983
24 191 0.99982
25 191 0.99982
26 191 0.99981
27 191 0.99980
28 191 0.99980
29 191 0.99979
30 191 0.99979
31 191 0.99979
32 191 0.99979
33 191 0.99979
34 191 0.99979
35 191 0.99979
36 191 0.99980
37 191 0.99980
38 191 0.99981
39 191 0.99982
40 191 0.99982
41 191 0.99983
42 191 0.99984
43 191 0.99985
44 191 0.99986
45 191 0.99987
46 191 0.99988
47 191 0.99989
48 191 0.99991
49 191 0.99992
50 191 0.99993
51 191 0.99994
52 191 0.99995
53 191 0.99996
54 191 0.99997
55 191 0.99998
56 191 0.99998
57 191 0.99999
58 191 1.00000
59 191 1.00000
60 191 1.00001
61 191 1.00001
62 191 1.00002
63 191 1.00002
0 192 0.99999
1 192 0.99999
2 192 0.99999
3 192 0.99998
4 192 0.99998
5 192 0.99997
6 192 0.99997
7 192 0.99996
8 192 0.99996
9 192 0.99995
10 192 0.99994
11 192 0.99993
12 192 0.99992
13 192 0.99991
14 192 0.99990
15 192 0.99989
16 192 0.99988
17 192 0.99987
18 192 0.99986
19 192 0.99985
20 192 0.99984
21 192 0.99983
22 192 0.99982
23 192 0.99981
24 192 0.99981
25 192 0.99980
26 192 0.99979
27 192 0.99979
28 192 0.99978
29 192 0.99978
30 192 0.99978
31 192 0.99978
32 192 0.99978
33 192 0.99978
34 192 0.99978
35 192 0.99978
36 192 0.99978
37 192 0.99979
38 192 0.99979
39 192 0.99980
40 192 0.99981
41 192 0.99981
42 192 0.99982
43 192 0.99983
44 192 0.99984
45 192 0.99985
46 192 0.99986
47 192 0.99987
48 192 0.99988
49 192 0.99989
50 192 0.99990
51 192 0.99991
52 192 0.99992
53 192 0.99993
54 192 0.99994
55 192 0.99995
56 192 0.99996
57 192 0.99996
58 192 0.99997
59 192 0.99997
60 192 0.99998
61 192 0.99998
62 192 0.99999
63 192 0.99999
0 193 0.99996
1 193 0.99996
2 193 0.99995
3 193 0.99995
4 193 0.99995
5 193 0.99994
6 193 0.99994
7 193 0.99993
8 193 0.99993
9 193 0.99992
10 193 0.99991
11 193 0.99990
12 193 0.99990
13 193 0.99989
14 193 0.99988
15 193 0.99987
16 193 0.99986
17 193 0.99985
18 193 0.99984
19 193 0.99983
20 193 0.99982
21 193 0.99981
22 193 0.99980
23 193 0.99979
24 193 0.99979
25 193 0.99978
26 193 0.99978
27 193 0.99977
28 193 0.99977
29 193 0.99976
30 193 0.99976
31 193 0.99976
32 193 0.99976
33 193 0.99976
34 193 0.99976
35 193 0.99976
36 193 0.99977
37 193 0.99977
38 193 0.99978
39 193 0.99978
40 193 0.99979
41 193 0.99979
42 193 0.99980
43 193 0.99981
44 193 0.99982
45 193 0.99983
46 193 0.99984
47 193 0.99985
48 193 0.99986
49 193 0.99987
50 193 0.99988
51 193 0.99989
52 193 0.99990
53 193 0.99990
54 193 0.99991
55 193 0.99992
56 193 0.99993
57 193 0.99993
58 193 0.99994
59 193 0.99994
60 193 0.99995
61 193 0.99995
62 193 0.99995
63 193 0.99996
0 194 0.99993
1 194 0.99993
2 194 0.99993
3 194 0.99993
4 194 0.99992
5 194 0.99992
6 194 0.99991
7 194 0.99991
8 194 0.99990
9 194 0.99990
10 194 0.99989
11 194 0.99988
12 194 0.99987
13 194 0.99986
14 194 0.99986
15 194 0.99985
16 194 0.99984
17 194 0.99983
18 194 0.99982
19 194 0.99981
20 194 0.99980
21 194 0.99979
22 194 0.99979
23 194 0.99978
24 194 0.99977
25 194 0.99977
26 194 0.99976
27 194 0.99976
28 194 0.99975
29 194 0.99975
30 194 0.99975
31 194 0.99975
32 194 0.99975
33 194 0.99975
34 194 0.99975
35 194 0.99975
36 194 0.99975
37 194 0.99976
38 194 0.99976
39 194 0.99977
40 194 0.99977
41 194 0.99978
42 194 0.99979
43 194 0.99979
44 194 0.99980
45 194 0.99981
46 194 0.99982
47 194 0.99983
48 194 0.99984
49 194 0.99985
50 194 0.99986
51 194 0.99986
52 194 0.99987
53 194 0.99988
54 194 0.99989
55 194 0.99990
56 194 0.99990
57 194 0.99991
58 194 0.99991
59 194 0.99992
60 194 0.99992
61 194 0.99993
62 194 0.99993
63 194 0.99993
0 195 0.99990
1 195 0.99990
2 195 0.99990
3 195 0.99990
4 195 0.99989
5 195 0.99989
6 195 0.99989
7 195 0.99988
8 195 0.99988
9 195 0.99987
10 195 0.99986
11 195 0.99986
12 195 0.99985
13 195 0.99984
14 195 0.99983
15 195 0.99982
16 195 0.99982
17 195 0.99981
18 195 0.99980
19 195 0.99979
20 195 0.99978
21 195 0.99978
22 195 0.99977
23 195 0.99976
24 195 0.99975
25 195 0.99975
26 195 0.99974
27 195 0.99974
28 195 0.99974
29 195 0.99973
30 195 0.99973
31 195 0.99973
32 195 0.99973
33 195 0.99973
34 195 0.99973
35 195 0.99973
36 195 0.99974
37 195 0.99974
38 195 0.99974
39 195 0.99975
40 195 0.99975
41 195 0.99976
42 195 0.99977
43 195 0.99978
44 195 0.99978
45 195 0.99979
46 195 0.99980
47 195 0.99981
48 195 0.99982
49 195 0.99982
50 195 0.99983
51 195 0.99984
52 195 0.99985
53 195 0.99986
54 195 0.99986
55 195 0.99987
56 195 0.99988
57 195 0.99988
58 195 0.99989
59 195 0.99989
60 195 0.99989
61 195 0.99990
62 195 0.99990
63 195 0.99990
0 196 0.99988
1 196 0.99988
2 196 0.99988
3 196 0.99987
4 196 0.99987
5 196 0.99987
6 196 0.99987
7 196 0.99986
8 196 0.99986
9 196 0.99985
10 196 0.99984
11 196 0.99984
12 196 0.99983
13 196 0.99982
14 196 0.99981
15 196 0.99981
16 196 0.99980
17 196 0.99979
18 196 0.99978
19 196 0.99978
20 196 0.99977
21 196 0.99976
22 196 0.99975
23 196 0.99975
24 196 0.99974
25 196 0.99974
26 196 0.99973
27 196 0.99973
28 196 0.99972
29 196 0.99972
30 196 0.99972
31 196 0.99972
32 196 0.99972
33 196 0.99972
34 196 0.99972
35 196 0.99972
36 196 0.99972
37 196 0.99973
38 196 0.99973
39 196 0.99974
40 196 0.99974
41 196 0.99975
42 196 0.99975
43 196 0.99976
44 196 0.99977
45 196 0.99978
46 196 0.99978
47 196 0.99979
48 196 0.99980
49 196 0.99981
50 196 0.99981
51 196 0.99982
52 196 0.99983
53 196 0.99984
54 196 0.99984
55 196 0.99985
56 196 0.99986
57 196 0.99986
58 196 0.99987
59 196 0.99987
60 196 0.99987
61 196 0.99987
62 196 0.99988
63 196 0.99988
0 197 0.99985
1 197 0.99985
2 197 0.99985
3 197 0.99985
4 197 0.99985
5 197 0.99985
6 197 0.99984
7 197 0.99984
8 197 0.99983
9 197 0.99983
10 197 0.99982
11 197 0.99982
12 197 0.99981
13 197 0.99980
14 197 0.99980
15 197 0.99979
16 197 0.99978
17 197 0.99977
18 197 0.99977
19 197 0.99976
20 197 0.99975
21 197 0.99974
22 197 0.99974
23 197 0.99973
24 197 0.99973
25 197 0.99972
26 197 0.99972
27 197 0.99971
28 197 0.99971
29 197 0.99971
30 197 0.99970
31 197 0.99970
32 197 0.99970
33 197 0.99970
34 197 0.99970
35 197 0.99971
36 197 0.99971
37 197 0.99971
38 197 0.99972
39 197 0.99972
40 197 0.99973
41 197 0.99973
42 197 0.99974
43 197 0.99974
44 197 0.99975
45 197 0.99976
46 197 0.99977
47 197 0.99977
48 197 0.99978
49 197 0.99979
50 197 0.99980
51 197 0.99980
52 197 0.99981
53 197 0.99982
54 197 0.99982
55 197 0.99983
56 197 0.99983
57 197 0.99984
58 197 0.99984
59 197 0.99985
60 197 0.99985
61 197 0.99985
62 197 0.99985
63 197 0.99985
0 198 0.99984
1 198 0.99984
2 198 0.99983
3 198 0.99983
4 198 0.99983
5 198 0.99983
6 198 0.99983
7 198 0.99982
8 198 0.99982
9 198 0.99981
10 198 0.99981
11 198 0.99980
12 198 0.99979
13 198 0.99979
14 198 0.99978
15 198 0.99977
16 198 0.99977
17 198 0.99976
18 198 0.99975
19 198 0.99974
20 198 0.99974
21 198 0.99973
22 198 0.99972
23 198 0.99972
24 198 0.99971
25 198 0.99971
26 198 0.99970
27 198 0.99970
28 198 0.99970
29 198 0.99969
30 198 0.99969
31 198 0.99969
32 198 0.99969
33 198 0.99969
34 198 0.99969
35 198 0.99969
36 198 0.99970
37 198 0.99970
38 198 0.99970
39 198 0.99971
40 198 0.99971
41 198 0.99972
42 198 0.99972
43 198 0.99973
44 198 0.99974
45 198 0.99974
46 198 0.99975
47 198 0.99976
48 198 0.99977
49 198 0.99977
50 198 0.99978
51 198 0.99979
52 198 0.99979
53 198 0.99980
54 198 0.99981
55 198 0.99981
56 198 0.99982
57 198 0.99982
58 198 0.99982
59 198 0.99983
60 198 0.99983
61 198 0.99983
62 198 0.99983
63 198 0.99984
0 199 0.99982
1 199 0.99982
2 199 0.99982
3 199 0.99982
4 199 0.99981
5 199 0.99981
6 199 0.99981
7 199 0.99980
8 199 0.99980
9 199 0.99980
10 199 0.99979
11 199 0.99978
12 199 0.99978
13 199 0.99977
14 199 0.99976
15 199 0.99976
16 199 0.99975
17 199 0.99974
18 199 0.99974
19 199 0.99973
20 199 0.99972
21 199 0.99972
22 199 0.99971
23 199 0.99971
24 199 0.99970
25 199 0.99970
26 199 0.99969
27 199 0.99969
28 199 0.99968
29 199 0.99968
30 199 0.99968
31 199 0.99967
32 199 0.99967
33 199 0.99967
34 199 0.99968
35 199 0.99968
36 199 0.99968
37 199 0.99969
38 199 0.99969
39 199 0.99970
40 199 0.99970
41 199 0.99971
42 199 0.99971
43 199 0.99972
44 199 0.99972
45 199 0.99973
46 199 0.99974
47 199 0.99974
48 199 0.99975
49 199 0.99976
50 199 0.99976
51 199 0.99977
52 199 0.99978
53 199 0.99978
54 199 0.99979
55 199 0.99980
56 199 0.99980
57 199 0.99980
58 199 0.99981
59 199 0.99981
60 199 0.99981
61 199 0.99982
62 199 0.99982
63 199 0.99982
0 200 0.99980
1 200 0.99980
2 200 0.99980
3 200 0.99980
4 200 0.99979
5 200 0.99979
6 200 0.99979
7 200 0.99979
8 200 0.99978
9 200 0.99978
10 200 0.99977
11 200 0.99977
12 200 0.99976
13 200 0.99976
14 200 0.99975
15 200 0.99975
16 200 0.99974
17 200 0.99974
18 200 0.99973
19 200 0.99972
20 200 0.99972
21 200 0.99971
22 200 0.99971
23 200 0.99970
24 200 0.99970
25 200 0.99969
26 200 0.99969
27 200 0.99968
28 200 0.99968
29 200 0.99967
30 200 0.99967
31 200 0.99967
32 200 0.99967
33 200 0.99967
34 200 0.99967
35 200 0.99967
36 200 0.99968
37 200 0.99968
38 200 0.99969
39 200 0.99969
40 200 0.99970
41 200 0.99970
42 200 0.99971
43 200 0.99971
44 200 0.99972
45 200 0.99972
46 200 0.99973
47 200 0.99974
48 200 0.99974
49 200 0.99975
50 200 0.99975
51 200 0.99976
52 200 0.99976
53 200 0.99977
54 200 0.99977
55 200 0.99978
56 200 0.99978
57 200 0.99979
58 200 0.99979
59 200 0.99979
60 200 0.99979
61 200 0.99980
62 200 0.99980
63 200 0.99980
0 201 0.99979
1 201 0.99979
2 201 0.99979
3 201 0.99979
4 201 0.99979
5 201 0.99979
6 201 0.99978
7 201 0.99978
8 201 0.99978
9 201 0.99977
10 201 0.99977
11 201 0.99977
12 201 0.99976
13 201 0.99976
14 201 0.99975
15 201 0.99975
16 201 0.99974
17 201 0.99973
18 201 0.99973
19 201 0.99972
20 201 0.99972
21 201 0.99971
22 201 0.99970
23 201 0.99970
24 201 0.99969
25 201 0.99969
26 201 0.99968
27 201 0.99968
28 201 0.99968
29 201 0.99967
30 201 0.99967
31 201 0.99967
32 201 0.99967
33 201 0.99967
34 201 0.99967
35 201 0.99967
36 201 0.99968
37 201 0.99968
38 201 0.99968
39 201 0.99969
40 201 0.99969
41 201 0.99970
42 201 0.99970
43 201 0.99971
44 201 0.99972
45 201 0.99972
46 201 0.99973
47 201 0.99973
48 201 0.99974
49 201 0.99975
50 201 0.99975
51 201 0.99976
52 201 0.99976
53 201 0.99977
54 201 0.99977
55 201 0.99977
56 201 0.99978
57 201 0.99978
58 201 0.99978
59 201 0.99978
60 201 0.99979
61 201 0.99979
62 201 0.99979
63 201 0.99979
0 202 0.99980
1 202 0.99980
2 202 0.99980
3 202 0.99980
4 202 0.99980
5 202 0.99979
6 202 0.99979
7 202 0.99979
8 202 0.99978
9 202 0.99978
10 202 0.99978
11 202 0.99977
12 202 0.99977
13 202 0.99976
14 202 0.99976
15 202 0.99975
16 202 0.99974
17 202 0.99974
18 202 0.99973
19 202 0.99973
20 202 0.99972
21 202 0.99972
22 202 0.99971
23 202 0.99970
24 202 0.99970
25 202 0.99969
26 202 0.99969
27 202 0.99969
28 202 0.99968
29 202 0.99968
30 202 0.99968
31 202 0.99968
32 202 0.99968
33 202 0.99968
34 202 0.99968
35 202 0.99968
36 202 0.99968
37 202 0.99969
38 202 0.99969
39 202 0.99969
40 202 0.99970
41 202 0.99970
42 202 0.99971
43 202 0.99972
44 202 0.99972
45 202 0.99973
46 202 0.99973
47 202 0.99974
48 202 0.99974
49 202 0.99975
50 202 0.99976
51 202 0.99976
52 202 0.99977
53 202 0.99977
54 202 0.99978
55 202 0.99978
56 202 0.99978
57 202 0.99979
58 202 0.99979
59 202 0.99979
60 202 0.99980
61 202 0.99980
62 202 0.99980
63 202 0.99980
0 203 0.99980
1 203 0.99980
2 203 0.99980
3 203 0.99980
4 203 0.99980
5 203 0.99980
6 203 0.99979
7 203 0.99979
8 203 0.99979
9 203 0.99978
10 203 0.99978
11 203 0.99978
12 203 0.99977
13 203 0.99977
14 203 0.99976
15 203 0.99976
16 203 0.99975
17 203 0.99974
18 203 0.99974
19 203 0.99973
20 203 0.99973
21 203 0.99972
22 203 0.99972
23 203 0.99971
24 203 0.99971
25 203 0.99970
26 203 0.99970
27 203 0.99969
28 203 0.99969
29 203 0.99969
30 203 0.99969
31 203 0.99969
32 203 0.99969
33 203 0.99969
34 203 0.99969
35 203 0.99969
36 203 0.99969
37 203 0.99969
38 203 0.99970
39 203 0.99970
40 203 0.99971
41 203 0.99971
42 203 0.99972
43 203 0.99972
44 203 0.99973
45 203 0.99973
46 203 0.99974
47 203 0.99974
48 203 0.99975
49 203 0.99976
50 203 0.99976
51 203 0.99977
52 203 0.99977
53 203 0.99978
54 203 0.99978
55 203 0.99978
56 203 0.99979
57 203 0.99979
58 203 0.99979
59 203 0.99980
60 203 0.99980
61 203 0.99980
62 203 0.99980
63 203 0.99980
0 204 0.99981
1 204 0.99981
2 204 0.99981
3 204 0.99981
4 204 0.99981
5 204 0.99981
6 204 0.99981
7 204 0.99980
8 204 0.99980
9 204 0.99980
10 204 0.99979
11 204 0.99979
12 204 0.99978
13 204 0.99978
14 204 0.99977
15 204 0.99977
16 204 0.99976
17 204 0.99976
18 204 0.99975
19 204 0.99975
20 204 0.99974
21 204 0.99974
22 204 0.99973
23 204 0.99973
24 204 0.99972
25 204 0.99972
26 204 0.99971
27 204 0.99971
28 204 0.99971
29 204 0.99971
30 204 0.99970
31 204 0.99970
32 204 0.99970
33 204 0.99970
34 204 0.99970
35 204 0.99971
36 204 0.99971
37 204 0.99971
38 204 0.99971
39 204 0.99972
40 204 0.99972
41 204 0.99973
42 204 0.99973
43 204 0.99974
44 204 0.99974
45 204 0.99975
46 204 0.99975
47 204 0.99976
48 204 0.99976
49 204 0.99977
50 204 0.99977
51 204 0.99978
52 204 0.99978
53 204 0.99979
54 204 0.99979
55 204 0.99980
56 204 0.99980
57 204 0.99980
58 204 0.99981
59 204 0.99981
60 204 0.99981
61 204 0.99981
62 204 0.99981
63 204 0.99981
0 205 0.99983
1 205 0.99983
2 205 0.99983
3 205 0.99983
4 205 0.99983
5 205 0.99982
6 205 0.99982
7 205 0.99982
8 205 0.99981
9 205 0.99981
10 205 0.99981
11 205 0.99980
12 205 0.99980
13 205 0.99979
14 205 0.99979
15 205 0.99978
16 205 0.99978
17 205 0.99977
18 205 0.99977
19 205 0.99976
20 205 0.99976
21 205 0.99975
22 205 0.99975
23 205 0.99974
24 205 0.99974
25 205 0.99974
26 205 0.99973
27 205 0.99973
28 205 0.99973
29 205 0.99972
30 205 0.99972
31 205 0.99972
32 205 0.99972
33 205 0.99972
34 205 0.99972
35 205 0.99972
36 205 0.99973
37 205 0.99973
38 205 0.99973
39 205 0.99974
40 205 0.99974
41 205 0.99974
42 205 0.99975
43 205 0.99975
44 205 0.99976
45 205 0.99976
46 205 0.99977
47 205 0.99977
48 205 0.99978
49 205 0.99978
50 205 0.99979
51 205 0.99979
52 205 0.99980
53 205 0.99980
54 205 0.99981
55 205 0.99981
56 205 0.99981
57 205 0.99982
58 205 0.99982
59 205 0.99982
60 205 0.99983
61 205 0.99983
62 205 0.99983
63 205 0.99983
0 206 0.99985
1 206 0.99985
2 206 0.99985
3 206 0.99985
4 206 0.99985
5 206 0.99985
6 206 0.99984
7 206 0.99984
8 206 0.99984
9 206 0.99983
10 206 0.99983
11 206 0.99983
12 206 0.99982
13 206 0.99982
14 206 0.99981
15 206 0.99981
16 206 0.99980
17 206 0.99980
18 206 0.99979
19 206 0.99979
20 206 0.99978
21 206 0.99978
22 206 0.99977
23 206 0.99977
24 206 0.99977
25 206 0.99976
26 206 0.99976
27 206 0.99975
28 206 0.99975
29 206 0.99975
30 206 0.99975
31 206 0.99975
32 206 0.99975
33 206 0.99975
34 206 0.99975
35 206 0.99975
36 206 0.99975
37 206 0.99976
38 206 0.99976
39 206 0.99976
40 206 0.99977
41 206 0.99977
42 206 0.99977
43 206 0.99978
44 206 0.99978
45 206 0.99979
46 206 0.99979
47 206 0.99980
48 206 0.99980
49 206 0.99981
50 206 0.99981
51 206 0.99982
52 206 0.99982
53 206 0.99983
54 206 0.99983
55 206 0.99983
56 206 0.99984
57 206 0.99984
58 206 0.99984
59 206 0.99985
60 206 0.99985
61 206 0.99985
62 206 0.99985
63 206 0.99985
0 207 0.99988
1 207 0.99988
2 207 0.99988
3 207 0.99988
4 207 0.99987
5 207 0.99987
6 207 0.99987
7 207 0.99987
8 207 0.99986
9 207 0.99986
10 207 0.99986
11 207 0.99985
12 207 0.99985
13 207 0.99984
14 207 0.99984
15 207 0.99984
16 207 0.99983
17 207 0.99983
18 207 0.99982
19 207 0.99982
20 207 0.99981
21 207 0.99981
22 207 0.99980
23 207 0.99980
24 207 0.99979
25 207 0.99979
26 207 0.99979
27 207 0.99978
28 207 0.99978
29 207 0.99978
30 207 0.99978
31 207 0.99978
32 207 0.99978
33 207 0.99978
34 207 0.99978
35 207 0.99978
36 207 0.99978
37 207 0.99978
38 207 0.99979
39 207 0.99979
40 207 0.99979
41 207 0.99980
42 207 0.99980
43 207 0.99981
44 207 0.99981
45 207 0.99982
46 207 0.99982
47 207 0.99983
48 207 0.99983
49 207 0.99984
50 207 0.99984
51 207 0.99984
52 207 0.99985
53 207 0.99985
54 207 0.99986
55 207 0.99986
56 207 0.99986
57 207 0.99987
58 207 0.99987
59 207 0.99987
60 207 0.99987
61 207 0.99988
62 207 0.99988
63 207 0.99988
0 208 0.99991
1 208 0.99991
2 208 0.99991
3 208 0.99991
4 208 0.99991
5 208 0.99990
6 208 0.99990
7 208 0.99990
8 208 0.99990
9 208 0.99989
10 208 0.99989
11 208 0.99989
12 208 0.99988
13 208 0.99988
14 208 0.99987
15 208 0.99987
16 208 0.99987
17 208 0.99986
18 208 0.99986
19 208 0.99985
20 208 0.99985
21 208 0.99984
22 208 0.99984
23 208 0.99983
24 208 0.99983
25 208 0.99983
26 208 0.99982
27 208 0.99982
28 208 0.99982
29 208 0.99982
30 208 0.99981
31 208 0.99981
32 208 0.99981
33 208 0.99981
34 208 0.99981
35 208 0.99982
36 208 0.99982
37 208 0.99982
38 208 0.99982
39 208 0.99983
40 208 0.99983
41 208 0.99983
42 208 0.99984
43 208 0.99984
44 208 0.99985
45 208 0.99985
46 208 0.99986
47 208 0.99986
48 208 0.99987
49 208 0.99987
50 208 0.99987
51 208 0.99988
52 208 0.99988
53 208 0.99989
54 208 0.99989
55 208 0.99989
56 208 0.99990
57 208 0.99990
58 208 0.99990
59 208 0.99990
60 208 0.99991
61 208 0.99991
62 208 0.99991
63 208 0.99991
0 209 0.99995
1 209 0.99995
2 209 0.99994
3 209 0.99994
4 209 0.99994
5 209 0.99994
6 209 0.99994
7 209 0.99994
8 209 0.99993
9 209 0.99993
10 209 0.99993
11 209 0.99992
12 209 0.99992
13 209 0.99992
14 209 0.99991
15 209 0.99991
16 209 0.99990
17 209 0.99990
18 209 0.99989
19 209 0.99989
20 209 0.99988
21 209 0.99988
22 209 0.99988
23 209 0.99987
24 209 0.99987
25 209 0.99986
26 209 0.99986
27 209 0.99986
28 209 0.99986
29 209 0.99985
30 209 0.99985
31 209 0.99985
32 209 0.99985
33 209 0.99985
34 209 0.99985
35 209 0.99985
36 209 0.99986
37 209 0.99986
38 209 0.99986
39 209 0.99986
40 209 0.99987
41 209 0.99987
42 209 0.99988
43 209 0.99988
44 209 0.99988
45 209 0.99989
46 209 0.99989
47 209 0.99990
48 209 0.99990
49 209 0.99991
50 209 0.99991
51 209 0.99992
52 209 0.99992
53 209 0.99992
54 209 0.99993
55 209 0.99993
56 209 0.99993
57 209 0.99994
58 209 0.99994
59 209 0.99994
60 209 0.99994
61 209 0.99994
62 209 0.99994
63 209 0.99995
0 210 0.99999
1 210 0.99999
2 210 0.99999
3 210 0.99999
4 210 0.99999
5 210 0.99998
6 210 0.99998
7 210 0.99998
8 210 0.99998
9 210 0.99997
10 210 0.99997
11 210 0.99997
12 210 0.99996
13 210 0.99996
14 210 0.99996
15 210 0.99995
16 210 0.99995
17 210 0.99994
18 210 0.99994
19 210 0.99993
20 210 0.99993
21 210 0.99993
22 210 0.99992
23 210 0.99992
24 210 0.99991
25 210 0.99991
26 210 0.99991
27 210 0.99990
28 210 0.99990
29 210 0.99990
30 210 0.99990
31 210 0.99990
32 210 0.99990
33 210 0.99990
34 210 0.99990
35 210 0.99990
36 210 0.99990
37 210 0.99990
38 210 0.99991
39 210 0.99991
40 210 0.99991
41 210 0.99992
42 210 0.99992
43 210 0.99993
44 210 0.99993
45 210 0.99993
46 210 0.99994
47 210 0.99994
48 210 0.99995
49 210 0.99995
50 210 0.99996
51 210 0.99996
52 210 0.99996
53 210 0.99997
54 210 0.99997
55 210 0.99997
56 210 0.99998
57 210 0.99998
58 210 0.99998
59 210 0.99998
60 210 0.99999
61 210 0.99999
62 210 0.99999
63 210 0.99999
0 211 1.00003
1 211 1.00003
2 211 1.00003
3 211 1.00003
4 211 1.00003
5 211 1.00003
6 211 1.00003
7 211 1.00003
8 211 1.00002
9 211 1.00002
10 211 1.00002
11 211 1.00001
12 211 1.00001
13 211 1.00001
14 211 1.00000
15 211 1.00000
16 211 0.99999
17 211 0.99999
18 211 0.99999
19 211 0.99998
20 211 0.99998
21 211 0.99997
22 211 0.99997
23 211 0.99997
24 211 0.99996
25 211 0.99996
26 211 0.99996
27 211 0.99995
28 211 0.99995
29 211 0.99995
30 211 0.99995
31 211 0.99995
32 211 0.99995
33 211 0.99995
34 211 0.99995
35 211 0.99995
36 211 0.99995
37 211 0.99995
38 211 0.99996
39 211 0.99996
40 211 0.99996
41 211 0.99997
42 211 0.99997
43 211 0.99997
44 211 0.99998
45 211 0.99998
46 211 0.99999
47 211 0.99999
48 211 0.99999
49 211 1.00000
50 211 1.00000
51 211 1.00001
52 211 1.00001
53 211 1.00001
54 211 1.00002
55 211 1.00002
56 211 1.00002
57 211 1.00003
58 211 1.00003
59 211 1.00003
60 211 1.00003
61 211 1.00003
62 211 1.00003
63 211 1.00003
0 212 1.00009
1 212 1.00009
2 212 1.00009
3 212 1.00008
4 212 1.00008
5 212 1.00008
6 212 1.00008
7 212 1.00008
8 212 1.00008
9 212 1.00007
10 212 1.00007
11 212 1.00007
12 212 1.00006
13 212 1.00006
14 212 1.00006
15 212 1.00005
16 212 1.00005
17 212 1.00005
18 212 1.00004
19 212 1.00004
20 212 1.00003
21 212 1.00003
22 212 1.00002
23 212 1.00002
24 212 1.00002
25 212 1.00001
26 212 1.00001
27 212 1.00001
28 212 1.00001
29 212 1.00000
30 212 1.00000
31 212 1.00000
32 212 1.00000
33 212 1.00000
34 212 1.00000
35 212 1.00000
36 212 1.00001
37 212 1.00001
38 212 1.00001
39 212 1.00001
40 212 1.00002
41 212 1.00002
42 212 1.00002
43 212 1.00003
44 212 1.00003
45 212 1.00004
46 212 1.00004
47 212 1.00005
48 212 1.00005
49 212 1.00005
50 212 1.00006
51 212 1.00006
52 212 1.00006
53 212 1.00007
54 212 1.00007
55 212 1.00007
56 212 1.00008
57 212 1.00008
58 212 1.00008
59 212 1.00008
60 212 1.00008
61 212 1.00008
62 212 1.00009
63 212 1.00009
0 213 1.00014
1 213 1.00014
2 213 1.00014
3 213 1.00014
4 213 1.00014
5 213 1.00014
6 213 1.00014
7 213 1.00014
8 213 1.00013
9 213 1.00013
10 213 1.00013
11 213 1.00012
12 213 1.00012
13 213 1.00012
14 213 1.00011
15 213 1.00011
16 213 1.00011
17 213 1.00010
18 213 1.00010
19 213 1.00009
20 213 1.00009
21 213 1.00009
22 213 1.00008
23 213 1.00008
24 213 1.00008
25 213 1.00007
26 213 1.00007
27 213 1.00007
28 213 1.00006
29 213 1.00006
30 213 1.00006
31 213 1.00006
32 213 1.00006
33 213 1.00006
34 213 1.00006
35 213 1.00006
36 213 1.00006
37 213 1.00007
38 213 1.00007
39 213 1.00007
40 213 1.00008
41 213 1.00008
42 213 1.00008
43 213 1.00009
44 213 1.00009
45 213 1.00009
46 213 1.00010
47 213 1.00010
48 213 1.00011
49 213 1.00011
50 213 1.00011
51 213 1.00012
52 213 1.00012
53 213 1.00012
54 213 1.00013
55 213 1.00013
56 213 1.00013
57 213 1.00014
58 213 1.00014
59 213 1.00014
60 213 1.00014
61 213 1.00014
62 213 1.00014
63 213 1.00014
0 214 1.00021
1 214 1.00021
2 214 1.00021
3 214 1.00021
4 214 1.00020
5 214 1.00020
6 214 1.00020
7 214 1.00020
8 214 1.00020
9 214 1.00019
10 214 1.00019
11 214 1.00019
12 214 1.00019
13 214 1.00018
14 214 1.00018
15 214 1.00017
16 214 1.00017
17 214 1.00017
18 214 1.00016
19 214 1.00016
20 214 1.00015
21 214 1.00015
22 214 1.00015
23 214 1.00014
24 214 1.00014
25 214 1.00014
26 214 1.00013
27 214 1.00013
28 214 1.00013
29 214 1.00013
30 214 1.00013
31 214 1.00012
32 214 1.00012
33 214 1.00012
34 214 1.00013
35 214 1.00013
36 214 1.00013
37 214 1.00013
38 214 1.00013
39 214 1.00014
40 214 1.00014
41 214 1.00014
42 214 1.00015
43 214 1.00015
44 214 1.00015
45 214 1.00016
46 214 1.00016
47 214 1.00017
48 214 1.00017
49 214 1.00017
50 214 1.00018
51 214 1.00018
52 214 1.00019
53 214 1.00019
54 214 1.00019
55 214 1.00019
56 214 1.00020
57 214 1.00020
58 214 1.00020
59 214 1.00020
60 214 1.00020
61 214 1.00021
62 214 1.00021
63 214 1.00021
0 215 1.00027
1 215 1.00027
2 215 1.00027
3 215 1.00027
4 215 1.00027
5 215 1.00027
6 215 1.00027
7 215 1.00027
8 215 1.00026
9 215 1.00026
10 215 1.00026
11 215 1.00026
12 215 1.00025
13 215 1.00025
14 215 1.00025
15 215 1.00024
16 215 1.00024
17 215 1.00023
18 215 1.00023
19 215 1.00023
20 215 1.00022
21 215 1.00022
22 215 1.00021
23 215 1.00021
24 215 1.00021
25 215 1.00020
26 215 1.00020
27 215 1.00020
28 215 1.00020
29 215 1.00019
30 215 1.00019
31 215 1.00019
32 215 1.00019
33 215 1.00019
34 215 1.00019
35 215 1.00019
36 215 1.00020
37 215 1.00020
38 215 1.00020
39 215 1.00020
40 215 1.00021
41 215 1.00021
42 215 1.00021
43 215 1.00022
44 215 1.00022
45 215 1.00023
46 215 1.00023
47 215 1.00023
48 215 1.00024
49 215 1.00024
50 215 1.00025
51 215 1.00025
52 215 1.00025
53 215 1.00026
54 215 1.00026
55 215 1.00026
56 215 1.00026
57 215 1.00027
58 215 1.00027
59 215 1.00027
60 215 1.00027
61 215 1.00027
62 215 1.00027
63 215 1.00027
0 216 1.00035
1 216 1.00035
2 216 1.00034
3 216 1.00034
4 216 1.00034
5 216 1.00034
6 216 1.00034
7 216 1.00034
8 216 1.00034
9 216 1.00033
10 216 1.00033
11 216 1.00033
12 216 1.00033
13 216 1.00032
14 216 1.00032
15 216 1.00032
16 216 1.00031
17 216 1.00031
18 216 1.00030
19 216 1.00030
20 216 1.00030
21 216 1.00029
22 216 1.00029
23 216 1.00028
24 216 1.00028
25 216 1.00028
26 216 1.00028
27 216 1.00027
28 216 1.00027
29 216 1.00027
30 216 1.00027
31 216 1.00027
32 216 1.00027
33 216 1.00027
34 216 1.00027
35 216 1.00027
36 216 1.00027
37 216 1.00027
38 216 1.00028
39 216 1.00028
40 216 1.00028
41 216 1.00028
42 216 1.00029
43 216 1.00029
44 216 1.00030
45 216 1.00030
46 216 1.00030
47 216 1.00031
48 216 1.00031
49 216 1.00032
50 216 1.00032
51 216 1.00032
52 216 1.00033
53 216 1.00033
54 216 1.00033
55 216 1.00033
56 216 1.00034
57 216 1.00034
58 216 1.00034
59 216 1.00034
60 216 1.00034
61 216 1.00034
62 216 1.00034
63 216 1.00035
0 217 1.00042
1 217 1.00042
2 217 1.00042
3 217 1.00042
4 217 1.00042
5 217 1.00042
6 217 1.00042
7 217 1.00042
8 217 1.00041
9 217 1.00041
10 217 1.00041
11 217 1.00041
12 217 1.00040
13 217 1.00040
14 217 1.00040
15 217 1.00039
16 217 1.00039
17 217 1.00039
18 217 1.00038
19 217 1.00038
20 217 1.00037
21 217 1.00037
22 217 1.00037
23 217 1.00036
24 217 1.00036
25 217 1.00036
26 217 1.00035
27 217 1.00035
28 217 1.00035
29 217 1.00035
30 217 1.00034
31 217 1.00034
32 217 1.00034
33 217 1.00034
34 217 1.00034
35 217 1.00035
36 217 1.00035
37 217 1.00035
38 217 1.00035
39 217 1.00036
40 217 1.00036
41 217 1.00036
42 217 1.00037
43 217 1.00037
44 217 1.00037
45 217 1.00038
46 217 1.00038
47 217 1.00038
48 217 1.00039
49 217 1.00039
50 217 1.00040
51 217 1.00040
52 217 1.00040
53 217 1.00041
54 217 1.00041
55 217 1.00041
56 217 1.00041
57 217 1.00042
58 217 1.00042
59 217 1.00042
60 217 1.00042
61 217 1.00042
62 217 1.00042
63 217 1.00042
0 218 1.00051
1 218 1.00051
2 218 1.00050
3 218 1.00050
4 218 1.00050
5 218 1.00050
6 218 1.00050
7 218 1.00050
8 218 1.00050
9 218 1.00049
10 218 1.00049
11 218 1.00049
12 218 1.00049
13 218 1.00048
14 218 1.00048
15 218 1.00048
16 218 1.00047
17 218 1.00047
18 218 1.00046
19 218 1.00046
20 218 1.00046
21 218 1.00045
22 218 1.00045
23 218 1.00044
24 218 1.00044
25 218 1.00044
26 218 1.00043
27 218 1.00043
28 218 1.00043
29 218 1.00043
30 218 1.00043
31 218 1.00043
32 218 1.00043
33 218 1.00043
34 218 1.00043
35 218 1.00043
36 218 1.00043
37 218 1.00043
38 218 1.00043
39 218 1.00044
40 218 1.00044
41 218 1.00044
42 218 1.00045
43 218 1.00045
44 218 1.00046
45 218 1.00046
46 218 1.00046
47 218 1.00047
48 218 1.00047
49 218 1.00048
50 218 1.00048
51 218 1.00048
52 218 1.00049
53 218 1.00049
54 218 1.00049
55 218 1.00049
56 218 1.00050
57 218 1.00050
58 218 1.00050
59 218 1.00050
60 218 1.00050
61 218 1.00050
62 218 1.00050
63 218 1.00051
0 219 1.00059
1 219 1.00059
2 219 1.00059
3 219 1.00059
4 219 1.00059
5 219 1.00059
6 219 1.00059
7 219 1.00058
8 219 1.00058
9 219 1.00058
10 219 1.00058
11 219 1.00057
12 219 1.00057
13 219 1.00057
14 219 1.00056
15 219 1.00056
16 219 1.00056
17 219 1.00055
18 219 1.00055
19 219 1.00055
20 219 1.00054
21 219 1.00054
22 219 1.00053
23 219 1.00053
24 219 1.00053
25 219 1.00052
26 219 1.00052
27 219 1.00052
28 219 1.00052
29 219 1.00051
30 219 1.00051
31 219 1.00051
32 219 1.00051
33 219 1.00051
34 219 1.00051
35 219 1.00051
36 219 1.00052
37 219 1.00052
38 219 1.00052
39 219 1.00052
40 219 1.00053
41 219 1.00053
42 219 1.00053
43 219 1.00054
44 219 1.00054
45 219 1.00055
46 219 1.00055
47 219 1.00055
48 219 1.00056
49 219 1.00056
50 219 1.00056
51 219 1.00057
52 219 1.00057
53 219 1.00057
54 219 1.00058
55 219 1.00058
56 219 1.00058
57 219 1.00058
58 219 1.00059
59 219 1.00059
60 219 1.00059
61 219 1.00059
62 219 1.00059
63 219 1.00059
0 220 1.00068
1 220 1.00068
2 220 1.00068
3 220 1.00068
4 220 1.00068
5 220 1.00068
6 220 1.00068
7 220 1.00068
8 220 1.00067
9 220 1.00067
10 220 1.00067
11 220 1.00067
12 220 1.00066
13 220 1.00066
14 220 1.00066
15 220 1.00065
16 220 1.00065
17 220 1.00064
18 220 1.00064
19 220 1.00064
20 220 1.00063
21 220 1.00063
22 220 1.00062
23 220 1.00062
24 220 1.00062
25 220 1.00061
26 220 1.00061
27 220 1.00061
28 220 1.00061
29 220 1.00060
30 220 1.00060
31 220 1.00060
32 220 1.00060
33 220 1.00060
34 220 1.00060
35 220 1.00060
36 220 1.00061
37 220 1.00061
38 220 1.00061
39 220 1.00061
40 220 1.00062
41 220 1.00062
42 220 1.00062
43 220 1.00063
44 220 1.00063
45 220 1.00064
46 220 1.00064
47 220 1.00064
48 220 1.00065
49 220 1.00065
50 220 1.00066
51 220 1.00066
52 220 1.00066
53 220 1.00067
54 220 1.00067
55 220 1.00067
56 220 1.00067
57 220 1.00068
58 220 1.00068
59 220 1.00068
60 220 1.00068
61 220 1.00068
62 220 1.00068
63 220 1.00068
0 221 1.00078
1 221 1.00078
2 221 1.00078
3 221 1.00077
4 221 1.00077
5 221 1.00077
6 221 1.00077
7 221 1.00077
8 221 1.00077
9 221 1.00076
10 221 1.00076
11 221 1.00076
12 221 1.00076
13 221 1.00075
14 221 1.00075
15 221 1.00075
16 221 1.00074
17 221 1.00074
18 221 1.00073
19 221 1.00073
20 221 1.00072
21 221 1.00072
22 221 1.00072
23 221 1.00071
24 221 1.00071
25 221 1.00071
26 221 1.00070
27 221 1.00070
28 221 1.00070
29 221 1.00070
30 221 1.00070
31 221 1.00069
32 221 1.00069
33 221 1.00069
34 221 1.00070
35 221 1.00070
36 221 1.00070
37 221 1.00070
38 221 1.00070
39 221 1.00071
40 221 1.00071
41 221 1.00071
42 221 1.00072
43 221 1.00072
44 221 1.00072
45 221 1.00073
46 221 1.00073
47 221 1.00074
48 221 1.00074
49 221 1.00074
50 221 1.00075
51 221 1.00075
52 221 1.00076
53 221 1.00076
54 221 1.00076
55 221 1.00076
56 221 1.00077
57 221 1.00077
58 221 1.00077
59 221 1.00077
60 221 1.00077
61 221 1.00077
62 221 1.00078
63 221 1.00078
0 222 1.00087
1 222 1.00087
2 222 1.00087
3 222 1.00087
4 222 1.00087
5 222 1.00087
6 222 1.00087
7 222 1.00087
8 222 1.00086
9 222 1.00086
10 222 1.00086
11 222 1.00086
12 222 1.00085
13 222 1.00085
14 222 1.00085
15 222 1.00084
16 222 1.00084
17 222 1.00083
18 222 1.00083
19 222 1.00083
20 222 1.00082
21 222 1.00082
22 222 1.00081
23 222 1.00081
24 222 1.00081
25 222 1.00080
26 222 1.00080
27 222 1.00080
28 222 1.00079
29 222 1.00079
30 222 1.00079
31 222 1.00079
32 222 1.00079
33 222 1.00079
34 222 1.00079
35 222 1.00079
36 222 1.00079
37 222 1.00080
38 222 1.00080
39 222 1.00080
40 222 1.00081
41 222 1.00081
42 222 1.00081
43 222 1.00082
44 222 1.00082
45 222 1.00083
46 222 1.00083
47 222 1.00083
48 222 1.00084
49 222 1.00084
50 222 1.00085
51 222 1.00085
52 222 1.00085
53 222 1.00086
54 222 1.00086
55 222 1.00086
56 222 1.00086
57 222 1.00087
58 222 1.00087
59 222 1.00087
60 222 1.00087
61 222 1.00087
62 222 1.00087
63 222 1.00087
0 223 1.00097
1 223 1.00097
2 223 1.00097
3 223 1.00097
4 223 1.00097
5 223 1.00097
6 223 1.00097
7 223 1.00096
8 223 1.00096
9 223 1.00096
10 223 1.00096
11 223 1.00095
12 223 1.00095
13 223 1.00095
14 223 1.00094
15 223 1.00094
16 223 1.00094
17 223 1.00093
18 223 1.00093
19 223 1.00092
20 223 1.00092
21 223 1.00092
22 223 1.00091
23 223 1.00091
24 223 1.00090
25 223 1.00090
26 223 1.00090
27 223 1.00090
28 223 1.00089
29 223 1.00089
30 223 1.00089
31 223 1.00089
32 223 1.00089
33 223 1.00089
34 223 1.00089
35 223 1.00089
36 223 1.00089
37 223 1.00090
38 223 1.00090
39 223 1.00090
40 223 1.00090
41 223 1.00091
42 223 1.00091
43 223 1.00092
44 223 1.00092
45 223 1.00092
46 223 1.00093
47 223 1.00093
48 223 1.00094
49 223 1.00094
50 223 1.00094
51 223 1.00095
52 223 1.00095
53 223 1.00095
54 223 1.00096
55 223 1.00096
56 223 1.00096
57 223 1.00096
58 223 1.00097
59 223 1.00097
60 223 1.00097
61 223 1.00097
62 223 1.00097
63 223 1.00097
0 224 1.00107
1 224 1.00107
2 224 1.00107
3 224 1.00107
4 224 1.00107
5 224 1.00107
6 224 1.00107
7 224 1.00107
8 224 1.00106
9 224 1.00106
10 224 1.00106
11 224 1.00106
12 224 1.00105
13 224 1.00105
14 224 1.00105
15 224 1.00104
16 224 1.00104
17 224 1.00103
18 224 1.00103
19 224 1.00102
20 224 1.00102
21 224 1.00102
22 224 1.00101
23 224 1.00101
24 224 1.00100
25 224 1.00100
26 224 1.00100
27 224 1.00100
28 224 1.00099
29 224 1.00099
30 224 1.00099
31 224 1.00099
32 224 1.00099
33 224 1.00099
34 224 1.00099
35 224 1.00099
36 224 1.00099
37 224 1.00100
38 224 1.00100
39 224 1.00100
40 224 1.00100
41 224 1.00101
42 224 1.00101
43 224 1.00102
44 224 1.00102
45 224 1.00102
46 224 1.00103
47 224 1.00103
48 224 1.00104
49 224 1.00104
50 224 1.00105
51 224 1.00105
52 224 1.00105
53 224 1.00106
54 224 1.00106
55 224 1.00106
56 224 1.00106
57 224 1.00107
58 224 1.00107
59 224 1.00107
60 224 1.00107
61 224 1.00107
62 224 1.00107
63 224 1.00107
0 225 1.00118
1 225 1.00118
2 225 1.00118
3 225 1.00118
4 225 1.00117
5 225 1.00117
6 225 1.00117
7 225 1.00117
8 225 1.00117
9 225 1.00116
10 225 1.00116
11 225 1.00116
12 225 1.00116
13 225 1.00115
14 225 1.00115
15 225 1.00114
16 225 1.00114
17 225 1.00114
18 225 1.00113
19 225 1.00113
20 225 1.00112
21 225 1.00112
22 225 1.00112
23 225 1.00111
24 225 1.00111
25 225 1.00110
26 225 1.00110
27 225 1.00110
28 225 1.00110
29 225 1.00109
30 225 1.00109
31 225 1.00109
32 225 1.00109
33 225 1.00109
34 225 1.00109
35 225 1.00109
36 225 1.00110
37 225 1.00110
38 225 1.00110
39 225 1.00110
40 225 1.00111
41 225 1.00111
42 225 1.00112
43 225 1.00112
44 225 1.00112
45 225 1.00113
46 225 1.00113
47 225 1.00114
48 225 1.00114
49 225 1.00114
50 225 1.00115
51 225 1.00115
52 225 1.00116
53 225 1.00116
54 225 1.00116
55 225 1.00116
56 225 1.00117
57 225 1.00117
58 225 1.00117
59 225 1.00117
60 225 1.00117
61 225 1.00118
62 225 1.00118
63 225 1.00118
0 226 1.00128
1 226 1.00128
2 226 1.00128
3 226 1.00128
4 226 1.00128
5 226 1.00128
6 226 1.00128
7 226 1.00127
8 226 1.00127
9 226 1.00127
10 226 1.00127
11 226 1.00126
12 226 1.00126
13 226 1.00126
14 226 1.00125
15 226 1.00125
16 226 1.00125
17 226 1.00124
18 226 1.00124
19 226 1.00123
20 226 1.00123
21 226 1.00122
22 226 1.00122
23 226 1.00122
24 226 1.00121
25 226 1.00121
26 226 1.00120
27 226 1.00120
28 226 1.00120
29 226 1.00120
30 226 1.00120
31 226 1.00119
32 226 1.00119
33 226 1.00119
34 226 1.00120
35 226 1.00120
36 226 1.00120
37 226 1.00120
38 226 1.00120
39 226 1.00121
40 226 1.00121
41 226 1.00122
42 226 1.00122
43 226 1.00122
44 226 1.00123
45 226 1.00123
46 226 1.00124
47 226 1.00124
48 226 1.00125
49 226 1.00125
50 226 1.00125
51 226 1.00126
52 226 1.00126
53 226 1.00126
54 226 1.00127
55 226 1.00127
56 226 1.00127
57 226 1.00127
58 226 1.00128
59 226 1.00128
60 226 1.00128
61 226 1.00128
62 226 1.00128
63 226 1.00128
0 227 1.00139
1 227 1.00139
2 227 1.00139
3 227 1.00139
4 227 1.00138
5 227 1.00138
6 227 1.00138
7 227 1.00138
8 227 1.00138
9 227 1.00138
10 227 1.00137
11 227 1.00137
12 227 1.00137
13 227 1.00136
14 227 1.00136
15 227 1.00136
16 227 1.00135
17 227 1.00135
18 227 1.00134
19 227 1.00134
20 227 1.00133
21 227 1.00133
22 227 1.00133
23 227 1.00132
24 227 1.00132
25 227 1.00131
26 227 1.00131
27 227 1.00131
28 227 1.00130
29 227 1.00130
30 227 1.00130
31 227 1.00130
32 227 1.00130
33 227 1.00130
34 227 1.00130
35 227 1.00130
36 227 1.00130
37 227 1.00131
38 227 1.00131
39 227 1.00131
40 227 1.00132
41 227 1.00132
42 227 1.00133
43 227 1.00133
44 227 1.00133
45 227 1.00134
46 227 1.00134
47 227 1.00135
48 227 1.00135
49 227 1.00136
50 227 1.00136
51 227 1.00136
52 227 1.00137
53 227 1.00137
54 227 1.00137
55 227 1.00138
56 227 1.00138
57 227 1.00138
58 227 1.00138
59 227 1.00138
60 227 1.00138
61 227 1.00139
62 227 1.00139
63 227 1.00139
0 228 1.00149
1 228 1.00149
2 228 1.00149
3 228 1.00149
4 228 1.00149
5 228 1.00149
6 228 1.00149
7 228 1.00149
8 228 1.00148
9 228 1.00148
10 228 1.00148
11 228 1.00148
12 228 1.00147
13 228 1.00147
14 228 1.00146
15 228 1.00146
16 228 1.00146
17 228 1.00145
18 228 1.00145
19 228 1.00144
20 228 1.00144
21 228 1.00143
22 228 1.00143
23 228 1.00143
24 228 1.00142
25 228 1.00142
26 228 1.00141
27 228 1.00141
28 228 1.00141
29 228 1.00141
30 228 1.00141
31 228 1.00140
32 228 1.00140
33 228 1.00140
34 228 1.00141
35 228 1.00141
36 228 1.00141
37 228 1.00141
38 228 1.00141
39 228 1.00142
40 228 1.00142
41 228 1.00143
42 228 1.00143
43 228 1.00143
44 228 1.00144
45 228 1.00144
46 228 1.00145
47 228 1.00145
48 228 1.00146
49 228 1.00146
50 228 1.00146
51 228 1.00147
52 228 1.00147
53 228 1.00148
54 228 1.00148
55 228 1.00148
56 228 1.00148
57 228 1.00149
58 228 1.00149
59 228 1.00149
60 228 1.00149
61 228 1.00149
62 228 1.00149
63 228 1.00149
0 229 1.00160
1 229 1.00160
2 229 1.00160
3 229 1.00160
4 229 1.00160
5 229 1.00160
6 229 1.00159
7 229 1.00159
8 229 1.00159
9 229 1.00159
10 229 1.00158
11 229 1.00158
12 229 1.00158
13 229 1.00158
14 229 1.00157
15 229 1.00157
16 229 1.00156
17 229 1.00156
18 229 1.00155
19 229 1.00155
20 229 1.00155
21 229 1.00154
22 229 1.00154
23 229 1.00153
24 229 1.00153
25 229 1.00152
26 229 1.00152
27 229 1.00152
28 229 1.00151
29 229 1.00151
30 229 1.00151
31 229 1.00151
32 229 1.00151
33 229 1.00151
34 229 1.00151
35 229 1.00151
36 229 1.00151
37 229 1.00152
38 229 1.00152
39 229 1.00152
40 229 1.00153
41 229 1.00153
42 229 1.00154
43 229 1.00154
44 229 1.00155
45 229 1.00155
46 229 1.00155
47 229 1.00156
48 229 1.00156
49 229 1.00157
50 229 1.00157
51 229 1.00158
52 229 1.00158
53 229 1.00158
54 229 1.00158
55 229 1.00159
56 229 1.00159
57 229 1.00159
58 229 1.00159
59 229 1.00160
60 229 1.00160
61 229 1.00160
62 229 1.00160
63 229 1.00160
0 230 1.00170
1 230 1.00170
2 230 1.00170
3 230 1.00170
4 230 1.00170
5 230 1.00170
6 230 1.00170
7 230 1.00170
8 230 1.00169
9 230 1.00169
10 230 1.00169
11 230 1.00169
12 230 1.00168
13 230 1.00168
14 230 1.00167
15 230 1.00167
16 230 1.00167
17 230 1.00166
18 230 1.00166
19 230 1.00165
20 230 1.00165
21 230 1.00164
22 230 1.00164
23 230 1.00163
24 230 1.00163
25 230 1.00163
26 230 1.00162
27 230 1.00162
28 230 1.00162
29 230 1.00161
30 230 1.00161
31 230 1.00161
32 230 1.00161
33 230 1.00161
34 230 1.00161
35 230 1.00161
36 230 1.00162
37 230 1.00162
38 230 1.00162
39 230 1.00163
40 230 1.00163
41 230 1.00163
42 230 1.00164
43 230 1.00164
44 230 1.00165
45 230 1.00165
46 230 1.00166
47 230 1.00166
48 230 1.00167
49 230 1.00167
50 230 1.00168
51 230 1.00168
52 230 1.00168
53 230 1.00169
54 230 1.00169
55 230 1.00169
56 230 1.00169
57 230 1.00170
58 230 1.00170
59 230 1.00170
60 230 1.00170
61 230 1.00170
62 230 1.00170
63 230 1.00170
0 231 1.00181
1 231 1.00181
2 231 1.00181
3 231 1.00181
4 231 1.00181
5 231 1.00180
6 231 1.00180
7 231 1.00180
8 231 1.00180
9 231 1.00180
10 231 1.00179
11 231 1.00179
12 231 1.00179
13 231 1.00178
14 231 1.00178
15 231 1.00177
16 231 1.00177
17 231 1.00177
18 231 1.00176
19 231 1.00176
20 231 1.00175
21 231 1.00175
22 231 1.00174
23 231 1.00174
24 231 1.00173
25 231 1.00173
26 231 1.00173
27 231 1.00172
28 231 1.00172
29 231 1.00172
30 231 1.00171
31 231 1.00171
32 231 1.00171
33 231 1.00171
34 231 1.00172
35 231 1.00172
36 231 1.00172
37 231 1.00172
38 231 1.00173
39 231 1.00173
40 231 1.00173
41 231 1.00174
42 231 1.00174
43 231 1.00175
44 231 1.00175
45 231 1.00176
46 231 1.00176
47 231 1.00177
48 231 1.00177
49 231 1.00177
50 231 1.00178
51 231 1.00178
52 231 1.00179
53 231 1.00179
54 231 1.00179
55 231 1.00180
56 231 1.00180
57 231 1.00180
58 231 1.00180
59 231 1.00180
60 231 1.00181
61 231 1.00181
62 231 1.00181
63 231 1.00181
0 232 1.00191
1 232 1.00191
2 232 1.00191
3 232 1.00191
4 232 1.00191
5 232 1.00191
6 232 1.00190
7 232 1.00190
8 232 1.00190
9 232 1.00190
10 232 1.00189
11 232 1.00189
12 232 1.00189
13 232 1.00188
14 232 1.00188
15 232 1.00187
16 232 1.00187
17 232 1.00186
18 232 1.00186
19 232 1.00185
20 232 1.00185
21 232 1.00185
22 232 1.00184
23 232 1.00184
24 232 1.00183
25 232 1.00183
26 232 1.00182
27 232 1.00182
28 232 1.00182
29 232 1.00181
30 232 1.00181
31 232 1.00181
32 232 1.00181
33 232 1.00181
34 232 1.00181
35 232 1.00181
36 232 1.00182
37 232 1.00182
38 232 1.00182
39 232 1.00183
40 232 1.00183
41 232 1.00184
42 232 1.00184
43 232 1.00185
44 232 1.00185
45 232 1.00185
46 232 1.00186
47 232 1.00186
48 232 1.00187
49 232 1.00187
50 232 1.00188
51 232 1.00188
52 232 1.00189
53 232 1.00189
54 232 1.00189
55 232 1.00190
56 232 1.00190
57 232 1.00190
58 232 1.00190
59 232 1.00191
60 232 1.00191
61 232 1.00191
62 232 1.00191
63 232 1.00191
0 233 1.00201
1 233 1.00201
2 233 1.00201
3 233 1.00201
4 233 1.00201
5 233 1.00200
6 233 1.00200
7 233 1.00200
8 233 1.00200
9 233 1.00199
10 233 1.00199
11 233 1.00199
12 233 1.00198
13 233 1.00198
14 233 1.00197
15 233 1.00197
16 233 1.00197
17 233 1.00196
18 233 1.00196
19 233 1.00195
20 233 1.00195
21 233 1.00194
22 233 1.00194
23 233 1.00193
24 233 1.00193
25 233 1.00192
26 233 1.00192
27 233 1.00191
28 233 1.00191
29 233 1.00191
30 233 1.00190
31 233 1.00190
32 233 1.00190
33 233 1.00190
34 233 1.00190
35 233 1.00191
36 233 1.00191
37 233 1.00191
38 233 1.00192
39 233 1.00192
40 233 1.00193
41 233 1.00193
42 233 1.00194
43 233 1.00194
44 233 1.00195
45 233 1.00195
46 233 1.00196
47 233 1.00196
48 233 1.00197
49 233 1.00197
50 233 1.00197
51 233 1.00198
52 233 1.00198
53 233 1.00199
54 233 1.00199
55 233 1.00199
56 233 1.00200
57 233 1.00200
58 233 1.00200
59 233 1.00200
60 233 1.00201
61 233 1.00201
62 233 1.00201
63 233 1.00201
0 234 1.00210
1 234 1.00210
2 234 1.00210
3 234 1.00210
4 234 1.00209
5 234 1.00209
6 234 1.00209
7 234 1.00209
8 234 1.00208
9 234 1.00208
10 234 1.00208
11 234 1.00207
12 234 1.00207
13 234 1.00207
14 234 1.00206
15 234 1.00206
16 234 1.00205
17 234 1.00205
18 234 1.00204
19 234 1.00204
20 234 1.00203
21 234 1.00203
22 234 1.00202
23 234 1.00202
24 234 1.00201
25 234 1.00201
26 234 1.00200
27 234 1.00200
28 234 1.00200
29 234 1.00199
30 234 1.00199
31 234 1.00199
32 234 1.00199
33 234 1.00199
34 234 1.00199
35 234 1.00199
36 234 1.00200
37 234 1.00200
38 234 1.00200
39 234 1.00201
40 234 1.00201
41 234 1.00202
42 234 1.00202
43 234 1.00203
44 234 1.00203
45 234 1.00204
46 234 1.00204
47 234 1.00205
48 234 1.00205
49 234 1.00206
50 234 1.00206
51 234 1.00207
52 234 1.00207
53 234 1.00207
54 234 1.00208
55 234 1.00208
56 234 1.00208
57 234 1.00209
58 234 1.00209
59 234 1.00209
60 234 1.00209
61 234 1.00210
62 234 1.00210
63 234 1.00210
0 235 1.00218
1 235 1.00218
2 235 1.00218
3 235 1.00218
4 235 1.00218
5 235 1.00218
6 235 1.00217
7 235 1.00217
8 235 1.00217
9 235 1.00216
10 235 1.00216
11 235 1.00216
12 235 1.00215
13 235 1.00215
14 235 1.00215
15 235 1.00214
16 235 1.00214
17 235 1.00213
18 235 1.00213
19 235 1.00212
20 235 1.00212
21 235 1.00211
22 235 1.00211
23 235 1.00210
24 235 1.00209
25 235 1.00209
26 235 1.00209
27 235 1.00208
28 235 1.00208
29 235 1.00208
30 235 1.00207
31 235 1.00207
32 235 1.00207
33 235 1.00207
34 235 1.00207
35 235 1.00208
36 235 1.00208
37 235 1.00208
38 235 1.00209
39 235 1.00209
40 235 1.00209
41 235 1.00210
42 235 1.00210
43 235 1.00211
44 235 1.00212
45 235 1.00212
46 235 1.00213
47 235 1.00213
48 235 1.00214
49 235 1.00214
50 235 1.00215
51 235 1.00215
52 235 1.00215
53 235 1.00216
54 235 1.00216
55 235 1.00216
56 235 1.00217
57 235 1.00217
58 235 1.00217
59 235 1.00218
60 235 1.00218
61 235 1.00218
62 235 1.00218
63 235 1.00218
0 236 1.00226
1 236 1.00225
2 236 1.00225
3 236 1.00225
4 236 1.00225
5 236 1.00225
6 236 1.00225
7 236 1.00224
8 236 1.00224
9 236 1.00224
10 236 1.00224
11 236 1.00223
12 236 1.00223
13 236 1.00222
14 236 1.00222
15 236 1.00222
16 236 1.00221
17 236 1.00221
18 236 1.00220
19 236 1.00220
20 236 1.00219
21 236 1.00219
22 236 1.00218
23 236 1.00217
24 236 1.00217
25 236 1.00216
26 236 1.00216
27 236 1.00216
28 236 1.00215
29 236 1.00215
30 236 1.00215
31 236 1.00215
32 236 1.00215
33 236 1.00215
34 236 1.00215
35 236 1.00215
36 236 1.00215
37 236 1.00216
38 236 1.00216
39 236 1.00216
40 236 1.00217
41 236 1.00217
42 236 1.00218
43 236 1.00218
44 236 1.00219
45 236 1.00220
46 236 1.00220
47 236 1.00221
48 236 1.00221
49 236 1.00222
50 236 1.00222
51 236 1.00222
52 236 1.00223
53 236 1.00223
54 236 1.00224
55 236 1.00224
56 236 1.00224
57 236 1.00224
58 236 1.00225
59 236 1.00225
60 236 1.00225
61 236 1.00225
62 236 1.00225
63 236 1.00225
0 237 1.00233
1 237 1.00233
2 237 1.00233
3 237 1.00232
4 237 1.00232
5 237 1.00232
6 237 1.00232
7 237 1.00232
8 237 1.00231
9 237 1.00231
10 237 1.00231
11 237 1.00230
12 237 1.00230
13 237 1.00230
14 237 1.00229
15 237 1.00229
16 237 1.00228
17 237 1.00228
18 237 1.00227
19 237 1.00227
20 237 1.00226
21 237 1.00226
22 237 1.00225
23 237 1.00225
24 237 1.00224
25 237 1.00224
26 237 1.00223
27 237 1.00223
28 237 1.00223
29 237 1.00222
30 237 1.00222
31 237 1.00222
32 237 1.00222
33 237 1.00222
34 237 1.00222
35 237 1.00222
36 237 1.00223
37 237 1.00223
38 237 1.00223
39 237 1.00224
40 237 1.00224
41 237 1.00225
42 237 1.00225
43 237 1.00226
44 237 1.00226
45 237 1.00227
46 237 1.00227
47 237 1.00228
48 237 1.00228
49 237 1.00229
50 237 1.00229
51 237 1.00230
52 237 1.00230
53 237 1.00230
54 237 1.00231
55 237 1.00231
56 237 1.00231
57 237 1.00232
58 237 1.00232
59 237 1.00232
60 237 1.00232
61 237 1.00232
62 237 1.00233
63 237 1.00233
0 238 1.00239
1 238 1.00239
2 238 1.00239
3 238 1.00239
4 238 1.00238
5 238 1.00238
6 238 1.00238
7 238 1.00238
8 238 1.00238
9 238 1.00237
10 238 1.00237
11 238 1.00237
12 238 1.00236
13 238 1.00236
14 238 1.00235
15 238 1.00235
16 238 1.00235
17 238 1.00234
18 238 1.00234
19 238 1.00233
20 238 1.00233
21 238 1.00232
22 238 1.00231
23 238 1.00231
24 238 1.00230
25 238 1.00230
26 238 1.00230
27 238 1.00229
28 238 1.00229
29 238 1.00229
30 238 1.00228
31 238 1.00228
32 238 1.00228
33 238 1.00228
34 238 1.00228
35 238 1.00229
36 238 1.00229
37 238 1.00229
38 238 1.00230
39 238 1.00230
40 238 1.00230
41 238 1.00231
42 238 1.00231
43 238 1.00232
44 238 1.00232
45 238 1.00233
46 238 1.00234
47 238 1.00234
48 238 1.00235
49 238 1.00235
50 238 1.00235
51 238 1.00236
52 238 1.00236
53 238 1.00237
54 238 1.00237
55 238 1.00237
56 238 1.00238
57 238 1.00238
58 238 1.00238
59 238 1.00238
60 238 1.00239
61 238 1.00239
62 238 1.00239
63 238 1.00239
0 239 1.00245
1 239 1.00245
2 239 1.00245
3 239 1.00245
4 239 1.00244
5 239 1.00244
6 239 1.00244
7 239 1.00244
8 239 1.00244
9 239 1.00243
10 239 1.00243
11 239 1.00243
12 239 1.00242
13 239 1.00242
14 239 1.00241
15 239 1.00241
16 239 1.00240
17 239 1.00240
18 239 1.00240
19 239 1.00239
20 239 1.00238
21 239 1.00238
22 239 1.00237
23 239 1.00237
24 239 1.00237
25 239 1.00236
26 239 1.00236
27 239 1.00235
28 239 1.00235
29 239 1.00235
30 239 1.00235
31 239 1.00234
32 239 1.00234
33 239 1.00234
34 239 1.00235
35 239 1.00235
36 239 1.00235
37 239 1.00235
38 239 1.00236
39 239 1.00236
40 239 1.00236
41 239 1.00237
42 239 1.00237
43 239 1.00238
44 239 1.00238
45 239 1.00239
46 239 1.00239
47 239 1.00240
48 239 1.00240
49 239 1.00241
50 239 1.00241
51 239 1.00242
52 239 1.00242
53 239 1.00243
54 239 1.00243
55 239 1.00243
56 239 1.00244
57 239 1.00244
58 239 1.00244
59 239 1.00244
60 239 1.00244
61 239 1.00245
62 239 1.00245
63 239 1.00245
0 240 1.00250
1 240 1.00250
2 240 1.00249
3 240 1.00249
4 240 1.00249
5 240 1.00249
6 240 1.00249
7 240 1.00249
8 240 1.00248
9 240 1.00248
10 240 1.00248
11 240 1.00247
12 240 1.00247
13 240 1.00247
14 240 1.00246
15 240 1.00246
16 240 1.00245
17 240 1.00245
18 240 1.00244
19 240 1.00244
20 240 1.00243
21 240 1.00243
22 240 1.00242
23 240 1.00242
24 240 1.00242
25 240 1.00241
26 240 1.00241
27 240 1.00240
28 240 1.00240
29 240 1.00240
30 240 1.00240
31 240 1.00239
32 240 1.00239
33 240 1.00239
34 240 1.00240
35 240 1.00240
36 240 1.00240
37 240 1.00240
38 240 1.00241
39 240 1.00241
40 240 1.00241
41 240 1.00242
42 240 1.00242
43 240 1.00243
44 240 1.00243
45 240 1.00244
46 240 1.00244
47 240 1.00245
48 240 1.00245
49 240 1.00246
50 240 1.00246
51 240 1.00247
52 240 1.00247
53 240 1.00247
54 240 1.00248
55 240 1.00248
56 240 1.00248
57 240 1.00249
58 240 1.00249
59 240 1.00249
60 240 1.00249
61 240 1.00249
62 240 1.00249
63 240 1.00250
0 241 1.00254
1 241 1.00254
2 241 1.00254
3 241 1.00254
4 241 1.00254
5 241 1.00254
6 241 1.00253
7 241 1.00253
8 241 1.00253
9 241 1.00253
10 241 1.00252
11 241 1.00252
12 241 1.00252
13 241 1.00251
14 241 1.00251
15 241 1.00250
16 241 1.00250
17 241 1.00249
18 241 1.00249
19 241 1.00249
20 241 1.00248
21 241 1.00248
22 241 1.00247
23 241 1.00247
24 241 1.00246
25 241 1.00246
26 241 1.00245
27 241 1.00245
28 241 1.00245
29 241 1.00244
30 241 1.00244
31 241 1.00244
32 241 1.00244
33 241 1.00244
34 241 1.00244
35 241 1.00244
36 241 1.00245
37 241 1.00245
38 241 1.00245
39 241 1.00246
40 241 1.00246
41 241 1.00247
42 241 1.00247
43 241 1.00247
44 241 1.00248
45 241 1.00249
46 241 1.00249
47 241 1.00249
48 241 1.00250
49 241 1.00250
50 241 1.00251
51 241 1.00251
52 241 1.00252
53 241 1.00252
54 241 1.00252
55 241 1.00253
56 241 1.00253
57 241 1.00253
58 241 1.00253
59 241 1.00254
60 241 1.00254
61 241 1.00254
62 241 1.00254
63 241 1.00254
0 242 1.00258
1 242 1.00258
2 242 1.00258
3 242 1.00257
4 242 1.00257
5 242 1.00257
6 242 1.00257
7 242 1.00257
8 242 1.00257
9 242 1.00256
10 242 1.00256
11 242 1.00256
12 242 1.00255
13 242 1.00255
14 242 1.00255
15 242 1.00254
16 242 1.00254
17 242 1.00253
18 242 1.00253
19 242 1.00252
20 242 1.00252
21 242 1.00251
22 242 1.00251
23 242 1.00251
24 242 1.00250
25 242 1.00250
26 242 1.00249
27 242 1.00249
28 242 1.00248
29 242 1.00248
30 242 1.00248
31 242 1.00248
32 242 1.00248
33 242 1.00248
34 242 1.00248
35 242 1.00248
36 242 1.00249
37 242 1.00249
38 242 1.00249
39 242 1.00250
40 242 1.00250
41 242 1.00251
42 242 1.00251
43 242 1.00251
44 242 1.00252
45 242 1.00252
46 242 1.00253
47 242 1.00253
48 242 1.00254
49 242 1.00254
50 242 1.00255
51 242 1.00255
52 242 1.00255
53 242 1.00256
54 242 1.00256
55 242 1.00256
56 242 1.00257
57 242 1.00257
58 242 1.00257
59 242 1.00257
60 242 1.00257
61 242 1.00257
62 242 1.00258
63 242 1.00258
0 243 1.00259
1 243 1.00259
2 243 1.00259
3 243 1.00258
4 243 1.00258
5 243 1.00258
6 243 1.00259
7 243 1.00258
8 243 1.00258
9 243 1.00257
10 243 1.00257
11 243 1.00257
12 243 1.00257
13 243 1.00256
14 243 1.00256
15 243 1.00256
16 243 1.00255
17 243 1.00255
18 243 1.00254
19 243 1.00254
20 243 1.00253
21 243 1.00253
22 243 1.00252
23 243 1.00252
24 243 1.00252
25 243 1.00251
26 243 1.00251
27 243 1.00250
28 243 1.00250
29 243 1.00250
30 243 1.00250
31 243 1.00250
32 243 1.00250
33 243 1.00250
34 243 1.00250
35 243 1.00250
36 243 1.00250
37 243 1.00250
38 243 1.00251
39 243 1.00251
40 243 1.00252
41 243 1.00252
42 243 1.00252
43 243 1.00253
44 243 1.00253
45 243 1.00254
46 243 1.00254
47 243 1.00254
48 243 1.00255
49 243 1.00256
50 243 1.00256
51 243 1.00256
52 243 1.00257
53 243 1.00257
54 243 1.00257
55 243 1.00257
56 243 1.00258
57 243 1.00258
58 243 1.00259
59 243 1.00258
60 243 1.00258
61 243 1.00258
62 243 1.00259
63 243 1.00259
0 244 1.00262
1 244 1.00261
2 244 1.00260
3 244 1.00259
4 244 1.00259
5 244 1.00260
6 244 1.00261
7 244 1.00260
8 244 1.00259
9 244 1.00259
10 244 1.00259
11 244 1.00259
12 244 1.00258
13 244 1.00258
14 244 1.00258
15 244 1.00257
16 244 1.00256
17 244 1.00256
18 244 1.00256
19 244 1.00256
20 244 1.00254
21 244 1.00254
22 244 1.00254
23 244 1.00254
24 244 1.00254
25 244 1.00252
26 244 1.00251
27 244 1.00251
28 244 1.00252
29 244 1.00253
30 244 1.00253
31 244 1.00251
32 244 1.00251
33 244 1.00251
34 244 1.00251
35 244 1.00252
36 244 1.00252
37 244 1.00252
38 244 1.00252
39 244 1.00253
40 244 1.00254
41 244 1.00254
42 244 1.00254
43 244 1.00254
44 244 1.00254
45 244 1.00256
46 244 1.00256
47 244 1.00256
48 244 1.00256
49 244 1.00257
50 244 1.00258
51 244 1.00257
52 244 1.00258
53 244 1.00259
54 244 1.00259
55 244 1.00259
56 244 1.00259
57 244 1.00260
58 244 1.00261
59 244 1.00260
60 244 1.00259
61 244 1.00259
62 244 1.00260
63 244 1.00261
0 245 1.00261
1 245 1.00261
2 245 1.00259
3 245 1.00258
4 245 1.00258
5 245 1.00259
6 245 1.00259
7 245 1.00259
8 245 1.00258
9 245 1.00257
10 245 1.00258
11 245 1.00257
12 245 1.00256
13 245 1.00256
14 245 1.00257
15 245 1.00256
16 245 1.00254
17 245 1.00255
18 245 1.00256
19 245 1.00255
20 245 1.00253
21 245 1.00253
22 245 1.00254
23 245 1.00254
24 245 1.00254
25 245 1.00251
26 245 1.00250
27 245 1.00251
28 245 1.00252
29 245 1.00253
30 245 1.00252
31 245 1.00250
32 245 1.00250
33 245 1.00250
34 245 1.00251
35 245 1.00252
36 245 1.00252
37 245 1.00251
38 245 1.00251
39 245 1.00252
40 245 1.00254
41 245 1.00254
42 245 1.00253
43 245 1.00253
44 245 1.00253
45 245 1.00256
46 245 1.00256
47 245 1.00255
48 245 1.00255
49 245 1.00256
50 245 1.00257
51 245 1.00256
52 245 1.00256
53 245 1.00257
54 245 1.00258
55 245 1.00257
56 245 1.00258
57 245 1.00259
58 245 1.00259
59 245 1.00259
60 245 1.00258
61 245 1.00258
62 245 1.00259
63 245 1.00260
0 246 1.00262
1 246 1.00261
2 246 1.00261
3 246 1.00260
4 246 1.00260
5 246 1.00260
6 246 1.00260
7 246 1.00260
8 246 1.00259
9 246 1.00259
10 246 1.00259
11 246 1.00258
12 246 1.00258
13 246 1.00258
14 246 1.00258
15 246 1.00257
16 246 1.00256
17 246 1.00256
18 246 1.00257
19 246 1.00256
20 246 1.00254
21 246 1.00254
22 246 1.00254
23 246 1.00255
24 246 1.00254
25 246 1.00252
26 246 1.00252
27 246 1.00252
28 246 1.00252
29 246 1.00253
30 246 1.00253
31 246 1.00251
32 246 1.00251
33 246 1.00251
34 246 1.00252
35 246 1.00253
36 246 1.00252
37 246 1.00252
38 246 1.00252
39 246 1.00253
40 246 1.00254
41 246 1.00254
42 246 1.00254
43 246 1.00254
44 246 1.00254
45 246 1.00256
46 246 1.00256
47 246 1.00256
48 246 1.00256
49 246 1.00258
50 246 1.00258
51 246 1.00258
52 246 1.00258
53 246 1.00258
54 246 1.00259
55 246 1.00259
56 246 1.00259
57 246 1.00260
58 246 1.00260
59 246 1.00260
60 246 1.00260
61 246 1.00260
62 246 1.00260
63 246 1.00261
0 247 1.00259
1 247 1.00259
2 247 1.00259
3 247 1.00258
4 247 1.00258
5 247 1.00258
6 247 1.00258
7 247 1.00258
8 247 1.00258
9 247 1.00257
10 247 1.00257
11 247 1.00257
12 247 1.00257
13 247 1.00256
14 247 1.00256
15 247 1.00256
16 247 1.00255
17 247 1.00255
18 247 1.00255
19 247 1.00254
20 247 1.00254
21 247 1.00253
22 247 1.00253
23 247 1.00252
24 247 1.00252
25 247 1.00252
26 247 1.00251
27 247 1.00251
28 247 1.00251
29 247 1.00251
30 247 1.00251
31 247 1.00250
32 247 1.00250
33 247 1.00250
34 247 1.00250
35 247 1.00251
36 247 1.00251
37 247 1.00251
38 247 1.00251
39 247 1.00252
40 247 1.00252
41 247 1.00252
42 247 1.00253
43 247 1.00253
44 247 1.00254
45 247 1.00254
46 247 1.00254
47 247 1.00255
48 247 1.00255
49 247 1.00256
50 247 1.00256
51 247 1.00256
52 247 1.00257
53 247 1.00257
54 247 1.00257
55 247 1.00257
56 247 1.00258
57 247 1.00258
58 247 1.00258
59 247 1.00258
60 247 1.00258
61 247 1.00258
62 247 1.00258
63 247 1.00259
0 248 1.00226
1 248 1.00226
2 248 1.00226
3 248 1.00225
4 248 1.00225
5 248 1.00225
6 248 1.00225
7 248 1.00225
8 248 1.00225
9 248 1.00225
10 248 1.00225
11 248 1.00224
12 248 1.00224
13 248 1.00224
14 248 1.00224
15 248 1.00224
16 248 1.00223
17 248 1.00223
18 248 1.00223
19 248 1.00223
20 248 1.00222
21 248 1.00222
22 248 1.00222
23 248 1.00222
24 248 1.00221
25 248 1.00221
26 248 1.00221
27 248 1.00221
28 248 1.00220
29 248 1.00220
30 248 1.00220
31 248 1.00220
32 248 1.00220
33 248 1.00220
34 248 1.00220
35 248 1.00220
36 248 1.00220
37 248 1.00221
38 248 1.00221
39 248 1.00221
40 248 1.00221
41 248 1.00221
42 248 1.00222
43 248 1.00222
44 248 1.00222
45 248 1.00223
46 248 1.00223
47 248 1.00223
48 248 1.00223
49 248 1.00224
50 248 1.00224
51 248 1.00224
52 248 1.00224
53 248 1.00224
54 248 1.00225
55 248 1.00225
56 248 1.00225
57 248 1.00225
58 248 1.00225
59 248 1.00225
60 248 1.00225
61 248 1.00225
62 248 1.00226
63 248 1.00226
0 249 1.00133
1 249 1.00133
2 249 1.00133
3 249 1.00133
4 249 1.00133
5 249 1.00133
6 249 1.00133
7 249 1.00133
8 249 1.00133
9 249 1.00133
10 249 1.00133
11 249 1.00133
12 249 1.00133
13 249 1.00132
14 249 1.00132
15 249 1.00132
16 249 1.00132
17 249 1.00132
18 249 1.00131
19 249 1.00131
20 249 1.00131
21 249 1.00130
22 249 1.00130
23 249 1.00130
24 249 1.00129
25 249 1.00129
26 249 1.00129
27 249 1.00129
28 249 1.00128
29 249 1.00128
30 249 1.00128
31 249 1.00128
32 249 1.00128
33 249 1.00128
34 249 1.00128
35 249 1.00128
36 249 1.00128
37 249 1.00129
38 249 1.00129
39 249 1.00129
40 249 1.00129
41 249 1.00130
42 249 1.00130
43 249 1.00130
44 249 1.00131
45 249 1.00131
46 249 1.00131
47 249 1.00132
48 249 1.00132
49 249 1.00132
50 249 1.00132
51 249 1.00132
52 249 1.00133
53 249 1.00133
54 249 1.00133
55 249 1.00133
56 249 1.00133
57 249 1.00133
58 249 1.00133
59 249 1.00133
60 249 1.00133
61 249 1.00133
62 249 1.00133
63 249 1.00133
0 250 0.99894
1 250 0.99894
2 250 0.99894
3 250 0.99894
4 250 0.99894
5 250 0.99894
6 250 0.99894
7 250 0.99894
8 250 0.99894
9 250 0.99894
10 250 0.99894
11 250 0.99894
12 250 0.99894
13 250 0.99894
14 250 0.99894
15 250 0.99894
16 250 0.99893
17 250 0.99893
18 250 0.99893
19 250 0.99892
20 250 0.99892
21 250 0.99892
22 250 0.99891
23 250 0.99891
24 250 0.99890
25 250 0.99890
26 250 0.99889
27 250 0.99889
28 250 0.99889
29 250 0.99889
30 250 0.99888
31 250 0.99888
32 250 0.99888
33 250 0.99888
34 250 0.99888
35 250 0.99889
36 250 0.99889
37 250 0.99889
38 250 0.99890
39 250 0.99890
40 250 0.99890
41 250 0.99891
42 250 0.99891
43 250 0.99892
44 250 0.99892
45 250 0.99892
46 250 0.99893
47 250 0.99893
48 250 0.99893
49 250 0.99893
50 250 0.99894
51 250 0.99894
52 250 0.99894
53 250 0.99894
54 250 0.99894
55 250 0.99894
56 250 0.99894
57 250 0.99894
58 250 0.99894
59 250 0.99894
60 250 0.99894
61 250 0.99894
62 250 0.99894
63 250 0.99894
0 251 0.99316
1 251 0.99316
2 251 0.99316
3 251 0.99316
4 251 0.99316
5 251 0.99316
6 251 0.99316
7 251 0.99316
8 251 0.99316
9 251 0.99316
10 251 0.99317
11 251 0.99317
12 251 0.99317
13 251 0.99317
14 251 0.99316
15 251 0.99316
16 251 0.99316
17 251 0.99316
18 251 0.99316
19 251 0.99315
20 251 0.99315
21 251 0.99314
22 251 0.99314
23 251 0.99313
24 251 0.99313
25 251 0.99312
26 251 0.99312
27 251 0.99311
28 251 0.99311
29 251 0.99310
30 251 0.99310
31 251 0.99310
32 251 0.99310
33 251 0.99310
34 251 0.99310
35 251 0.99310
36 251 0.99311
37 251 0.99311
38 251 0.99312
39 251 0.99312
40 251 0.99313
41 251 0.99313
42 251 0.99314
43 251 0.99314
44 251 0.99315
45 251 0.99315
46 251 0.99316
47 251 0.99316
48 251 0.99316
49 251 0.99316
50 251 0.99316
51 251 0.99317
52 251 0.99317
53 251 0.99317
54 251 0.99317
55 251 0.99316
56 251 0.99316
57 251 0.99316
58 251 0.99316
59 251 0.99316
60 251 0.99316
61 251 0.99316
62 251 0.99316
63 251 0.99316
0 252 0.97971
1 252 0.97971
2 252 0.97971
3 252 0.97971
4 252 0.97972
5 252 0.97972
6 252 0.97972
7 252 0.97972
8 252 0.97972
9 252 0.97972
10 252 0.97973
11 252 0.97973
12 252 0.97973
13 252 0.97973
14 252 0.97973
15 252 0.97973
16 252 0.97973
17 252 0.97972
18 252 0.97972
19 252 0.97972
20 252 0.97971
21 252 0.97971
22 252 0.97970
23 252 0.97969
24 252 0.97969
25 252 0.97968
26 252 0.97967
27 252 0.97967
28 252 0.97966
29 252 0.97966
30 252 0.97965
31 252 0.97965
32 252 0.97965
33 252 0.97965
34 252 0.97965
35 252 0.97966
36 252 0.97966
37 252 0.97967
38 252 0.97967
39 252 0.97968
40 252 0.97969
41 252 0.97969
42 252 0.97970
43 252 0.97971
44 252 0.97971
45 252 0.97972
46 252 0.97972
47 252 0.97972
48 252 0.97973
49 252 0.97973
50 252 0.97973
51 252 0.97973
52 252 0.97973
53 252 0.97973
54 252 0.97972
55 252 0.97972
56 252 0.97972
57 252 0.97972
58 252 0.97972
59 252 0.97972
60 252 0.97972
61 252 0.97971
62 252 0.97971
63 252 0.97971
0 253 0.95011
1 253 0.95011
2 253 0.95011
3 253 0.95012
4 253 0.95012
5 253 0.95012
6 253 0.95013
7 253 0.95013
8 253 0.95014
9 253 0.95015
10 253 0.95015
11 253 0.95016
12 253 0.95016
13 253 0.95017
14 253 0.95018
15 253 0.95018
16 253 0.95018
17 253 0.95018
18 253 0.95018
19 253 0.95018
20 253 0.95018
21 253 0.95017
22 253 0.95017
23 253 0.95016
24 253 0.95015
25 253 0.95015
26 253 0.95014
27 253 0.95013
28 253 0.95012
29 253 0.95012
30 253 0.95011
31 253 0.95011
32 253 0.95011
33 253 0.95011
34 253 0.95011
35 253 0.95012
36 253 0.95012
37 253 0.95013
38 253 0.95014
39 253 0.95015
40 253 0.95015
41 253 0.95016
42 253 0.95017
43 253 0.95017
44 253 0.95018
45 253 0.95018
46 253 0.95018
47 253 0.95018
48 253 0.95018
49 253 0.95018
50 253 0.95018
51 253 0.95017
52 253 0.95016
53 253 0.95016
54 253 0.95015
55 253 0.95015
56 253 0.95014
57 253 0.95013
58 253 0.95013
59 253 0.95012
60 253 0.95012
61 253 0.95012
62 253 0.95011
63 253 0.95011
0 254 0.88872
1 254 0.88872
2 254 0.88872
3 254 0.88873
4 254 0.88874
5 254 0.88875
6 254 0.88876
7 254 0.88877
8 254 0.88879
9 254 0.88880
10 254 0.88882
11 254 0.88884
12 254 0.88885
13 254 0.88887
14 254 0.88888
15 254 0.88890
16 254 0.88891
17 254 0.88892
18 254 0.88893
19 254 0.88893
20 254 0.88893
21 254 0.88893
22 254 0.88893
23 254 0.88893
24 254 0.88892
25 254 0.88892
26 254 0.88891
27 254 0.88890
28 254 0.88889
29 254 0.88889
30 254 0.88888
31 254 0.88888
32 254 0.88888
33 254 0.88888
34 254 0.88888
35 254 0.88889
36 254 0.88889
37 254 0.88890
38 254 0.88891
39 254 0.88892
40 254 0.88892
41 254 0.88893
42 254 0.88893
43 254 0.88893
44 254 0.88893
45 254 0.88893
46 254 0.88893
47 254 0.88892
48 254 0.88891
49 254 0.88890
50 254 0.88888
51 254 0.88887
52 254 0.88885
53 254 0.88884
54 254 0.88882
55 254 0.88880
56 254 0.88879
57 254 0.88877
58 254 0.88876
59 254 0.88875
60 254 0.88874
61 254 0.88873
62 254 0.88872
63 254 0.88872
0 255 0.77652
1 255 0.77652
2 255 0.77653
3 255 0.77654
4 255 0.77655
5 255 0.77657
6 255 0.77659
7 255 0.77662
8 255 0.77665
9 255 0.77668
10 255 0.77672
11 255 0.77675
12 255 0.77679
13 255 0.77682
14 255 0.77686
15 255 0.77689
16 255 0.77692
17 255 0.77694
18 255 0.77696
19 255 0.77698
20 255 0.77700
21 255 0.77701
22 255 0.77701
23 255 0.77702
24 255 0.77702
25 255 0.77701
26 255 0.77701
27 255 0.77700
28 255 0.77700
29 255 0.77699
30 255 0.77699
31 255 0.77698
32 255 0.77698
33 255 0.77698
34 255 0.77699
35 255 0.77699
36 255 0.77700
37 255 0.77700
38 255 0.77701
39 255 0.77701
40 255 0.77702
41 255 0.77702
42 255 0.77701
43 255 0.77701
44 255 0.77700
45 255 0.77698
46 255 0.77696
47 255 0.77694
48 255 0.77692
49 255 0.77689
50 255 0.77686
51 255 0.77682
52 255 0.77679
53 255 0.77675
54 255 0.77672
55 255 0.77668
56 255 0.77665
57 255 0.77662
58 255 0.77659
59 255 0.77657
60 255 0.77655
61 255 0.77654
62 255 0.77653
63 255 0.77652
