# sphere3d  L0=100 R=20 xi=3 Pe=60 M=1.000000e-03 steps=5000 lat=D3Q27
# mid-z slice: x y phi_final phi_initial
0 0 -0.000006 0.000000
1 0 -0.000005 0.000000
2 0 -0.000006 0.000000
3 0 -0.000006 0.000000
4 0 -0.000007 0.000000
5 0 -0.000007 0.000000
6 0 -0.000007 0.000000
7 0 -0.000008 0.000000
8 0 -0.000008 0.000000
9 0 -0.000009 0.000000
10 0 -0.000009 0.000000
11 0 -0.000010 0.000000
12 0 -0.000010 0.000000
13 0 -0.000010 0.000000
14 0 -0.000011 0.000000
15 0 -0.000011 0.000000
16 0 -0.000011 0.000000
17 0 -0.000012 0.000000
18 0 -0.000012 0.000000
19 0 -0.000012 0.000000
20 0 -0.000012 0.000000
21 0 -0.000012 0.000000
22 0 -0.000012 0.000000
23 0 -0.000012 0.000001
24 0 -0.000012 0.000001
25 0 -0.000012 0.000001
26 0 -0.000012 0.000001
27 0 -0.000012 0.000001
28 0 -0.000012 0.000001
29 0 -0.000012 0.000002
30 0 -0.000012 0.000002
31 0 -0.000011 0.000002
32 0 -0.000011 0.000001
33 0 -0.000010 0.000001
34 0 -0.000011 0.000001
35 0 -0.000014 0.000001
36 0 -0.000016 0.000001
37 0 -0.000017 0.000001
38 0 -0.000018 0.000000
39 0 -0.000018 0.000000
40 0 -0.000017 0.000000
41 0 -0.000014 0.000000
42 0 -0.000011 0.000000
43 0 -0.000010 0.000000
44 0 -0.000012 0.000000
45 0 -0.000015 0.000000
46 0 -0.000016 0.000000
47 0 -0.000016 0.000000
48 0 -0.000016 0.000000
49 0 -0.000016 0.000000
50 0 -0.000015 0.000000
51 0 -0.000013 0.000000
52 0 -0.000011 0.000000
53 0 -0.000010 0.000000
54 0 -0.000009 0.000000
55 0 -0.000007 0.000000
56 0 -0.000006 0.000000
57 0 -0.000005 0.000000
58 0 -0.000004 0.000000
59 0 -0.000003 0.000000
60 0 -0.000003 0.000000
61 0 -0.000002 0.000000
62 0 -0.000002 0.000000
63 0 -0.000001 0.000000
64 0 -0.000001 0.000000
65 0 -0.000001 0.000000
66 0 -0.000001 0.000000
67 0 -0.000001 0.000000
68 0 -0.000001 0.000000
69 0 -0.000001 0.000000
70 0 -0.000001 0.000000
71 0 -0.000001 0.000000
72 0 -0.000000 0.000000
73 0 -0.000000 0.000000
74 0 -0.000000 0.000000
75 0 -0.000000 0.000000
76 0 -0.000000 0.000000
77 0 -0.000000 0.000000
78 0 -0.000000 0.000000
79 0 -0.000000 0.000000
80 0 -0.000000 0.000000
81 0 -0.000000 0.000000
82 0 -0.000000 0.000000
83 0 -0.000000 0.000000
84 0 -0.000000 0.000000
85 0 -0.000000 0.000000
86 0 -0.000000 0.000000
87 0 -0.000000 0.000000
88 0 -0.000000 0.000000
89 0 -0.000000 0.000000
90 0 -0.000000 0.000000
91 0 -0.000000 0.000000
92 0 -0.000000 0.000000
93 0 -0.000000 0.000000
94 0 -0.000000 0.000000
95 0 -0.000000 0.000000
96 0 -0.000000 0.000000
97 0 -0.000000 0.000000
98 0 0.000000 0.000000
99 0 -0.000003 0.000000
0 1 -0.000009 0.000000
1 1 -0.000008 0.000000
2 1 -0.000009 0.000000
3 1 -0.000009 0.000000
4 1 -0.000010 0.000000
5 1 -0.000010 0.000000
6 1 -0.000010 0.000000
7 1 -0.000010 0.000000
8 1 -0.000010 0.000000
9 1 -0.000009 0.000000
10 1 -0.000009 0.000000
11 1 -0.000009 0.000000
12 1 -0.000010 0.000000
13 1 -0.000010 0.000000
14 1 -0.000011 0.000000
15 1 -0.000011 0.000000
16 1 -0.000011 0.000000
17 1 -0.000011 0.000000
18 1 -0.000011 0.000000
19 1 -0.000011 0.000000
20 1 -0.000010 0.000001
21 1 -0.000009 0.000001
22 1 -0.000008 0.000001
23 1 -0.000007 0.000002
24 1 -0.000006 0.000003
25 1 -0.000004 0.000003
26 1 -0.000004 0.000004
27 1 -0.000003 0.000005
28 1 -0.000003 0.000006
29 1 -0.000004 0.000006
30 1 -0.000005 0.000006
31 1 -0.000007 0.000006
32 1 -0.000009 0.000006
33 1 -0.000014 0.000005
34 1 -0.000023 0.000004
35 1 -0.000035 0.000003
36 1 -0.000046 0.000003
37 1 -0.000049 0.000002
38 1 -0.000050 0.000001
39 1 -0.000053 0.000001
40 1 -0.000052 0.000001
41 1 -0.000040 0.000000
42 1 -0.000023 0.000000
43 1 -0.000011 0.000000
44 1 -0.000008 0.000000
45 1 -0.000012 0.000000
46 1 -0.000017 0.000000
47 1 -0.000021 0.000000
48 1 -0.000026 0.000000
49 1 -0.000028 0.000000
50 1 -0.000029 0.000000
51 1 -0.000029 0.000000
52 1 -0.000027 0.000000
53 1 -0.000025 0.000000
54 1 -0.000022 0.000000
55 1 -0.000019 0.000000
56 1 -0.000016 0.000000
57 1 -0.000013 0.000000
58 1 -0.000011 0.000000
59 1 -0.000009 0.000000
60 1 -0.000007 0.000000
61 1 -0.000005 0.000000
62 1 -0.000004 0.000000
63 1 -0.000003 0.000000
64 1 -0.000002 0.000000
65 1 -0.000002 0.000000
66 1 -0.000002 0.000000
67 1 -0.000001 0.000000
68 1 -0.000001 0.000000
69 1 -0.000001 0.000000
70 1 -0.000001 0.000000
71 1 -0.000001 0.000000
72 1 -0.000001 0.000000
73 1 -0.000000 0.000000
74 1 -0.000000 0.000000
75 1 -0.000000 0.000000
76 1 -0.000000 0.000000
77 1 -0.000000 0.000000
78 1 -0.000000 0.000000
79 1 -0.000000 0.000000
80 1 -0.000000 0.000000
81 1 -0.000000 0.000000
82 1 -0.000000 0.000000
83 1 -0.000000 0.000000
84 1 -0.000000 0.000000
85 1 -0.000000 0.000000
86 1 -0.000000 0.000000
87 1 -0.000000 0.000000
88 1 -0.000000 0.000000
89 1 -0.000000 0.000000
90 1 -0.000000 0.000000
91 1 -0.000000 0.000000
92 1 -0.000000 0.000000
93 1 -0.000000 0.000000
94 1 -0.000000 0.000000
95 1 -0.000000 0.000000
96 1 -0.000000 0.000000
97 1 -0.000000 0.000000
98 1 0.000000 0.000000
99 1 -0.000005 0.000000
0 2 -0.000012 0.000000
1 2 -0.000010 0.000000
2 2 -0.000011 0.000000
3 2 -0.000011 0.000000
4 2 -0.000011 0.000000
5 2 -0.000010 0.000000
6 2 -0.000010 0.000000
7 2 -0.000010 0.000000
8 2 -0.000010 0.000000
9 2 -0.000010 0.000000
10 2 -0.000010 0.000000
11 2 -0.000011 0.000000
12 2 -0.000012 0.000000
13 2 -0.000013 0.000000
14 2 -0.000014 0.000000
15 2 -0.000013 0.000000
16 2 -0.000012 0.000000
17 2 -0.000011 0.000001
18 2 -0.000010 0.000001
19 2 -0.000009 0.000001
20 2 -0.000008 0.000002
21 2 -0.000007 0.000004
22 2 -0.000005 0.000005
23 2 -0.000003 0.000007
24 2 -0.000001 0.000010
25 2 0.000001 0.000013
26 2 0.000003 0.000016
27 2 0.000005 0.000019
28 2 0.000007 0.000021
29 2 0.000008 0.000023
30 2 0.000006 0.000023
31 2 0.000002 0.000023
32 2 -0.000008 0.000021
33 2 -0.000024 0.000019
34 2 -0.000047 0.000016
35 2 -0.000071 0.000013
36 2 -0.000086 0.000010
37 2 -0.000082 0.000007
38 2 -0.000080 0.000005
39 2 -0.000100 0.000004
40 2 -0.000128 0.000002
41 2 -0.000132 0.000001
42 2 -0.000108 0.000001
43 2 -0.000073 0.000001
44 2 -0.000043 0.000000
45 2 -0.000026 0.000000
46 2 -0.000017 0.000000
47 2 -0.000014 0.000000
48 2 -0.000017 0.000000
49 2 -0.000023 0.000000
50 2 -0.000029 0.000000
51 2 -0.000033 0.000000
52 2 -0.000036 0.000000
53 2 -0.000037 0.000000
54 2 -0.000035 0.000000
55 2 -0.000032 0.000000
56 2 -0.000029 0.000000
57 2 -0.000025 0.000000
58 2 -0.000021 0.000000
59 2 -0.000017 0.000000
60 2 -0.000014 0.000000
61 2 -0.000010 0.000000
62 2 -0.000008 0.000000
63 2 -0.000006 0.000000
64 2 -0.000004 0.000000
65 2 -0.000003 0.000000
66 2 -0.000002 0.000000
67 2 -0.000002 0.000000
68 2 -0.000002 0.000000
69 2 -0.000002 0.000000
70 2 -0.000001 0.000000
71 2 -0.000001 0.000000
72 2 -0.000001 0.000000
73 2 -0.000001 0.000000
74 2 -0.000000 0.000000
75 2 -0.000000 0.000000
76 2 -0.000000 0.000000
77 2 -0.000000 0.000000
78 2 -0.000000 0.000000
79 2 -0.000000 0.000000
80 2 -0.000000 0.000000
81 2 -0.000000 0.000000
82 2 -0.000000 0.000000
83 2 -0.000000 0.000000
84 2 -0.000000 0.000000
85 2 -0.000000 0.000000
86 2 -0.000000 0.000000
87 2 -0.000000 0.000000
88 2 -0.000000 0.000000
89 2 -0.000000 0.000000
90 2 -0.000000 0.000000
91 2 -0.000000 0.000000
92 2 -0.000000 0.000000
93 2 -0.000000 0.000000
94 2 -0.000000 0.000000
95 2 -0.000000 0.000000
96 2 0.000000 0.000000
97 2 -0.000000 0.000000
98 2 0.000001 0.000000
99 2 -0.000006 0.000000
0 3 -0.000014 0.000000
1 3 -0.000012 0.000000
2 3 -0.000012 0.000000
3 3 -0.000012 0.000000
4 3 -0.000012 0.000000
5 3 -0.000012 0.000000
6 3 -0.000013 0.000000
7 3 -0.000013 0.000000
8 3 -0.000013 0.000000
9 3 -0.000013 0.000000
10 3 -0.000012 0.000000
11 3 -0.000013 0.000000
12 3 -0.000013 0.000000
13 3 -0.000012 0.000000
14 3 -0.000009 0.000000
15 3 -0.000006 0.000000
16 3 -0.000005 0.000001
17 3 -0.000007 0.000002
18 3 -0.000011 0.000003
19 3 -0.000017 0.000005
20 3 -0.000023 0.000008
21 3 -0.000029 0.000013
22 3 -0.000032 0.000019
23 3 -0.000033 0.000027
24 3 -0.000030 0.000037
25 3 -0.000022 0.000048
26 3 -0.000009 0.000060
27 3 0.000012 0.000071
28 3 0.000040 0.000080
29 3 0.000075 0.000086
30 3 0.000115 0.000088
31 3 0.000156 0.000086
32 3 0.000195 0.000080
33 3 0.000232 0.000071
34 3 0.000267 0.000060
35 3 0.000310 0.000048
36 3 0.000376 0.000037
37 3 0.000459 0.000027
38 3 0.000491 0.000019
39 3 0.000395 0.000013
40 3 0.000197 0.000008
41 3 -0.000002 0.000005
42 3 -0.000129 0.000003
43 3 -0.000178 0.000002
44 3 -0.000173 0.000001
45 3 -0.000144 0.000000
46 3 -0.000109 0.000000
47 3 -0.000077 0.000000
48 3 -0.000053 0.000000
49 3 -0.000040 0.000000
50 3 -0.000033 0.000000
51 3 -0.000032 0.000000
52 3 -0.000036 0.000000
53 3 -0.000040 0.000000
54 3 -0.000042 0.000000
55 3 -0.000042 0.000000
56 3 -0.000041 0.000000
57 3 -0.000037 0.000000
58 3 -0.000033 0.000000
59 3 -0.000028 0.000000
60 3 -0.000024 0.000000
61 3 -0.000019 0.000000
62 3 -0.000015 0.000000
63 3 -0.000011 0.000000
64 3 -0.000008 0.000000
65 3 -0.000005 0.000000
66 3 -0.000003 0.000000
67 3 -0.000003 0.000000
68 3 -0.000002 0.000000
69 3 -0.000002 0.000000
70 3 -0.000002 0.000000
71 3 -0.000001 0.000000
72 3 -0.000001 0.000000
73 3 -0.000001 0.000000
74 3 -0.000000 0.000000
75 3 -0.000000 0.000000
76 3 -0.000000 0.000000
77 3 -0.000000 0.000000
78 3 -0.000000 0.000000
79 3 -0.000000 0.000000
80 3 -0.000000 0.000000
81 3 -0.000000 0.000000
82 3 -0.000000 0.000000
83 3 -0.000000 0.000000
84 3 -0.000000 0.000000
85 3 -0.000000 0.000000
86 3 -0.000000 0.000000
87 3 -0.000000 0.000000
88 3 -0.000000 0.000000
89 3 -0.000000 0.000000
90 3 -0.000000 0.000000
91 3 -0.000000 0.000000
92 3 -0.000000 0.000000
93 3 -0.000000 0.000000
94 3 -0.000000 0.000000
95 3 -0.000000 0.000000
96 3 0.000000 0.000000
97 3 -0.000000 0.000000
98 3 0.000001 0.000000
99 3 -0.000008 0.000000
0 4 -0.000016 0.000000
1 4 -0.000013 0.000000
2 4 -0.000014 0.000000
3 4 -0.000014 0.000000
4 4 -0.000014 0.000000
5 4 -0.000014 0.000000
6 4 -0.000015 0.000000
7 4 -0.000014 0.000000
8 4 -0.000010 0.000000
9 4 -0.000004 0.000000
10 4 0.000001 0.000000
11 4 0.000004 0.000000
12 4 0.000006 0.000000
13 4 0.000007 0.000000
14 4 0.000007 0.000001
15 4 0.000002 0.000002
16 4 -0.000009 0.000003
17 4 -0.000027 0.000006
18 4 -0.000049 0.000010
19 4 -0.000070 0.000017
20 4 -0.000088 0.000028
21 4 -0.000100 0.000045
22 4 -0.000102 0.000067
23 4 -0.000095 0.000098
24 4 -0.000077 0.000135
25 4 -0.000048 0.000178
26 4 -0.000009 0.000223
27 4 0.000044 0.000266
28 4 0.000118 0.000303
29 4 0.000222 0.000327
30 4 0.000361 0.000335
31 4 0.000542 0.000327
32 4 0.000767 0.000303
33 4 0.001033 0.000266
34 4 0.001341 0.000223
35 4 0.001697 0.000178
36 4 0.002106 0.000135
37 4 0.002522 0.000098
38 4 0.002764 0.000067
39 4 0.002623 0.000045
40 4 0.002104 0.000028
41 4 0.001426 0.000017
42 4 0.000812 0.000010
43 4 0.000363 0.000006
44 4 0.000080 0.000003
45 4 -0.000077 0.000002
46 4 -0.000150 0.000001
47 4 -0.000170 0.000000
48 4 -0.000158 0.000000
49 4 -0.000129 0.000000
50 4 -0.000096 0.000000
51 4 -0.000070 0.000000
52 4 -0.000056 0.000000
53 4 -0.000049 0.000000
54 4 -0.000048 0.000000
55 4 -0.000049 0.000000
56 4 -0.000049 0.000000
57 4 -0.000048 0.000000
58 4 -0.000045 0.000000
59 4 -0.000041 0.000000
60 4 -0.000035 0.000000
61 4 -0.000029 0.000000
62 4 -0.000023 0.000000
63 4 -0.000018 0.000000
64 4 -0.000013 0.000000
65 4 -0.000009 0.000000
66 4 -0.000006 0.000000
67 4 -0.000004 0.000000
68 4 -0.000003 0.000000
69 4 -0.000002 0.000000
70 4 -0.000002 0.000000
71 4 -0.000002 0.000000
72 4 -0.000001 0.000000
73 4 -0.000001 0.000000
74 4 -0.000000 0.000000
75 4 -0.000000 0.000000
76 4 0.000000 0.000000
77 4 0.000000 0.000000
78 4 -0.000000 0.000000
79 4 -0.000000 0.000000
80 4 -0.000000 0.000000
81 4 -0.000000 0.000000
82 4 -0.000000 0.000000
83 4 -0.000000 0.000000
84 4 -0.000000 0.000000
85 4 -0.000000 0.000000
86 4 -0.000000 0.000000
87 4 -0.000000 0.000000
88 4 -0.000000 0.000000
89 4 -0.000000 0.000000
90 4 -0.000000 0.000000
91 4 -0.000000 0.000000
92 4 -0.000000 0.000000
93 4 -0.000000 0.000000
94 4 -0.000000 0.000000
95 4 -0.000000 0.000000
96 4 0.000000 0.000000
97 4 -0.000000 0.000000
98 4 0.000001 0.000000
99 4 -0.000009 0.000000
0 5 -0.000018 0.000000
1 5 -0.000014 0.000000
2 5 -0.000014 0.000000
3 5 -0.000013 0.000000
4 5 -0.000013 0.000000
5 5 -0.000014 0.000000
6 5 -0.000014 0.000000
7 5 -0.000009 0.000000
8 5 -0.000000 0.000000
9 5 0.000008 0.000000
10 5 0.000009 0.000000
11 5 -0.000000 0.000000
12 5 -0.000015 0.000001
13 5 -0.000033 0.000001
14 5 -0.000054 0.000002
15 5 -0.000076 0.000005
16 5 -0.000090 0.000010
17 5 -0.000093 0.000018
18 5 -0.000077 0.000033
19 5 -0.000044 0.000058
20 5 0.000001 0.000098
21 5 0.000048 0.000157
22 5 0.000090 0.000241
23 5 0.000117 0.000353
24 5 0.000119 0.000494
25 5 0.000091 0.000657
26 5 0.000035 0.000832
27 5 -0.000032 0.001001
28 5 -0.000083 0.001143
29 5 -0.000085 0.001238
30 5 -0.000009 0.001271
31 5 0.000170 0.001238
32 5 0.000479 0.001143
33 5 0.000940 0.001001
34 5 0.001559 0.000832
35 5 0.002345 0.000657
36 5 0.003302 0.000494
37 5 0.004350 0.000353
38 5 0.005183 0.000241
39 5 0.005386 0.000157
40 5 0.004856 0.000098
41 5 0.003880 0.000058
42 5 0.002821 0.000033
43 5 0.001904 0.000018
44 5 0.001200 0.000010
45 5 0.000698 0.000005
46 5 0.000351 0.000002
47 5 0.000117 0.000001
48 5 -0.000028 0.000001
49 5 -0.000104 0.000000
50 5 -0.000127 0.000000
51 5 -0.000119 0.000000
52 5 -0.000098 0.000000
53 5 -0.000077 0.000000
54 5 -0.000064 0.000000
55 5 -0.000057 0.000000
56 5 -0.000055 0.000000
57 5 -0.000054 0.000000
58 5 -0.000053 0.000000
59 5 -0.000051 0.000000
60 5 -0.000047 0.000000
61 5 -0.000041 0.000000
62 5 -0.000034 0.000000
63 5 -0.000027 0.000000
64 5 -0.000020 0.000000
65 5 -0.000014 0.000000
66 5 -0.000009 0.000000
67 5 -0.000006 0.000000
68 5 -0.000004 0.000000
69 5 -0.000002 0.000000
70 5 -0.000002 0.000000
71 5 -0.000002 0.000000
72 5 -0.000002 0.000000
73 5 -0.000001 0.000000
74 5 -0.000001 0.000000
75 5 0.000000 0.000000
76 5 0.000000 0.000000
77 5 0.000000 0.000000
78 5 0.000000 0.000000
79 5 -0.000000 0.000000
80 5 -0.000000 0.000000
81 5 -0.000000 0.000000
82 5 -0.000000 0.000000
83 5 -0.000000 0.000000
84 5 -0.000000 0.000000
85 5 -0.000000 0.000000
86 5 -0.000000 0.000000
87 5 -0.000000 0.000000
88 5 -0.000000 0.000000
89 5 -0.000000 0.000000
90 5 -0.000000 0.000000
91 5 -0.000000 0.000000
92 5 -0.000000 0.000000
93 5 -0.000000 0.000000
94 5 -0.000000 0.000000
95 5 -0.000000 0.000000
96 5 0.000000 0.000000
97 5 -0.000000 0.000000
98 5 0.000001 0.000000
99 5 -0.000010 0.000000
0 6 -0.000019 0.000000
1 6 -0.000015 0.000000
2 6 -0.000016 0.000000
3 6 -0.000015 0.000000
4 6 -0.000017 0.000000
5 6 -0.000020 0.000000
6 6 -0.000018 0.000000
7 6 -0.000010 0.000000
8 6 -0.000001 0.000000
9 6 -0.000003 0.000000
10 6 -0.000025 0.000000
11 6 -0.000061 0.000001
12 6 -0.000092 0.000002
13 6 -0.000101 0.000004
14 6 -0.000074 0.000008
15 6 0.000006 0.000016
16 6 0.000155 0.000031
17 6 0.000366 0.000060
18 6 0.000617 0.000110
19 6 0.000874 0.000197
20 6 0.001096 0.000335
21 6 0.001241 0.000548
22 6 0.001278 0.000854
23 6 0.001192 0.001271
24 6 0.000978 0.001800
25 6 0.000643 0.002423
26 6 0.000213 0.003095
27 6 -0.000268 0.003750
28 6 -0.000739 0.004302
29 6 -0.001134 0.004674
30 6 -0.001400 0.004805
31 6 -0.001496 0.004674
32 6 -0.001392 0.004302
33 6 -0.001051 0.003750
34 6 -0.000450 0.003095
35 6 0.000411 0.002423
36 6 0.001525 0.001800
37 6 0.002815 0.001271
38 6 0.004000 0.000854
39 6 0.004653 0.000548
40 6 0.004594 0.000335
41 6 0.004011 0.000197
42 6 0.003208 0.000110
43 6 0.002399 0.000060
44 6 0.001710 0.000031
45 6 0.001199 0.000016
46 6 0.000837 0.000008
47 6 0.000565 0.000004
48 6 0.000340 0.000002
49 6 0.000154 0.000001
50 6 0.000015 0.000000
51 6 -0.000068 0.000000
52 6 -0.000100 0.000000
53 6 -0.000100 0.000000
54 6 -0.000087 0.000000
55 6 -0.000072 0.000000
56 6 -0.000062 0.000000
57 6 -0.000057 0.000000
58 6 -0.000056 0.000000
59 6 -0.000056 0.000000
60 6 -0.000055 0.000000
61 6 -0.000051 0.000000
62 6 -0.000044 0.000000
63 6 -0.000037 0.000000
64 6 -0.000029 0.000000
65 6 -0.000021 0.000000
66 6 -0.000014 0.000000
67 6 -0.000008 0.000000
68 6 -0.000005 0.000000
69 6 -0.000003 0.000000
70 6 -0.000002 0.000000
71 6 -0.000002 0.000000
72 6 -0.000002 0.000000
73 6 -0.000001 0.000000
74 6 -0.000001 0.000000
75 6 -0.000000 0.000000
76 6 0.000000 0.000000
77 6 0.000000 0.000000
78 6 0.000000 0.000000
79 6 -0.000000 0.000000
80 6 -0.000000 0.000000
81 6 -0.000000 0.000000
82 6 -0.000000 0.000000
83 6 -0.000000 0.000000
84 6 -0.000000 0.000000
85 6 -0.000000 0.000000
86 6 -0.000000 0.000000
87 6 -0.000000 0.000000
88 6 -0.000000 0.000000
89 6 -0.000000 0.000000
90 6 -0.000000 0.000000
91 6 -0.000000 0.000000
92 6 -0.000000 0.000000
93 6 -0.000000 0.000000
94 6 -0.000000 0.000000
95 6 -0.000000 0.000000
96 6 0.000000 0.000000
97 6 -0.000000 0.000000
98 6 0.000001 0.000000
99 6 -0.000011 0.000000
0 7 -0.000022 0.000000
1 7 -0.000016 0.000000
2 7 -0.000016 0.000000
3 7 -0.000014 0.000000
4 7 -0.000013 0.000000
5 7 -0.000008 0.000000
6 7 0.000011 0.000000
7 7 0.000041 0.000000
8 7 0.000065 0.000000
9 7 0.000066 0.000000
10 7 0.000045 0.000001
11 7 0.000036 0.000002
12 7 0.000088 0.000005
13 7 0.000238 0.000010
14 7 0.000494 0.000023
15 7 0.000853 0.000048
16 7 0.001294 0.000098
17 7 0.001749 0.000192
18 7 0.002143 0.000362
19 7 0.002425 0.000657
20 7 0.002562 0.001143
21 7 0.002559 0.001900
22 7 0.002457 0.003012
23 7 0.002320 0.004546
24 7 0.002206 0.006520
25 7 0.002147 0.008869
26 7 0.002125 0.011427
27 7 0.002084 0.013929
28 7 0.001948 0.016052
29 7 0.001645 0.017482
30 7 0.001130 0.017986
31 7 0.000412 0.017482
32 7 -0.000413 0.016052
33 7 -0.001170 0.013929
34 7 -0.001659 0.011427
35 7 -0.001725 0.008869
36 7 -0.001284 0.006520
37 7 -0.000376 0.004546
38 7 0.000764 0.003012
39 7 0.001763 0.001900
40 7 0.002351 0.001143
41 7 0.002490 0.000657
42 7 0.002268 0.000362
43 7 0.001796 0.000192
44 7 0.001233 0.000098
45 7 0.000782 0.000048
46 7 0.000522 0.000023
47 7 0.000410 0.000010
48 7 0.000354 0.000005
49 7 0.000287 0.000002
50 7 0.000187 0.000001
51 7 0.000073 0.000000
52 7 -0.000023 0.000000
53 7 -0.000080 0.000000
54 7 -0.000102 0.000000
55 7 -0.000097 0.000000
56 7 -0.000081 0.000000
57 7 -0.000065 0.000000
58 7 -0.000057 0.000000
59 7 -0.000056 0.000000
60 7 -0.000058 0.000000
61 7 -0.000057 0.000000
62 7 -0.000053 0.000000
63 7 -0.000046 0.000000
64 7 -0.000038 0.000000
65 7 -0.000028 0.000000
66 7 -0.000019 0.000000
67 7 -0.000012 0.000000
68 7 -0.000006 0.000000
69 7 -0.000004 0.000000
70 7 -0.000002 0.000000
71 7 -0.000002 0.000000
72 7 -0.000002 0.000000
73 7 -0.000002 0.000000
74 7 -0.000001 0.000000
75 7 -0.000000 0.000000
76 7 0.000000 0.000000
77 7 0.000000 0.000000
78 7 0.000000 0.000000
79 7 -0.000000 0.000000
80 7 -0.000000 0.000000
81 7 -0.000000 0.000000
82 7 -0.000000 0.000000
83 7 -0.000000 0.000000
84 7 -0.000000 0.000000
85 7 -0.000000 0.000000
86 7 -0.000000 0.000000
87 7 -0.000000 0.000000
88 7 -0.000000 0.000000
89 7 -0.000000 0.000000
90 7 -0.000000 0.000000
91 7 -0.000000 0.000000
92 7 -0.000000 0.000000
93 7 -0.000000 0.000000
94 7 -0.000000 0.000000
95 7 -0.000000 0.000000
96 7 0.000000 0.000000
97 7 -0.000000 0.000000
98 7 0.000001 0.000000
99 7 -0.000012 0.000000
0 8 -0.000021 0.000000
1 8 -0.000010 0.000000
2 8 -0.000002 0.000000
3 8 0.000011 0.000000
4 8 0.000029 0.000000
5 8 0.000063 0.000000
6 8 0.000124 0.000000
7 8 0.000198 0.000000
8 8 0.000253 0.000000
9 8 0.000277 0.000001
10 8 0.000301 0.000002
11 8 0.000393 0.000006
12 8 0.000615 0.000013
13 8 0.000968 0.000030
14 8 0.001377 0.000067
15 8 0.001738 0.000145
16 8 0.001968 0.000303
17 8 0.002028 0.000608
18 8 0.001961 0.001174
19 8 0.001921 0.002174
20 8 0.002172 0.003854
21 8 0.003068 0.006520
22 8 0.004989 0.010500
23 8 0.008220 0.016052
24 8 0.012844 0.023248
25 8 0.018655 0.031839
26 8 0.025135 0.041187
27 8 0.031501 0.050300
28 8 0.036833 0.057996
29 8 0.040246 0.063153
30 8 0.041057 0.064969
31 8 0.038973 0.063153
32 8 0.034206 0.057996
33 8 0.027449 0.050300
34 8 0.019717 0.041187
35 8 0.012171 0.031839
36 8 0.005887 0.023248
37 8 0.001599 0.016052
38 8 -0.000509 0.010500
39 8 -0.000818 0.006520
40 8 -0.000061 0.003854
41 8 0.001000 0.002174
42 8 0.001783 0.001174
43 8 0.001991 0.000608
44 8 0.001651 0.000303
45 8 0.001038 0.000145
46 8 0.000462 0.000067
47 8 0.000122 0.000030
48 8 0.000031 0.000013
49 8 0.000081 0.000006
50 8 0.000147 0.000002
51 8 0.000156 0.000001
52 8 0.000106 0.000000
53 8 0.000025 0.000000
54 8 -0.000053 0.000000
55 8 -0.000103 0.000000
56 8 -0.000111 0.000000
57 8 -0.000093 0.000000
58 8 -0.000070 0.000000
59 8 -0.000059 0.000000
60 8 -0.000057 0.000000
61 8 -0.000058 0.000000
62 8 -0.000058 0.000000
63 8 -0.000053 0.000000
64 8 -0.000046 0.000000
65 8 -0.000036 0.000000
66 8 -0.000025 0.000000
67 8 -0.000016 0.000000
68 8 -0.000008 0.000000
69 8 -0.000004 0.000000
70 8 -0.000002 0.000000
71 8 -0.000002 0.000000
72 8 -0.000002 0.000000
73 8 -0.000002 0.000000
74 8 -0.000001 0.000000
75 8 -0.000001 0.000000
76 8 -0.000000 0.000000
77 8 -0.000000 0.000000
78 8 -0.000000 0.000000
79 8 -0.000000 0.000000
80 8 -0.000000 0.000000
81 8 -0.000000 0.000000
82 8 -0.000000 0.000000
83 8 -0.000000 0.000000
84 8 -0.000000 0.000000
85 8 -0.000000 0.000000
86 8 -0.000000 0.000000
87 8 -0.000000 0.000000
88 8 -0.000000 0.000000
89 8 -0.000000 0.000000
90 8 -0.000000 0.000000
91 8 -0.000000 0.000000
92 8 -0.000000 0.000000
93 8 -0.000000 0.000000
94 8 -0.000000 0.000000
95 8 -0.000000 0.000000
96 8 0.000000 0.000000
97 8 -0.000000 0.000000
98 8 0.000001 0.000000
99 8 -0.000013 0.000000
0 9 -0.000018 0.000000
1 9 0.000000 0.000000
2 9 0.000019 0.000000
3 9 0.000043 0.000000
4 9 0.000076 0.000000
5 9 0.000133 0.000000
6 9 0.000221 0.000000
7 9 0.000306 0.000000
8 9 0.000352 0.000001
9 9 0.000371 0.000002
10 9 0.000432 0.000006
11 9 0.000618 0.000015
12 9 0.000939 0.000037
13 9 0.001282 0.000086
14 9 0.001462 0.000197
15 9 0.001351 0.000434
16 9 0.001017 0.000925
17 9 0.000813 0.001900
18 9 0.001433 0.003750
19 9 0.003868 0.007089
20 9 0.009242 0.012794
21 9 0.018594 0.021958
22 9 0.032633 0.035699
23 9 0.051520 0.054789
24 9 0.074718 0.079163
25 9 0.100939 0.107547
26 9 0.128216 0.137437
27 9 0.154085 0.165535
28 9 0.175879 0.188463
29 9 0.191076 0.203419
30 9 0.197642 0.208609
31 9 0.194408 0.203419
32 9 0.181347 0.188463
33 9 0.159620 0.165535
34 9 0.131459 0.137437
35 9 0.099966 0.107547
36 9 0.068737 0.079163
37 9 0.041246 0.054789
38 9 0.020073 0.035699
39 9 0.006316 0.021958
40 9 -0.000556 0.012794
41 9 -0.002311 0.007089
42 9 -0.001270 0.003750
43 9 0.000472 0.001900
44 9 0.001650 0.000925
45 9 0.001875 0.000434
46 9 0.001383 0.000197
47 9 0.000663 0.000086
48 9 0.000112 0.000037
49 9 -0.000106 0.000015
50 9 -0.000065 0.000006
51 9 0.000076 0.000002
52 9 0.000191 0.000001
53 9 0.000213 0.000000
54 9 0.000134 0.000000
55 9 0.000005 0.000000
56 9 -0.000095 0.000000
57 9 -0.000125 0.000000
58 9 -0.000104 0.000000
59 9 -0.000075 0.000000
60 9 -0.000061 0.000000
61 9 -0.000059 0.000000
62 9 -0.000060 0.000000
63 9 -0.000058 0.000000
64 9 -0.000052 0.000000
65 9 -0.000043 0.000000
66 9 -0.000032 0.000000
67 9 -0.000020 0.000000
68 9 -0.000010 0.000000
69 9 -0.000004 0.000000
70 9 -0.000002 0.000000
71 9 -0.000002 0.000000
72 9 -0.000002 0.000000
73 9 -0.000002 0.000000
74 9 -0.000001 0.000000
75 9 -0.000001 0.000000
76 9 -0.000001 0.000000
77 9 -0.000000 0.000000
78 9 -0.000000 0.000000
79 9 -0.000000 0.000000
80 9 -0.000000 0.000000
81 9 -0.000000 0.000000
82 9 -0.000000 0.000000
83 9 -0.000000 0.000000
84 9 -0.000000 0.000000
85 9 -0.000000 0.000000
86 9 -0.000000 0.000000
87 9 -0.000000 0.000000
88 9 -0.000000 0.000000
89 9 -0.000000 0.000000
90 9 -0.000000 0.000000
91 9 -0.000000 0.000000
92 9 -0.000000 0.000000
93 9 -0.000000 0.000000
94 9 -0.000000 0.000000
95 9 -0.000000 0.000000
96 9 0.000000 0.000000
97 9 -0.000000 0.000000
98 9 0.000001 0.000000
99 9 -0.000012 0.000000
0 10 -0.000019 0.000000
1 10 0.000005 0.000000
2 10 0.000028 0.000000
3 10 0.000053 0.000000
4 10 0.000086 0.000000
5 10 0.000143 0.000000
6 10 0.000218 0.000000
7 10 0.000261 0.000001
8 10 0.000251 0.000002
9 10 0.000250 0.000006
10 10 0.000366 0.000016
11 10 0.000647 0.000040
12 10 0.000991 0.000100
13 10 0.001185 0.000241
14 10 0.001132 0.000562
15 10 0.001149 0.001271
16 10 0.002195 0.002775
17 10 0.005919 0.005833
18 10 0.014504 0.011754
19 10 0.030230 0.022594
20 10 0.054914 0.041187
21 10 0.089406 0.070724
22 10 0.133361 0.113627
23 10 0.185260 0.169925
24 10 0.242606 0.236106
25 10 0.302190 0.305614
26 10 0.360382 0.370959
27 10 0.413397 0.425965
28 10 0.457536 0.466799
29 10 0.489399 0.491673
30 10 0.506100 0.500000
31 10 0.505565 0.491673
32 10 0.486844 0.466799
33 10 0.450263 0.425965
34 10 0.397569 0.370959
35 10 0.332233 0.305614
36 10 0.259606 0.236106
37 10 0.186523 0.169925
38 10 0.120151 0.113627
39 10 0.066411 0.070724
40 10 0.028545 0.041187
41 10 0.006452 0.022594
42 10 -0.002915 0.011754
43 10 -0.004221 0.005833
44 10 -0.002064 0.002775
45 10 0.000308 0.001271
46 10 0.001516 0.000562
47 10 0.001513 0.000241
48 10 0.000865 0.000100
49 10 0.000208 0.000040
50 10 -0.000115 0.000016
51 10 -0.000080 0.000006
52 10 0.000153 0.000002
53 10 0.000383 0.000001
54 10 0.000446 0.000000
55 10 0.000306 0.000000
56 10 0.000078 0.000000
57 10 -0.000087 0.000000
58 10 -0.000132 0.000000
59 10 -0.000106 0.000000
60 10 -0.000076 0.000000
61 10 -0.000063 0.000000
62 10 -0.000061 0.000000
63 10 -0.000061 0.000000
64 10 -0.000058 0.000000
65 10 -0.000050 0.000000
66 10 -0.000039 0.000000
67 10 -0.000025 0.000000
68 10 -0.000013 0.000000
69 10 -0.000005 0.000000
70 10 -0.000002 0.000000
71 10 -0.000001 0.000000
72 10 -0.000002 0.000000
73 10 -0.000002 0.000000
74 10 -0.000001 0.000000
75 10 -0.000001 0.000000
76 10 -0.000001 0.000000
77 10 -0.000000 0.000000
78 10 -0.000000 0.000000
79 10 -0.000000 0.000000
80 10 -0.000000 0.000000
81 10 -0.000000 0.000000
82 10 -0.000000 0.000000
83 10 -0.000000 0.000000
84 10 -0.000000 0.000000
85 10 -0.000000 0.000000
86 10 -0.000000 0.000000
87 10 -0.000000 0.000000
88 10 -0.000000 0.000000
89 10 -0.000000 0.000000
90 10 -0.000000 0.000000
91 10 -0.000000 0.000000
92 10 -0.000000 0.000000
93 10 -0.000000 0.000000
94 10 -0.000000 0.000000
95 10 -0.000000 0.000000
96 10 -0.000000 0.000000
97 10 -0.000000 0.000000
98 10 0.000001 0.000000
99 10 -0.000014 0.000000
0 11 -0.000019 0.000000
1 11 0.000010 0.000000
2 11 0.000036 0.000000
3 11 0.000061 0.000000
4 11 0.000094 0.000000
5 11 0.000152 0.000000
6 11 0.000206 0.000001
7 11 0.000200 0.000002
8 11 0.000158 0.000006
9 11 0.000206 0.000015
10 11 0.000447 0.000040
11 11 0.000830 0.000105
12 11 0.001165 0.000266
13 11 0.001443 0.000657
14 11 0.002350 0.001574
15 11 0.005707 0.003648
16 11 0.014550 0.008153
17 11 0.032643 0.017482
18 11 0.063533 0.035699
19 11 0.109433 0.068753
20 11 0.170420 0.123336
21 11 0.244262 0.203419
22 11 0.326956 0.305614
23 11 0.413675 0.417930
24 11 0.499659 0.525026
25 11 0.580836 0.615579
26 11 0.654064 0.685252
27 11 0.717063 0.734873
28 11 0.768120 0.767343
29 11 0.805757 0.785544
30 11 0.828436 0.791391
31 11 0.834501 0.785544
32 11 0.822277 0.767343
33 11 0.790041 0.734873
34 11 0.736252 0.685252
35 11 0.660517 0.615579
36 11 0.564911 0.525026
37 11 0.455021 0.417930
38 11 0.339879 0.305614
39 11 0.230512 0.203419
40 11 0.137406 0.123336
41 11 0.067716 0.068753
42 11 0.023431 0.035699
43 11 0.001298 0.017482
44 11 -0.005453 0.008153
45 11 -0.004376 0.003648
46 11 -0.001293 0.001574
47 11 0.000856 0.000657
48 11 0.001435 0.000266
49 11 0.000990 0.000105
50 11 0.000315 0.000040
51 11 -0.000045 0.000015
52 11 0.000041 0.000006
53 11 0.000389 0.000002
54 11 0.000688 0.000001
55 11 0.000699 0.000000
56 11 0.000430 0.000000
57 11 0.000096 0.000000
58 11 -0.000099 0.000000
59 11 -0.000131 0.000000
60 11 -0.000096 0.000000
61 11 -0.000069 0.000000
62 11 -0.000062 0.000000
63 11 -0.000062 0.000000
64 11 -0.000061 0.000000
65 11 -0.000056 0.000000
66 11 -0.000045 0.000000
67 11 -0.000031 0.000000
68 11 -0.000016 0.000000
69 11 -0.000006 0.000000
70 11 -0.000001 0.000000
71 11 -0.000001 0.000000
72 11 -0.000001 0.000000
73 11 -0.000002 0.000000
74 11 -0.000001 0.000000
75 11 -0.000001 0.000000
76 11 -0.000001 0.000000
77 11 -0.000001 0.000000
78 11 -0.000000 0.000000
79 11 -0.000000 0.000000
80 11 -0.000000 0.000000
81 11 -0.000000 0.000000
82 11 -0.000000 0.000000
83 11 -0.000000 0.000000
84 11 -0.000000 0.000000
85 11 -0.000000 0.000000
86 11 -0.000000 0.000000
87 11 -0.000000 0.000000
88 11 -0.000000 0.000000
89 11 -0.000000 0.000000
90 11 -0.000000 0.000000
91 11 -0.000000 0.000000
92 11 -0.000000 0.000000
93 11 -0.000000 0.000000
94 11 -0.000000 0.000000
95 11 -0.000000 0.000000
96 11 -0.000000 0.000000
97 11 0.000000 0.000000
98 11 0.000001 0.000000
99 11 -0.000017 0.000000
0 12 -0.000020 0.000000
1 12 0.000012 0.000000
2 12 0.000039 0.000000
3 12 0.000067 0.000000
4 12 0.000107 0.000000
5 12 0.000170 0.000001
6 12 0.000209 0.000002
7 12 0.000176 0.000005
8 12 0.000166 0.000013
9 12 0.000347 0.000037
10 12 0.000739 0.000100
11 12 0.001180 0.000266
12 12 0.001705 0.000693
13 12 0.003332 0.001752
14 12 0.008788 0.004302
15 12 0.022645 0.010208
16 12 0.050453 0.023248
17 12 0.097034 0.050300
18 12 0.164591 0.101767
19 12 0.251520 0.188463
20 12 0.352499 0.312524
21 12 0.459809 0.458558
22 12 0.565342 0.599419
23 12 0.662395 0.714170
24 12 0.746665 0.797129
25 12 0.816401 0.852952
26 12 0.871941 0.889064
27 12 0.914934 0.911784
28 12 0.947461 0.925461
29 12 0.971318 0.932746
30 12 0.987504 0.935031
31 12 0.996046 0.932746
32 12 0.996027 0.925461
33 12 0.985090 0.911784
34 12 0.959003 0.889064
35 12 0.912456 0.852952
36 12 0.840723 0.797129
37 12 0.741905 0.714170
38 12 0.619016 0.599419
39 12 0.480839 0.458558
40 12 0.340950 0.312524
41 12 0.214602 0.188463
42 12 0.114407 0.101767
43 12 0.046581 0.050300
44 12 0.009543 0.023248
45 12 -0.004454 0.010208
46 12 -0.005591 0.004302
47 12 -0.002406 0.001752
48 12 0.000342 0.000693
49 12 0.001334 0.000266
50 12 0.001033 0.000100
51 12 0.000369 0.000037
52 12 0.000040 0.000013
53 12 0.000213 0.000005
54 12 0.000632 0.000002
55 12 0.000912 0.000001
56 12 0.000806 0.000000
57 12 0.000404 0.000000
58 12 0.000025 0.000000
59 12 -0.000134 0.000000
60 12 -0.000127 0.000000
61 12 -0.000084 0.000000
62 12 -0.000063 0.000000
63 12 -0.000060 0.000000
64 12 -0.000062 0.000000
65 12 -0.000060 0.000000
66 12 -0.000052 0.000000
67 12 -0.000038 0.000000
68 12 -0.000022 0.000000
69 12 -0.000009 0.000000
70 12 -0.000002 0.000000
71 12 -0.000001 0.000000
72 12 -0.000001 0.000000
73 12 -0.000001 0.000000
74 12 -0.000001 0.000000
75 12 -0.000001 0.000000
76 12 -0.000001 0.000000
77 12 -0.000001 0.000000
78 12 -0.000000 0.000000
79 12 -0.000000 0.000000
80 12 -0.000000 0.000000
81 12 -0.000000 0.000000
82 12 -0.000000 0.000000
83 12 -0.000000 0.000000
84 12 -0.000000 0.000000
85 12 -0.000000 0.000000
86 12 -0.000000 0.000000
87 12 -0.000000 0.000000
88 12 -0.000000 0.000000
89 12 -0.000000 0.000000
90 12 -0.000000 0.000000
91 12 -0.000000 0.000000
92 12 -0.000000 0.000000
93 12 -0.000000 0.000000
94 12 -0.000000 0.000000
95 12 -0.000000 0.000000
96 12 -0.000000 0.000000
97 12 0.000000 0.000000
98 12 0.000001 0.000000
99 12 -0.000018 0.000000
0 13 -0.000023 0.000000
1 13 0.000006 0.000000
2 13 0.000030 0.000000
3 13 0.000055 0.000000
4 13 0.000099 0.000000
5 13 0.000163 0.000001
6 13 0.000184 0.000004
7 13 0.000147 0.000010
8 13 0.000234 0.000030
9 13 0.000604 0.000086
10 13 0.001148 0.000241
11 13 0.001836 0.000657
12 13 0.003760 0.001752
13 13 0.010297 0.004546
14 13 0.027452 0.011427
15 13 0.062627 0.027596
16 13 0.121987 0.063153
17 13 0.207564 0.133783
18 13 0.315656 0.253846
19 13 0.437408 0.417930
20 13 0.561306 0.591271
21 13 0.676332 0.734873
22 13 0.774529 0.834188
23 13 0.852060 0.896008
24 13 0.908859 0.932746
25 13 0.947497 0.954346
26 13 0.971936 0.967105
27 13 0.986460 0.974661
28 13 0.994834 0.979034
29 13 0.999919 0.981309
30 13 1.003602 0.982014
31 13 1.006977 0.981309
32 13 1.010603 0.979034
33 13 1.013909 0.974661
34 13 1.013864 0.967105
35 13 1.004772 0.954346
36 13 0.978930 0.932746
37 13 0.927965 0.896008
38 13 0.845472 0.834188
39 13 0.729939 0.734873
40 13 0.587382 0.591271
41 13 0.431776 0.417930
42 13 0.282235 0.253846
43 13 0.157315 0.133783
44 13 0.068786 0.063153
45 13 0.018078 0.027596
46 13 -0.002719 0.011427
47 13 -0.006025 0.004546
48 13 -0.002964 0.001752
49 13 0.000064 0.000657
50 13 0.001212 0.000241
51 13 0.000945 0.000086
52 13 0.000314 0.000030
53 13 0.000070 0.000010
54 13 0.000342 0.000004
55 13 0.000830 0.000001
56 13 0.001071 0.000000
57 13 0.000805 0.000000
58 13 0.000280 0.000000
59 13 -0.000082 0.000000
60 13 -0.000167 0.000000
61 13 -0.000123 0.000000
62 13 -0.000078 0.000000
63 13 -0.000061 0.000000
64 13 -0.000060 0.000000
65 13 -0.000061 0.000000
66 13 -0.000056 0.000000
67 13 -0.000044 0.000000
68 13 -0.000027 0.000000
69 13 -0.000013 0.000000
70 13 -0.000004 0.000000
71 13 -0.000001 0.000000
72 13 -0.000001 0.000000
73 13 -0.000001 0.000000
74 13 -0.000001 0.000000
75 13 -0.000001 0.000000
76 13 -0.000001 0.000000
77 13 -0.000001 0.000000
78 13 -0.000000 0.000000
79 13 -0.000000 0.000000
80 13 -0.000000 0.000000
81 13 -0.000000 0.000000
82 13 -0.000000 0.000000
83 13 -0.000000 0.000000
84 13 -0.000000 0.000000
85 13 -0.000000 0.000000
86 13 -0.000000 0.000000
87 13 -0.000000 0.000000
88 13 -0.000000 0.000000
89 13 -0.000000 0.000000
90 13 -0.000000 0.000000
91 13 -0.000000 0.000000
92 13 -0.000000 0.000000
93 13 -0.000000 0.000000
94 13 -0.000000 0.000000
95 13 -0.000000 0.000000
96 13 -0.000000 0.000000
97 13 0.000001 0.000000
98 13 0.000001 0.000000
99 13 -0.000019 0.000000
0 14 -0.000025 0.000000
1 14 0.000001 0.000000
2 14 0.000019 0.000000
3 14 0.000042 0.000000
4 14 0.000087 0.000001
5 14 0.000145 0.000002
6 14 0.000143 0.000008
7 14 0.000129 0.000023
8 14 0.000364 0.000067
9 14 0.000941 0.000197
10 14 0.001754 0.000562
11 14 0.003620 0.001574
12 14 0.010041 0.004302
13 14 0.028116 0.011427
14 14 0.067170 0.029221
15 14 0.135076 0.070724
16 14 0.234001 0.157044
17 14 0.358138 0.305614
18 14 0.494944 0.500000
19 14 0.629228 0.685252
20 14 0.747824 0.818970
21 14 0.842680 0.899341
22 14 0.911605 0.943496
23 14 0.956963 0.967105
24 14 0.983589 0.979820
25 14 0.996904 0.986822
26 14 1.001790 0.990777
27 14 1.002067 0.993047
28 14 1.000154 0.994332
29 14 0.997386 0.994992
30 14 0.994541 0.995195
31 14 0.992397 0.994992
32 14 0.992198 0.994332
33 14 0.995253 0.993047
34 14 1.001246 0.990777
35 14 1.007670 0.986822
36 14 1.009725 0.979820
37 14 0.999876 0.967105
38 14 0.968148 0.943496
39 14 0.904194 0.899341
40 14 0.801493 0.818970
41 14 0.661873 0.685252
42 14 0.498139 0.500000
43 14 0.332233 0.305614
44 14 0.188364 0.157044
45 14 0.083927 0.070724
46 14 0.023306 0.029221
47 14 -0.001791 0.011427
48 14 -0.006095 0.004302
49 14 -0.003006 0.001574
50 14 0.000034 0.000562
51 14 0.001092 0.000197
52 14 0.000781 0.000067
53 14 0.000234 0.000023
54 14 0.000174 0.000008
55 14 0.000692 0.000002
56 14 0.001322 0.000001
57 14 0.001385 0.000000
58 14 0.000796 0.000000
59 14 0.000149 0.000000
60 14 -0.000156 0.000000
61 14 -0.000178 0.000000
62 14 -0.000118 0.000000
63 14 -0.000078 0.000000
64 14 -0.000064 0.000000
65 14 -0.000060 0.000000
66 14 -0.000057 0.000000
67 14 -0.000048 0.000000
68 14 -0.000032 0.000000
69 14 -0.000017 0.000000
70 14 -0.000006 0.000000
71 14 -0.000002 0.000000
72 14 -0.000001 0.000000
73 14 -0.000001 0.000000
74 14 -0.000001 0.000000
75 14 -0.000001 0.000000
76 14 -0.000001 0.000000
77 14 -0.000001 0.000000
78 14 -0.000000 0.000000
79 14 -0.000000 0.000000
80 14 -0.000000 0.000000
81 14 -0.000000 0.000000
82 14 -0.000000 0.000000
83 14 -0.000000 0.000000
84 14 -0.000000 0.000000
85 14 -0.000000 0.000000
86 14 -0.000000 0.000000
87 14 -0.000000 0.000000
88 14 -0.000000 0.000000
89 14 -0.000000 0.000000
90 14 -0.000000 0.000000
91 14 -0.000000 0.000000
92 14 -0.000000 0.000000
93 14 -0.000000 0.000000
94 14 -0.000000 0.000000
95 14 -0.000000 0.000000
96 14 -0.000000 0.000000
97 14 0.000001 0.000000
98 14 0.000001 0.000000
99 14 -0.000019 0.000000
0 15 -0.000023 0.000000
1 15 0.000000 0.000000
2 15 0.000017 0.000000
3 15 0.000041 0.000000
4 15 0.000089 0.000002
5 15 0.000134 0.000005
6 15 0.000109 0.000016
7 15 0.000142 0.000048
8 15 0.000545 0.000145
9 15 0.001363 0.000434
10 15 0.002959 0.001271
11 15 0.008228 0.003648
12 15 0.024626 0.010208
13 15 0.063357 0.027596
14 15 0.134793 0.070724
15 15 0.242341 0.165535
16 15 0.378796 0.333800
17 15 0.527938 0.550021
18 15 0.670543 0.741575
19 15 0.791112 0.865906
20 15 0.881775 0.932746
21 15 0.942379 0.965870
22 15 0.978060 0.982014
23 15 0.996001 0.990009
24 15 1.003016 0.994095
25 15 1.004293 0.996260
26 15 1.003186 0.997447
27 15 1.001547 0.998112
28 15 0.999972 0.998483
29 15 0.998338 0.998671
30 15 0.996223 0.998729
31 15 0.993456 0.998671
32 15 0.990758 0.998483
33 15 0.989763 0.998112
34 15 0.991688 0.997447
35 15 0.996606 0.996260
36 15 1.003422 0.994095
37 15 1.009200 0.990009
38 15 1.007653 0.982014
39 15 0.988184 0.965870
40 15 0.937613 0.932746
41 15 0.844895 0.865906
42 15 0.707732 0.741575
43 15 0.537613 0.550021
44 15 0.359157 0.333800
45 15 0.201880 0.165535
46 15 0.087890 0.070724
47 15 0.023102 0.027596
48 15 -0.002385 0.010208
49 15 -0.005952 0.003648
50 15 -0.002587 0.001271
51 15 0.000231 0.000434
52 15 0.001040 0.000145
53 15 0.000701 0.000048
54 15 0.000380 0.000016
55 15 0.000758 0.000005
56 15 0.001665 0.000002
57 15 0.002158 0.000000
58 15 0.001644 0.000000
59 15 0.000691 0.000000
60 15 0.000039 0.000000
61 15 -0.000171 0.000000
62 15 -0.000154 0.000000
63 15 -0.000104 0.000000
64 15 -0.000076 0.000000
65 15 -0.000065 0.000000
66 15 -0.000059 0.000000
67 15 -0.000051 0.000000
68 15 -0.000036 0.000000
69 15 -0.000020 0.000000
70 15 -0.000008 0.000000
71 15 -0.000003 0.000000
72 15 -0.000001 0.000000
73 15 -0.000001 0.000000
74 15 -0.000001 0.000000
75 15 -0.000001 0.000000
76 15 -0.000001 0.000000
77 15 -0.000000 0.000000
78 15 -0.000000 0.000000
79 15 -0.000000 0.000000
80 15 -0.000000 0.000000
81 15 -0.000000 0.000000
82 15 -0.000000 0.000000
83 15 -0.000000 0.000000
84 15 -0.000000 0.000000
85 15 -0.000000 0.000000
86 15 -0.000000 0.000000
87 15 -0.000000 0.000000
88 15 -0.000000 0.000000
89 15 -0.000000 0.000000
90 15 -0.000000 0.000000
91 15 -0.000000 0.000000
92 15 -0.000000 0.000000
93 15 -0.000000 0.000000
94 15 -0.000000 0.000000
95 15 -0.000000 0.000000
96 15 -0.000000 0.000000
97 15 0.000000 0.000000
98 15 0.000001 0.000000
99 15 -0.000018 0.000000
0 16 -0.000020 0.000000
1 16 0.000002 0.000000
2 16 0.000018 0.000000
3 16 0.000046 0.000001
4 16 0.000094 0.000003
5 16 0.000121 0.000010
6 16 0.000075 0.000031
7 16 0.000172 0.000098
8 16 0.000763 0.000303
9 16 0.002038 0.000925
10 16 0.005719 0.002775
11 16 0.018353 0.008153
12 16 0.052300 0.023248
13 16 0.121214 0.063153
14 16 0.231659 0.157044
15 16 0.376820 0.333800
16 16 0.537441 0.566605
17 16 0.689729 0.767343
18 16 0.814853 0.889064
19 16 0.904363 0.949182
20 16 0.959810 0.976504
21 16 0.988800 0.988744
22 16 1.000628 0.994332
23 16 1.003202 0.996972
24 16 1.001908 0.998270
25 16 0.999718 0.998937
26 16 0.997946 0.999292
27 16 0.997061 0.999488
28 16 0.997012 0.999595
29 16 0.997438 0.999648
30 16 0.997675 0.999665
31 16 0.997024 0.999648
32 16 0.995343 0.999595
33 16 0.993337 0.999488
34 16 0.992099 0.999292
35 16 0.992586 0.998937
36 16 0.995492 0.998270
37 16 1.000985 0.996972
38 16 1.007513 0.994332
39 16 1.009745 0.988744
40 16 0.996990 0.976504
41 16 0.953860 0.949182
42 16 0.865644 0.889064
43 16 0.726953 0.767343
44 16 0.549186 0.566605
45 16 0.360585 0.333800
46 16 0.195775 0.157044
47 16 0.079815 0.063153
48 16 0.017617 0.023248
49 16 -0.004110 0.008153
50 16 -0.005486 0.002775
51 16 -0.001825 0.000925
52 16 0.000564 0.000303
53 16 0.001062 0.000098
54 16 0.000790 0.000031
55 16 0.000910 0.000010
56 16 0.001801 0.000003
57 16 0.002630 0.000001
58 16 0.002383 0.000000
59 16 0.001331 0.000000
60 16 0.000395 0.000000
61 16 -0.000052 0.000000
62 16 -0.000140 0.000000
63 16 -0.000113 0.000000
64 16 -0.000085 0.000000
65 16 -0.000069 0.000000
66 16 -0.000061 0.000000
67 16 -0.000052 0.000000
68 16 -0.000038 0.000000
69 16 -0.000022 0.000000
70 16 -0.000010 0.000000
71 16 -0.000004 0.000000
72 16 -0.000002 0.000000
73 16 -0.000001 0.000000
74 16 -0.000001 0.000000
75 16 -0.000001 0.000000
76 16 -0.000001 0.000000
77 16 -0.000000 0.000000
78 16 -0.000000 0.000000
79 16 -0.000000 0.000000
80 16 -0.000000 0.000000
81 16 -0.000000 0.000000
82 16 -0.000000 0.000000
83 16 -0.000000 0.000000
84 16 -0.000000 0.000000
85 16 -0.000000 0.000000
86 16 -0.000000 0.000000
87 16 -0.000000 0.000000
88 16 -0.000000 0.000000
89 16 -0.000000 0.000000
90 16 -0.000000 0.000000
91 16 -0.000000 0.000000
92 16 -0.000000 0.000000
93 16 -0.000000 0.000000
94 16 -0.000000 0.000000
95 16 -0.000000 0.000000
96 16 -0.000000 0.000000
97 16 0.000000 0.000000
98 16 0.000001 0.000000
99 16 -0.000015 0.000000
0 17 -0.000017 0.000000
1 17 0.000003 0.000000
2 17 0.000018 0.000001
3 17 0.000049 0.000002
4 17 0.000091 0.000006
5 17 0.000090 0.000018
6 17 0.000027 0.000060
7 17 0.000206 0.000192
8 17 0.001067 0.000608
9 17 0.003411 0.001900
10 17 0.011612 0.005833
11 17 0.037317 0.017482
12 17 0.097233 0.050300
13 17 0.203289 0.133783
14 17 0.352085 0.305614
15 17 0.523020 0.550021
16 17 0.687341 0.767343
17 17 0.821266 0.896008
18 17 0.914211 0.955959
19 17 0.968634 0.981309
20 17 0.994443 0.991824
21 17 1.002917 0.996260
22 17 1.002983 0.998193
23 17 1.000109 0.999071
24 17 0.997086 0.999488
25 17 0.994938 0.999695
26 17 0.993752 0.999803
27 17 0.993368 0.999861
28 17 0.993593 0.999892
29 17 0.994247 0.999907
30 17 0.995028 0.999912
31 17 0.995512 0.999907
32 17 0.995405 0.999892
33 17 0.994688 0.999861
34 17 0.993561 0.999803
35 17 0.992525 0.999695
36 17 0.992489 0.999488
37 17 0.994590 0.999071
38 17 0.999496 0.998193
39 17 1.006230 0.996260
40 17 1.010091 0.991824
41 17 1.000068 0.981309
42 17 0.958724 0.955959
43 17 0.868413 0.896008
44 17 0.722348 0.767343
45 17 0.534218 0.550021
46 17 0.337664 0.305614
47 17 0.171988 0.133783
48 17 0.062326 0.050300
49 17 0.009174 0.017482
50 17 -0.005761 0.005833
51 17 -0.004508 0.001900
52 17 -0.000907 0.000608
53 17 0.000829 0.000192
54 17 0.000988 0.000060
55 17 0.000857 0.000018
56 17 0.001363 0.000006
57 17 0.002176 0.000002
58 17 0.002273 0.000001
59 17 0.001509 0.000000
60 17 0.000604 0.000000
61 17 0.000059 0.000000
62 17 -0.000106 0.000000
63 17 -0.000108 0.000000
64 17 -0.000087 0.000000
65 17 -0.000072 0.000000
66 17 -0.000062 0.000000
67 17 -0.000052 0.000000
68 17 -0.000039 0.000000
69 17 -0.000023 0.000000
70 17 -0.000011 0.000000
71 17 -0.000004 0.000000
72 17 -0.000002 0.000000
73 17 -0.000001 0.000000
74 17 -0.000001 0.000000
75 17 -0.000001 0.000000
76 17 -0.000001 0.000000
77 17 -0.000000 0.000000
78 17 -0.000000 0.000000
79 17 -0.000000 0.000000
80 17 -0.000000 0.000000
81 17 -0.000000 0.000000
82 17 -0.000000 0.000000
83 17 -0.000000 0.000000
84 17 -0.000000 0.000000
85 17 -0.000000 0.000000
86 17 -0.000000 0.000000
87 17 -0.000000 0.000000
88 17 -0.000000 0.000000
89 17 -0.000000 0.000000
90 17 -0.000000 0.000000
91 17 -0.000000 0.000000
92 17 -0.000000 0.000000
93 17 -0.000000 0.000000
94 17 -0.000000 0.000000
95 17 -0.000000 0.000000
96 17 -0.000000 0.000000
97 17 0.000000 0.000000
98 17 0.000001 0.000000
99 17 -0.000013 0.000000
0 18 -0.000014 0.000000
1 18 0.000005 0.000000
2 18 0.000020 0.000001
3 18 0.000053 0.000003
4 18 0.000081 0.000010
5 18 0.000044 0.000033
6 18 -0.000033 0.000110
7 18 0.000254 0.000362
8 18 0.001603 0.001174
9 18 0.006201 0.003750
10 18 0.022577 0.011754
11 18 0.068159 0.035699
12 18 0.161328 0.101767
13 18 0.306281 0.253846
14 18 0.484694 0.500000
15 18 0.663323 0.741575
16 18 0.811291 0.889064
17 18 0.913253 0.955959
18 18 0.971010 0.982694
19 18 0.996510 0.993047
20 18 1.003411 0.997098
21 18 1.001992 0.998729
22 18 0.998032 0.999411
23 18 0.994259 0.999709
24 18 0.991929 0.999846
25 18 0.991217 0.999912
26 18 0.991534 0.999945
27 18 0.992117 0.999962
28 18 0.992458 0.999971
29 18 0.992403 0.999975
30 18 0.991985 0.999977
31 18 0.991324 0.999975
32 18 0.990659 0.999971
33 18 0.990225 0.999962
34 18 0.990046 0.999945
35 18 0.989969 0.999912
36 18 0.990055 0.999846
37 18 0.990943 0.999709
38 18 0.993626 0.999411
39 18 0.998859 0.998729
40 18 1.005940 0.997098
41 18 1.010292 0.993047
42 18 0.999863 0.982694
43 18 0.954694 0.955959
44 18 0.854929 0.889064
45 18 0.694899 0.741575
46 18 0.494037 0.500000
47 18 0.293344 0.253846
48 18 0.135118 0.101767
49 18 0.040159 0.035699
50 18 0.000932 0.011754
51 18 -0.006213 0.003750
52 18 -0.003066 0.001174
53 18 -0.000091 0.000362
54 18 0.000861 0.000110
55 18 0.000706 0.000033
56 18 0.000681 0.000010
57 18 0.001133 0.000003
58 18 0.001420 0.000001
59 18 0.001120 0.000000
60 18 0.000520 0.000000
61 18 0.000066 0.000000
62 18 -0.000099 0.000000
63 18 -0.000107 0.000000
64 18 -0.000090 0.000000
65 18 -0.000074 0.000000
66 18 -0.000062 0.000000
67 18 -0.000052 0.000000
68 18 -0.000038 0.000000
69 18 -0.000023 0.000000
70 18 -0.000011 0.000000
71 18 -0.000004 0.000000
72 18 -0.000002 0.000000
73 18 -0.000001 0.000000
74 18 -0.000001 0.000000
75 18 -0.000001 0.000000
76 18 -0.000001 0.000000
77 18 -0.000000 0.000000
78 18 -0.000000 0.000000
79 18 -0.000000 0.000000
80 18 -0.000000 0.000000
81 18 -0.000000 0.000000
82 18 -0.000000 0.000000
83 18 -0.000000 0.000000
84 18 -0.000000 0.000000
85 18 -0.000000 0.000000
86 18 -0.000000 0.000000
87 18 -0.000000 0.000000
88 18 -0.000000 0.000000
89 18 -0.000000 0.000000
90 18 -0.000000 0.000000
91 18 -0.000000 0.000000
92 18 -0.000000 0.000000
93 18 -0.000000 0.000000
94 18 -0.000000 0.000000
95 18 -0.000000 0.000000
96 18 -0.000000 0.000000
97 18 -0.000000 0.000000
98 18 0.000001 0.000000
99 18 -0.000011 0.000000
0 19 -0.000009 0.000000
1 19 0.000010 0.000000
2 19 0.000026 0.000001
3 19 0.000061 0.000005
4 19 0.000067 0.000017
5 19 -0.000013 0.000058
6 19 -0.000105 0.000197
7 19 0.000334 0.000657
8 19 0.002582 0.002174
9 19 0.011255 0.007089
10 19 0.040396 0.022594
11 19 0.112529 0.068753
12 19 0.242992 0.188463
13 19 0.422150 0.417930
14 19 0.615460 0.685252
15 19 0.783176 0.865906
16 19 0.901319 0.949182
17 19 0.968157 0.981309
18 19 0.996793 0.993047
19 19 1.003798 0.997335
20 19 1.001683 0.998937
21 19 0.997089 0.999555
22 19 0.992803 0.999803
23 19 0.990193 0.999907
24 19 0.989861 0.999953
25 19 0.991347 0.999974
26 19 0.993515 0.999984
27 19 0.995288 0.999990
28 19 0.996067 0.999992
29 19 0.995690 0.999993
30 19 0.994226 0.999994
31 19 0.991955 0.999993
32 19 0.989479 0.999992
33 19 0.987597 0.999990
34 19 0.986885 0.999984
35 19 0.987271 0.999974
36 19 0.988149 0.999953
37 19 0.989146 0.999907
38 19 0.990649 0.999803
39 19 0.993715 0.999555
40 19 0.999268 0.998937
41 19 1.006594 0.997335
42 19 1.010367 0.993047
43 19 0.996141 0.981309
44 19 0.940661 0.949182
45 19 0.823225 0.865906
46 19 0.643139 0.685252
47 19 0.429845 0.417930
48 19 0.232420 0.188463
49 19 0.091855 0.068753
50 19 0.018845 0.022594
51 19 -0.004489 0.007089
52 19 -0.005161 0.002174
53 19 -0.001506 0.000657
54 19 0.000492 0.000197
55 19 0.000715 0.000058
56 19 0.000363 0.000017
57 19 0.000349 0.000005
58 19 0.000592 0.000001
59 19 0.000619 0.000000
60 19 0.000340 0.000000
61 19 0.000033 0.000000
62 19 -0.000098 0.000000
63 19 -0.000105 0.000000
64 19 -0.000090 0.000000
65 19 -0.000074 0.000000
66 19 -0.000062 0.000000
67 19 -0.000050 0.000000
68 19 -0.000036 0.000000
69 19 -0.000022 0.000000
70 19 -0.000011 0.000000
71 19 -0.000004 0.000000
72 19 -0.000002 0.000000
73 19 -0.000001 0.000000
74 19 -0.000001 0.000000
75 19 -0.000001 0.000000
76 19 -0.000001 0.000000
77 19 -0.000000 0.000000
78 19 -0.000000 0.000000
79 19 -0.000000 0.000000
80 19 -0.000000 0.000000
81 19 -0.000000 0.000000
82 19 -0.000000 0.000000
83 19 -0.000000 0.000000
84 19 -0.000000 0.000000
85 19 -0.000000 0.000000
86 19 -0.000000 0.000000
87 19 -0.000000 0.000000
88 19 -0.000000 0.000000
89 19 -0.000000 0.000000
90 19 -0.000000 0.000000
91 19 -0.000000 0.000000
92 19 -0.000000 0.000000
93 19 -0.000000 0.000000
94 19 -0.000000 0.000000
95 19 -0.000000 0.000000
96 19 -0.000000 0.000000
97 19 -0.000000 0.000000
98 19 0.000001 0.000000
99 19 -0.000009 0.000000
0 20 -0.000004 0.000000
1 20 0.000017 0.000001
2 20 0.000039 0.000002
3 20 0.000079 0.000008
4 20 0.000057 0.000028
5 20 -0.000073 0.000098
6 20 -0.000185 0.000335
7 20 0.000486 0.001143
8 20 0.004285 0.003854
9 20 0.019438 0.012794
10 20 0.066316 0.041187
11 20 0.170195 0.123336
12 20 0.337464 0.312524
13 20 0.540534 0.591271
14 20 0.732033 0.818970
15 20 0.874683 0.932746
16 20 0.958283 0.976504
17 20 0.994889 0.991824
18 20 1.004192 0.997098
19 20 1.002150 0.998937
20 20 0.997338 0.999595
21 20 0.993066 0.999838
22 20 0.990570 0.999932
23 20 0.990353 0.999969
24 20 0.992130 0.999985
25 20 0.994885 0.999992
26 20 0.997537 0.999995
27 20 0.999414 0.999997
28 20 1.000304 0.999998
29 20 1.000206 0.999998
30 20 0.999071 0.999998
31 20 0.996890 0.999998
32 20 0.994010 0.999998
33 20 0.991248 0.999997
34 20 0.989564 0.999995
35 20 0.989366 0.999992
36 20 0.990157 0.999985
37 20 0.991009 0.999969
38 20 0.991495 0.999932
39 20 0.992367 0.999838
40 20 0.995141 0.999595
41 20 1.000820 0.998937
42 20 1.008110 0.997098
43 20 1.009637 0.991824
44 20 0.986768 0.976504
45 20 0.912621 0.932746
46 20 0.768747 0.818970
47 20 0.565157 0.591271
48 20 0.345069 0.312524
49 20 0.162834 0.123336
50 20 0.050441 0.041187
51 20 0.003172 0.012794
52 20 -0.006115 0.003854
53 20 -0.003200 0.001143
54 20 -0.000191 0.000335
55 20 0.000792 0.000098
56 20 0.000490 0.000028
57 20 0.000102 0.000008
58 20 0.000147 0.000002
59 20 0.000296 0.000001
60 20 0.000224 0.000000
61 20 0.000028 0.000000
62 20 -0.000084 0.000000
63 20 -0.000098 0.000000
64 20 -0.000086 0.000000
65 20 -0.000073 0.000000
66 20 -0.000060 0.000000
67 20 -0.000047 0.000000
68 20 -0.000034 0.000000
69 20 -0.000020 0.000000
70 20 -0.000010 0.000000
71 20 -0.000004 0.000000
72 20 -0.000002 0.000000
73 20 -0.000001 0.000000
74 20 -0.000001 0.000000
75 20 -0.000001 0.000000
76 20 -0.000000 0.000000
77 20 -0.000000 0.000000
78 20 -0.000000 0.000000
79 20 -0.000000 0.000000
80 20 -0.000000 0.000000
81 20 -0.000000 0.000000
82 20 -0.000000 0.000000
83 20 -0.000000 0.000000
84 20 -0.000000 0.000000
85 20 -0.000000 0.000000
86 20 -0.000000 0.000000
87 20 -0.000000 0.000000
88 20 -0.000000 0.000000
89 20 -0.000000 0.000000
90 20 -0.000000 0.000000
91 20 -0.000000 0.000000
92 20 -0.000000 0.000000
93 20 -0.000000 0.000000
94 20 -0.000000 0.000000
95 20 -0.000000 0.000000
96 20 -0.000000 0.000000
97 20 -0.000000 0.000000
98 20 0.000000 0.000000
99 20 -0.000008 0.000000
0 21 0.000000 0.000000
1 21 0.000026 0.000001
2 21 0.000058 0.000004
3 21 0.000106 0.000013
4 21 0.000052 0.000045
5 21 -0.000139 0.000157
6 21 -0.000280 0.000548
7 21 0.000752 0.001900
8 21 0.007003 0.006520
9 21 0.031451 0.021958
10 21 0.100741 0.070724
11 21 0.239064 0.203419
12 21 0.438127 0.458558
13 21 0.651741 0.734873
14 21 0.826881 0.899341
15 21 0.937305 0.965870
16 21 0.989091 0.988744
17 21 1.004179 0.996260
18 21 1.003182 0.998729
19 21 0.998092 0.999555
20 21 0.993730 0.999838
21 21 0.991587 0.999938
22 21 0.991790 0.999975
23 21 0.993678 0.999990
24 21 0.996191 0.999995
25 21 0.998425 0.999998
26 21 0.999975 0.999999
27 21 1.000850 0.999999
28 21 1.001263 0.999999
29 21 1.001376 1.000000
30 21 1.001100 1.000000
31 21 1.000179 1.000000
32 21 0.998514 0.999999
33 21 0.996450 0.999999
34 21 0.994736 0.999999
35 21 0.994027 0.999998
36 21 0.994339 0.999995
37 21 0.994919 0.999990
38 21 0.994830 0.999975
39 21 0.994082 0.999938
40 21 0.994157 0.999838
41 21 0.996984 0.999555
42 21 1.003164 0.998729
43 21 1.009971 0.996260
44 21 1.006137 0.988744
45 21 0.967027 0.965870
46 21 0.863672 0.899341
47 21 0.685978 0.734873
48 21 0.461607 0.458558
49 21 0.247830 0.203419
50 21 0.095615 0.070724
51 21 0.018565 0.021958
52 21 -0.004637 0.006520
53 21 -0.004818 0.001900
54 21 -0.001234 0.000548
55 21 0.000676 0.000157
56 21 0.000781 0.000045
57 21 0.000221 0.000013
58 21 0.000019 0.000004
59 21 0.000146 0.000001
60 21 0.000173 0.000000
61 21 0.000042 0.000000
62 21 -0.000063 0.000000
63 21 -0.000088 0.000000
64 21 -0.000082 0.000000
65 21 -0.000070 0.000000
66 21 -0.000056 0.000000
67 21 -0.000043 0.000000
68 21 -0.000030 0.000000
69 21 -0.000018 0.000000
70 21 -0.000009 0.000000
71 21 -0.000003 0.000000
72 21 -0.000002 0.000000
73 21 -0.000001 0.000000
74 21 -0.000001 0.000000
75 21 -0.000001 0.000000
76 21 -0.000000 0.000000
77 21 -0.000000 0.000000
78 21 -0.000000 0.000000
79 21 -0.000000 0.000000
80 21 -0.000000 0.000000
81 21 -0.000000 0.000000
82 21 -0.000000 0.000000
83 21 -0.000000 0.000000
84 21 -0.000000 0.000000
85 21 -0.000000 0.000000
86 21 -0.000000 0.000000
87 21 -0.000000 0.000000
88 21 -0.000000 0.000000
89 21 -0.000000 0.000000
90 21 -0.000000 0.000000
91 21 -0.000000 0.000000
92 21 -0.000000 0.000000
93 21 -0.000000 0.000000
94 21 -0.000000 0.000000
95 21 -0.000000 0.000000
96 21 -0.000000 0.000000
97 21 -0.000000 0.000000
98 21 -0.000000 0.000000
99 21 -0.000006 0.000000
0 22 0.000003 0.000000
1 22 0.000032 0.000001
2 22 0.000078 0.000005
3 22 0.000139 0.000019
4 22 0.000046 0.000067
5 22 -0.000221 0.000241
6 22 -0.000406 0.000854
7 22 0.001178 0.003012
8 22 0.011009 0.010500
9 22 0.047716 0.035699
10 22 0.143134 0.113627
11 22 0.315626 0.305614
12 22 0.538032 0.599419
13 22 0.748679 0.834188
14 22 0.897666 0.943496
15 22 0.975391 0.982014
16 22 1.002347 0.994332
17 22 1.004590 0.998193
18 22 0.999290 0.999411
19 22 0.994075 0.999803
20 22 0.991655 0.999932
21 22 0.992258 0.999975
22 22 0.994653 0.999991
23 22 0.997320 0.999996
24 22 0.999306 0.999998
25 22 1.000366 0.999999
26 22 1.000733 1.000000
27 22 1.000757 1.000000
28 22 1.000726 1.000000
29 22 1.000789 1.000000
30 22 1.000888 1.000000
31 22 1.000811 1.000000
32 22 1.000305 1.000000
33 22 0.999299 1.000000
34 22 0.998096 1.000000
35 22 0.997240 0.999999
36 22 0.997147 0.999998
37 22 0.997588 0.999996
38 22 0.997584 0.999991
39 22 0.996443 0.999975
40 22 0.994900 0.999932
41 22 0.995200 0.999803
42 22 0.999161 0.999411
43 22 1.006194 0.998193
44 22 1.010904 0.994332
45 22 0.995524 0.982014
46 22 0.928685 0.943496
47 22 0.784760 0.834188
48 22 0.571637 0.599419
49 22 0.339426 0.305614
50 22 0.151707 0.113627
51 22 0.042085 0.035699
52 22 0.000330 0.010500
53 22 -0.005808 0.003012
54 22 -0.002485 0.000854
55 22 0.000268 0.000241
56 22 0.001021 0.000067
57 22 0.000511 0.000019
58 22 0.000074 0.000005
59 22 0.000089 0.000001
60 22 0.000140 0.000000
61 22 0.000050 0.000000
62 22 -0.000049 0.000000
63 22 -0.000080 0.000000
64 22 -0.000077 0.000000
65 22 -0.000066 0.000000
66 22 -0.000052 0.000000
67 22 -0.000039 0.000000
68 22 -0.000027 0.000000
69 22 -0.000016 0.000000
70 22 -0.000007 0.000000
71 22 -0.000003 0.000000
72 22 -0.000002 0.000000
73 22 -0.000001 0.000000
74 22 -0.000001 0.000000
75 22 -0.000001 0.000000
76 22 -0.000000 0.000000
77 22 -0.000000 0.000000
78 22 -0.000000 0.000000
79 22 -0.000000 0.000000
80 22 -0.000000 0.000000
81 22 -0.000000 0.000000
82 22 -0.000000 0.000000
83 22 -0.000000 0.000000
84 22 -0.000000 0.000000
85 22 -0.000000 0.000000
86 22 -0.000000 0.000000
87 22 -0.000000 0.000000
88 22 -0.000000 0.000000
89 22 -0.000000 0.000000
90 22 -0.000000 0.000000
91 22 -0.000000 0.000000
92 22 -0.000000 0.000000
93 22 -0.000000 0.000000
94 22 -0.000000 0.000000
95 22 -0.000000 0.000000
96 22 0.000000 0.000000
97 22 -0.000000 0.000000
98 22 -0.000001 0.000000
99 22 -0.000006 0.000000
0 23 0.000003 0.000001
1 23 0.000034 0.000002
2 23 0.000098 0.000007
3 23 0.000176 0.000027
4 23 0.000034 0.000098
5 23 -0.000328 0.000353
6 23 -0.000560 0.001271
7 23 0.001853 0.004546
8 23 0.016568 0.016052
9 23 0.068356 0.054789
10 23 0.192195 0.169925
11 23 0.395783 0.417930
12 23 0.631368 0.714170
13 23 0.827780 0.896008
14 23 0.946221 0.967105
15 23 0.995387 0.990009
16 23 1.005504 0.996972
17 23 1.001271 0.999071
18 23 0.994700 0.999709
19 23 0.990684 0.999907
20 23 0.990814 0.999969
21 23 0.993767 0.999990
22 23 0.997152 0.999996
23 23 0.999509 0.999999
24 23 1.000597 0.999999
25 23 1.000828 1.000000
26 23 1.000713 1.000000
27 23 1.000542 1.000000
28 23 1.000433 1.000000
29 23 1.000434 1.000000
30 23 1.000521 1.000000
31 23 1.000623 1.000000
32 23 1.000591 1.000000
33 23 1.000233 1.000000
34 23 0.999510 1.000000
35 23 0.998677 1.000000
36 23 0.998277 0.999999
37 23 0.998568 0.999999
38 23 0.998845 0.999996
39 23 0.998081 0.999990
40 23 0.996108 0.999969
41 23 0.994705 0.999907
42 23 0.996578 0.999709
43 23 1.002276 0.999071
44 23 1.009472 0.996972
45 23 1.007618 0.990009
46 23 0.969203 0.967105
47 23 0.859654 0.896008
48 23 0.667928 0.714170
49 23 0.430052 0.417930
50 23 0.214300 0.169925
51 23 0.072556 0.054789
52 23 0.009182 0.016052
53 23 -0.005656 0.004546
54 23 -0.003717 0.001271
55 23 -0.000355 0.000353
56 23 0.001155 0.000098
57 23 0.000890 0.000027
58 23 0.000257 0.000007
59 23 0.000098 0.000002
60 23 0.000115 0.000001
61 23 0.000046 0.000000
62 23 -0.000042 0.000000
63 23 -0.000075 0.000000
64 23 -0.000073 0.000000
65 23 -0.000063 0.000000
66 23 -0.000048 0.000000
67 23 -0.000035 0.000000
68 23 -0.000023 0.000000
69 23 -0.000013 0.000000
70 23 -0.000006 0.000000
71 23 -0.000003 0.000000
72 23 -0.000001 0.000000
73 23 -0.000001 0.000000
74 23 -0.000001 0.000000
75 23 -0.000001 0.000000
76 23 -0.000000 0.000000
77 23 -0.000000 0.000000
78 23 -0.000000 0.000000
79 23 -0.000000 0.000000
80 23 -0.000000 0.000000
81 23 -0.000000 0.000000
82 23 -0.000000 0.000000
83 23 -0.000000 0.000000
84 23 -0.000000 0.000000
85 23 -0.000000 0.000000
86 23 -0.000000 0.000000
87 23 -0.000000 0.000000
88 23 -0.000000 0.000000
89 23 -0.000000 0.000000
90 23 -0.000000 0.000000
91 23 -0.000000 0.000000
92 23 -0.000000 0.000000
93 23 -0.000000 0.000000
94 23 -0.000000 0.000000
95 23 -0.000000 0.000000
96 23 0.000000 0.000000
97 23 -0.000000 0.000000
98 23 -0.000001 0.000000
99 23 -0.000006 0.000000
0 24 0.000000 0.000001
1 24 0.000031 0.000003
2 24 0.000116 0.000010
3 24 0.000212 0.000037
4 24 0.000008 0.000135
5 24 -0.000471 0.000494
6 24 -0.000735 0.001800
7 24 0.002869 0.006520
8 24 0.023834 0.023248
9 24 0.093045 0.079163
10 24 0.245908 0.236106
11 24 0.475389 0.525026
12 24 0.714083 0.797129
13 24 0.888603 0.932746
14 24 0.976753 0.979820
15 24 1.003747 0.994095
16 24 1.003897 0.998270
17 24 0.996951 0.999488
18 24 0.990500 0.999846
19 24 0.988392 0.999953
20 24 0.991009 0.999985
21 24 0.995353 0.999995
22 24 0.998716 0.999998
23 24 1.000357 0.999999
24 24 1.000756 1.000000
25 24 1.000663 1.000000
26 24 1.000515 1.000000
27 24 1.000413 1.000000
28 24 1.000360 1.000000
29 24 1.000351 1.000000
30 24 1.000374 1.000000
31 24 1.000430 1.000000
32 24 1.000485 1.000000
33 24 1.000409 1.000000
34 24 1.000025 1.000000
35 24 0.999317 1.000000
36 24 0.998741 1.000000
37 24 0.998843 0.999999
38 24 0.999275 0.999998
39 24 0.999051 0.999995
40 24 0.997388 0.999985
41 24 0.995120 0.999953
42 24 0.995266 0.999846
43 24 0.999414 0.999488
44 24 1.006392 0.998270
45 24 1.010910 0.994095
46 24 0.992130 0.979820
47 24 0.912855 0.932746
48 24 0.746988 0.797129
49 24 0.513523 0.525026
50 24 0.278315 0.236106
51 24 0.107559 0.079163
52 24 0.021501 0.023248
53 24 -0.004088 0.006520
54 24 -0.004714 0.001800
55 24 -0.001089 0.000494
56 24 0.001180 0.000135
57 24 0.001297 0.000037
58 24 0.000528 0.000010
59 24 0.000159 0.000003
60 24 0.000100 0.000001
61 24 0.000037 0.000000
62 24 -0.000038 0.000000
63 24 -0.000069 0.000000
64 24 -0.000069 0.000000
65 24 -0.000058 0.000000
66 24 -0.000043 0.000000
67 24 -0.000030 0.000000
68 24 -0.000020 0.000000
69 24 -0.000011 0.000000
70 24 -0.000006 0.000000
71 24 -0.000003 0.000000
72 24 -0.000001 0.000000
73 24 -0.000001 0.000000
74 24 -0.000001 0.000000
75 24 -0.000000 0.000000
76 24 -0.000000 0.000000
77 24 -0.000000 0.000000
78 24 -0.000000 0.000000
79 24 -0.000000 0.000000
80 24 -0.000000 0.000000
81 24 -0.000000 0.000000
82 24 -0.000000 0.000000
83 24 -0.000000 0.000000
84 24 -0.000000 0.000000
85 24 -0.000000 0.000000
86 24 -0.000000 0.000000
87 24 -0.000000 0.000000
88 24 -0.000000 0.000000
89 24 -0.000000 0.000000
90 24 -0.000000 0.000000
91 24 -0.000000 0.000000
92 24 -0.000000 0.000000
93 24 -0.000000 0.000000
94 24 -0.000000 0.000000
95 24 -0.000000 0.000000
96 24 0.000000 0.000000
97 24 0.000000 0.000000
98 24 -0.000001 0.000000
99 24 -0.000006 0.000000
0 25 -0.000004 0.000001
1 25 0.000025 0.000003
2 25 0.000136 0.000013
3 25 0.000249 0.000048
4 25 -0.000035 0.000178
5 25 -0.000654 0.000657
6 25 -0.000914 0.002423
7 25 0.004271 0.008869
8 25 0.032706 0.031839
9 25 0.120840 0.107547
10 25 0.301584 0.305614
11 25 0.550561 0.615579
12 25 0.783868 0.852952
13 25 0.932805 0.954346
14 25 0.994146 0.986822
15 25 1.005749 0.996260
16 25 1.000988 0.998937
17 25 0.993445 0.999695
18 25 0.988090 0.999912
19 25 0.988191 0.999974
20 25 0.992491 0.999992
21 25 0.997012 0.999998
22 25 0.999688 0.999999
23 25 1.000627 1.000000
24 25 1.000687 1.000000
25 25 1.000561 1.000000
26 25 1.000473 1.000000
27 25 1.000412 1.000000
28 25 1.000371 1.000000
29 25 1.000351 1.000000
30 25 1.000342 1.000000
31 25 1.000349 1.000000
32 25 1.000380 1.000000
33 25 1.000395 1.000000
34 25 1.000236 1.000000
35 25 0.999720 1.000000
36 25 0.999136 1.000000
37 25 0.999084 1.000000
38 25 0.999494 0.999999
39 25 0.999667 0.999998
40 25 0.998607 0.999992
41 25 0.996122 0.999974
42 25 0.994997 0.999912
43 25 0.997737 0.999695
44 25 1.003616 0.998937
45 25 1.010320 0.996260
46 25 1.003733 0.986822
47 25 0.948563 0.954346
48 25 0.808461 0.852952
49 25 0.585757 0.615579
50 25 0.339015 0.305614
51 25 0.143994 0.107547
52 25 0.036141 0.031839
53 25 -0.001200 0.008869
54 25 -0.005339 0.002423
55 25 -0.001829 0.000657
56 25 0.001091 0.000178
57 25 0.001651 0.000048
58 25 0.000808 0.000013
59 25 0.000229 0.000003
60 25 0.000079 0.000001
61 25 0.000018 0.000000
62 25 -0.000040 0.000000
63 25 -0.000064 0.000000
64 25 -0.000064 0.000000
65 25 -0.000053 0.000000
66 25 -0.000038 0.000000
67 25 -0.000026 0.000000
68 25 -0.000017 0.000000
69 25 -0.000010 0.000000
70 25 -0.000005 0.000000
71 25 -0.000002 0.000000
72 25 -0.000001 0.000000
73 25 -0.000001 0.000000
74 25 -0.000001 0.000000
75 25 -0.000000 0.000000
76 25 -0.000000 0.000000
77 25 -0.000000 0.000000
78 25 -0.000000 0.000000
79 25 -0.000000 0.000000
80 25 -0.000000 0.000000
81 25 -0.000000 0.000000
82 25 -0.000000 0.000000
83 25 -0.000000 0.000000
84 25 -0.000000 0.000000
85 25 -0.000000 0.000000
86 25 -0.000000 0.000000
87 25 -0.000000 0.000000
88 25 -0.000000 0.000000
89 25 -0.000000 0.000000
90 25 -0.000000 0.000000
91 25 -0.000000 0.000000
92 25 -0.000000 0.000000
93 25 -0.000000 0.000000
94 25 -0.000000 0.000000
95 25 -0.000000 0.000000
96 25 0.000000 0.000000
97 25 0.000000 0.000000
98 25 -0.000001 0.000000
99 25 -0.000006 0.000000
0 26 -0.000009 0.000001
1 26 0.000020 0.000004
2 26 0.000159 0.000016
3 26 0.000287 0.000060
4 26 -0.000096 0.000223
5 26 -0.000874 0.000832
6 26 -0.001090 0.003095
7 26 0.005999 0.011427
8 26 0.042701 0.041187
9 26 0.150091 0.137437
10 26 0.356006 0.370959
11 26 0.617926 0.685252
12 26 0.839912 0.889064
13 26 0.963171 0.967105
14 26 1.002972 0.990777
15 26 1.005164 0.997447
16 26 0.998880 0.999292
17 26 0.992052 0.999803
18 26 0.988476 0.999945
19 26 0.990473 0.999984
20 26 0.995156 0.999995
21 26 0.998752 0.999999
22 26 1.000360 1.000000
23 26 1.000712 1.000000
24 26 1.000642 1.000000
25 26 1.000562 1.000000
26 26 1.000508 1.000000
27 26 1.000449 1.000000
28 26 1.000396 1.000000
29 26 1.000366 1.000000
30 26 1.000353 1.000000
31 26 1.000348 1.000000
32 26 1.000349 1.000000
33 26 1.000372 1.000000
34 26 1.000340 1.000000
35 26 1.000032 1.000000
36 26 0.999577 1.000000
37 26 0.999456 1.000000
38 26 0.999726 1.000000
39 26 1.000095 0.999999
40 26 0.999635 0.999995
41 26 0.997319 0.999984
42 26 0.995382 0.999945
43 26 0.996958 0.999803
44 26 1.001708 0.999292
45 26 1.008542 0.997447
46 26 1.008742 0.990777
47 26 0.971339 0.967105
48 26 0.853984 0.889064
49 26 0.644728 0.685252
50 26 0.392595 0.370959
51 26 0.178656 0.137437
52 26 0.051475 0.041187
53 26 0.002567 0.011427
54 26 -0.005576 0.003095
55 26 -0.002485 0.000832
56 26 0.000901 0.000223
57 26 0.001890 0.000060
58 26 0.001030 0.000016
59 26 0.000271 0.000004
60 26 0.000040 0.000001
61 26 -0.000013 0.000000
62 26 -0.000048 0.000000
63 26 -0.000062 0.000000
64 26 -0.000060 0.000000
65 26 -0.000049 0.000000
66 26 -0.000033 0.000000
67 26 -0.000022 0.000000
68 26 -0.000014 0.000000
69 26 -0.000008 0.000000
70 26 -0.000004 0.000000
71 26 -0.000002 0.000000
72 26 -0.000001 0.000000
73 26 -0.000001 0.000000
74 26 -0.000001 0.000000
75 26 -0.000000 0.000000
76 26 -0.000000 0.000000
77 26 -0.000000 0.000000
78 26 -0.000000 0.000000
79 26 -0.000000 0.000000
80 26 -0.000000 0.000000
81 26 -0.000000 0.000000
82 26 -0.000000 0.000000
83 26 -0.000000 0.000000
84 26 -0.000000 0.000000
85 26 -0.000000 0.000000
86 26 -0.000000 0.000000
87 26 -0.000000 0.000000
88 26 -0.000000 0.000000
89 26 -0.000000 0.000000
90 26 -0.000000 0.000000
91 26 -0.000000 0.000000
92 26 -0.000000 0.000000
93 26 -0.000000 0.000000
94 26 -0.000000 0.000000
95 26 -0.000000 0.000000
96 26 0.000000 0.000000
97 26 0.000000 0.000000
98 26 -0.000001 0.000000
99 26 -0.000006 0.000000
0 27 -0.000014 0.000001
1 27 0.000017 0.000005
2 27 0.000186 0.000019
3 27 0.000321 0.000071
4 27 -0.000172 0.000266
5 27 -0.001120 0.001001
6 27 -0.001279 0.003750
7 27 0.007832 0.013929
8 27 0.052899 0.050300
9 27 0.178501 0.165535
10 27 0.405679 0.425965
11 27 0.674771 0.734873
12 27 0.882486 0.911784
13 27 0.982725 0.974661
14 27 1.006727 0.993047
15 27 1.003946 0.998112
16 27 0.997845 0.999488
17 27 0.992177 0.999861
18 27 0.990395 0.999962
19 27 0.993672 0.999990
20 27 0.997893 0.999997
21 27 1.000193 0.999999
22 27 1.000789 1.000000
23 27 1.000739 1.000000
24 27 1.000627 1.000000
25 27 1.000569 1.000000
26 27 1.000514 1.000000
27 27 1.000444 1.000000
28 27 1.000385 1.000000
29 27 1.000356 1.000000
30 27 1.000348 1.000000
31 27 1.000347 1.000000
32 27 1.000341 1.000000
33 27 1.000350 1.000000
34 27 1.000373 1.000000
35 27 1.000238 1.000000
36 27 0.999971 1.000000
37 27 0.999868 1.000000
38 27 0.999990 1.000000
39 27 1.000426 0.999999
40 27 1.000445 0.999997
41 27 0.998414 0.999990
42 27 0.995985 0.999962
43 27 0.996722 0.999861
44 27 1.000604 0.999488
45 27 1.006802 0.998112
46 27 1.010390 0.993047
47 27 0.985174 0.974661
48 27 0.886057 0.911784
49 27 0.689952 0.734873
50 27 0.436362 0.425965
51 27 0.208651 0.165535
52 27 0.065710 0.050300
53 27 0.006591 0.013929
54 27 -0.005486 0.003750
55 27 -0.003022 0.001001
56 27 0.000671 0.000266
57 27 0.002022 0.000071
58 27 0.001180 0.000019
59 27 0.000282 0.000005
60 27 -0.000007 0.000001
61 27 -0.000046 0.000000
62 27 -0.000057 0.000000
63 27 -0.000062 0.000000
64 27 -0.000058 0.000000
65 27 -0.000044 0.000000
66 27 -0.000029 0.000000
67 27 -0.000018 0.000000
68 27 -0.000011 0.000000
69 27 -0.000007 0.000000
70 27 -0.000003 0.000000
71 27 -0.000002 0.000000
72 27 -0.000001 0.000000
73 27 -0.000001 0.000000
74 27 -0.000001 0.000000
75 27 -0.000000 0.000000
76 27 -0.000000 0.000000
77 27 -0.000000 0.000000
78 27 -0.000000 0.000000
79 27 -0.000000 0.000000
80 27 -0.000000 0.000000
81 27 -0.000000 0.000000
82 27 -0.000000 0.000000
83 27 -0.000000 0.000000
84 27 -0.000000 0.000000
85 27 -0.000000 0.000000
86 27 -0.000000 0.000000
87 27 -0.000000 0.000000
88 27 -0.000000 0.000000
89 27 -0.000000 0.000000
90 27 -0.000000 0.000000
91 27 -0.000000 0.000000
92 27 -0.000000 0.000000
93 27 -0.000000 0.000000
94 27 -0.000000 0.000000
95 27 -0.000000 0.000000
96 27 0.000000 0.000000
97 27 0.000000 0.000000
98 27 -0.000001 0.000000
99 27 -0.000007 0.000000
0 28 -0.000017 0.000001
1 28 0.000019 0.000006
2 28 0.000210 0.000021
3 28 0.000344 0.000080
4 28 -0.000254 0.000303
5 28 -0.001370 0.001143
6 28 -0.001515 0.004302
7 28 0.009413 0.016052
8 28 0.062038 0.057996
9 28 0.203389 0.188463
10 28 0.447192 0.466799
11 28 0.719163 0.767343
12 28 0.912608 0.925461
13 28 0.994278 0.979034
14 28 1.007653 0.994332
15 28 1.002506 0.998483
16 28 0.996674 0.999595
17 28 0.991573 0.999892
18 28 0.991079 0.999971
19 28 0.995399 0.999992
20 28 0.999387 0.999998
21 28 1.000920 0.999999
22 28 1.000980 1.000000
23 28 1.000777 1.000000
24 28 1.000661 1.000000
25 28 1.000589 1.000000
26 28 1.000504 1.000000
27 28 1.000414 1.000000
28 28 1.000351 1.000000
29 28 1.000332 1.000000
30 28 1.000335 1.000000
31 28 1.000342 1.000000
32 28 1.000338 1.000000
33 28 1.000334 1.000000
34 28 1.000362 1.000000
35 28 1.000326 1.000000
36 28 1.000224 1.000000
37 28 1.000177 1.000000
38 28 1.000209 1.000000
39 28 1.000688 0.999999
40 28 1.000987 0.999998
41 28 0.999011 0.999992
42 28 0.996167 0.999971
43 28 0.996465 0.999892
44 28 0.999926 0.999595
45 28 1.005455 0.998483
46 28 1.010555 0.994332
47 28 0.993132 0.979034
48 28 0.907224 0.925461
49 28 0.721826 0.767343
50 28 0.468611 0.466799
51 28 0.231641 0.188463
52 28 0.077166 0.057996
53 28 0.010154 0.016052
54 28 -0.005207 0.004302
55 28 -0.003391 0.001143
56 28 0.000499 0.000303
57 28 0.002126 0.000080
58 28 0.001302 0.000021
59 28 0.000291 0.000006
60 28 -0.000044 0.000001
61 28 -0.000070 0.000000
62 28 -0.000062 0.000000
63 28 -0.000061 0.000000
64 28 -0.000055 0.000000
65 28 -0.000040 0.000000
66 28 -0.000025 0.000000
67 28 -0.000015 0.000000
68 28 -0.000009 0.000000
69 28 -0.000005 0.000000
70 28 -0.000003 0.000000
71 28 -0.000002 0.000000
72 28 -0.000001 0.000000
73 28 -0.000001 0.000000
74 28 -0.000000 0.000000
75 28 -0.000000 0.000000
76 28 -0.000000 0.000000
77 28 -0.000000 0.000000
78 28 -0.000000 0.000000
79 28 -0.000000 0.000000
80 28 -0.000000 0.000000
81 28 -0.000000 0.000000
82 28 -0.000000 0.000000
83 28 -0.000000 0.000000
84 28 -0.000000 0.000000
85 28 -0.000000 0.000000
86 28 -0.000000 0.000000
87 28 -0.000000 0.000000
88 28 -0.000000 0.000000
89 28 -0.000000 0.000000
90 28 -0.000000 0.000000
91 28 -0.000000 0.000000
92 28 -0.000000 0.000000
93 28 -0.000000 0.000000
94 28 -0.000000 0.000000
95 28 -0.000000 0.000000
96 28 0.000000 0.000000
97 28 0.000000 0.000000
98 28 -0.000001 0.000000
99 28 -0.000008 0.000000
0 29 -0.000018 0.000002
1 29 0.000021 0.000006
2 29 0.000220 0.000023
3 29 0.000348 0.000086
4 29 -0.000318 0.000327
5 29 -0.001588 0.001238
6 29 -0.001836 0.004674
7 29 0.010326 0.017482
8 29 0.068735 0.063153
9 29 0.222078 0.203419
10 29 0.477582 0.491673
11 29 0.749924 0.785544
12 29 0.931671 0.932746
13 29 1.000253 0.981309
14 29 1.007204 0.994992
15 29 1.000752 0.998671
16 29 0.994225 0.999648
17 29 0.988520 0.999907
18 29 0.988734 0.999975
19 29 0.994429 0.999993
20 29 0.999183 0.999998
21 29 1.000934 1.000000
22 29 1.001027 1.000000
23 29 1.000840 1.000000
24 29 1.000713 1.000000
25 29 1.000589 1.000000
26 29 1.000449 1.000000
27 29 1.000322 1.000000
28 29 1.000251 1.000000
29 29 1.000250 1.000000
30 29 1.000286 1.000000
31 29 1.000325 1.000000
32 29 1.000338 1.000000
33 29 1.000334 1.000000
34 29 1.000352 1.000000
35 29 1.000356 1.000000
36 29 1.000352 1.000000
37 29 1.000349 1.000000
38 29 1.000355 1.000000
39 29 1.000869 1.000000
40 29 1.001106 0.999998
41 29 0.998608 0.999993
42 29 0.995184 0.999975
43 29 0.995507 0.999907
44 29 0.999199 0.999648
45 29 1.004473 0.998671
46 29 1.010222 0.994992
47 29 0.997292 0.981309
48 29 0.919557 0.932746
49 29 0.741034 0.785544
50 29 0.488358 0.491673
51 29 0.245937 0.203419
52 29 0.084499 0.063153
53 29 0.012598 0.017482
54 29 -0.004912 0.004674
55 29 -0.003566 0.001238
56 29 0.000465 0.000327
57 29 0.002281 0.000086
58 29 0.001441 0.000023
59 29 0.000325 0.000006
60 29 -0.000058 0.000002
61 29 -0.000083 0.000000
62 29 -0.000065 0.000000
63 29 -0.000061 0.000000
64 29 -0.000053 0.000000
65 29 -0.000036 0.000000
66 29 -0.000021 0.000000
67 29 -0.000012 0.000000
68 29 -0.000007 0.000000
69 29 -0.000004 0.000000
70 29 -0.000003 0.000000
71 29 -0.000002 0.000000
72 29 -0.000001 0.000000
73 29 -0.000001 0.000000
74 29 -0.000000 0.000000
75 29 -0.000000 0.000000
76 29 -0.000000 0.000000
77 29 -0.000000 0.000000
78 29 -0.000000 0.000000
79 29 -0.000000 0.000000
80 29 -0.000000 0.000000
81 29 -0.000000 0.000000
82 29 -0.000000 0.000000
83 29 -0.000000 0.000000
84 29 -0.000000 0.000000
85 29 -0.000000 0.000000
86 29 -0.000000 0.000000
87 29 -0.000000 0.000000
88 29 -0.000000 0.000000
89 29 -0.000000 0.000000
90 29 -0.000000 0.000000
91 29 -0.000000 0.000000
92 29 -0.000000 0.000000
93 29 -0.000000 0.000000
94 29 -0.000000 0.000000
95 29 -0.000000 0.000000
96 29 -0.000000 0.000000
97 29 0.000000 0.000000
98 29 -0.000001 0.000000
99 29 -0.000009 0.000000
0 30 -0.000018 0.000002
1 30 0.000017 0.000006
2 30 0.000206 0.000023
3 30 0.000343 0.000088
4 30 -0.000317 0.000335
5 30 -0.001716 0.001271
6 30 -0.002263 0.004805
7 30 0.010206 0.017986
8 30 0.071768 0.064969
9 30 0.232299 0.208609
10 30 0.494550 0.500000
11 30 0.766396 0.791391
12 30 0.940964 0.935031
13 30 1.002517 0.982014
14 30 1.006478 0.995195
15 30 0.999031 0.998729
16 30 0.990905 0.999665
17 30 0.983683 0.999912
18 30 0.984140 0.999977
19 30 0.991536 0.999994
20 30 0.997886 0.999998
21 30 1.000590 1.000000
22 30 1.001056 1.000000
23 30 1.000926 1.000000
24 30 1.000761 1.000000
25 30 1.000566 1.000000
26 30 1.000354 1.000000
27 30 1.000175 1.000000
28 30 1.000082 1.000000
29 30 1.000097 1.000000
30 30 1.000179 1.000000
31 30 1.000269 1.000000
32 30 1.000321 1.000000
33 30 1.000336 1.000000
34 30 1.000355 1.000000
35 30 1.000372 1.000000
36 30 1.000406 1.000000
37 30 1.000418 1.000000
38 30 1.000428 1.000000
39 30 1.000873 1.000000
40 30 1.000485 0.999998
41 30 0.996643 0.999994
42 30 0.992381 0.999977
43 30 0.993276 0.999912
44 30 0.997996 0.999665
45 30 1.003692 0.998729
46 30 1.009859 0.995195
47 30 0.998888 0.982014
48 30 0.924405 0.935031
49 30 0.748114 0.791391
50 30 0.495080 0.500000
51 30 0.250521 0.208609
52 30 0.086857 0.064969
53 30 0.013482 0.017986
54 30 -0.004734 0.004805
55 30 -0.003553 0.001271
56 30 0.000580 0.000335
57 30 0.002484 0.000088
58 30 0.001589 0.000023
59 30 0.000378 0.000006
60 30 -0.000053 0.000002
61 30 -0.000088 0.000000
62 30 -0.000069 0.000000
63 30 -0.000062 0.000000
64 30 -0.000050 0.000000
65 30 -0.000032 0.000000
66 30 -0.000017 0.000000
67 30 -0.000009 0.000000
68 30 -0.000006 0.000000
69 30 -0.000004 0.000000
70 30 -0.000002 0.000000
71 30 -0.000002 0.000000
72 30 -0.000001 0.000000
73 30 -0.000001 0.000000
74 30 -0.000000 0.000000
75 30 -0.000000 0.000000
76 30 -0.000000 0.000000
77 30 -0.000000 0.000000
78 30 -0.000000 0.000000
79 30 -0.000000 0.000000
80 30 -0.000000 0.000000
81 30 -0.000000 0.000000
82 30 -0.000000 0.000000
83 30 -0.000000 0.000000
84 30 -0.000000 0.000000
85 30 -0.000000 0.000000
86 30 -0.000000 0.000000
87 30 -0.000000 0.000000
88 30 -0.000000 0.000000
89 30 -0.000000 0.000000
90 30 -0.000000 0.000000
91 30 -0.000000 0.000000
92 30 -0.000000 0.000000
93 30 -0.000000 0.000000
94 30 -0.000000 0.000000
95 30 -0.000000 0.000000
96 30 -0.000000 0.000000
97 30 0.000000 0.000000
98 30 -0.000001 0.000000
99 30 -0.000010 0.000000
0 31 -0.000020 0.000002
1 31 0.000002 0.000006
2 31 0.000174 0.000023
3 31 0.000364 0.000086
4 31 -0.000187 0.000327
5 31 -0.001698 0.001238
6 31 -0.002794 0.004674
7 31 0.008835 0.017482
8 31 0.070324 0.063153
9 31 0.232504 0.203419
10 31 0.496534 0.491673
11 31 0.768103 0.785544
12 31 0.941203 0.932746
13 31 1.002176 0.981309
14 31 1.006278 0.994992
15 31 0.998338 0.998671
16 31 0.988832 0.999648
17 31 0.980192 0.999907
18 31 0.980443 0.999975
19 31 0.988950 0.999993
20 31 0.996645 0.999998
21 31 1.000273 1.000000
22 31 1.001106 1.000000
23 31 1.001010 1.000000
24 31 1.000807 1.000000
25 31 1.000561 1.000000
26 31 1.000297 1.000000
27 31 1.000075 1.000000
28 31 0.999957 1.000000
29 31 0.999972 1.000000
30 31 1.000080 1.000000
31 31 1.000209 1.000000
32 31 1.000298 1.000000
33 31 1.000341 1.000000
34 31 1.000370 1.000000
35 31 1.000387 1.000000
36 31 1.000415 1.000000
37 31 1.000409 1.000000
38 31 1.000412 1.000000
39 31 1.000551 1.000000
40 31 0.998847 0.999998
41 31 0.992876 0.999993
42 31 0.987648 0.999975
43 31 0.989698 0.999907
44 31 0.996176 0.999648
45 31 1.002974 0.998671
46 31 1.009606 0.994992
47 31 0.998395 0.981309
48 31 0.922245 0.932746
49 31 0.743187 0.785544
50 31 0.488539 0.491673
51 31 0.245044 0.203419
52 31 0.083969 0.063153
53 31 0.012654 0.017482
54 31 -0.004742 0.004674
55 31 -0.003404 0.001238
56 31 0.000754 0.000327
57 31 0.002604 0.000086
58 31 0.001633 0.000023
59 31 0.000395 0.000006
60 31 -0.000047 0.000002
61 31 -0.000089 0.000000
62 31 -0.000072 0.000000
63 31 -0.000062 0.000000
64 31 -0.000047 0.000000
65 31 -0.000028 0.000000
66 31 -0.000014 0.000000
67 31 -0.000008 0.000000
68 31 -0.000005 0.000000
69 31 -0.000003 0.000000
70 31 -0.000002 0.000000
71 31 -0.000001 0.000000
72 31 -0.000001 0.000000
73 31 -0.000001 0.000000
74 31 -0.000000 0.000000
75 31 -0.000000 0.000000
76 31 -0.000000 0.000000
77 31 -0.000000 0.000000
78 31 -0.000000 0.000000
79 31 -0.000000 0.000000
80 31 -0.000000 0.000000
81 31 -0.000000 0.000000
82 31 -0.000000 0.000000
83 31 -0.000000 0.000000
84 31 -0.000000 0.000000
85 31 -0.000000 0.000000
86 31 -0.000000 0.000000
87 31 -0.000000 0.000000
88 31 -0.000000 0.000000
89 31 -0.000000 0.000000
90 31 -0.000000 0.000000
91 31 -0.000000 0.000000
92 31 -0.000000 0.000000
93 31 -0.000000 0.000000
94 31 -0.000000 0.000000
95 31 -0.000000 0.000000
96 31 -0.000000 0.000000
97 31 0.000000 0.000000
98 31 -0.000001 0.000000
99 31 -0.000010 0.000000
0 32 -0.000025 0.000001
1 32 -0.000018 0.000006
2 32 0.000144 0.000021
3 32 0.000448 0.000080
4 32 0.000117 0.000303
5 32 -0.001492 0.001143
6 32 -0.003364 0.004302
7 32 0.006266 0.016052
8 32 0.064236 0.057996
9 32 0.222117 0.188463
10 32 0.482752 0.466799
11 32 0.754483 0.767343
12 32 0.932200 0.925461
13 32 0.999259 0.979034
14 32 1.006896 0.994332
15 32 0.999647 0.998483
16 32 0.990096 0.999595
17 32 0.981264 0.999892
18 32 0.980896 0.999971
19 32 0.988774 0.999992
20 32 0.996402 0.999998
21 32 1.000238 0.999999
22 32 1.001196 1.000000
23 32 1.001099 1.000000
24 32 1.000870 1.000000
25 32 1.000612 1.000000
26 32 1.000346 1.000000
27 32 1.000123 1.000000
28 32 0.999997 1.000000
29 32 0.999996 1.000000
30 32 1.000089 1.000000
31 32 1.000213 1.000000
32 32 1.000308 1.000000
33 32 1.000362 1.000000
34 32 1.000392 1.000000
35 32 1.000397 1.000000
36 32 1.000403 1.000000
37 32 1.000393 1.000000
38 32 1.000407 1.000000
39 32 1.000065 0.999999
40 32 0.996684 0.999998
41 32 0.988467 0.999992
42 32 0.982602 0.999971
43 32 0.986176 0.999892
44 32 0.994463 0.999595
45 32 1.002545 0.998483
46 32 1.009452 0.994332
47 32 0.995565 0.979034
48 32 0.912587 0.925461
49 32 0.725827 0.767343
50 32 0.468713 0.466799
51 32 0.229826 0.188463
52 32 0.076174 0.057996
53 32 0.010283 0.016052
54 32 -0.004913 0.004302
55 32 -0.003163 0.001143
56 32 0.000893 0.000303
57 32 0.002510 0.000080
58 32 0.001471 0.000021
59 32 0.000320 0.000006
60 32 -0.000063 0.000001
61 32 -0.000092 0.000000
62 32 -0.000074 0.000000
63 32 -0.000062 0.000000
64 32 -0.000044 0.000000
65 32 -0.000025 0.000000
66 32 -0.000012 0.000000
67 32 -0.000006 0.000000
68 32 -0.000004 0.000000
69 32 -0.000003 0.000000
70 32 -0.000002 0.000000
71 32 -0.000001 0.000000
72 32 -0.000001 0.000000
73 32 -0.000000 0.000000
74 32 -0.000000 0.000000
75 32 -0.000000 0.000000
76 32 -0.000000 0.000000
77 32 -0.000000 0.000000
78 32 -0.000000 0.000000
79 32 -0.000000 0.000000
80 32 -0.000000 0.000000
81 32 -0.000000 0.000000
82 32 -0.000000 0.000000
83 32 -0.000000 0.000000
84 32 -0.000000 0.000000
85 32 -0.000000 0.000000
86 32 -0.000000 0.000000
87 32 -0.000000 0.000000
88 32 -0.000000 0.000000
89 32 -0.000000 0.000000
90 32 -0.000000 0.000000
91 32 -0.000000 0.000000
92 32 -0.000000 0.000000
93 32 -0.000000 0.000000
94 32 -0.000000 0.000000
95 32 -0.000000 0.000000
96 32 -0.000000 0.000000
97 32 0.000000 0.000000
98 32 -0.000001 0.000000
99 32 -0.000011 0.000000
0 33 -0.000029 0.000001
1 33 -0.000036 0.000005
2 33 0.000120 0.000019
3 33 0.000569 0.000071
4 33 0.000553 0.000266
5 33 -0.001088 0.001001
6 33 -0.003797 0.003750
7 33 0.002950 0.013929
8 33 0.054168 0.050300
9 33 0.201747 0.165535
10 33 0.453301 0.425965
11 33 0.724797 0.734873
12 33 0.912589 0.911784
13 33 0.992385 0.974661
14 33 1.007573 0.993047
15 33 1.002641 0.998112
16 33 0.994247 0.999488
17 33 0.986399 0.999861
18 33 0.985175 0.999962
19 33 0.990794 0.999990
20 33 0.996911 0.999997
21 33 1.000269 0.999999
22 33 1.001236 1.000000
23 33 1.001219 1.000000
24 33 1.001010 1.000000
25 33 1.000756 1.000000
26 33 1.000508 1.000000
27 33 1.000310 1.000000
28 33 1.000194 1.000000
29 33 1.000170 1.000000
30 33 1.000217 1.000000
31 33 1.000294 1.000000
32 33 1.000357 1.000000
33 33 1.000394 1.000000
34 33 1.000406 1.000000
35 33 1.000394 1.000000
36 33 1.000405 1.000000
37 33 1.000469 1.000000
38 33 1.000584 1.000000
39 33 0.999864 0.999999
40 33 0.995297 0.999997
41 33 0.986145 0.999990
42 33 0.980833 0.999962
43 33 0.985564 0.999861
44 33 0.994453 0.999488
45 33 1.003128 0.998112
46 33 1.009357 0.993047
47 33 0.989457 0.974661
48 33 0.893996 0.911784
49 33 0.695156 0.734873
50 33 0.435897 0.425965
51 33 0.205886 0.165535
52 33 0.064392 0.050300
53 33 0.006825 0.013929
54 33 -0.005126 0.003750
55 33 -0.002804 0.001001
56 33 0.001034 0.000266
57 33 0.002273 0.000071
58 33 0.001164 0.000019
59 33 0.000175 0.000005
60 33 -0.000100 0.000001
61 33 -0.000097 0.000000
62 33 -0.000076 0.000000
63 33 -0.000060 0.000000
64 33 -0.000042 0.000000
65 33 -0.000022 0.000000
66 33 -0.000010 0.000000
67 33 -0.000006 0.000000
68 33 -0.000004 0.000000
69 33 -0.000003 0.000000
70 33 -0.000002 0.000000
71 33 -0.000001 0.000000
72 33 -0.000001 0.000000
73 33 -0.000000 0.000000
74 33 -0.000000 0.000000
75 33 -0.000000 0.000000
76 33 -0.000000 0.000000
77 33 -0.000000 0.000000
78 33 -0.000000 0.000000
79 33 -0.000000 0.000000
80 33 -0.000000 0.000000
81 33 -0.000000 0.000000
82 33 -0.000000 0.000000
83 33 -0.000000 0.000000
84 33 -0.000000 0.000000
85 33 -0.000000 0.000000
86 33 -0.000000 0.000000
87 33 -0.000000 0.000000
88 33 -0.000000 0.000000
89 33 -0.000000 0.000000
90 33 -0.000000 0.000000
91 33 -0.000000 0.000000
92 33 -0.000000 0.000000
93 33 -0.000000 0.000000
94 33 -0.000000 0.000000
95 33 -0.000000 0.000000
96 33 -0.000000 0.000000
97 33 0.000000 0.000000
98 33 -0.000001 0.000000
99 33 -0.000012 0.000000
0 34 -0.000033 0.000001
1 34 -0.000058 0.000004
2 34 0.000074 0.000016
3 34 0.000650 0.000060
4 34 0.001036 0.000223
5 34 -0.000456 0.000832
6 34 -0.003794 0.003095
7 34 -0.000337 0.011427
8 34 0.041565 0.041187
9 34 0.173242 0.137437
10 34 0.409375 0.370959
11 34 0.678384 0.685252
12 34 0.879949 0.889064
13 34 0.978778 0.967105
14 34 1.006381 0.990777
15 34 1.005778 0.997447
16 34 0.998932 0.999292
17 34 0.992261 0.999803
18 34 0.990102 0.999945
19 34 0.992919 0.999984
20 34 0.996911 0.999995
21 34 0.999562 0.999999
22 34 1.000718 1.000000
23 34 1.001126 1.000000
24 34 1.001171 1.000000
25 34 1.000984 1.000000
26 34 1.000742 1.000000
27 34 1.000550 1.000000
28 34 1.000433 1.000000
29 34 1.000382 1.000000
30 34 1.000378 1.000000
31 34 1.000397 1.000000
32 34 1.000411 1.000000
33 34 1.000412 1.000000
34 34 1.000397 1.000000
35 34 1.000391 1.000000
36 34 1.000465 1.000000
37 34 1.000660 1.000000
38 34 1.000897 1.000000
39 34 1.000026 0.999999
40 34 0.995348 0.999995
41 34 0.987376 0.999984
42 34 0.983950 0.999945
43 34 0.988900 0.999803
44 34 0.996826 0.999292
45 34 1.005126 0.997447
46 34 1.008815 0.990777
47 34 0.978201 0.967105
48 34 0.864174 0.889064
49 34 0.650167 0.685252
50 34 0.390980 0.370959
51 34 0.174992 0.137437
52 34 0.050029 0.041187
53 34 0.002936 0.011427
54 34 -0.005189 0.003095
55 34 -0.002242 0.000832
56 34 0.001326 0.000223
57 34 0.002101 0.000060
58 34 0.000885 0.000016
59 34 0.000040 0.000004
60 34 -0.000132 0.000001
61 34 -0.000101 0.000000
62 34 -0.000076 0.000000
63 34 -0.000058 0.000000
64 34 -0.000039 0.000000
65 34 -0.000021 0.000000
66 34 -0.000010 0.000000
67 34 -0.000005 0.000000
68 34 -0.000004 0.000000
69 34 -0.000003 0.000000
70 34 -0.000002 0.000000
71 34 -0.000001 0.000000
72 34 -0.000001 0.000000
73 34 -0.000000 0.000000
74 34 -0.000000 0.000000
75 34 -0.000000 0.000000
76 34 -0.000000 0.000000
77 34 -0.000000 0.000000
78 34 -0.000000 0.000000
79 34 -0.000000 0.000000
80 34 -0.000000 0.000000
81 34 -0.000000 0.000000
82 34 -0.000000 0.000000
83 34 -0.000000 0.000000
84 34 -0.000000 0.000000
85 34 -0.000000 0.000000
86 34 -0.000000 0.000000
87 34 -0.000000 0.000000
88 34 -0.000000 0.000000
89 34 -0.000000 0.000000
90 34 -0.000000 0.000000
91 34 -0.000000 0.000000
92 34 -0.000000 0.000000
93 34 -0.000000 0.000000
94 34 -0.000000 0.000000
95 34 -0.000000 0.000000
96 34 -0.000000 0.000000
97 34 0.000001 0.000000
98 34 -0.000001 0.000000
99 34 -0.000013 0.000000
0 35 -0.000038 0.000001
1 35 -0.000084 0.000003
2 35 -0.000001 0.000013
3 35 0.000663 0.000048
4 35 0.001546 0.000178
5 35 0.000455 0.000657
6 35 -0.003221 0.002423
7 35 -0.002975 0.008869
8 35 0.028187 0.031839
9 35 0.139439 0.107547
10 35 0.353455 0.305614
11 35 0.615282 0.615579
12 35 0.831462 0.852952
13 35 0.954663 0.954346
14 35 1.000629 0.986822
15 35 1.007653 0.996260
16 35 1.002817 0.998937
17 35 0.996956 0.999695
18 35 0.993885 0.999912
19 35 0.994101 0.999974
20 35 0.995803 0.999992
21 35 0.997509 0.999998
22 35 0.998916 0.999999
23 35 1.000162 1.000000
24 35 1.000954 1.000000
25 35 1.001134 1.000000
26 35 1.000977 1.000000
27 35 1.000777 1.000000
28 35 1.000632 1.000000
29 35 1.000545 1.000000
30 35 1.000504 1.000000
31 35 1.000484 1.000000
32 35 1.000460 1.000000
33 35 1.000433 1.000000
34 35 1.000415 1.000000
35 35 1.000464 1.000000
36 35 1.000634 1.000000
37 35 1.000884 1.000000
38 35 1.001051 0.999999
39 35 1.000076 0.999998
40 35 0.996126 0.999992
41 35 0.990653 0.999974
42 35 0.989467 0.999912
43 35 0.993971 0.999695
44 35 1.000487 0.998937
45 35 1.007868 0.996260
46 35 1.006094 0.986822
47 35 0.958557 0.954346
48 35 0.820106 0.852952
49 35 0.590211 0.615579
50 35 0.335774 0.305614
51 35 0.139662 0.107547
52 35 0.034820 0.031839
53 35 -0.000679 0.008869
54 35 -0.004930 0.002423
55 35 -0.001392 0.000657
56 35 0.001878 0.000178
57 35 0.002125 0.000048
58 35 0.000742 0.000013
59 35 -0.000031 0.000003
60 35 -0.000146 0.000001
61 35 -0.000103 0.000000
62 35 -0.000076 0.000000
63 35 -0.000056 0.000000
64 35 -0.000036 0.000000
65 35 -0.000019 0.000000
66 35 -0.000009 0.000000
67 35 -0.000005 0.000000
68 35 -0.000003 0.000000
69 35 -0.000002 0.000000
70 35 -0.000002 0.000000
71 35 -0.000001 0.000000
72 35 -0.000001 0.000000
73 35 -0.000000 0.000000
74 35 -0.000000 0.000000
75 35 -0.000000 0.000000
76 35 -0.000000 0.000000
77 35 -0.000000 0.000000
78 35 -0.000000 0.000000
79 35 -0.000000 0.000000
80 35 -0.000000 0.000000
81 35 -0.000000 0.000000
82 35 -0.000000 0.000000
83 35 -0.000000 0.000000
84 35 -0.000000 0.000000
85 35 -0.000000 0.000000
86 35 -0.000000 0.000000
87 35 -0.000000 0.000000
88 35 -0.000000 0.000000
89 35 -0.000000 0.000000
90 35 -0.000000 0.000000
91 35 -0.000000 0.000000
92 35 -0.000000 0.000000
93 35 -0.000000 0.000000
94 35 -0.000000 0.000000
95 35 -0.000000 0.000000
96 35 -0.000000 0.000000
97 35 0.000001 0.000000
98 35 -0.000001 0.000000
99 35 -0.000014 0.000000
0 36 -0.000041 0.000001
1 36 -0.000107 0.000003
2 36 -0.000085 0.000010
3 36 0.000628 0.000037
4 36 0.002058 0.000135
5 36 0.001624 0.000494
6 36 -0.002113 0.001800
7 36 -0.004612 0.006520
8 36 0.015738 0.023248
9 36 0.103787 0.079163
10 36 0.289390 0.236106
11 36 0.536957 0.525026
12 36 0.764808 0.797129
13 36 0.915613 0.932746
14 36 0.986548 0.979820
15 36 1.006683 0.994095
16 36 1.005856 0.998270
17 36 1.000737 0.999488
18 36 0.996955 0.999846
19 36 0.995157 0.999953
20 36 0.994589 0.999985
21 36 0.994770 0.999995
22 36 0.995919 0.999998
23 36 0.997960 0.999999
24 36 0.999842 1.000000
25 36 1.000833 1.000000
26 36 1.001077 1.000000
27 36 1.000987 1.000000
28 36 1.000818 1.000000
29 36 1.000681 1.000000
30 36 1.000608 1.000000
31 36 1.000571 1.000000
32 36 1.000540 1.000000
33 36 1.000519 1.000000
34 36 1.000544 1.000000
35 36 1.000685 1.000000
36 36 1.000885 1.000000
37 36 1.000950 0.999999
38 36 1.000719 0.999998
39 36 0.999576 0.999995
40 36 0.996715 0.999985
41 36 0.993857 0.999953
42 36 0.994432 0.999846
43 36 0.998468 0.999488
44 36 1.004335 0.998270
45 36 1.010069 0.994095
46 36 0.997910 0.979820
47 36 0.925854 0.932746
48 36 0.758636 0.797129
49 36 0.515707 0.525026
50 36 0.273289 0.236106
51 36 0.103006 0.079163
52 36 0.020567 0.023248
53 36 -0.003421 0.006520
54 36 -0.004241 0.001800
55 36 -0.000239 0.000494
56 36 0.002625 0.000135
57 36 0.002286 0.000037
58 36 0.000711 0.000010
59 36 -0.000043 0.000003
60 36 -0.000144 0.000001
61 36 -0.000105 0.000000
62 36 -0.000077 0.000000
63 36 -0.000055 0.000000
64 36 -0.000034 0.000000
65 36 -0.000018 0.000000
66 36 -0.000009 0.000000
67 36 -0.000005 0.000000
68 36 -0.000003 0.000000
69 36 -0.000002 0.000000
70 36 -0.000001 0.000000
71 36 -0.000001 0.000000
72 36 -0.000001 0.000000
73 36 -0.000000 0.000000
74 36 -0.000000 0.000000
75 36 -0.000000 0.000000
76 36 -0.000000 0.000000
77 36 -0.000000 0.000000
78 36 -0.000000 0.000000
79 36 -0.000000 0.000000
80 36 -0.000000 0.000000
81 36 -0.000000 0.000000
82 36 -0.000000 0.000000
83 36 -0.000000 0.000000
84 36 -0.000000 0.000000
85 36 -0.000000 0.000000
86 36 -0.000000 0.000000
87 36 -0.000000 0.000000
88 36 -0.000000 0.000000
89 36 -0.000000 0.000000
90 36 -0.000000 0.000000
91 36 -0.000000 0.000000
92 36 -0.000000 0.000000
93 36 -0.000000 0.000000
94 36 -0.000000 0.000000
95 36 -0.000000 0.000000
96 36 -0.000000 0.000000
97 36 0.000001 0.000000
98 36 -0.000002 0.000000
99 36 -0.000014 0.000000
0 37 -0.000039 0.000001
1 37 -0.000119 0.000002
2 37 -0.000159 0.000007
3 37 0.000547 0.000027
4 37 0.002442 0.000098
5 37 0.002832 0.000353
6 37 -0.000604 0.001271
7 37 -0.004982 0.004546
8 37 0.005765 0.016052
9 37 0.070007 0.054789
10 37 0.222323 0.169925
11 37 0.446980 0.417930
12 37 0.679285 0.714170
13 37 0.857171 0.896008
14 37 0.958916 0.967105
15 37 0.999619 0.990009
16 37 1.007364 0.996972
17 37 1.004175 0.999071
18 37 1.000111 0.999709
19 37 0.997157 0.999907
20 37 0.994951 0.999969
21 37 0.993382 0.999990
22 37 0.993359 0.999996
23 37 0.995265 0.999999
24 37 0.997754 0.999999
25 37 0.999596 1.000000
26 37 1.000621 1.000000
27 37 1.001027 1.000000
28 37 1.001026 1.000000
29 37 1.000880 1.000000
30 37 1.000767 1.000000
31 37 1.000707 1.000000
32 37 1.000676 1.000000
33 37 1.000682 1.000000
34 37 1.000763 1.000000
35 37 1.000921 1.000000
36 37 1.000901 0.999999
37 37 1.000406 0.999999
38 37 0.999552 0.999996
39 37 0.998383 0.999990
40 37 0.996802 0.999969
41 37 0.996105 0.999907
42 37 0.997881 0.999709
43 37 1.002049 0.999071
44 37 1.008077 0.996972
45 37 1.009427 0.990009
46 37 0.979021 0.967105
47 37 0.874527 0.896008
48 37 0.677615 0.714170
49 37 0.428984 0.417930
50 37 0.207818 0.169925
51 37 0.068380 0.054789
52 37 0.008811 0.016052
53 37 -0.004919 0.004546
54 37 -0.003158 0.001271
55 37 0.001007 0.000353
56 37 0.003275 0.000098
57 37 0.002350 0.000027
58 37 0.000674 0.000007
59 37 -0.000035 0.000002
60 37 -0.000131 0.000001
61 37 -0.000103 0.000000
62 37 -0.000077 0.000000
63 37 -0.000053 0.000000
64 37 -0.000033 0.000000
65 37 -0.000018 0.000000
66 37 -0.000009 0.000000
67 37 -0.000005 0.000000
68 37 -0.000003 0.000000
69 37 -0.000002 0.000000
70 37 -0.000001 0.000000
71 37 -0.000001 0.000000
72 37 -0.000000 0.000000
73 37 -0.000000 0.000000
74 37 -0.000000 0.000000
75 37 -0.000000 0.000000
76 37 -0.000000 0.000000
77 37 -0.000000 0.000000
78 37 -0.000000 0.000000
79 37 -0.000000 0.000000
80 37 -0.000000 0.000000
81 37 -0.000000 0.000000
82 37 -0.000000 0.000000
83 37 -0.000000 0.000000
84 37 -0.000000 0.000000
85 37 -0.000000 0.000000
86 37 -0.000000 0.000000
87 37 -0.000000 0.000000
88 37 -0.000000 0.000000
89 37 -0.000000 0.000000
90 37 -0.000000 0.000000
91 37 -0.000000 0.000000
92 37 -0.000000 0.000000
93 37 -0.000000 0.000000
94 37 -0.000000 0.000000
95 37 -0.000000 0.000000
96 37 -0.000000 0.000000
97 37 0.000001 0.000000
98 37 -0.000002 0.000000
99 37 -0.000014 0.000000
0 38 -0.000033 0.000000
1 38 -0.000119 0.000001
2 38 -0.000216 0.000005
3 38 0.000398 0.000019
4 38 0.002540 0.000067
5 38 0.003794 0.000241
6 38 0.001052 0.000854
7 38 -0.004134 0.003012
8 38 -0.000782 0.010500
9 38 0.041399 0.035699
10 38 0.158104 0.113627
11 38 0.351268 0.305614
12 38 0.577079 0.599419
13 38 0.776365 0.834188
14 38 0.911796 0.943496
15 38 0.980991 0.982014
16 38 1.004557 0.994332
17 38 1.006809 0.998193
18 38 1.003488 0.999411
19 38 1.000169 0.999803
20 38 0.997375 0.999932
21 38 0.994835 0.999975
22 38 0.993331 0.999991
23 38 0.993706 0.999996
24 38 0.995319 0.999998
25 38 0.997187 0.999999
26 38 0.998963 1.000000
27 38 1.000333 1.000000
28 38 1.001005 1.000000
29 38 1.001136 1.000000
30 38 1.001070 1.000000
31 38 1.000976 1.000000
32 38 1.000911 1.000000
33 38 1.000903 1.000000
34 38 1.000933 1.000000
35 38 1.000845 0.999999
36 38 1.000211 0.999998
37 38 0.998864 0.999996
38 38 0.997471 0.999991
39 38 0.996667 0.999975
40 38 0.996524 0.999932
41 38 0.997585 0.999803
42 38 1.000582 0.999411
43 38 1.005778 0.998193
44 38 1.010955 0.994332
45 38 1.001232 0.982014
46 38 0.942133 0.943496
47 38 0.799294 0.834188
48 38 0.577359 0.599419
49 38 0.334852 0.305614
50 38 0.144605 0.113627
51 38 0.038849 0.035699
52 38 0.000508 0.010500
53 38 -0.005152 0.003012
54 38 -0.001913 0.000854
55 38 0.001934 0.000241
56 38 0.003368 0.000067
57 38 0.002015 0.000019
58 38 0.000494 0.000005
59 38 -0.000057 0.000001
60 38 -0.000121 0.000000
61 38 -0.000098 0.000000
62 38 -0.000075 0.000000
63 38 -0.000051 0.000000
64 38 -0.000031 0.000000
65 38 -0.000017 0.000000
66 38 -0.000009 0.000000
67 38 -0.000005 0.000000
68 38 -0.000003 0.000000
69 38 -0.000002 0.000000
70 38 -0.000001 0.000000
71 38 -0.000001 0.000000
72 38 -0.000000 0.000000
73 38 -0.000000 0.000000
74 38 -0.000000 0.000000
75 38 -0.000000 0.000000
76 38 -0.000000 0.000000
77 38 -0.000000 0.000000
78 38 -0.000000 0.000000
79 38 -0.000000 0.000000
80 38 -0.000000 0.000000
81 38 -0.000000 0.000000
82 38 -0.000000 0.000000
83 38 -0.000000 0.000000
84 38 -0.000000 0.000000
85 38 -0.000000 0.000000
86 38 -0.000000 0.000000
87 38 -0.000000 0.000000
88 38 -0.000000 0.000000
89 38 -0.000000 0.000000
90 38 -0.000000 0.000000
91 38 -0.000000 0.000000
92 38 -0.000000 0.000000
93 38 -0.000000 0.000000
94 38 -0.000000 0.000000
95 38 -0.000000 0.000000
96 38 -0.000000 0.000000
97 38 0.000001 0.000000
98 38 -0.000003 0.000000
99 38 -0.000013 0.000000
0 39 -0.000024 0.000000
1 39 -0.000107 0.000001
2 39 -0.000256 0.000004
3 39 0.000170 0.000013
4 39 0.002273 0.000045
5 39 0.004307 0.000157
6 39 0.002591 0.000548
7 39 -0.002479 0.001900
8 39 -0.003933 0.006520
9 39 0.019990 0.021958
10 39 0.102102 0.070724
11 39 0.257371 0.203419
12 39 0.463886 0.458558
13 39 0.673405 0.734873
14 39 0.840084 0.899341
15 39 0.943744 0.965870
16 39 0.992026 0.988744
17 39 1.006309 0.996260
18 39 1.006464 0.998729
19 39 1.003519 0.999555
20 39 1.000711 0.999838
21 39 0.998068 0.999938
22 39 0.995698 0.999975
23 39 0.994145 0.999990
24 39 0.993574 0.999995
25 39 0.994113 0.999998
26 39 0.995875 0.999999
27 39 0.998167 0.999999
28 39 0.999912 0.999999
29 39 1.000783 1.000000
30 39 1.001059 1.000000
31 39 1.001052 1.000000
32 39 1.000998 0.999999
33 39 1.000963 0.999999
34 39 1.000805 0.999999
35 39 1.000229 0.999998
36 39 0.998815 0.999995
37 39 0.996755 0.999990
38 39 0.995288 0.999975
39 39 0.995310 0.999938
40 39 0.996644 0.999838
41 39 0.999383 0.999555
42 39 1.004066 0.998729
43 39 1.010007 0.996260
44 39 1.009184 0.988744
45 39 0.977133 0.965870
46 39 0.878839 0.899341
47 39 0.697311 0.734873
48 39 0.462090 0.458558
49 39 0.240510 0.203419
50 39 0.089029 0.070724
51 39 0.016590 0.021958
52 39 -0.004142 0.006520
53 39 -0.004382 0.001900
54 39 -0.000667 0.000548
55 39 0.002382 0.000157
56 39 0.002834 0.000045
57 39 0.001324 0.000013
58 39 0.000193 0.000004
59 39 -0.000114 0.000001
60 39 -0.000118 0.000000
61 39 -0.000093 0.000000
62 39 -0.000071 0.000000
63 39 -0.000049 0.000000
64 39 -0.000030 0.000000
65 39 -0.000016 0.000000
66 39 -0.000009 0.000000
67 39 -0.000005 0.000000
68 39 -0.000003 0.000000
69 39 -0.000002 0.000000
70 39 -0.000001 0.000000
71 39 -0.000001 0.000000
72 39 -0.000000 0.000000
73 39 -0.000000 0.000000
74 39 -0.000000 0.000000
75 39 -0.000000 0.000000
76 39 -0.000000 0.000000
77 39 -0.000000 0.000000
78 39 -0.000000 0.000000
79 39 -0.000000 0.000000
80 39 -0.000000 0.000000
81 39 -0.000000 0.000000
82 39 -0.000000 0.000000
83 39 -0.000000 0.000000
84 39 -0.000000 0.000000
85 39 -0.000000 0.000000
86 39 -0.000000 0.000000
87 39 -0.000000 0.000000
88 39 -0.000000 0.000000
89 39 -0.000000 0.000000
90 39 -0.000000 0.000000
91 39 -0.000000 0.000000
92 39 -0.000000 0.000000
93 39 -0.000000 0.000000
94 39 -0.000000 0.000000
95 39 -0.000000 0.000000
96 39 -0.000000 0.000000
97 39 0.000001 0.000000
98 39 -0.000003 0.000000
99 39 -0.000012 0.000000
0 40 -0.000015 0.000000
1 40 -0.000089 0.000001
2 40 -0.000273 0.000002
3 40 -0.000092 0.000008
4 40 0.001681 0.000028
5 40 0.004177 0.000098
6 40 0.003613 0.000335
7 40 -0.000623 0.001143
8 40 -0.004397 0.003854
9 40 0.006263 0.012794
10 40 0.058084 0.041187
11 40 0.173003 0.123336
12 40 0.348406 0.312524
13 40 0.552866 0.591271
14 40 0.741523 0.818970
15 40 0.880632 0.932746
16 40 0.961720 0.976504
17 40 0.997275 0.991824
18 40 1.006951 0.997098
19 40 1.006530 0.998937
20 40 1.004032 0.999595
21 40 1.001515 0.999838
22 40 0.999000 0.999932
23 40 0.996401 0.999969
24 40 0.993884 0.999985
25 40 0.992334 0.999992
26 40 0.992764 0.999995
27 40 0.994799 0.999997
28 40 0.996933 0.999998
29 40 0.998310 0.999998
30 40 0.998944 0.999998
31 40 0.999175 0.999998
32 40 0.999434 0.999998
33 40 0.999742 0.999997
34 40 0.999696 0.999995
35 40 0.998919 0.999992
36 40 0.997204 0.999985
37 40 0.995191 0.999969
38 40 0.994407 0.999932
39 40 0.995560 0.999838
40 40 0.998345 0.999595
41 40 1.002911 0.998937
42 40 1.008960 0.997098
43 40 1.011573 0.991824
44 40 0.993766 0.976504
45 40 0.925701 0.932746
46 40 0.782334 0.818970
47 40 0.570827 0.591271
48 40 0.340495 0.312524
49 40 0.154436 0.123336
50 40 0.045420 0.041187
51 40 0.002426 0.012794
52 40 -0.005580 0.003854
53 40 -0.002887 0.001143
54 40 0.000653 0.000335
55 40 0.002589 0.000098
56 40 0.002096 0.000028
57 40 0.000641 0.000008
58 40 -0.000061 0.000002
59 40 -0.000149 0.000001
60 40 -0.000111 0.000000
61 40 -0.000087 0.000000
62 40 -0.000067 0.000000
63 40 -0.000046 0.000000
64 40 -0.000028 0.000000
65 40 -0.000016 0.000000
66 40 -0.000009 0.000000
67 40 -0.000005 0.000000
68 40 -0.000003 0.000000
69 40 -0.000002 0.000000
70 40 -0.000001 0.000000
71 40 -0.000001 0.000000
72 40 -0.000000 0.000000
73 40 -0.000000 0.000000
74 40 -0.000000 0.000000
75 40 -0.000000 0.000000
76 40 -0.000000 0.000000
77 40 -0.000000 0.000000
78 40 -0.000000 0.000000
79 40 -0.000000 0.000000
80 40 -0.000000 0.000000
81 40 -0.000000 0.000000
82 40 -0.000000 0.000000
83 40 -0.000000 0.000000
84 40 -0.000000 0.000000
85 40 -0.000000 0.000000
86 40 -0.000000 0.000000
87 40 -0.000000 0.000000
88 40 -0.000000 0.000000
89 40 -0.000000 0.000000
90 40 -0.000000 0.000000
91 40 -0.000000 0.000000
92 40 -0.000000 0.000000
93 40 -0.000000 0.000000
94 40 -0.000000 0.000000
95 40 -0.000000 0.000000
96 40 -0.000000 0.000000
97 40 0.000001 0.000000
98 40 -0.000004 0.000000
99 40 -0.000010 0.000000
0 41 -0.000006 0.000000
1 41 -0.000062 0.000000
2 41 -0.000251 0.000001
3 41 -0.000290 0.000005
4 41 0.000987 0.000017
5 41 0.003471 0.000058
6 41 0.003847 0.000197
7 41 0.000840 0.000657
8 41 -0.003276 0.002174
9 41 -0.000739 0.007089
10 41 0.027474 0.022594
11 41 0.104281 0.068753
12 41 0.240687 0.188463
13 41 0.423807 0.417930
14 41 0.618794 0.685252
15 41 0.786713 0.865906
16 41 0.904317 0.949182
17 41 0.970607 0.981309
18 41 0.999310 0.993047
19 41 1.007277 0.997335
20 41 1.007075 0.998937
21 41 1.004956 0.999555
22 41 1.002642 0.999803
23 41 1.000074 0.999907
24 41 0.997038 0.999953
25 41 0.994186 0.999974
26 41 0.992695 0.999984
27 41 0.992699 0.999990
28 41 0.993160 0.999992
29 41 0.993324 0.999993
30 41 0.993161 0.999994
31 41 0.993155 0.999993
32 41 0.993974 0.999992
33 41 0.995385 0.999990
34 41 0.996402 0.999984
35 41 0.996454 0.999974
36 41 0.995604 0.999953
37 41 0.994823 0.999907
38 41 0.995505 0.999803
39 41 0.998127 0.999555
40 41 1.002607 0.998937
41 41 1.008611 0.997335
42 41 1.012381 0.993047
43 41 1.001092 0.981309
44 41 0.950745 0.949182
45 41 0.836035 0.865906
46 41 0.651769 0.685252
47 41 0.429076 0.417930
48 41 0.224625 0.188463
49 41 0.084367 0.068753
50 41 0.015906 0.022594
51 41 -0.004396 0.007089
52 41 -0.004722 0.002174
53 41 -0.000902 0.000657
54 41 0.002101 0.000197
55 41 0.002785 0.000058
56 41 0.001492 0.000017
57 41 0.000198 0.000005
58 41 -0.000173 0.000001
59 41 -0.000142 0.000000
60 41 -0.000099 0.000000
61 41 -0.000079 0.000000
62 41 -0.000061 0.000000
63 41 -0.000042 0.000000
64 41 -0.000026 0.000000
65 41 -0.000015 0.000000
66 41 -0.000008 0.000000
67 41 -0.000005 0.000000
68 41 -0.000002 0.000000
69 41 -0.000001 0.000000
70 41 -0.000001 0.000000
71 41 -0.000001 0.000000
72 41 -0.000000 0.000000
73 41 -0.000000 0.000000
74 41 -0.000000 0.000000
75 41 -0.000000 0.000000
76 41 -0.000000 0.000000
77 41 -0.000000 0.000000
78 41 -0.000000 0.000000
79 41 -0.000000 0.000000
80 41 -0.000000 0.000000
81 41 -0.000000 0.000000
82 41 -0.000000 0.000000
83 41 -0.000000 0.000000
84 41 -0.000000 0.000000
85 41 -0.000000 0.000000
86 41 -0.000000 0.000000
87 41 -0.000000 0.000000
88 41 -0.000000 0.000000
89 41 -0.000000 0.000000
90 41 -0.000000 0.000000
91 41 -0.000000 0.000000
92 41 -0.000000 0.000000
93 41 -0.000000 0.000000
94 41 -0.000000 0.000000
95 41 -0.000000 0.000000
96 41 0.000000 0.000000
97 41 0.000001 0.000000
98 41 -0.000004 0.000000
99 41 -0.000008 0.000000
0 42 0.000003 0.000000
1 42 -0.000028 0.000000
2 42 -0.000192 0.000001
3 42 -0.000371 0.000003
4 42 0.000391 0.000010
5 42 0.002462 0.000033
6 42 0.003371 0.000110
7 42 0.001641 0.000362
8 42 -0.001654 0.001174
9 42 -0.002975 0.003750
10 42 0.009225 0.011754
11 42 0.054251 0.035699
12 42 0.149681 0.101767
13 42 0.298271 0.253846
14 42 0.480621 0.500000
15 42 0.662481 0.741575
16 42 0.812287 0.889064
17 42 0.914915 0.955959
18 42 0.973019 0.982694
19 42 0.999238 0.993047
20 42 1.007470 0.997098
21 42 1.008007 0.998729
22 42 1.006316 0.999411
23 42 1.004202 0.999709
24 42 1.001740 0.999846
25 42 0.999018 0.999912
26 42 0.996558 0.999945
27 42 0.994397 0.999962
28 42 0.992003 0.999971
29 42 0.989205 0.999975
30 42 0.986480 0.999977
31 42 0.984947 0.999975
32 42 0.985819 0.999971
33 42 0.988596 0.999962
34 42 0.991468 0.999945
35 42 0.993457 0.999912
36 42 0.994687 0.999846
37 42 0.996138 0.999709
38 42 0.998981 0.999411
39 42 1.003560 0.998729
40 42 1.009295 0.997098
41 42 1.012883 0.993047
42 42 1.003606 0.982694
43 42 0.961754 0.955959
44 42 0.865050 0.889064
45 42 0.703698 0.741575
46 42 0.496045 0.500000
47 42 0.287673 0.253846
48 42 0.126864 0.101767
49 42 0.035008 0.035699
50 42 -0.000159 0.011754
51 42 -0.005814 0.003750
52 42 -0.002601 0.001174
53 42 0.001342 0.000362
54 42 0.003520 0.000110
55 42 0.002951 0.000033
56 42 0.001110 0.000010
57 42 -0.000001 0.000003
58 42 -0.000187 0.000001
59 42 -0.000129 0.000000
60 42 -0.000095 0.000000
61 42 -0.000075 0.000000
62 42 -0.000056 0.000000
63 42 -0.000039 0.000000
64 42 -0.000024 0.000000
65 42 -0.000014 0.000000
66 42 -0.000008 0.000000
67 42 -0.000004 0.000000
68 42 -0.000002 0.000000
69 42 -0.000001 0.000000
70 42 -0.000001 0.000000
71 42 -0.000000 0.000000
72 42 -0.000000 0.000000
73 42 -0.000000 0.000000
74 42 -0.000000 0.000000
75 42 -0.000000 0.000000
76 42 -0.000000 0.000000
77 42 -0.000000 0.000000
78 42 -0.000000 0.000000
79 42 -0.000000 0.000000
80 42 -0.000000 0.000000
81 42 -0.000000 0.000000
82 42 -0.000000 0.000000
83 42 -0.000000 0.000000
84 42 -0.000000 0.000000
85 42 -0.000000 0.000000
86 42 -0.000000 0.000000
87 42 -0.000000 0.000000
88 42 -0.000000 0.000000
89 42 -0.000000 0.000000
90 42 -0.000000 0.000000
91 42 -0.000000 0.000000
92 42 -0.000000 0.000000
93 42 -0.000000 0.000000
94 42 -0.000000 0.000000
95 42 -0.000000 0.000000
96 42 0.000000 0.000000
97 42 0.000001 0.000000
98 42 -0.000004 0.000000
99 42 -0.000007 0.000000
0 43 0.000009 0.000000
1 43 -0.000002 0.000000
2 43 -0.000128 0.000001
3 43 -0.000360 0.000002
4 43 -0.000022 0.000006
5 43 0.001451 0.000018
6 43 0.002518 0.000060
7 43 0.001834 0.000192
8 43 -0.000261 0.000608
9 43 -0.002588 0.001900
10 43 0.000525 0.005833
11 43 0.022447 0.017482
12 43 0.080967 0.050300
13 43 0.188392 0.133783
14 43 0.340863 0.305614
15 43 0.516310 0.550021
16 43 0.684304 0.767343
17 43 0.820372 0.896008
18 43 0.914428 0.955959
19 43 0.969814 0.981309
20 43 0.996917 0.991824
21 43 1.007047 0.996260
22 43 1.008971 0.998193
23 43 1.007910 0.999071
24 43 1.006102 0.999488
25 43 1.004067 0.999695
26 43 1.001902 0.999803
27 43 0.999276 0.999861
28 43 0.995691 0.999892
29 43 0.991210 0.999907
30 43 0.986640 0.999912
31 43 0.983598 0.999907
32 43 0.983762 0.999892
33 43 0.986717 0.999861
34 43 0.990477 0.999803
35 43 0.993927 0.999695
36 43 0.997110 0.999488
37 43 1.000780 0.999071
38 43 1.005663 0.998193
39 43 1.010976 0.996260
40 43 1.012995 0.991824
41 43 1.002307 0.981309
42 43 0.962300 0.955959
43 43 0.874391 0.896008
44 43 0.728809 0.767343
45 43 0.536938 0.550021
46 43 0.334145 0.305614
47 43 0.164543 0.133783
48 43 0.055974 0.050300
49 43 0.006608 0.017482
50 43 -0.005832 0.005833
51 43 -0.004228 0.001900
52 43 -0.000167 0.000608
53 43 0.003321 0.000192
54 43 0.004432 0.000060
55 43 0.002832 0.000018
56 43 0.000831 0.000006
57 43 -0.000053 0.000002
58 43 -0.000155 0.000001
59 43 -0.000115 0.000000
60 43 -0.000093 0.000000
61 43 -0.000072 0.000000
62 43 -0.000052 0.000000
63 43 -0.000036 0.000000
64 43 -0.000023 0.000000
65 43 -0.000013 0.000000
66 43 -0.000007 0.000000
67 43 -0.000004 0.000000
68 43 -0.000002 0.000000
69 43 -0.000001 0.000000
70 43 -0.000001 0.000000
71 43 -0.000000 0.000000
72 43 -0.000000 0.000000
73 43 -0.000000 0.000000
74 43 -0.000000 0.000000
75 43 -0.000000 0.000000
76 43 -0.000000 0.000000
77 43 -0.000000 0.000000
78 43 -0.000000 0.000000
79 43 -0.000000 0.000000
80 43 -0.000000 0.000000
81 43 -0.000000 0.000000
82 43 -0.000000 0.000000
83 43 -0.000000 0.000000
84 43 -0.000000 0.000000
85 43 -0.000000 0.000000
86 43 -0.000000 0.000000
87 43 -0.000000 0.000000
88 43 -0.000000 0.000000
89 43 -0.000000 0.000000
90 43 -0.000000 0.000000
91 43 -0.000000 0.000000
92 43 -0.000000 0.000000
93 43 -0.000000 0.000000
94 43 -0.000000 0.000000
95 43 -0.000000 0.000000
96 43 0.000000 0.000000
97 43 0.000000 0.000000
98 43 -0.000003 0.000000
99 43 -0.000006 0.000000
0 44 0.000008 0.000000
1 44 0.000009 0.000000
2 44 -0.000078 0.000000
3 44 -0.000291 0.000001
4 44 -0.000213 0.000003
5 44 0.000710 0.000010
6 44 0.001653 0.000031
7 44 0.001590 0.000098
8 44 0.000534 0.000303
9 44 -0.001352 0.000925
10 44 -0.002143 0.002775
11 44 0.005551 0.008153
12 44 0.035580 0.023248
13 44 0.103069 0.063153
14 44 0.215177 0.157044
15 44 0.364227 0.333800
16 44 0.529158 0.566605
17 44 0.684753 0.767343
18 44 0.811945 0.889064
19 44 0.902933 0.949182
20 44 0.959970 0.976504
21 44 0.990891 0.988744
22 44 1.004769 0.994332
23 44 1.009218 0.996972
24 44 1.009410 0.998270
25 44 1.008169 0.998937
26 44 1.006601 0.999292
27 44 1.004711 0.999488
28 44 1.002071 0.999595
29 44 0.998636 0.999648
30 44 0.994944 0.999665
31 44 0.992279 0.999648
32 44 0.992045 0.999595
33 44 0.994091 0.999488
34 44 0.997226 0.999292
35 44 1.000811 0.998937
36 44 1.004813 0.998270
37 44 1.009313 0.996972
38 44 1.013074 0.994332
39 44 1.011599 0.988744
40 44 0.995901 0.976504
41 44 0.952252 0.949182
42 44 0.865805 0.889064
43 44 0.729046 0.767343
44 44 0.550644 0.566605
45 44 0.358465 0.333800
46 44 0.190032 0.157044
47 44 0.073601 0.063153
48 44 0.013980 0.023248
49 44 -0.005044 0.008153
50 44 -0.005557 0.002775
51 44 -0.001906 0.000925
52 44 0.001598 0.000303
53 44 0.004100 0.000098
54 44 0.004106 0.000031
55 44 0.002097 0.000010
56 44 0.000447 0.000003
57 44 -0.000097 0.000001
58 44 -0.000129 0.000000
59 44 -0.000106 0.000000
60 44 -0.000088 0.000000
61 44 -0.000065 0.000000
62 44 -0.000046 0.000000
63 44 -0.000032 0.000000
64 44 -0.000020 0.000000
65 44 -0.000012 0.000000
66 44 -0.000006 0.000000
67 44 -0.000003 0.000000
68 44 -0.000002 0.000000
69 44 -0.000001 0.000000
70 44 -0.000001 0.000000
71 44 -0.000000 0.000000
72 44 -0.000000 0.000000
73 44 -0.000000 0.000000
74 44 -0.000000 0.000000
75 44 -0.000000 0.000000
76 44 -0.000000 0.000000
77 44 -0.000000 0.000000
78 44 -0.000000 0.000000
79 44 -0.000000 0.000000
80 44 -0.000000 0.000000
81 44 -0.000000 0.000000
82 44 -0.000000 0.000000
83 44 -0.000000 0.000000
84 44 -0.000000 0.000000
85 44 -0.000000 0.000000
86 44 -0.000000 0.000000
87 44 -0.000000 0.000000
88 44 -0.000000 0.000000
89 44 -0.000000 0.000000
90 44 -0.000000 0.000000
91 44 -0.000000 0.000000
92 44 -0.000000 0.000000
93 44 -0.000000 0.000000
94 44 -0.000000 0.000000
95 44 -0.000000 0.000000
96 44 -0.000000 0.000000
97 44 0.000000 0.000000
98 44 -0.000003 0.000000
99 44 -0.000005 0.000000
0 45 0.000005 0.000000
1 45 0.000013 0.000000
2 45 -0.000040 0.000000
3 45 -0.000198 0.000000
4 45 -0.000234 0.000002
5 45 0.000287 0.000005
6 45 0.000959 0.000016
7 45 0.001109 0.000048
8 45 0.000726 0.000145
9 45 -0.000324 0.000434
10 45 -0.001937 0.001271
11 45 -0.001188 0.003648
12 45 0.010357 0.010208
13 45 0.045579 0.027596
14 45 0.116213 0.070724
15 45 0.225788 0.165535
16 45 0.365886 0.333800
17 45 0.518651 0.550021
18 45 0.663859 0.741575
19 45 0.786031 0.865906
20 45 0.877943 0.932746
21 45 0.940056 0.965870
22 45 0.977663 0.982014
23 45 0.997732 0.990009
24 45 1.006776 0.994095
25 45 1.009827 0.996260
26 45 1.010077 0.997447
27 45 1.009201 0.998112
28 45 1.007804 0.998483
29 45 1.006110 0.998671
30 45 1.004427 0.998729
31 45 1.003369 0.998671
32 45 1.003651 0.998483
33 45 1.005295 0.998112
34 45 1.007871 0.997447
35 45 1.010904 0.996260
36 45 1.013445 0.994095
37 45 1.013156 0.990009
38 45 1.004970 0.982014
39 45 0.980313 0.965870
40 45 0.928064 0.932746
41 45 0.837560 0.865906
42 45 0.704449 0.741575
43 45 0.537080 0.550021
44 45 0.358248 0.333800
45 45 0.198655 0.165535
46 45 0.083255 0.070724
47 45 0.019395 0.027596
48 45 -0.004084 0.010208
49 45 -0.006514 0.003648
50 45 -0.003130 0.001271
51 45 -0.000040 0.000434
52 45 0.002259 0.000145
53 45 0.003439 0.000048
54 45 0.002657 0.000016
55 45 0.000970 0.000005
56 45 0.000020 0.000002
57 45 -0.000154 0.000000
58 45 -0.000122 0.000000
59 45 -0.000104 0.000000
60 45 -0.000083 0.000000
61 45 -0.000060 0.000000
62 45 -0.000042 0.000000
63 45 -0.000028 0.000000
64 45 -0.000018 0.000000
65 45 -0.000010 0.000000
66 45 -0.000005 0.000000
67 45 -0.000002 0.000000
68 45 -0.000001 0.000000
69 45 -0.000001 0.000000
70 45 -0.000001 0.000000
71 45 -0.000000 0.000000
72 45 -0.000000 0.000000
73 45 -0.000000 0.000000
74 45 -0.000000 0.000000
75 45 -0.000000 0.000000
76 45 -0.000000 0.000000
77 45 -0.000000 0.000000
78 45 -0.000000 0.000000
79 45 -0.000000 0.000000
80 45 -0.000000 0.000000
81 45 -0.000000 0.000000
82 45 -0.000000 0.000000
83 45 -0.000000 0.000000
84 45 -0.000000 0.000000
85 45 -0.000000 0.000000
86 45 -0.000000 0.000000
87 45 -0.000000 0.000000
88 45 -0.000000 0.000000
89 45 -0.000000 0.000000
90 45 -0.000000 0.000000
91 45 -0.000000 0.000000
92 45 -0.000000 0.000000
93 45 -0.000000 0.000000
94 45 -0.000000 0.000000
95 45 -0.000000 0.000000
96 45 -0.000000 0.000000
97 45 0.000000 0.000000
98 45 -0.000003 0.000000
99 45 -0.000006 0.000000
0 46 0.000001 0.000000
1 46 0.000012 0.000000
2 46 -0.000015 0.000000
3 46 -0.000120 0.000000
4 46 -0.000186 0.000001
5 46 0.000087 0.000002
6 46 0.000486 0.000008
7 46 0.000607 0.000023
8 46 0.000525 0.000067
9 46 0.000144 0.000197
10 46 -0.000995 0.000562
11 46 -0.002440 0.001574
12 46 -0.000445 0.004302
13 46 0.013279 0.011427
14 46 0.049617 0.029221
15 46 0.117356 0.070724
16 46 0.218343 0.157044
17 46 0.345473 0.305614
18 46 0.484779 0.500000
19 46 0.620323 0.685252
20 46 0.739126 0.818970
21 46 0.833940 0.899341
22 46 0.903381 0.943496
23 46 0.950270 0.967105
24 46 0.979496 0.979820
25 46 0.996245 0.986822
26 46 1.004994 0.990777
27 46 1.009093 0.993047
28 46 1.010729 0.994332
29 46 1.011206 0.994992
30 46 1.011316 0.995195
31 46 1.011609 0.994992
32 46 1.012386 0.994332
33 46 1.013339 0.993047
34 46 1.013514 0.990777
35 46 1.011156 0.986822
36 46 1.003063 0.979820
37 46 0.983967 0.967105
38 46 0.946447 0.943496
39 46 0.882147 0.899341
40 46 0.784563 0.818970
41 46 0.652925 0.685252
42 46 0.496119 0.500000
43 46 0.333278 0.305614
44 46 0.188703 0.157044
45 46 0.082290 0.070724
46 46 0.020792 0.029221
47 46 -0.003723 0.011427
48 46 -0.007167 0.004302
49 46 -0.003758 0.001574
50 46 -0.000559 0.000562
51 46 0.001194 0.000197
52 46 0.002115 0.000067
53 46 0.002117 0.000023
54 46 0.001100 0.000008
55 46 0.000096 0.000002
56 46 -0.000204 0.000001
57 46 -0.000152 0.000000
58 46 -0.000106 0.000000
59 46 -0.000094 0.000000
60 46 -0.000074 0.000000
61 46 -0.000052 0.000000
62 46 -0.000036 0.000000
63 46 -0.000024 0.000000
64 46 -0.000015 0.000000
65 46 -0.000008 0.000000
66 46 -0.000004 0.000000
67 46 -0.000002 0.000000
68 46 -0.000001 0.000000
69 46 -0.000001 0.000000
70 46 -0.000000 0.000000
71 46 -0.000000 0.000000
72 46 -0.000000 0.000000
73 46 -0.000000 0.000000
74 46 -0.000000 0.000000
75 46 -0.000000 0.000000
76 46 -0.000000 0.000000
77 46 -0.000000 0.000000
78 46 -0.000000 0.000000
79 46 -0.000000 0.000000
80 46 -0.000000 0.000000
81 46 -0.000000 0.000000
82 46 -0.000000 0.000000
83 46 -0.000000 0.000000
84 46 -0.000000 0.000000
85 46 -0.000000 0.000000
86 46 -0.000000 0.000000
87 46 -0.000000 0.000000
88 46 -0.000000 0.000000
89 46 -0.000000 0.000000
90 46 -0.000000 0.000000
91 46 -0.000000 0.000000
92 46 -0.000000 0.000000
93 46 -0.000000 0.000000
94 46 -0.000000 0.000000
95 46 -0.000000 0.000000
96 46 -0.000000 0.000000
97 46 0.000000 0.000000
98 46 -0.000003 0.000000
99 46 -0.000006 0.000000
0 47 -0.000002 0.000000
1 47 0.000007 0.000000
2 47 -0.000009 0.000000
3 47 -0.000077 0.000000
4 47 -0.000133 0.000000
5 47 0.000017 0.000001
6 47 0.000229 0.000004
7 47 0.000247 0.000010
8 47 0.000209 0.000030
9 47 0.000156 0.000086
10 47 -0.000340 0.000241
11 47 -0.001709 0.000657
12 47 -0.003055 0.001752
13 47 -0.000561 0.004546
14 47 0.012987 0.011427
15 47 0.046274 0.027596
16 47 0.105998 0.063153
17 47 0.193658 0.133783
18 47 0.304271 0.253846
19 47 0.427703 0.417930
20 47 0.551808 0.591271
21 47 0.665831 0.734873
22 47 0.762647 0.834188
23 47 0.839349 0.896008
24 47 0.896508 0.932746
25 47 0.936853 0.954346
26 47 0.963988 0.967105
27 47 0.981443 0.974661
28 47 0.992170 0.979034
29 47 0.998382 0.981309
30 47 1.001503 0.982014
31 47 1.002258 0.981309
32 47 1.000614 0.979034
33 47 0.995508 0.974661
34 47 0.984813 0.967105
35 47 0.965207 0.954346
36 47 0.932033 0.932746
37 47 0.879807 0.896008
38 47 0.803329 0.834188
39 47 0.699854 0.734873
40 47 0.571767 0.591271
41 47 0.428368 0.417930
42 47 0.285478 0.253846
43 47 0.161440 0.133783
44 47 0.070576 0.063153
45 47 0.017412 0.027596
46 47 -0.004407 0.011427
47 47 -0.007550 0.004546
48 47 -0.004008 0.001752
49 47 -0.000335 0.000657
50 47 0.001643 0.000241
51 47 0.002086 0.000086
52 47 0.001737 0.000030
53 47 0.000974 0.000010
54 47 0.000122 0.000004
55 47 -0.000267 0.000001
56 47 -0.000214 0.000000
57 47 -0.000114 0.000000
58 47 -0.000091 0.000000
59 47 -0.000084 0.000000
60 47 -0.000064 0.000000
61 47 -0.000045 0.000000
62 47 -0.000031 0.000000
63 47 -0.000021 0.000000
64 47 -0.000012 0.000000
65 47 -0.000006 0.000000
66 47 -0.000003 0.000000
67 47 -0.000001 0.000000
68 47 -0.000001 0.000000
69 47 -0.000001 0.000000
70 47 -0.000000 0.000000
71 47 -0.000000 0.000000
72 47 -0.000000 0.000000
73 47 -0.000000 0.000000
74 47 -0.000000 0.000000
75 47 -0.000000 0.000000
76 47 -0.000000 0.000000
77 47 -0.000000 0.000000
78 47 -0.000000 0.000000
79 47 -0.000000 0.000000
80 47 -0.000000 0.000000
81 47 -0.000000 0.000000
82 47 -0.000000 0.000000
83 47 -0.000000 0.000000
84 47 -0.000000 0.000000
85 47 -0.000000 0.000000
86 47 -0.000000 0.000000
87 47 -0.000000 0.000000
88 47 -0.000000 0.000000
89 47 -0.000000 0.000000
90 47 -0.000000 0.000000
91 47 -0.000000 0.000000
92 47 -0.000000 0.000000
93 47 -0.000000 0.000000
94 47 -0.000000 0.000000
95 47 -0.000000 0.000000
96 47 -0.000000 0.000000
97 47 0.000000 0.000000
98 47 -0.000003 0.000000
99 47 -0.000007 0.000000
0 48 -0.000005 0.000000
1 48 0.000001 0.000000
2 48 -0.000011 0.000000
3 48 -0.000059 0.000000
4 48 -0.000097 0.000000
5 48 0.000005 0.000001
6 48 0.000127 0.000002
7 48 0.000074 0.000005
8 48 -0.000020 0.000013
9 48 -0.000018 0.000037
10 48 -0.000139 0.000100
11 48 -0.000883 0.000266
12 48 -0.002454 0.000693
13 48 -0.003863 0.001752
14 48 -0.001842 0.004302
15 48 0.009332 0.010208
16 48 0.036313 0.023248
17 48 0.084306 0.050300
18 48 0.154952 0.101767
19 48 0.245412 0.188463
20 48 0.349012 0.312524
21 48 0.457108 0.458558
22 48 0.561274 0.599419
23 48 0.654991 0.714170
24 48 0.734411 0.797129
25 48 0.798247 0.852952
26 48 0.847124 0.889064
27 48 0.882745 0.911784
28 48 0.907156 0.925461
29 48 0.922197 0.932746
30 48 0.929128 0.935031
31 48 0.928443 0.932746
32 48 0.919716 0.925461
33 48 0.901496 0.911784
34 48 0.871437 0.889064
35 48 0.826545 0.852952
36 48 0.763726 0.797129
37 48 0.680935 0.714170
38 48 0.578625 0.599419
39 48 0.461171 0.458558
40 48 0.337489 0.312524
41 48 0.219934 0.188463
42 48 0.121326 0.101767
43 48 0.050752 0.050300
44 48 0.010189 0.023248
45 48 -0.005979 0.010208
46 48 -0.007625 0.004302
47 48 -0.003930 0.001752
48 48 -0.000096 0.000693
49 48 0.002498 0.000266
50 48 0.003406 0.000100
51 48 0.002696 0.000037
52 48 0.001408 0.000013
53 48 0.000330 0.000005
54 48 -0.000232 0.000002
55 48 -0.000273 0.000001
56 48 -0.000141 0.000000
57 48 -0.000084 0.000000
58 48 -0.000083 0.000000
59 48 -0.000074 0.000000
60 48 -0.000054 0.000000
61 48 -0.000038 0.000000
62 48 -0.000026 0.000000
63 48 -0.000017 0.000000
64 48 -0.000009 0.000000
65 48 -0.000004 0.000000
66 48 -0.000002 0.000000
67 48 -0.000001 0.000000
68 48 -0.000001 0.000000
69 48 -0.000001 0.000000
70 48 -0.000000 0.000000
71 48 -0.000000 0.000000
72 48 -0.000000 0.000000
73 48 -0.000000 0.000000
74 48 -0.000000 0.000000
75 48 -0.000000 0.000000
76 48 -0.000000 0.000000
77 48 -0.000000 0.000000
78 48 -0.000000 0.000000
79 48 -0.000000 0.000000
80 48 -0.000000 0.000000
81 48 -0.000000 0.000000
82 48 -0.000000 0.000000
83 48 -0.000000 0.000000
84 48 -0.000000 0.000000
85 48 -0.000000 0.000000
86 48 -0.000000 0.000000
87 48 -0.000000 0.000000
88 48 -0.000000 0.000000
89 48 -0.000000 0.000000
90 48 -0.000000 0.000000
91 48 -0.000000 0.000000
92 48 -0.000000 0.000000
93 48 -0.000000 0.000000
94 48 -0.000000 0.000000
95 48 -0.000000 0.000000
96 48 -0.000000 0.000000
97 48 0.000000 0.000000
98 48 -0.000003 0.000000
99 48 -0.000007 0.000000
0 49 -0.000006 0.000000
1 49 -0.000001 0.000000
2 49 -0.000014 0.000000
3 49 -0.000055 0.000000
4 49 -0.000080 0.000000
5 49 0.000004 0.000000
6 49 0.000099 0.000001
7 49 0.000035 0.000002
8 49 -0.000102 0.000006
9 49 -0.000158 0.000015
10 49 -0.000183 0.000040
11 49 -0.000487 0.000105
12 49 -0.001447 0.000266
13 49 -0.003136 0.000657
14 49 -0.004754 0.001574
15 49 -0.003900 0.003648
16 49 0.003562 0.008153
17 49 0.022432 0.017482
18 49 0.056649 0.035699
19 49 0.107951 0.068753
20 49 0.175172 0.123336
21 49 0.254455 0.203419
22 49 0.340198 0.305614
23 49 0.426306 0.417930
24 49 0.507330 0.525026
25 49 0.579185 0.615579
26 49 0.639350 0.685252
27 49 0.686661 0.734873
28 49 0.720884 0.767343
29 49 0.742232 0.785544
30 49 0.750941 0.791391
31 49 0.746982 0.785544
32 49 0.729894 0.767343
33 49 0.698804 0.734873
34 49 0.652744 0.685252
35 49 0.591157 0.615579
36 49 0.514607 0.525026
37 49 0.425629 0.417930
38 49 0.329312 0.305614
39 49 0.233175 0.203419
40 49 0.146055 0.123336
41 49 0.075989 0.068753
42 49 0.027817 0.035699
43 49 0.001542 0.017482
44 49 -0.007657 0.008153
45 49 -0.007200 0.003648
46 49 -0.003523 0.001574
47 49 -0.000081 0.000657
48 49 0.002419 0.000266
49 49 0.004056 0.000105
50 49 0.004065 0.000040
51 49 0.002563 0.000015
52 49 0.000962 0.000006
53 49 0.000015 0.000002
54 49 -0.000260 0.000001
55 49 -0.000178 0.000000
56 49 -0.000089 0.000000
57 49 -0.000077 0.000000
58 49 -0.000079 0.000000
59 49 -0.000065 0.000000
60 49 -0.000046 0.000000
61 49 -0.000032 0.000000
62 49 -0.000022 0.000000
63 49 -0.000013 0.000000
64 49 -0.000007 0.000000
65 49 -0.000003 0.000000
66 49 -0.000001 0.000000
67 49 -0.000001 0.000000
68 49 -0.000001 0.000000
69 49 -0.000000 0.000000
70 49 -0.000000 0.000000
71 49 -0.000000 0.000000
72 49 -0.000000 0.000000
73 49 -0.000000 0.000000
74 49 -0.000000 0.000000
75 49 -0.000000 0.000000
76 49 -0.000000 0.000000
77 49 -0.000000 0.000000
78 49 -0.000000 0.000000
79 49 -0.000000 0.000000
80 49 -0.000000 0.000000
81 49 -0.000000 0.000000
82 49 -0.000000 0.000000
83 49 -0.000000 0.000000
84 49 -0.000000 0.000000
85 49 -0.000000 0.000000
86 49 -0.000000 0.000000
87 49 -0.000000 0.000000
88 49 -0.000000 0.000000
89 49 -0.000000 0.000000
90 49 -0.000000 0.000000
91 49 -0.000000 0.000000
92 49 -0.000000 0.000000
93 49 -0.000000 0.000000
94 49 -0.000000 0.000000
95 49 -0.000000 0.000000
96 49 -0.000000 0.000000
97 49 0.000000 0.000000
98 49 -0.000003 0.000000
99 49 -0.000007 0.000000
0 50 -0.000006 0.000000
1 50 -0.000001 0.000000
2 50 -0.000015 0.000000
3 50 -0.000053 0.000000
4 50 -0.000078 0.000000
5 50 -0.000008 0.000000
6 50 0.000087 0.000000
7 50 0.000057 0.000001
8 50 -0.000067 0.000002
9 50 -0.000166 0.000006
10 50 -0.000213 0.000016
11 50 -0.000351 0.000040
12 50 -0.000845 0.000100
13 50 -0.001935 0.000241
14 50 -0.003621 0.000562
15 50 -0.005399 0.001271
16 50 -0.005773 0.002775
17 50 -0.002194 0.005833
18 50 0.008469 0.011754
19 50 0.029013 0.022594
20 50 0.060966 0.041187
21 50 0.104133 0.070724
22 50 0.156563 0.113627
23 50 0.214928 0.169925
24 50 0.275176 0.236106
25 50 0.333202 0.305614
26 50 0.385371 0.370959
27 50 0.428790 0.425965
28 50 0.461355 0.466799
29 50 0.481661 0.491673
30 50 0.488835 0.500000
31 50 0.482404 0.491673
32 50 0.462244 0.466799
33 50 0.428659 0.425965
34 50 0.382629 0.370959
35 50 0.326111 0.305614
36 50 0.262333 0.236106
37 50 0.195862 0.169925
38 50 0.132271 0.113627
39 50 0.077192 0.070724
40 50 0.035079 0.041187
41 50 0.007937 0.022594
42 50 -0.005297 0.011754
43 50 -0.008304 0.005833
44 50 -0.006013 0.002775
45 50 -0.002564 0.001271
46 50 0.000043 0.000562
47 50 0.001690 0.000241
48 50 0.002964 0.000100
49 50 0.003718 0.000040
50 50 0.003112 0.000016
51 50 0.001554 0.000006
52 50 0.000328 0.000002
53 50 -0.000182 0.000001
54 50 -0.000215 0.000000
55 50 -0.000116 0.000000
56 50 -0.000077 0.000000
57 50 -0.000080 0.000000
58 50 -0.000072 0.000000
59 50 -0.000054 0.000000
60 50 -0.000037 0.000000
61 50 -0.000026 0.000000
62 50 -0.000017 0.000000
63 50 -0.000010 0.000000
64 50 -0.000005 0.000000
65 50 -0.000002 0.000000
66 50 -0.000001 0.000000
67 50 -0.000001 0.000000
68 50 -0.000001 0.000000
69 50 -0.000000 0.000000
70 50 -0.000000 0.000000
71 50 -0.000000 0.000000
72 50 -0.000000 0.000000
73 50 -0.000000 0.000000
74 50 -0.000000 0.000000
75 50 -0.000000 0.000000
76 50 -0.000000 0.000000
77 50 -0.000000 0.000000
78 50 -0.000000 0.000000
79 50 -0.000000 0.000000
80 50 -0.000000 0.000000
81 50 -0.000000 0.000000
82 50 -0.000000 0.000000
83 50 -0.000000 0.000000
84 50 -0.000000 0.000000
85 50 -0.000000 0.000000
86 50 -0.000000 0.000000
87 50 -0.000000 0.000000
88 50 -0.000000 0.000000
89 50 -0.000000 0.000000
90 50 -0.000000 0.000000
91 50 -0.000000 0.000000
92 50 -0.000000 0.000000
93 50 -0.000000 0.000000
94 50 -0.000000 0.000000
95 50 -0.000000 0.000000
96 50 0.000000 0.000000
97 50 0.000000 0.000000
98 50 -0.000003 0.000000
99 50 -0.000008 0.000000
0 51 -0.000005 0.000000
1 51 0.000000 0.000000
2 51 -0.000012 0.000000
3 51 -0.000051 0.000000
4 51 -0.000081 0.000000
5 51 -0.000029 0.000000
6 51 0.000067 0.000000
7 51 0.000090 0.000000
8 51 0.000025 0.000001
9 51 -0.000051 0.000002
10 51 -0.000089 0.000006
11 51 -0.000155 0.000015
12 51 -0.000421 0.000037
13 51 -0.001094 0.000086
14 51 -0.002252 0.000197
15 51 -0.003815 0.000434
16 51 -0.005470 0.000925
17 51 -0.006592 0.001900
18 51 -0.005966 0.003750
19 51 -0.001819 0.007089
20 51 0.007570 0.012794
21 51 0.023318 0.021958
22 51 0.045565 0.035699
23 51 0.073387 0.054789
24 51 0.104957 0.079163
25 51 0.137838 0.107547
26 51 0.169339 0.137437
27 51 0.196834 0.165535
28 51 0.218021 0.188463
29 51 0.231098 0.203419
30 51 0.234881 0.208609
31 51 0.228869 0.203419
32 51 0.213293 0.188463
33 51 0.189158 0.165535
34 51 0.158279 0.137437
35 51 0.123276 0.107547
36 51 0.087382 0.079163
37 51 0.054104 0.054789
38 51 0.026629 0.035699
39 51 0.007054 0.021958
40 51 -0.004065 0.012794
41 51 -0.007970 0.007089
42 51 -0.007031 0.003750
43 51 -0.003883 0.001900
44 51 -0.000838 0.000925
45 51 0.000956 0.000434
46 51 0.001566 0.000197
47 51 0.001788 0.000086
48 51 0.002119 0.000037
49 51 0.002168 0.000015
50 51 0.001431 0.000006
51 51 0.000393 0.000002
52 51 -0.000167 0.000001
53 51 -0.000253 0.000000
54 51 -0.000162 0.000000
55 51 -0.000093 0.000000
56 51 -0.000081 0.000000
57 51 -0.000078 0.000000
58 51 -0.000061 0.000000
59 51 -0.000043 0.000000
60 51 -0.000030 0.000000
61 51 -0.000021 0.000000
62 51 -0.000013 0.000000
63 51 -0.000007 0.000000
64 51 -0.000003 0.000000
65 51 -0.000001 0.000000
66 51 -0.000001 0.000000
67 51 -0.000001 0.000000
68 51 -0.000001 0.000000
69 51 -0.000000 0.000000
70 51 -0.000000 0.000000
71 51 -0.000000 0.000000
72 51 -0.000000 0.000000
73 51 -0.000000 0.000000
74 51 -0.000000 0.000000
75 51 -0.000000 0.000000
76 51 -0.000000 0.000000
77 51 -0.000000 0.000000
78 51 -0.000000 0.000000
79 51 -0.000000 0.000000
80 51 -0.000000 0.000000
81 51 -0.000000 0.000000
82 51 -0.000000 0.000000
83 51 -0.000000 0.000000
84 51 -0.000000 0.000000
85 51 -0.000000 0.000000
86 51 -0.000000 0.000000
87 51 -0.000000 0.000000
88 51 -0.000000 0.000000
89 51 -0.000000 0.000000
90 51 -0.000000 0.000000
91 51 -0.000000 0.000000
92 51 -0.000000 0.000000
93 51 -0.000000 0.000000
94 51 -0.000000 0.000000
95 51 -0.000000 0.000000
96 51 0.000000 0.000000
97 51 0.000000 0.000000
98 51 -0.000003 0.000000
99 51 -0.000008 0.000000
0 52 -0.000005 0.000000
1 52 0.000001 0.000000
2 52 -0.000008 0.000000
3 52 -0.000046 0.000000
4 52 -0.000082 0.000000
5 52 -0.000054 0.000000
6 52 0.000034 0.000000
7 52 0.000104 0.000000
8 52 0.000121 0.000000
9 52 0.000131 0.000001
10 52 0.000193 0.000002
11 52 0.000280 0.000006
12 52 0.000232 0.000013
13 52 -0.000195 0.000030
14 52 -0.001127 0.000067
15 52 -0.002397 0.000145
16 52 -0.003711 0.000303
17 52 -0.004982 0.000608
18 52 -0.006174 0.001174
19 52 -0.006919 0.002174
20 52 -0.006489 0.003854
21 52 -0.004005 0.006520
22 52 0.001215 0.010500
23 52 0.009316 0.016052
24 52 0.019905 0.023248
25 52 0.032130 0.031839
26 52 0.044752 0.041187
27 52 0.056344 0.050300
28 52 0.065503 0.057996
29 52 0.071044 0.063153
30 52 0.072177 0.064969
31 52 0.068643 0.063153
32 52 0.060769 0.057996
33 52 0.049446 0.050300
34 52 0.036064 0.041187
35 52 0.022346 0.031839
36 52 0.010027 0.023248
37 52 0.000609 0.016052
38 52 -0.005073 0.010500
39 52 -0.007168 0.006520
40 52 -0.006438 0.003854
41 52 -0.004106 0.002174
42 52 -0.001286 0.001174
43 52 0.001229 0.000608
44 52 0.002619 0.000303
45 52 0.002648 0.000145
46 52 0.001905 0.000067
47 52 0.001282 0.000030
48 52 0.001034 0.000013
49 52 0.000766 0.000006
50 52 0.000232 0.000002
51 52 -0.000215 0.000001
52 52 -0.000286 0.000000
53 52 -0.000186 0.000000
54 52 -0.000102 0.000000
55 52 -0.000077 0.000000
56 52 -0.000077 0.000000
57 52 -0.000065 0.000000
58 52 -0.000047 0.000000
59 52 -0.000033 0.000000
60 52 -0.000023 0.000000
61 52 -0.000016 0.000000
62 52 -0.000009 0.000000
63 52 -0.000004 0.000000
64 52 -0.000002 0.000000
65 52 -0.000001 0.000000
66 52 -0.000001 0.000000
67 52 -0.000001 0.000000
68 52 -0.000000 0.000000
69 52 -0.000000 0.000000
70 52 -0.000000 0.000000
71 52 -0.000000 0.000000
72 52 -0.000000 0.000000
73 52 -0.000000 0.000000
74 52 -0.000000 0.000000
75 52 -0.000000 0.000000
76 52 -0.000000 0.000000
77 52 -0.000000 0.000000
78 52 -0.000000 0.000000
79 52 -0.000000 0.000000
80 52 -0.000000 0.000000
81 52 -0.000000 0.000000
82 52 -0.000000 0.000000
83 52 -0.000000 0.000000
84 52 -0.000000 0.000000
85 52 -0.000000 0.000000
86 52 -0.000000 0.000000
87 52 -0.000000 0.000000
88 52 -0.000000 0.000000
89 52 -0.000000 0.000000
90 52 -0.000000 0.000000
91 52 -0.000000 0.000000
92 52 -0.000000 0.000000
93 52 -0.000000 0.000000
94 52 -0.000000 0.000000
95 52 -0.000000 0.000000
96 52 0.000000 0.000000
97 52 0.000000 0.000000
98 52 -0.000003 0.000000
99 52 -0.000008 0.000000
0 53 -0.000005 0.000000
1 53 0.000002 0.000000
2 53 -0.000003 0.000000
3 53 -0.000038 0.000000
4 53 -0.000080 0.000000
5 53 -0.000076 0.000000
6 53 -0.000010 0.000000
7 53 0.000078 0.000000
8 53 0.000161 0.000000
9 53 0.000271 0.000000
10 53 0.000491 0.000001
11 53 0.000849 0.000002
12 53 0.001192 0.000005
13 53 0.001145 0.000010
14 53 0.000363 0.000023
15 53 -0.000975 0.000048
16 53 -0.002298 0.000098
17 53 -0.003306 0.000192
18 53 -0.004129 0.000362
19 53 -0.004978 0.000657
20 53 -0.005863 0.001143
21 53 -0.006552 0.001900
22 53 -0.006717 0.003012
23 53 -0.006114 0.004546
24 53 -0.004661 0.006520
25 53 -0.002409 0.008869
26 53 0.000384 0.011427
27 53 0.003242 0.013929
28 53 0.005631 0.016052
29 53 0.007078 0.017482
30 53 0.007275 0.017986
31 53 0.006159 0.017482
32 53 0.003940 0.016052
33 53 0.001060 0.013929
34 53 -0.001863 0.011427
35 53 -0.004224 0.008869
36 53 -0.005549 0.006520
37 53 -0.005573 0.004546
38 53 -0.004441 0.003012
39 53 -0.002696 0.001900
40 53 -0.000817 0.001143
41 53 0.000957 0.000657
42 53 0.002595 0.000362
43 53 0.003845 0.000192
44 53 0.004044 0.000098
45 53 0.003077 0.000048
46 53 0.001724 0.000023
47 53 0.000782 0.000010
48 53 0.000318 0.000005
49 53 0.000027 0.000002
50 53 -0.000225 0.000001
51 53 -0.000298 0.000000
52 53 -0.000192 0.000000
53 53 -0.000100 0.000000
54 53 -0.000070 0.000000
55 53 -0.000071 0.000000
56 53 -0.000067 0.000000
57 53 -0.000051 0.000000
58 53 -0.000036 0.000000
59 53 -0.000026 0.000000
60 53 -0.000018 0.000000
61 53 -0.000011 0.000000
62 53 -0.000006 0.000000
63 53 -0.000002 0.000000
64 53 -0.000001 0.000000
65 53 -0.000001 0.000000
66 53 -0.000001 0.000000
67 53 -0.000000 0.000000
68 53 -0.000000 0.000000
69 53 -0.000000 0.000000
70 53 -0.000000 0.000000
71 53 -0.000000 0.000000
72 53 -0.000000 0.000000
73 53 -0.000000 0.000000
74 53 -0.000000 0.000000
75 53 -0.000000 0.000000
76 53 -0.000000 0.000000
77 53 -0.000000 0.000000
78 53 -0.000000 0.000000
79 53 -0.000000 0.000000
80 53 -0.000000 0.000000
81 53 -0.000000 0.000000
82 53 -0.000000 0.000000
83 53 -0.000000 0.000000
84 53 -0.000000 0.000000
85 53 -0.000000 0.000000
86 53 -0.000000 0.000000
87 53 -0.000000 0.000000
88 53 -0.000000 0.000000
89 53 -0.000000 0.000000
90 53 -0.000000 0.000000
91 53 -0.000000 0.000000
92 53 -0.000000 0.000000
93 53 -0.000000 0.000000
94 53 -0.000000 0.000000
95 53 -0.000000 0.000000
96 53 0.000000 0.000000
97 53 0.000000 0.000000
98 53 -0.000003 0.000000
99 53 -0.000007 0.000000
0 54 -0.000005 0.000000
1 54 0.000002 0.000000
2 54 0.000001 0.000000
3 54 -0.000029 0.000000
4 54 -0.000074 0.000000
5 54 -0.000090 0.000000
6 54 -0.000058 0.000000
7 54 0.000011 0.000000
8 54 0.000103 0.000000
9 54 0.000252 0.000000
10 54 0.000571 0.000000
11 54 0.001184 0.000001
12 54 0.002027 0.000002
13 54 0.002628 0.000004
14 54 0.002289 0.000008
15 54 0.000992 0.000016
16 54 -0.000473 0.000031
17 54 -0.001523 0.000060
18 54 -0.002195 0.000110
19 54 -0.002771 0.000197
20 54 -0.003414 0.000335
21 54 -0.004064 0.000548
22 54 -0.004628 0.000854
23 54 -0.005058 0.001271
24 54 -0.005330 0.001800
25 54 -0.005407 0.002423
26 54 -0.005277 0.003095
27 54 -0.005004 0.003750
28 54 -0.004685 0.004302
29 54 -0.004402 0.004674
30 54 -0.004205 0.004805
31 54 -0.004091 0.004674
32 54 -0.004006 0.004302
33 54 -0.003867 0.003750
34 54 -0.003546 0.003095
35 54 -0.002888 0.002423
36 54 -0.001811 0.001800
37 54 -0.000417 0.001271
38 54 0.000953 0.000854
39 54 0.001929 0.000548
40 54 0.002437 0.000335
41 54 0.002765 0.000197
42 54 0.003243 0.000110
43 54 0.003662 0.000060
44 54 0.003360 0.000031
45 54 0.002248 0.000016
46 54 0.001045 0.000008
47 54 0.000296 0.000004
48 54 -0.000051 0.000002
49 54 -0.000200 0.000001
50 54 -0.000248 0.000000
51 54 -0.000184 0.000000
52 54 -0.000089 0.000000
53 54 -0.000058 0.000000
54 54 -0.000062 0.000000
55 54 -0.000065 0.000000
56 54 -0.000053 0.000000
57 54 -0.000037 0.000000
58 54 -0.000027 0.000000
59 54 -0.000020 0.000000
60 54 -0.000013 0.000000
61 54 -0.000007 0.000000
62 54 -0.000003 0.000000
63 54 -0.000001 0.000000
64 54 -0.000001 0.000000
65 54 -0.000000 0.000000
66 54 -0.000001 0.000000
67 54 -0.000000 0.000000
68 54 -0.000000 0.000000
69 54 -0.000000 0.000000
70 54 -0.000000 0.000000
71 54 -0.000000 0.000000
72 54 -0.000000 0.000000
73 54 -0.000000 0.000000
74 54 -0.000000 0.000000
75 54 -0.000000 0.000000
76 54 -0.000000 0.000000
77 54 -0.000000 0.000000
78 54 -0.000000 0.000000
79 54 -0.000000 0.000000
80 54 -0.000000 0.000000
81 54 -0.000000 0.000000
82 54 -0.000000 0.000000
83 54 -0.000000 0.000000
84 54 -0.000000 0.000000
85 54 -0.000000 0.000000
86 54 -0.000000 0.000000
87 54 -0.000000 0.000000
88 54 -0.000000 0.000000
89 54 -0.000000 0.000000
90 54 -0.000000 0.000000
91 54 -0.000000 0.000000
92 54 -0.000000 0.000000
93 54 -0.000000 0.000000
94 54 -0.000000 0.000000
95 54 -0.000000 0.000000
96 54 0.000000 0.000000
97 54 0.000000 0.000000
98 54 -0.000003 0.000000
99 54 -0.000007 0.000000
0 55 -0.000006 0.000000
1 55 0.000001 0.000000
2 55 0.000004 0.000000
3 55 -0.000019 0.000000
4 55 -0.000063 0.000000
5 55 -0.000094 0.000000
6 55 -0.000093 0.000000
7 55 -0.000065 0.000000
8 55 -0.000018 0.000000
9 55 0.000075 0.000000
10 55 0.000335 0.000000
11 55 0.000963 0.000000
12 55 0.002058 0.000001
13 55 0.003260 0.000001
14 55 0.003671 0.000002
15 55 0.002923 0.000005
16 55 0.001783 0.000010
17 55 0.001009 0.000018
18 55 0.000581 0.000033
19 55 0.000090 0.000058
20 55 -0.000662 0.000098
21 55 -0.001448 0.000157
22 55 -0.002002 0.000241
23 55 -0.002301 0.000353
24 55 -0.002417 0.000494
25 55 -0.002413 0.000657
26 55 -0.002346 0.000832
27 55 -0.002246 0.001001
28 55 -0.002100 0.001143
29 55 -0.001870 0.001238
30 55 -0.001524 0.001271
31 55 -0.001060 0.001238
32 55 -0.000531 0.001143
33 55 -0.000022 0.001001
34 55 0.000475 0.000832
35 55 0.001125 0.000657
36 55 0.002035 0.000494
37 55 0.003032 0.000353
38 55 0.003654 0.000241
39 55 0.003515 0.000157
40 55 0.002808 0.000098
41 55 0.002163 0.000058
42 55 0.001948 0.000033
43 55 0.001934 0.000018
44 55 0.001602 0.000010
45 55 0.000879 0.000005
46 55 0.000219 0.000002
47 55 -0.000112 0.000001
48 55 -0.000215 0.000001
49 55 -0.000215 0.000000
50 55 -0.000169 0.000000
51 55 -0.000095 0.000000
52 55 -0.000051 0.000000
53 55 -0.000055 0.000000
54 55 -0.000061 0.000000
55 55 -0.000054 0.000000
56 55 -0.000039 0.000000
57 55 -0.000027 0.000000
58 55 -0.000020 0.000000
59 55 -0.000014 0.000000
60 55 -0.000009 0.000000
61 55 -0.000004 0.000000
62 55 -0.000002 0.000000
63 55 -0.000001 0.000000
64 55 -0.000000 0.000000
65 55 -0.000001 0.000000
66 55 -0.000000 0.000000
67 55 -0.000000 0.000000
68 55 -0.000000 0.000000
69 55 -0.000000 0.000000
70 55 -0.000000 0.000000
71 55 -0.000000 0.000000
72 55 -0.000000 0.000000
73 55 -0.000000 0.000000
74 55 -0.000000 0.000000
75 55 -0.000000 0.000000
76 55 -0.000000 0.000000
77 55 -0.000000 0.000000
78 55 -0.000000 0.000000
79 55 -0.000000 0.000000
80 55 -0.000000 0.000000
81 55 -0.000000 0.000000
82 55 -0.000000 0.000000
83 55 -0.000000 0.000000
84 55 -0.000000 0.000000
85 55 -0.000000 0.000000
86 55 -0.000000 0.000000
87 55 -0.000000 0.000000
88 55 -0.000000 0.000000
89 55 -0.000000 0.000000
90 55 -0.000000 0.000000
91 55 -0.000000 0.000000
92 55 -0.000000 0.000000
93 55 -0.000000 0.000000
94 55 -0.000000 0.000000
95 55 -0.000000 0.000000
96 55 0.000000 0.000000
97 55 0.000000 0.000000
98 55 -0.000003 0.000000
99 55 -0.000007 0.000000
0 56 -0.000006 0.000000
1 56 -0.000000 0.000000
2 56 0.000005 0.000000
3 56 -0.000010 0.000000
4 56 -0.000049 0.000000
5 56 -0.000086 0.000000
6 56 -0.000104 0.000000
7 56 -0.000108 0.000000
8 56 -0.000114 0.000000
9 56 -0.000118 0.000000
10 56 -0.000043 0.000000
11 56 0.000306 0.000000
12 56 0.001138 0.000000
13 56 0.002329 0.000000
14 56 0.003205 0.000001
15 56 0.003293 0.000002
16 56 0.003082 0.000003
17 56 0.003177 0.000006
18 56 0.003466 0.000010
19 56 0.003362 0.000017
20 56 0.002601 0.000028
21 56 0.001628 0.000045
22 56 0.000904 0.000067
23 56 0.000526 0.000098
24 56 0.000416 0.000135
25 56 0.000462 0.000178
26 56 0.000553 0.000223
27 56 0.000617 0.000266
28 56 0.000688 0.000303
29 56 0.000860 0.000327
30 56 0.001204 0.000335
31 56 0.001664 0.000327
32 56 0.002063 0.000303
33 56 0.002246 0.000266
34 56 0.002280 0.000223
35 56 0.002415 0.000178
36 56 0.002795 0.000135
37 56 0.003243 0.000098
38 56 0.003313 0.000067
39 56 0.002710 0.000045
40 56 0.001731 0.000028
41 56 0.000974 0.000017
42 56 0.000672 0.000010
43 56 0.000592 0.000006
44 56 0.000387 0.000003
45 56 0.000040 0.000002
46 56 -0.000189 0.000001
47 56 -0.000233 0.000000
48 56 -0.000199 0.000000
49 56 -0.000146 0.000000
50 56 -0.000096 0.000000
51 56 -0.000056 0.000000
52 56 -0.000049 0.000000
53 56 -0.000058 0.000000
54 56 -0.000054 0.000000
55 56 -0.000041 0.000000
56 56 -0.000028 0.000000
57 56 -0.000020 0.000000
58 56 -0.000015 0.000000
59 56 -0.000010 0.000000
60 56 -0.000005 0.000000
61 56 -0.000002 0.000000
62 56 -0.000001 0.000000
63 56 -0.000000 0.000000
64 56 -0.000000 0.000000
65 56 -0.000000 0.000000
66 56 -0.000000 0.000000
67 56 -0.000000 0.000000
68 56 -0.000000 0.000000
69 56 -0.000000 0.000000
70 56 -0.000000 0.000000
71 56 -0.000000 0.000000
72 56 -0.000000 0.000000
73 56 -0.000000 0.000000
74 56 -0.000000 0.000000
75 56 -0.000000 0.000000
76 56 -0.000000 0.000000
77 56 -0.000000 0.000000
78 56 -0.000000 0.000000
79 56 -0.000000 0.000000
80 56 -0.000000 0.000000
81 56 -0.000000 0.000000
82 56 -0.000000 0.000000
83 56 -0.000000 0.000000
84 56 -0.000000 0.000000
85 56 -0.000000 0.000000
86 56 -0.000000 0.000000
87 56 -0.000000 0.000000
88 56 -0.000000 0.000000
89 56 -0.000000 0.000000
90 56 -0.000000 0.000000
91 56 -0.000000 0.000000
92 56 -0.000000 0.000000
93 56 -0.000000 0.000000
94 56 -0.000000 0.000000
95 56 -0.000000 0.000000
96 56 0.000000 0.000000
97 56 0.000000 0.000000
98 56 -0.000003 0.000000
99 56 -0.000007 0.000000
0 57 -0.000006 0.000000
1 57 -0.000002 0.000000
2 57 0.000005 0.000000
3 57 -0.000003 0.000000
4 57 -0.000034 0.000000
5 57 -0.000071 0.000000
6 57 -0.000096 0.000000
7 57 -0.000112 0.000000
8 57 -0.000137 0.000000
9 57 -0.000191 0.000000
10 57 -0.000259 0.000000
11 57 -0.000231 0.000000
12 57 0.000081 0.000000
13 57 0.000725 0.000000
14 57 0.001395 0.000000
15 57 0.001816 0.000000
16 57 0.002259 0.000001
17 57 0.003054 0.000002
18 57 0.004005 0.000003
19 57 0.004457 0.000005
20 57 0.004082 0.000008
21 57 0.003351 0.000013
22 57 0.002789 0.000019
23 57 0.002516 0.000027
24 57 0.002454 0.000037
25 57 0.002478 0.000048
26 57 0.002441 0.000060
27 57 0.002274 0.000071
28 57 0.002062 0.000080
29 57 0.001952 0.000086
30 57 0.002030 0.000088
31 57 0.002211 0.000086
32 57 0.002262 0.000080
33 57 0.002029 0.000071
34 57 0.001644 0.000060
35 57 0.001402 0.000048
36 57 0.001444 0.000037
37 57 0.001628 0.000027
38 57 0.001619 0.000019
39 57 0.001218 0.000013
40 57 0.000638 0.000008
41 57 0.000227 0.000005
42 57 0.000068 0.000003
43 57 0.000012 0.000002
44 57 -0.000093 0.000001
45 57 -0.000214 0.000000
46 57 -0.000230 0.000000
47 57 -0.000173 0.000000
48 57 -0.000120 0.000000
49 57 -0.000080 0.000000
50 57 -0.000057 0.000000
51 57 -0.000048 0.000000
52 57 -0.000052 0.000000
53 57 -0.000052 0.000000
54 57 -0.000040 0.000000
55 57 -0.000028 0.000000
56 57 -0.000019 0.000000
57 57 -0.000015 0.000000
58 57 -0.000010 0.000000
59 57 -0.000006 0.000000
60 57 -0.000003 0.000000
61 57 -0.000001 0.000000
62 57 -0.000000 0.000000
63 57 -0.000000 0.000000
64 57 -0.000000 0.000000
65 57 -0.000000 0.000000
66 57 -0.000000 0.000000
67 57 -0.000000 0.000000
68 57 -0.000000 0.000000
69 57 -0.000000 0.000000
70 57 -0.000000 0.000000
71 57 -0.000000 0.000000
72 57 -0.000000 0.000000
73 57 -0.000000 0.000000
74 57 -0.000000 0.000000
75 57 -0.000000 0.000000
76 57 -0.000000 0.000000
77 57 -0.000000 0.000000
78 57 -0.000000 0.000000
79 57 -0.000000 0.000000
80 57 -0.000000 0.000000
81 57 -0.000000 0.000000
82 57 -0.000000 0.000000
83 57 -0.000000 0.000000
84 57 -0.000000 0.000000
85 57 -0.000000 0.000000
86 57 -0.000000 0.000000
87 57 -0.000000 0.000000
88 57 -0.000000 0.000000
89 57 -0.000000 0.000000
90 57 -0.000000 0.000000
91 57 -0.000000 0.000000
92 57 -0.000000 0.000000
93 57 -0.000000 0.000000
94 57 -0.000000 0.000000
95 57 -0.000000 0.000000
96 57 0.000000 0.000000
97 57 0.000000 0.000000
98 57 -0.000003 0.000000
99 57 -0.000006 0.000000
0 58 -0.000006 0.000000
1 58 -0.000003 0.000000
2 58 0.000003 0.000000
3 58 0.000002 0.000000
4 58 -0.000021 0.000000
5 58 -0.000055 0.000000
6 58 -0.000084 0.000000
7 58 -0.000102 0.000000
8 58 -0.000120 0.000000
9 58 -0.000163 0.000000
10 58 -0.000244 0.000000
11 58 -0.000336 0.000000
12 58 -0.000347 0.000000
13 58 -0.000202 0.000000
14 58 0.000010 0.000000
15 58 0.000188 0.000000
16 58 0.000500 0.000000
17 58 0.001127 0.000001
18 58 0.001917 0.000001
19 58 0.002413 0.000001
20 58 0.002367 0.000002
21 58 0.002072 0.000004
22 58 0.001872 0.000005
23 58 0.001818 0.000007
24 58 0.001845 0.000010
25 58 0.001862 0.000013
26 58 0.001761 0.000016
27 58 0.001506 0.000019
28 58 0.001198 0.000021
29 58 0.000980 0.000023
30 58 0.000921 0.000023
31 58 0.000955 0.000023
32 58 0.000912 0.000021
33 58 0.000685 0.000019
34 58 0.000383 0.000016
35 58 0.000231 0.000013
36 58 0.000306 0.000010
37 58 0.000491 0.000007
38 58 0.000567 0.000005
39 58 0.000410 0.000004
40 58 0.000152 0.000002
41 58 -0.000022 0.000001
42 58 -0.000094 0.000001
43 58 -0.000131 0.000001
44 58 -0.000175 0.000000
45 58 -0.000192 0.000000
46 58 -0.000147 0.000000
47 58 -0.000091 0.000000
48 58 -0.000063 0.000000
49 58 -0.000050 0.000000
50 58 -0.000048 0.000000
51 58 -0.000048 0.000000
52 58 -0.000047 0.000000
53 58 -0.000039 0.000000
54 58 -0.000027 0.000000
55 58 -0.000019 0.000000
56 58 -0.000014 0.000000
57 58 -0.000010 0.000000
58 58 -0.000006 0.000000
59 58 -0.000003 0.000000
60 58 -0.000001 0.000000
61 58 -0.000001 0.000000
62 58 -0.000000 0.000000
63 58 -0.000000 0.000000
64 58 -0.000000 0.000000
65 58 -0.000000 0.000000
66 58 -0.000000 0.000000
67 58 -0.000000 0.000000
68 58 -0.000000 0.000000
69 58 -0.000000 0.000000
70 58 -0.000000 0.000000
71 58 -0.000000 0.000000
72 58 -0.000000 0.000000
73 58 -0.000000 0.000000
74 58 -0.000000 0.000000
75 58 -0.000000 0.000000
76 58 -0.000000 0.000000
77 58 -0.000000 0.000000
78 58 -0.000000 0.000000
79 58 -0.000000 0.000000
80 58 -0.000000 0.000000
81 58 -0.000000 0.000000
82 58 -0.000000 0.000000
83 58 -0.000000 0.000000
84 58 -0.000000 0.000000
85 58 -0.000000 0.000000
86 58 -0.000000 0.000000
87 58 -0.000000 0.000000
88 58 -0.000000 0.000000
89 58 -0.000000 0.000000
90 58 -0.000000 0.000000
91 58 -0.000000 0.000000
92 58 -0.000000 0.000000
93 58 -0.000000 0.000000
94 58 -0.000000 0.000000
95 58 -0.000000 0.000000
96 58 0.000000 0.000000
97 58 0.000000 0.000000
98 58 -0.000003 0.000000
99 58 -0.000006 0.000000
0 59 -0.000005 0.000000
1 59 -0.000004 0.000000
2 59 0.000001 0.000000
3 59 0.000004 0.000000
4 59 -0.000010 0.000000
5 59 -0.000040 0.000000
6 59 -0.000072 0.000000
7 59 -0.000096 0.000000
8 59 -0.000114 0.000000
9 59 -0.000139 0.000000
10 59 -0.000185 0.000000
11 59 -0.000249 0.000000
12 59 -0.000307 0.000000
13 59 -0.000325 0.000000
14 59 -0.000330 0.000000
15 59 -0.000357 0.000000
16 59 -0.000332 0.000000
17 59 -0.000164 0.000000
18 59 0.000103 0.000000
19 59 0.000276 0.000000
20 59 0.000244 0.000001
21 59 0.000157 0.000001
22 59 0.000151 0.000001
23 59 0.000201 0.000002
24 59 0.000261 0.000003
25 59 0.000297 0.000003
26 59 0.000261 0.000004
27 59 0.000140 0.000005
28 59 0.000004 0.000006
29 59 -0.000060 0.000006
30 59 -0.000017 0.000006
31 59 0.000086 0.000006
32 59 0.000145 0.000006
33 59 0.000094 0.000005
34 59 -0.000001 0.000004
35 59 -0.000019 0.000003
36 59 0.000065 0.000003
37 59 0.000177 0.000002
38 59 0.000209 0.000001
39 59 0.000118 0.000001
40 59 -0.000007 0.000001
41 59 -0.000079 0.000000
42 59 -0.000108 0.000000
43 59 -0.000123 0.000000
44 59 -0.000130 0.000000
45 59 -0.000113 0.000000
46 59 -0.000071 0.000000
47 59 -0.000044 0.000000
48 59 -0.000041 0.000000
49 59 -0.000043 0.000000
50 59 -0.000045 0.000000
51 59 -0.000042 0.000000
52 59 -0.000036 0.000000
53 59 -0.000026 0.000000
54 59 -0.000017 0.000000
55 59 -0.000013 0.000000
56 59 -0.000009 0.000000
57 59 -0.000006 0.000000
58 59 -0.000003 0.000000
59 59 -0.000001 0.000000
60 59 -0.000001 0.000000
61 59 -0.000000 0.000000
62 59 -0.000000 0.000000
63 59 -0.000000 0.000000
64 59 -0.000000 0.000000
65 59 -0.000000 0.000000
66 59 -0.000000 0.000000
67 59 -0.000000 0.000000
68 59 -0.000000 0.000000
69 59 -0.000000 0.000000
70 59 -0.000000 0.000000
71 59 -0.000000 0.000000
72 59 -0.000000 0.000000
73 59 -0.000000 0.000000
74 59 -0.000000 0.000000
75 59 -0.000000 0.000000
76 59 -0.000000 0.000000
77 59 -0.000000 0.000000
78 59 -0.000000 0.000000
79 59 -0.000000 0.000000
80 59 -0.000000 0.000000
81 59 -0.000000 0.000000
82 59 -0.000000 0.000000
83 59 -0.000000 0.000000
84 59 -0.000000 0.000000
85 59 -0.000000 0.000000
86 59 -0.000000 0.000000
87 59 -0.000000 0.000000
88 59 -0.000000 0.000000
89 59 -0.000000 0.000000
90 59 -0.000000 0.000000
91 59 -0.000000 0.000000
92 59 -0.000000 0.000000
93 59 -0.000000 0.000000
94 59 -0.000000 0.000000
95 59 -0.000000 0.000000
96 59 0.000000 0.000000
97 59 0.000000 0.000000
98 59 -0.000002 0.000000
99 59 -0.000005 0.000000
0 60 -0.000005 0.000000
1 60 -0.000004 0.000000
2 60 -0.000001 0.000000
3 60 0.000005 0.000000
4 60 -0.000001 0.000000
5 60 -0.000023 0.000000
6 60 -0.000055 0.000000
7 60 -0.000085 0.000000
8 60 -0.000112 0.000000
9 60 -0.000141 0.000000
10 60 -0.000176 0.000000
11 60 -0.000214 0.000000
12 60 -0.000244 0.000000
13 60 -0.000254 0.000000
14 60 -0.000258 0.000000
15 60 -0.000279 0.000000
16 60 -0.000302 0.000000
17 60 -0.000294 0.000000
18 60 -0.000254 0.000000
19 60 -0.000234 0.000000
20 60 -0.000264 0.000000
21 60 -0.000277 0.000000
22 60 -0.000238 0.000000
23 60 -0.000188 0.000001
24 60 -0.000145 0.000001
25 60 -0.000109 0.000001
26 60 -0.000093 0.000001
27 60 -0.000106 0.000001
28 60 -0.000115 0.000001
29 60 -0.000088 0.000002
30 60 -0.000016 0.000002
31 60 0.000073 0.000002
32 60 0.000121 0.000001
33 60 0.000095 0.000001
34 60 0.000041 0.000001
35 60 0.000022 0.000001
36 60 0.000038 0.000001
37 60 0.000051 0.000001
38 60 0.000026 0.000000
39 60 -0.000036 0.000000
40 60 -0.000086 0.000000
41 60 -0.000098 0.000000
42 60 -0.000096 0.000000
43 60 -0.000090 0.000000
44 60 -0.000078 0.000000
45 60 -0.000058 0.000000
46 60 -0.000037 0.000000
47 60 -0.000034 0.000000
48 60 -0.000039 0.000000
49 60 -0.000040 0.000000
50 60 -0.000038 0.000000
51 60 -0.000031 0.000000
52 60 -0.000023 0.000000
53 60 -0.000016 0.000000
54 60 -0.000011 0.000000
55 60 -0.000009 0.000000
56 60 -0.000006 0.000000
57 60 -0.000003 0.000000
58 60 -0.000001 0.000000
59 60 -0.000001 0.000000
60 60 -0.000000 0.000000
61 60 -0.000000 0.000000
62 60 -0.000000 0.000000
63 60 -0.000000 0.000000
64 60 -0.000000 0.000000
65 60 -0.000000 0.000000
66 60 -0.000000 0.000000
67 60 -0.000000 0.000000
68 60 -0.000000 0.000000
69 60 -0.000000 0.000000
70 60 -0.000000 0.000000
71 60 -0.000000 0.000000
72 60 -0.000000 0.000000
73 60 -0.000000 0.000000
74 60 -0.000000 0.000000
75 60 -0.000000 0.000000
76 60 -0.000000 0.000000
77 60 -0.000000 0.000000
78 60 -0.000000 0.000000
79 60 -0.000000 0.000000
80 60 -0.000000 0.000000
81 60 -0.000000 0.000000
82 60 -0.000000 0.000000
83 60 -0.000000 0.000000
84 60 -0.000000 0.000000
85 60 -0.000000 0.000000
86 60 -0.000000 0.000000
87 60 -0.000000 0.000000
88 60 -0.000000 0.000000
89 60 -0.000000 0.000000
90 60 -0.000000 0.000000
91 60 -0.000000 0.000000
92 60 -0.000000 0.000000
93 60 -0.000000 0.000000
94 60 -0.000000 0.000000
95 60 -0.000000 0.000000
96 60 0.000000 0.000000
97 60 0.000000 0.000000
98 60 -0.000002 0.000000
99 60 -0.000005 0.000000
0 61 -0.000004 0.000000
1 61 -0.000004 0.000000
2 61 -0.000002 0.000000
3 61 0.000004 0.000000
4 61 0.000007 0.000000
5 61 -0.000005 0.000000
6 61 -0.000029 0.000000
7 61 -0.000059 0.000000
8 61 -0.000090 0.000000
9 61 -0.000125 0.000000
10 61 -0.000166 0.000000
11 61 -0.000207 0.000000
12 61 -0.000240 0.000000
13 61 -0.000254 0.000000
14 61 -0.000253 0.000000
15 61 -0.000249 0.000000
16 61 -0.000246 0.000000
17 61 -0.000239 0.000000
18 61 -0.000225 0.000000
19 61 -0.000210 0.000000
20 61 -0.000201 0.000000
21 61 -0.000171 0.000000
22 61 -0.000122 0.000000
23 61 -0.000085 0.000000
24 61 -0.000061 0.000000
25 61 -0.000039 0.000000
26 61 -0.000023 0.000000
27 61 -0.000018 0.000000
28 61 -0.000011 0.000000
29 61 0.000007 0.000000
30 61 0.000040 0.000000
31 61 0.000073 0.000000
32 61 0.000078 0.000000
33 61 0.000045 0.000000
34 61 0.000004 0.000000
35 61 -0.000018 0.000000
36 61 -0.000030 0.000000
37 61 -0.000044 0.000000
38 61 -0.000065 0.000000
39 61 -0.000087 0.000000
40 61 -0.000090 0.000000
41 61 -0.000076 0.000000
42 61 -0.000064 0.000000
43 61 -0.000054 0.000000
44 61 -0.000043 0.000000
45 61 -0.000035 0.000000
46 61 -0.000031 0.000000
47 61 -0.000035 0.000000
48 61 -0.000037 0.000000
49 61 -0.000033 0.000000
50 61 -0.000027 0.000000
51 61 -0.000019 0.000000
52 61 -0.000014 0.000000
53 61 -0.000010 0.000000
54 61 -0.000007 0.000000
55 61 -0.000005 0.000000
56 61 -0.000003 0.000000
57 61 -0.000001 0.000000
58 61 -0.000001 0.000000
59 61 -0.000000 0.000000
60 61 -0.000000 0.000000
61 61 -0.000000 0.000000
62 61 -0.000000 0.000000
63 61 -0.000000 0.000000
64 61 -0.000000 0.000000
65 61 -0.000000 0.000000
66 61 -0.000000 0.000000
67 61 -0.000000 0.000000
68 61 -0.000000 0.000000
69 61 -0.000000 0.000000
70 61 -0.000000 0.000000
71 61 -0.000000 0.000000
72 61 -0.000000 0.000000
73 61 -0.000000 0.000000
74 61 -0.000000 0.000000
75 61 -0.000000 0.000000
76 61 -0.000000 0.000000
77 61 -0.000000 0.000000
78 61 -0.000000 0.000000
79 61 -0.000000 0.000000
80 61 -0.000000 0.000000
81 61 -0.000000 0.000000
82 61 -0.000000 0.000000
83 61 -0.000000 0.000000
84 61 -0.000000 0.000000
85 61 -0.000000 0.000000
86 61 -0.000000 0.000000
87 61 -0.000000 0.000000
88 61 -0.000000 0.000000
89 61 -0.000000 0.000000
90 61 -0.000000 0.000000
91 61 -0.000000 0.000000
92 61 -0.000000 0.000000
93 61 -0.000000 0.000000
94 61 -0.000000 0.000000
95 61 -0.000000 0.000000
96 61 0.000000 0.000000
97 61 0.000000 0.000000
98 61 -0.000002 0.000000
99 61 -0.000005 0.000000
0 62 -0.000003 0.000000
1 62 -0.000003 0.000000
2 62 -0.000004 0.000000
3 62 0.000001 0.000000
4 62 0.000009 0.000000
5 62 0.000008 0.000000
6 62 -0.000004 0.000000
7 62 -0.000025 0.000000
8 62 -0.000049 0.000000
9 62 -0.000079 0.000000
10 62 -0.000116 0.000000
11 62 -0.000158 0.000000
12 62 -0.000197 0.000000
13 62 -0.000226 0.000000
14 62 -0.000242 0.000000
15 62 -0.000249 0.000000
16 62 -0.000250 0.000000
17 62 -0.000245 0.000000
18 62 -0.000232 0.000000
19 62 -0.000213 0.000000
20 62 -0.000190 0.000000
21 62 -0.000154 0.000000
22 62 -0.000116 0.000000
23 62 -0.000092 0.000000
24 62 -0.000076 0.000000
25 62 -0.000060 0.000000
26 62 -0.000048 0.000000
27 62 -0.000041 0.000000
28 62 -0.000036 0.000000
29 62 -0.000030 0.000000
30 62 -0.000024 0.000000
31 62 -0.000021 0.000000
32 62 -0.000030 0.000000
33 62 -0.000048 0.000000
34 62 -0.000062 0.000000
35 62 -0.000065 0.000000
36 62 -0.000067 0.000000
37 62 -0.000071 0.000000
38 62 -0.000073 0.000000
39 62 -0.000071 0.000000
40 62 -0.000060 0.000000
41 62 -0.000046 0.000000
42 62 -0.000038 0.000000
43 62 -0.000035 0.000000
44 62 -0.000032 0.000000
45 62 -0.000032 0.000000
46 62 -0.000032 0.000000
47 62 -0.000033 0.000000
48 62 -0.000029 0.000000
49 62 -0.000022 0.000000
50 62 -0.000016 0.000000
51 62 -0.000011 0.000000
52 62 -0.000009 0.000000
53 62 -0.000006 0.000000
54 62 -0.000004 0.000000
55 62 -0.000003 0.000000
56 62 -0.000001 0.000000
57 62 -0.000001 0.000000
58 62 -0.000000 0.000000
59 62 -0.000000 0.000000
60 62 -0.000000 0.000000
61 62 -0.000000 0.000000
62 62 -0.000000 0.000000
63 62 -0.000000 0.000000
64 62 -0.000000 0.000000
65 62 -0.000000 0.000000
66 62 -0.000000 0.000000
67 62 -0.000000 0.000000
68 62 -0.000000 0.000000
69 62 -0.000000 0.000000
70 62 -0.000000 0.000000
71 62 -0.000000 0.000000
72 62 -0.000000 0.000000
73 62 -0.000000 0.000000
74 62 -0.000000 0.000000
75 62 -0.000000 0.000000
76 62 -0.000000 0.000000
77 62 -0.000000 0.000000
78 62 -0.000000 0.000000
79 62 -0.000000 0.000000
80 62 -0.000000 0.000000
81 62 -0.000000 0.000000
82 62 -0.000000 0.000000
83 62 -0.000000 0.000000
84 62 -0.000000 0.000000
85 62 -0.000000 0.000000
86 62 -0.000000 0.000000
87 62 -0.000000 0.000000
88 62 -0.000000 0.000000
89 62 -0.000000 0.000000
90 62 -0.000000 0.000000
91 62 -0.000000 0.000000
92 62 -0.000000 0.000000
93 62 -0.000000 0.000000
94 62 -0.000000 0.000000
95 62 -0.000000 0.000000
96 62 0.000000 0.000000
97 62 0.000000 0.000000
98 62 -0.000002 0.000000
99 62 -0.000004 0.000000
0 63 -0.000003 0.000000
1 63 -0.000002 0.000000
2 63 -0.000004 0.000000
3 63 -0.000002 0.000000
4 63 0.000006 0.000000
5 63 0.000013 0.000000
6 63 0.000012 0.000000
7 63 0.000005 0.000000
8 63 -0.000007 0.000000
9 63 -0.000023 0.000000
10 63 -0.000044 0.000000
11 63 -0.000073 0.000000
12 63 -0.000105 0.000000
13 63 -0.000133 0.000000
14 63 -0.000155 0.000000
15 63 -0.000169 0.000000
16 63 -0.000176 0.000000
17 63 -0.000177 0.000000
18 63 -0.000169 0.000000
19 63 -0.000152 0.000000
20 63 -0.000132 0.000000
21 63 -0.000108 0.000000
22 63 -0.000085 0.000000
23 63 -0.000074 0.000000
24 63 -0.000066 0.000000
25 63 -0.000057 0.000000
26 63 -0.000051 0.000000
27 63 -0.000049 0.000000
28 63 -0.000049 0.000000
29 63 -0.000050 0.000000
30 63 -0.000054 0.000000
31 63 -0.000058 0.000000
32 63 -0.000063 0.000000
33 63 -0.000066 0.000000
34 63 -0.000064 0.000000
35 63 -0.000058 0.000000
36 63 -0.000055 0.000000
37 63 -0.000053 0.000000
38 63 -0.000049 0.000000
39 63 -0.000043 0.000000
40 63 -0.000036 0.000000
41 63 -0.000030 0.000000
42 63 -0.000030 0.000000
43 63 -0.000031 0.000000
44 63 -0.000030 0.000000
45 63 -0.000030 0.000000
46 63 -0.000027 0.000000
47 63 -0.000024 0.000000
48 63 -0.000018 0.000000
49 63 -0.000012 0.000000
50 63 -0.000009 0.000000
51 63 -0.000007 0.000000
52 63 -0.000005 0.000000
53 63 -0.000003 0.000000
54 63 -0.000002 0.000000
55 63 -0.000001 0.000000
56 63 -0.000000 0.000000
57 63 -0.000000 0.000000
58 63 -0.000000 0.000000
59 63 -0.000000 0.000000
60 63 -0.000000 0.000000
61 63 -0.000000 0.000000
62 63 -0.000000 0.000000
63 63 -0.000000 0.000000
64 63 -0.000000 0.000000
65 63 -0.000000 0.000000
66 63 -0.000000 0.000000
67 63 -0.000000 0.000000
68 63 -0.000000 0.000000
69 63 -0.000000 0.000000
70 63 -0.000000 0.000000
71 63 -0.000000 0.000000
72 63 -0.000000 0.000000
73 63 -0.000000 0.000000
74 63 -0.000000 0.000000
75 63 -0.000000 0.000000
76 63 -0.000000 0.000000
77 63 -0.000000 0.000000
78 63 -0.000000 0.000000
79 63 -0.000000 0.000000
80 63 -0.000000 0.000000
81 63 -0.000000 0.000000
82 63 -0.000000 0.000000
83 63 -0.000000 0.000000
84 63 -0.000000 0.000000
85 63 -0.000000 0.000000
86 63 -0.000000 0.000000
87 63 -0.000000 0.000000
88 63 -0.000000 0.000000
89 63 -0.000000 0.000000
90 63 -0.000000 0.000000
91 63 -0.000000 0.000000
92 63 -0.000000 0.000000
93 63 -0.000000 0.000000
94 63 -0.000000 0.000000
95 63 -0.000000 0.000000
96 63 0.000000 0.000000
97 63 0.000000 0.000000
98 63 -0.000002 0.000000
99 63 -0.000004 0.000000
0 64 -0.000002 0.000000
1 64 -0.000001 0.000000
2 64 -0.000004 0.000000
3 64 -0.000005 0.000000
4 64 -0.000000 0.000000
5 64 0.000009 0.000000
6 64 0.000016 0.000000
7 64 0.000021 0.000000
8 64 0.000023 0.000000
9 64 0.000023 0.000000
10 64 0.000019 0.000000
11 64 0.000006 0.000000
12 64 -0.000015 0.000000
13 64 -0.000039 0.000000
14 64 -0.000059 0.000000
15 64 -0.000075 0.000000
16 64 -0.000085 0.000000
17 64 -0.000090 0.000000
18 64 -0.000089 0.000000
19 64 -0.000082 0.000000
20 64 -0.000074 0.000000
21 64 -0.000065 0.000000
22 64 -0.000059 0.000000
23 64 -0.000058 0.000000
24 64 -0.000055 0.000000
25 64 -0.000051 0.000000
26 64 -0.000049 0.000000
27 64 -0.000048 0.000000
28 64 -0.000048 0.000000
29 64 -0.000049 0.000000
30 64 -0.000051 0.000000
31 64 -0.000052 0.000000
32 64 -0.000051 0.000000
33 64 -0.000049 0.000000
34 64 -0.000044 0.000000
35 64 -0.000039 0.000000
36 64 -0.000036 0.000000
37 64 -0.000034 0.000000
38 64 -0.000032 0.000000
39 64 -0.000029 0.000000
40 64 -0.000027 0.000000
41 64 -0.000027 0.000000
42 64 -0.000028 0.000000
43 64 -0.000027 0.000000
44 64 -0.000025 0.000000
45 64 -0.000022 0.000000
46 64 -0.000018 0.000000
47 64 -0.000013 0.000000
48 64 -0.000009 0.000000
49 64 -0.000007 0.000000
50 64 -0.000005 0.000000
51 64 -0.000004 0.000000
52 64 -0.000003 0.000000
53 64 -0.000001 0.000000
54 64 -0.000001 0.000000
55 64 -0.000000 0.000000
56 64 -0.000000 0.000000
57 64 -0.000000 0.000000
58 64 -0.000000 0.000000
59 64 -0.000000 0.000000
60 64 -0.000000 0.000000
61 64 -0.000000 0.000000
62 64 -0.000000 0.000000
63 64 -0.000000 0.000000
64 64 -0.000000 0.000000
65 64 -0.000000 0.000000
66 64 -0.000000 0.000000
67 64 -0.000000 0.000000
68 64 -0.000000 0.000000
69 64 -0.000000 0.000000
70 64 -0.000000 0.000000
71 64 -0.000000 0.000000
72 64 -0.000000 0.000000
73 64 -0.000000 0.000000
74 64 -0.000000 0.000000
75 64 -0.000000 0.000000
76 64 -0.000000 0.000000
77 64 -0.000000 0.000000
78 64 -0.000000 0.000000
79 64 -0.000000 0.000000
80 64 -0.000000 0.000000
81 64 -0.000000 0.000000
82 64 -0.000000 0.000000
83 64 -0.000000 0.000000
84 64 -0.000000 0.000000
85 64 -0.000000 0.000000
86 64 -0.000000 0.000000
87 64 -0.000000 0.000000
88 64 -0.000000 0.000000
89 64 -0.000000 0.000000
90 64 -0.000000 0.000000
91 64 -0.000000 0.000000
92 64 -0.000000 0.000000
93 64 -0.000000 0.000000
94 64 -0.000000 0.000000
95 64 -0.000000 0.000000
96 64 0.000000 0.000000
97 64 0.000000 0.000000
98 64 -0.000002 0.000000
99 64 -0.000004 0.000000
0 65 -0.000002 0.000000
1 65 -0.000001 0.000000
2 65 -0.000003 0.000000
3 65 -0.000006 0.000000
4 65 -0.000005 0.000000
5 65 0.000000 0.000000
6 65 0.000008 0.000000
7 65 0.000017 0.000000
8 65 0.000028 0.000000
9 65 0.000041 0.000000
10 65 0.000051 0.000000
11 65 0.000052 0.000000
12 65 0.000040 0.000000
13 65 0.000020 0.000000
14 65 0.000001 0.000000
15 65 -0.000015 0.000000
16 65 -0.000027 0.000000
17 65 -0.000036 0.000000
18 65 -0.000042 0.000000
19 65 -0.000045 0.000000
20 65 -0.000047 0.000000
21 65 -0.000048 0.000000
22 65 -0.000049 0.000000
23 65 -0.000051 0.000000
24 65 -0.000050 0.000000
25 65 -0.000047 0.000000
26 65 -0.000046 0.000000
27 65 -0.000044 0.000000
28 65 -0.000042 0.000000
29 65 -0.000041 0.000000
30 65 -0.000040 0.000000
31 65 -0.000038 0.000000
32 65 -0.000036 0.000000
33 65 -0.000032 0.000000
34 65 -0.000029 0.000000
35 65 -0.000026 0.000000
36 65 -0.000026 0.000000
37 65 -0.000026 0.000000
38 65 -0.000025 0.000000
39 65 -0.000025 0.000000
40 65 -0.000025 0.000000
41 65 -0.000024 0.000000
42 65 -0.000023 0.000000
43 65 -0.000020 0.000000
44 65 -0.000016 0.000000
45 65 -0.000013 0.000000
46 65 -0.000009 0.000000
47 65 -0.000007 0.000000
48 65 -0.000005 0.000000
49 65 -0.000004 0.000000
50 65 -0.000003 0.000000
51 65 -0.000002 0.000000
52 65 -0.000001 0.000000
53 65 -0.000001 0.000000
54 65 -0.000000 0.000000
55 65 -0.000000 0.000000
56 65 -0.000000 0.000000
57 65 -0.000000 0.000000
58 65 -0.000000 0.000000
59 65 -0.000000 0.000000
60 65 -0.000000 0.000000
61 65 -0.000000 0.000000
62 65 -0.000000 0.000000
63 65 -0.000000 0.000000
64 65 -0.000000 0.000000
65 65 -0.000000 0.000000
66 65 -0.000000 0.000000
67 65 -0.000000 0.000000
68 65 -0.000000 0.000000
69 65 -0.000000 0.000000
70 65 -0.000000 0.000000
71 65 -0.000000 0.000000
72 65 -0.000000 0.000000
73 65 -0.000000 0.000000
74 65 -0.000000 0.000000
75 65 -0.000000 0.000000
76 65 -0.000000 0.000000
77 65 -0.000000 0.000000
78 65 -0.000000 0.000000
79 65 -0.000000 0.000000
80 65 -0.000000 0.000000
81 65 -0.000000 0.000000
82 65 -0.000000 0.000000
83 65 -0.000000 0.000000
84 65 -0.000000 0.000000
85 65 -0.000000 0.000000
86 65 -0.000000 0.000000
87 65 -0.000000 0.000000
88 65 -0.000000 0.000000
89 65 -0.000000 0.000000
90 65 -0.000000 0.000000
91 65 -0.000000 0.000000
92 65 -0.000000 0.000000
93 65 -0.000000 0.000000
94 65 -0.000000 0.000000
95 65 -0.000000 0.000000
96 65 0.000000 0.000000
97 65 0.000000 0.000000
98 65 -0.000001 0.000000
99 65 -0.000003 0.000000
0 66 -0.000002 0.000000
1 66 0.000000 0.000000
2 66 -0.000002 0.000000
3 66 -0.000006 0.000000
4 66 -0.000008 0.000000
5 66 -0.000007 0.000000
6 66 -0.000004 0.000000
7 66 0.000002 0.000000
8 66 0.000011 0.000000
9 66 0.000024 0.000000
10 66 0.000039 0.000000
11 66 0.000048 0.000000
12 66 0.000045 0.000000
13 66 0.000034 0.000000
14 66 0.000022 0.000000
15 66 0.000010 0.000000
16 66 -0.000000 0.000000
17 66 -0.000010 0.000000
18 66 -0.000018 0.000000
19 66 -0.000025 0.000000
20 66 -0.000030 0.000000
21 66 -0.000034 0.000000
22 66 -0.000037 0.000000
23 66 -0.000038 0.000000
24 66 -0.000037 0.000000
25 66 -0.000035 0.000000
26 66 -0.000034 0.000000
27 66 -0.000032 0.000000
28 66 -0.000030 0.000000
29 66 -0.000029 0.000000
30 66 -0.000027 0.000000
31 66 -0.000025 0.000000
32 66 -0.000024 0.000000
33 66 -0.000023 0.000000
34 66 -0.000022 0.000000
35 66 -0.000022 0.000000
36 66 -0.000023 0.000000
37 66 -0.000023 0.000000
38 66 -0.000022 0.000000
39 66 -0.000021 0.000000
40 66 -0.000019 0.000000
41 66 -0.000017 0.000000
42 66 -0.000014 0.000000
43 66 -0.000011 0.000000
44 66 -0.000008 0.000000
45 66 -0.000006 0.000000
46 66 -0.000005 0.000000
47 66 -0.000004 0.000000
48 66 -0.000003 0.000000
49 66 -0.000002 0.000000
50 66 -0.000002 0.000000
51 66 -0.000001 0.000000
52 66 -0.000000 0.000000
53 66 -0.000000 0.000000
54 66 -0.000000 0.000000
55 66 -0.000000 0.000000
56 66 -0.000000 0.000000
57 66 -0.000000 0.000000
58 66 -0.000000 0.000000
59 66 -0.000000 0.000000
60 66 -0.000000 0.000000
61 66 -0.000000 0.000000
62 66 -0.000000 0.000000
63 66 -0.000000 0.000000
64 66 -0.000000 0.000000
65 66 -0.000000 0.000000
66 66 -0.000000 0.000000
67 66 -0.000000 0.000000
68 66 -0.000000 0.000000
69 66 -0.000000 0.000000
70 66 -0.000000 0.000000
71 66 -0.000000 0.000000
72 66 -0.000000 0.000000
73 66 -0.000000 0.000000
74 66 -0.000000 0.000000
75 66 -0.000000 0.000000
76 66 -0.000000 0.000000
77 66 -0.000000 0.000000
78 66 -0.000000 0.000000
79 66 -0.000000 0.000000
80 66 -0.000000 0.000000
81 66 -0.000000 0.000000
82 66 -0.000000 0.000000
83 66 -0.000000 0.000000
84 66 -0.000000 0.000000
85 66 -0.000000 0.000000
86 66 -0.000000 0.000000
87 66 -0.000000 0.000000
88 66 -0.000000 0.000000
89 66 -0.000000 0.000000
90 66 -0.000000 0.000000
91 66 -0.000000 0.000000
92 66 -0.000000 0.000000
93 66 -0.000000 0.000000
94 66 -0.000000 0.000000
95 66 -0.000000 0.000000
96 66 0.000000 0.000000
97 66 0.000000 0.000000
98 66 -0.000001 0.000000
99 66 -0.000003 0.000000
0 67 -0.000002 0.000000
1 67 0.000000 0.000000
2 67 -0.000000 0.000000
3 67 -0.000004 0.000000
4 67 -0.000007 0.000000
5 67 -0.000009 0.000000
6 67 -0.000010 0.000000
7 67 -0.000009 0.000000
8 67 -0.000008 0.000000
9 67 -0.000003 0.000000
10 67 0.000005 0.000000
11 67 0.000013 0.000000
12 67 0.000015 0.000000
13 67 0.000014 0.000000
14 67 0.000011 0.000000
15 67 0.000009 0.000000
16 67 0.000004 0.000000
17 67 -0.000001 0.000000
18 67 -0.000007 0.000000
19 67 -0.000012 0.000000
20 67 -0.000017 0.000000
21 67 -0.000020 0.000000
22 67 -0.000021 0.000000
23 67 -0.000022 0.000000
24 67 -0.000022 0.000000
25 67 -0.000022 0.000000
26 67 -0.000022 0.000000
27 67 -0.000021 0.000000
28 67 -0.000021 0.000000
29 67 -0.000020 0.000000
30 67 -0.000020 0.000000
31 67 -0.000019 0.000000
32 67 -0.000019 0.000000
33 67 -0.000019 0.000000
34 67 -0.000020 0.000000
35 67 -0.000020 0.000000
36 67 -0.000019 0.000000
37 67 -0.000018 0.000000
38 67 -0.000016 0.000000
39 67 -0.000014 0.000000
40 67 -0.000012 0.000000
41 67 -0.000010 0.000000
42 67 -0.000007 0.000000
43 67 -0.000005 0.000000
44 67 -0.000004 0.000000
45 67 -0.000003 0.000000
46 67 -0.000003 0.000000
47 67 -0.000002 0.000000
48 67 -0.000002 0.000000
49 67 -0.000001 0.000000
50 67 -0.000001 0.000000
51 67 -0.000000 0.000000
52 67 -0.000000 0.000000
53 67 -0.000000 0.000000
54 67 -0.000000 0.000000
55 67 -0.000000 0.000000
56 67 -0.000000 0.000000
57 67 -0.000000 0.000000
58 67 -0.000000 0.000000
59 67 -0.000000 0.000000
60 67 -0.000000 0.000000
61 67 -0.000000 0.000000
62 67 -0.000000 0.000000
63 67 -0.000000 0.000000
64 67 -0.000000 0.000000
65 67 -0.000000 0.000000
66 67 -0.000000 0.000000
67 67 -0.000000 0.000000
68 67 -0.000000 0.000000
69 67 -0.000000 0.000000
70 67 -0.000000 0.000000
71 67 -0.000000 0.000000
72 67 -0.000000 0.000000
73 67 -0.000000 0.000000
74 67 -0.000000 0.000000
75 67 -0.000000 0.000000
76 67 -0.000000 0.000000
77 67 -0.000000 0.000000
78 67 -0.000000 0.000000
79 67 -0.000000 0.000000
80 67 -0.000000 0.000000
81 67 -0.000000 0.000000
82 67 -0.000000 0.000000
83 67 -0.000000 0.000000
84 67 -0.000000 0.000000
85 67 -0.000000 0.000000
86 67 -0.000000 0.000000
87 67 -0.000000 0.000000
88 67 -0.000000 0.000000
89 67 -0.000000 0.000000
90 67 -0.000000 0.000000
91 67 -0.000000 0.000000
92 67 -0.000000 0.000000
93 67 -0.000000 0.000000
94 67 -0.000000 0.000000
95 67 -0.000000 0.000000
96 67 0.000000 0.000000
97 67 0.000000 0.000000
98 67 -0.000001 0.000000
99 67 -0.000003 0.000000
0 68 -0.000002 0.000000
1 68 0.000000 0.000000
2 68 0.000001 0.000000
3 68 -0.000002 0.000000
4 68 -0.000005 0.000000
5 68 -0.000007 0.000000
6 68 -0.000009 0.000000
7 68 -0.000010 0.000000
8 68 -0.000011 0.000000
9 68 -0.000012 0.000000
10 68 -0.000010 0.000000
11 68 -0.000008 0.000000
12 68 -0.000006 0.000000
13 68 -0.000005 0.000000
14 68 -0.000003 0.000000
15 68 -0.000001 0.000000
16 68 -0.000000 0.000000
17 68 -0.000002 0.000000
18 68 -0.000003 0.000000
19 68 -0.000006 0.000000
20 68 -0.000008 0.000000
21 68 -0.000009 0.000000
22 68 -0.000010 0.000000
23 68 -0.000011 0.000000
24 68 -0.000012 0.000000
25 68 -0.000013 0.000000
26 68 -0.000014 0.000000
27 68 -0.000015 0.000000
28 68 -0.000015 0.000000
29 68 -0.000016 0.000000
30 68 -0.000016 0.000000
31 68 -0.000016 0.000000
32 68 -0.000016 0.000000
33 68 -0.000015 0.000000
34 68 -0.000015 0.000000
35 68 -0.000014 0.000000
36 68 -0.000012 0.000000
37 68 -0.000011 0.000000
38 68 -0.000009 0.000000
39 68 -0.000007 0.000000
40 68 -0.000006 0.000000
41 68 -0.000004 0.000000
42 68 -0.000003 0.000000
43 68 -0.000003 0.000000
44 68 -0.000002 0.000000
45 68 -0.000002 0.000000
46 68 -0.000002 0.000000
47 68 -0.000001 0.000000
48 68 -0.000001 0.000000
49 68 -0.000000 0.000000
50 68 -0.000000 0.000000
51 68 -0.000000 0.000000
52 68 -0.000000 0.000000
53 68 -0.000000 0.000000
54 68 -0.000000 0.000000
55 68 -0.000000 0.000000
56 68 -0.000000 0.000000
57 68 -0.000000 0.000000
58 68 -0.000000 0.000000
59 68 -0.000000 0.000000
60 68 -0.000000 0.000000
61 68 -0.000000 0.000000
62 68 -0.000000 0.000000
63 68 -0.000000 0.000000
64 68 -0.000000 0.000000
65 68 -0.000000 0.000000
66 68 -0.000000 0.000000
67 68 -0.000000 0.000000
68 68 -0.000000 0.000000
69 68 -0.000000 0.000000
70 68 -0.000000 0.000000
71 68 -0.000000 0.000000
72 68 -0.000000 0.000000
73 68 -0.000000 0.000000
74 68 -0.000000 0.000000
75 68 -0.000000 0.000000
76 68 -0.000000 0.000000
77 68 -0.000000 0.000000
78 68 -0.000000 0.000000
79 68 -0.000000 0.000000
80 68 -0.000000 0.000000
81 68 -0.000000 0.000000
82 68 -0.000000 0.000000
83 68 -0.000000 0.000000
84 68 -0.000000 0.000000
85 68 -0.000000 0.000000
86 68 -0.000000 0.000000
87 68 -0.000000 0.000000
88 68 -0.000000 0.000000
89 68 -0.000000 0.000000
90 68 -0.000000 0.000000
91 68 -0.000000 0.000000
92 68 -0.000000 0.000000
93 68 -0.000000 0.000000
94 68 -0.000000 0.000000
95 68 -0.000000 0.000000
96 68 0.000000 0.000000
97 68 0.000000 0.000000
98 68 -0.000001 0.000000
99 68 -0.000003 0.000000
0 69 -0.000003 0.000000
1 69 0.000000 0.000000
2 69 0.000001 0.000000
3 69 0.000000 0.000000
4 69 -0.000003 0.000000
5 69 -0.000005 0.000000
6 69 -0.000006 0.000000
7 69 -0.000007 0.000000
8 69 -0.000008 0.000000
9 69 -0.000008 0.000000
10 69 -0.000009 0.000000
11 69 -0.000008 0.000000
12 69 -0.000008 0.000000
13 69 -0.000007 0.000000
14 69 -0.000005 0.000000
15 69 -0.000003 0.000000
16 69 -0.000002 0.000000
17 69 -0.000002 0.000000
18 69 -0.000002 0.000000
19 69 -0.000003 0.000000
20 69 -0.000004 0.000000
21 69 -0.000004 0.000000
22 69 -0.000005 0.000000
23 69 -0.000007 0.000000
24 69 -0.000008 0.000000
25 69 -0.000009 0.000000
26 69 -0.000010 0.000000
27 69 -0.000010 0.000000
28 69 -0.000011 0.000000
29 69 -0.000011 0.000000
30 69 -0.000011 0.000000
31 69 -0.000010 0.000000
32 69 -0.000010 0.000000
33 69 -0.000009 0.000000
34 69 -0.000008 0.000000
35 69 -0.000007 0.000000
36 69 -0.000006 0.000000
37 69 -0.000005 0.000000
38 69 -0.000004 0.000000
39 69 -0.000003 0.000000
40 69 -0.000002 0.000000
41 69 -0.000002 0.000000
42 69 -0.000002 0.000000
43 69 -0.000002 0.000000
44 69 -0.000001 0.000000
45 69 -0.000001 0.000000
46 69 -0.000001 0.000000
47 69 -0.000000 0.000000
48 69 -0.000000 0.000000
49 69 -0.000000 0.000000
50 69 -0.000000 0.000000
51 69 -0.000000 0.000000
52 69 -0.000000 0.000000
53 69 -0.000000 0.000000
54 69 -0.000000 0.000000
55 69 -0.000000 0.000000
56 69 -0.000000 0.000000
57 69 -0.000000 0.000000
58 69 -0.000000 0.000000
59 69 -0.000000 0.000000
60 69 -0.000000 0.000000
61 69 -0.000000 0.000000
62 69 -0.000000 0.000000
63 69 -0.000000 0.000000
64 69 -0.000000 0.000000
65 69 -0.000000 0.000000
66 69 -0.000000 0.000000
67 69 -0.000000 0.000000
68 69 -0.000000 0.000000
69 69 -0.000000 0.000000
70 69 -0.000000 0.000000
71 69 -0.000000 0.000000
72 69 -0.000000 0.000000
73 69 -0.000000 0.000000
74 69 -0.000000 0.000000
75 69 -0.000000 0.000000
76 69 -0.000000 0.000000
77 69 -0.000000 0.000000
78 69 -0.000000 0.000000
79 69 -0.000000 0.000000
80 69 -0.000000 0.000000
81 69 -0.000000 0.000000
82 69 -0.000000 0.000000
83 69 -0.000000 0.000000
84 69 -0.000000 0.000000
85 69 -0.000000 0.000000
86 69 -0.000000 0.000000
87 69 -0.000000 0.000000
88 69 -0.000000 0.000000
89 69 -0.000000 0.000000
90 69 -0.000000 0.000000
91 69 -0.000000 0.000000
92 69 -0.000000 0.000000
93 69 -0.000000 0.000000
94 69 -0.000000 0.000000
95 69 0.000000 0.000000
96 69 0.000000 0.000000
97 69 0.000000 0.000000
98 69 -0.000002 0.000000
99 69 -0.000003 0.000000
0 70 -0.000003 0.000000
1 70 -0.000000 0.000000
2 70 0.000001 0.000000
3 70 0.000001 0.000000
4 70 -0.000001 0.000000
5 70 -0.000003 0.000000
6 70 -0.000005 0.000000
7 70 -0.000006 0.000000
8 70 -0.000007 0.000000
9 70 -0.000007 0.000000
10 70 -0.000007 0.000000
11 70 -0.000007 0.000000
12 70 -0.000006 0.000000
13 70 -0.000005 0.000000
14 70 -0.000004 0.000000
15 70 -0.000002 0.000000
16 70 -0.000001 0.000000
17 70 -0.000001 0.000000
18 70 -0.000001 0.000000
19 70 -0.000001 0.000000
20 70 -0.000002 0.000000
21 70 -0.000002 0.000000
22 70 -0.000003 0.000000
23 70 -0.000004 0.000000
24 70 -0.000004 0.000000
25 70 -0.000005 0.000000
26 70 -0.000005 0.000000
27 70 -0.000006 0.000000
28 70 -0.000006 0.000000
29 70 -0.000005 0.000000
30 70 -0.000005 0.000000
31 70 -0.000005 0.000000
32 70 -0.000004 0.000000
33 70 -0.000004 0.000000
34 70 -0.000003 0.000000
35 70 -0.000002 0.000000
36 70 -0.000002 0.000000
37 70 -0.000002 0.000000
38 70 -0.000002 0.000000
39 70 -0.000001 0.000000
40 70 -0.000001 0.000000
41 70 -0.000001 0.000000
42 70 -0.000001 0.000000
43 70 -0.000001 0.000000
44 70 -0.000001 0.000000
45 70 -0.000000 0.000000
46 70 -0.000000 0.000000
47 70 -0.000000 0.000000
48 70 -0.000000 0.000000
49 70 -0.000000 0.000000
50 70 -0.000000 0.000000
51 70 -0.000000 0.000000
52 70 -0.000000 0.000000
53 70 -0.000000 0.000000
54 70 -0.000000 0.000000
55 70 -0.000000 0.000000
56 70 -0.000000 0.000000
57 70 -0.000000 0.000000
58 70 -0.000000 0.000000
59 70 -0.000000 0.000000
60 70 -0.000000 0.000000
61 70 -0.000000 0.000000
62 70 -0.000000 0.000000
63 70 -0.000000 0.000000
64 70 -0.000000 0.000000
65 70 -0.000000 0.000000
66 70 -0.000000 0.000000
67 70 -0.000000 0.000000
68 70 -0.000000 0.000000
69 70 -0.000000 0.000000
70 70 -0.000000 0.000000
71 70 -0.000000 0.000000
72 70 -0.000000 0.000000
73 70 -0.000000 0.000000
74 70 -0.000000 0.000000
75 70 -0.000000 0.000000
76 70 -0.000000 0.000000
77 70 -0.000000 0.000000
78 70 -0.000000 0.000000
79 70 -0.000000 0.000000
80 70 -0.000000 0.000000
81 70 -0.000000 0.000000
82 70 -0.000000 0.000000
83 70 -0.000000 0.000000
84 70 -0.000000 0.000000
85 70 -0.000000 0.000000
86 70 -0.000000 0.000000
87 70 -0.000000 0.000000
88 70 -0.000000 0.000000
89 70 -0.000000 0.000000
90 70 -0.000000 0.000000
91 70 -0.000000 0.000000
92 70 -0.000000 0.000000
93 70 -0.000000 0.000000
94 70 -0.000000 0.000000
95 70 0.000000 0.000000
96 70 0.000000 0.000000
97 70 -0.000000 0.000000
98 70 -0.000002 0.000000
99 70 -0.000003 0.000000
0 71 -0.000003 0.000000
1 71 -0.000001 0.000000
2 71 0.000001 0.000000
3 71 0.000002 0.000000
4 71 0.000001 0.000000
5 71 -0.000001 0.000000
6 71 -0.000003 0.000000
7 71 -0.000004 0.000000
8 71 -0.000005 0.000000
9 71 -0.000006 0.000000
10 71 -0.000006 0.000000
11 71 -0.000006 0.000000
12 71 -0.000005 0.000000
13 71 -0.000004 0.000000
14 71 -0.000003 0.000000
15 71 -0.000002 0.000000
16 71 -0.000002 0.000000
17 71 -0.000001 0.000000
18 71 -0.000001 0.000000
19 71 -0.000001 0.000000
20 71 -0.000001 0.000000
21 71 -0.000001 0.000000
22 71 -0.000001 0.000000
23 71 -0.000002 0.000000
24 71 -0.000002 0.000000
25 71 -0.000002 0.000000
26 71 -0.000002 0.000000
27 71 -0.000002 0.000000
28 71 -0.000002 0.000000
29 71 -0.000002 0.000000
30 71 -0.000001 0.000000
31 71 -0.000001 0.000000
32 71 -0.000001 0.000000
33 71 -0.000001 0.000000
34 71 -0.000001 0.000000
35 71 -0.000001 0.000000
36 71 -0.000001 0.000000
37 71 -0.000001 0.000000
38 71 -0.000001 0.000000
39 71 -0.000001 0.000000
40 71 -0.000001 0.000000
41 71 -0.000001 0.000000
42 71 -0.000000 0.000000
43 71 -0.000000 0.000000
44 71 -0.000000 0.000000
45 71 -0.000000 0.000000
46 71 -0.000000 0.000000
47 71 -0.000000 0.000000
48 71 -0.000000 0.000000
49 71 -0.000000 0.000000
50 71 -0.000000 0.000000
51 71 -0.000000 0.000000
52 71 -0.000000 0.000000
53 71 -0.000000 0.000000
54 71 -0.000000 0.000000
55 71 -0.000000 0.000000
56 71 -0.000000 0.000000
57 71 -0.000000 0.000000
58 71 -0.000000 0.000000
59 71 -0.000000 0.000000
60 71 -0.000000 0.000000
61 71 -0.000000 0.000000
62 71 -0.000000 0.000000
63 71 -0.000000 0.000000
64 71 -0.000000 0.000000
65 71 -0.000000 0.000000
66 71 -0.000000 0.000000
67 71 -0.000000 0.000000
68 71 -0.000000 0.000000
69 71 -0.000000 0.000000
70 71 -0.000000 0.000000
71 71 -0.000000 0.000000
72 71 -0.000000 0.000000
73 71 -0.000000 0.000000
74 71 -0.000000 0.000000
75 71 -0.000000 0.000000
76 71 -0.000000 0.000000
77 71 -0.000000 0.000000
78 71 -0.000000 0.000000
79 71 -0.000000 0.000000
80 71 -0.000000 0.000000
81 71 -0.000000 0.000000
82 71 -0.000000 0.000000
83 71 -0.000000 0.000000
84 71 -0.000000 0.000000
85 71 -0.000000 0.000000
86 71 -0.000000 0.000000
87 71 -0.000000 0.000000
88 71 -0.000000 0.000000
89 71 -0.000000 0.000000
90 71 -0.000000 0.000000
91 71 -0.000000 0.000000
92 71 -0.000000 0.000000
93 71 -0.000000 0.000000
94 71 -0.000000 0.000000
95 71 0.000000 0.000000
96 71 0.000000 0.000000
97 71 -0.000000 0.000000
98 71 -0.000002 0.000000
99 71 -0.000003 0.000000
0 72 -0.000003 0.000000
1 72 -0.000001 0.000000
2 72 0.000001 0.000000
3 72 0.000002 0.000000
4 72 0.000003 0.000000
5 72 0.000003 0.000000
6 72 0.000001 0.000000
7 72 0.000000 0.000000
8 72 -0.000001 0.000000
9 72 -0.000002 0.000000
10 72 -0.000002 0.000000
11 72 -0.000002 0.000000
12 72 -0.000002 0.000000
13 72 -0.000002 0.000000
14 72 -0.000002 0.000000
15 72 -0.000001 0.000000
16 72 -0.000001 0.000000
17 72 -0.000001 0.000000
18 72 -0.000001 0.000000
19 72 -0.000001 0.000000
20 72 -0.000001 0.000000
21 72 -0.000001 0.000000
22 72 -0.000001 0.000000
23 72 -0.000001 0.000000
24 72 -0.000000 0.000000
25 72 -0.000000 0.000000
26 72 -0.000000 0.000000
27 72 -0.000000 0.000000
28 72 -0.000000 0.000000
29 72 -0.000000 0.000000
30 72 -0.000000 0.000000
31 72 -0.000000 0.000000
32 72 -0.000000 0.000000
33 72 -0.000001 0.000000
34 72 -0.000001 0.000000
35 72 -0.000001 0.000000
36 72 -0.000001 0.000000
37 72 -0.000001 0.000000
38 72 -0.000000 0.000000
39 72 -0.000000 0.000000
40 72 -0.000000 0.000000
41 72 -0.000000 0.000000
42 72 -0.000000 0.000000
43 72 -0.000000 0.000000
44 72 -0.000000 0.000000
45 72 -0.000000 0.000000
46 72 -0.000000 0.000000
47 72 -0.000000 0.000000
48 72 -0.000000 0.000000
49 72 -0.000000 0.000000
50 72 -0.000000 0.000000
51 72 -0.000000 0.000000
52 72 -0.000000 0.000000
53 72 -0.000000 0.000000
54 72 -0.000000 0.000000
55 72 -0.000000 0.000000
56 72 -0.000000 0.000000
57 72 -0.000000 0.000000
58 72 -0.000000 0.000000
59 72 -0.000000 0.000000
60 72 -0.000000 0.000000
61 72 -0.000000 0.000000
62 72 -0.000000 0.000000
63 72 -0.000000 0.000000
64 72 -0.000000 0.000000
65 72 -0.000000 0.000000
66 72 -0.000000 0.000000
67 72 -0.000000 0.000000
68 72 -0.000000 0.000000
69 72 -0.000000 0.000000
70 72 -0.000000 0.000000
71 72 -0.000000 0.000000
72 72 -0.000000 0.000000
73 72 -0.000000 0.000000
74 72 -0.000000 0.000000
75 72 -0.000000 0.000000
76 72 -0.000000 0.000000
77 72 -0.000000 0.000000
78 72 -0.000000 0.000000
79 72 -0.000000 0.000000
80 72 -0.000000 0.000000
81 72 -0.000000 0.000000
82 72 -0.000000 0.000000
83 72 -0.000000 0.000000
84 72 -0.000000 0.000000
85 72 -0.000000 0.000000
86 72 -0.000000 0.000000
87 72 -0.000000 0.000000
88 72 -0.000000 0.000000
89 72 -0.000000 0.000000
90 72 -0.000000 0.000000
91 72 -0.000000 0.000000
92 72 -0.000000 0.000000
93 72 -0.000000 0.000000
94 72 -0.000000 0.000000
95 72 0.000000 0.000000
96 72 0.000000 0.000000
97 72 -0.000001 0.000000
98 72 -0.000002 0.000000
99 72 -0.000003 0.000000
0 73 -0.000002 0.000000
1 73 -0.000001 0.000000
2 73 0.000000 0.000000
3 73 0.000001 0.000000
4 73 0.000003 0.000000
5 73 0.000004 0.000000
6 73 0.000004 0.000000
7 73 0.000003 0.000000
8 73 0.000002 0.000000
9 73 0.000002 0.000000
10 73 0.000001 0.000000
11 73 0.000000 0.000000
12 73 0.000000 0.000000
13 73 -0.000000 0.000000
14 73 -0.000000 0.000000
15 73 -0.000000 0.000000
16 73 -0.000001 0.000000
17 73 -0.000000 0.000000
18 73 -0.000000 0.000000
19 73 -0.000000 0.000000
20 73 -0.000000 0.000000
21 73 -0.000000 0.000000
22 73 -0.000000 0.000000
23 73 -0.000000 0.000000
24 73 -0.000000 0.000000
25 73 -0.000000 0.000000
26 73 -0.000000 0.000000
27 73 -0.000000 0.000000
28 73 -0.000000 0.000000
29 73 -0.000000 0.000000
30 73 -0.000000 0.000000
31 73 -0.000000 0.000000
32 73 -0.000000 0.000000
33 73 -0.000000 0.000000
34 73 -0.000000 0.000000
35 73 -0.000000 0.000000
36 73 -0.000000 0.000000
37 73 -0.000000 0.000000
38 73 -0.000000 0.000000
39 73 -0.000000 0.000000
40 73 -0.000000 0.000000
41 73 -0.000000 0.000000
42 73 -0.000000 0.000000
43 73 -0.000000 0.000000
44 73 -0.000000 0.000000
45 73 -0.000000 0.000000
46 73 -0.000000 0.000000
47 73 -0.000000 0.000000
48 73 -0.000000 0.000000
49 73 -0.000000 0.000000
50 73 -0.000000 0.000000
51 73 -0.000000 0.000000
52 73 -0.000000 0.000000
53 73 -0.000000 0.000000
54 73 -0.000000 0.000000
55 73 -0.000000 0.000000
56 73 -0.000000 0.000000
57 73 -0.000000 0.000000
58 73 -0.000000 0.000000
59 73 -0.000000 0.000000
60 73 -0.000000 0.000000
61 73 -0.000000 0.000000
62 73 -0.000000 0.000000
63 73 -0.000000 0.000000
64 73 -0.000000 0.000000
65 73 -0.000000 0.000000
66 73 -0.000000 0.000000
67 73 -0.000000 0.000000
68 73 -0.000000 0.000000
69 73 -0.000000 0.000000
70 73 -0.000000 0.000000
71 73 -0.000000 0.000000
72 73 -0.000000 0.000000
73 73 -0.000000 0.000000
74 73 -0.000000 0.000000
75 73 -0.000000 0.000000
76 73 -0.000000 0.000000
77 73 -0.000000 0.000000
78 73 -0.000000 0.000000
79 73 -0.000000 0.000000
80 73 -0.000000 0.000000
81 73 -0.000000 0.000000
82 73 -0.000000 0.000000
83 73 -0.000000 0.000000
84 73 -0.000000 0.000000
85 73 -0.000000 0.000000
86 73 -0.000000 0.000000
87 73 -0.000000 0.000000
88 73 -0.000000 0.000000
89 73 -0.000000 0.000000
90 73 -0.000000 0.000000
91 73 -0.000000 0.000000
92 73 -0.000000 0.000000
93 73 -0.000000 0.000000
94 73 -0.000000 0.000000
95 73 0.000000 0.000000
96 73 0.000000 0.000000
97 73 -0.000001 0.000000
98 73 -0.000002 0.000000
99 73 -0.000003 0.000000
0 74 -0.000002 0.000000
1 74 -0.000001 0.000000
2 74 -0.000001 0.000000
3 74 0.000000 0.000000
4 74 0.000001 0.000000
5 74 0.000002 0.000000
6 74 0.000003 0.000000
7 74 0.000003 0.000000
8 74 0.000003 0.000000
9 74 0.000002 0.000000
10 74 0.000002 0.000000
11 74 0.000001 0.000000
12 74 0.000001 0.000000
13 74 0.000000 0.000000
14 74 0.000000 0.000000
15 74 -0.000000 0.000000
16 74 -0.000000 0.000000
17 74 -0.000000 0.000000
18 74 -0.000000 0.000000
19 74 -0.000000 0.000000
20 74 -0.000000 0.000000
21 74 -0.000000 0.000000
22 74 -0.000000 0.000000
23 74 -0.000000 0.000000
24 74 -0.000000 0.000000
25 74 -0.000000 0.000000
26 74 -0.000000 0.000000
27 74 -0.000000 0.000000
28 74 -0.000000 0.000000
29 74 -0.000000 0.000000
30 74 -0.000000 0.000000
31 74 -0.000000 0.000000
32 74 -0.000000 0.000000
33 74 -0.000000 0.000000
34 74 -0.000000 0.000000
35 74 -0.000000 0.000000
36 74 -0.000000 0.000000
37 74 -0.000000 0.000000
38 74 -0.000000 0.000000
39 74 -0.000000 0.000000
40 74 -0.000000 0.000000
41 74 -0.000000 0.000000
42 74 -0.000000 0.000000
43 74 -0.000000 0.000000
44 74 -0.000000 0.000000
45 74 -0.000000 0.000000
46 74 -0.000000 0.000000
47 74 -0.000000 0.000000
48 74 -0.000000 0.000000
49 74 -0.000000 0.000000
50 74 -0.000000 0.000000
51 74 -0.000000 0.000000
52 74 -0.000000 0.000000
53 74 -0.000000 0.000000
54 74 -0.000000 0.000000
55 74 -0.000000 0.000000
56 74 -0.000000 0.000000
57 74 -0.000000 0.000000
58 74 -0.000000 0.000000
59 74 -0.000000 0.000000
60 74 -0.000000 0.000000
61 74 -0.000000 0.000000
62 74 -0.000000 0.000000
63 74 -0.000000 0.000000
64 74 -0.000000 0.000000
65 74 -0.000000 0.000000
66 74 -0.000000 0.000000
67 74 -0.000000 0.000000
68 74 -0.000000 0.000000
69 74 -0.000000 0.000000
70 74 -0.000000 0.000000
71 74 -0.000000 0.000000
72 74 -0.000000 0.000000
73 74 -0.000000 0.000000
74 74 -0.000000 0.000000
75 74 -0.000000 0.000000
76 74 -0.000000 0.000000
77 74 -0.000000 0.000000
78 74 -0.000000 0.000000
79 74 -0.000000 0.000000
80 74 -0.000000 0.000000
81 74 -0.000000 0.000000
82 74 -0.000000 0.000000
83 74 -0.000000 0.000000
84 74 -0.000000 0.000000
85 74 -0.000000 0.000000
86 74 -0.000000 0.000000
87 74 -0.000000 0.000000
88 74 -0.000000 0.000000
89 74 -0.000000 0.000000
90 74 -0.000000 0.000000
91 74 -0.000000 0.000000
92 74 -0.000000 0.000000
93 74 -0.000000 0.000000
94 74 -0.000000 0.000000
95 74 0.000000 0.000000
96 74 -0.000000 0.000000
97 74 -0.000001 0.000000
98 74 -0.000002 0.000000
99 74 -0.000003 0.000000
0 75 -0.000002 0.000000
1 75 -0.000001 0.000000
2 75 -0.000001 0.000000
3 75 -0.000001 0.000000
4 75 -0.000000 0.000000
5 75 0.000000 0.000000
6 75 0.000000 0.000000
7 75 0.000001 0.000000
8 75 0.000001 0.000000
9 75 0.000001 0.000000
10 75 0.000001 0.000000
11 75 0.000000 0.000000
12 75 0.000000 0.000000
13 75 0.000000 0.000000
14 75 0.000000 0.000000
15 75 0.000000 0.000000
16 75 -0.000000 0.000000
17 75 -0.000000 0.000000
18 75 -0.000000 0.000000
19 75 -0.000000 0.000000
20 75 -0.000000 0.000000
21 75 -0.000000 0.000000
22 75 -0.000000 0.000000
23 75 -0.000000 0.000000
24 75 -0.000000 0.000000
25 75 -0.000000 0.000000
26 75 -0.000000 0.000000
27 75 -0.000000 0.000000
28 75 -0.000000 0.000000
29 75 -0.000000 0.000000
30 75 -0.000000 0.000000
31 75 -0.000000 0.000000
32 75 -0.000000 0.000000
33 75 -0.000000 0.000000
34 75 -0.000000 0.000000
35 75 -0.000000 0.000000
36 75 -0.000000 0.000000
37 75 -0.000000 0.000000
38 75 -0.000000 0.000000
39 75 -0.000000 0.000000
40 75 -0.000000 0.000000
41 75 -0.000000 0.000000
42 75 -0.000000 0.000000
43 75 -0.000000 0.000000
44 75 -0.000000 0.000000
45 75 -0.000000 0.000000
46 75 -0.000000 0.000000
47 75 -0.000000 0.000000
48 75 -0.000000 0.000000
49 75 -0.000000 0.000000
50 75 -0.000000 0.000000
51 75 -0.000000 0.000000
52 75 -0.000000 0.000000
53 75 -0.000000 0.000000
54 75 -0.000000 0.000000
55 75 -0.000000 0.000000
56 75 -0.000000 0.000000
57 75 -0.000000 0.000000
58 75 -0.000000 0.000000
59 75 -0.000000 0.000000
60 75 -0.000000 0.000000
61 75 -0.000000 0.000000
62 75 -0.000000 0.000000
63 75 -0.000000 0.000000
64 75 -0.000000 0.000000
65 75 -0.000000 0.000000
66 75 -0.000000 0.000000
67 75 -0.000000 0.000000
68 75 -0.000000 0.000000
69 75 -0.000000 0.000000
70 75 -0.000000 0.000000
71 75 -0.000000 0.000000
72 75 -0.000000 0.000000
73 75 -0.000000 0.000000
74 75 -0.000000 0.000000
75 75 -0.000000 0.000000
76 75 -0.000000 0.000000
77 75 -0.000000 0.000000
78 75 -0.000000 0.000000
79 75 -0.000000 0.000000
80 75 -0.000000 0.000000
81 75 -0.000000 0.000000
82 75 -0.000000 0.000000
83 75 -0.000000 0.000000
84 75 -0.000000 0.000000
85 75 -0.000000 0.000000
86 75 -0.000000 0.000000
87 75 -0.000000 0.000000
88 75 -0.000000 0.000000
89 75 -0.000000 0.000000
90 75 -0.000000 0.000000
91 75 -0.000000 0.000000
92 75 -0.000000 0.000000
93 75 -0.000000 0.000000
94 75 -0.000000 0.000000
95 75 -0.000000 0.000000
96 75 -0.000000 0.000000
97 75 -0.000001 0.000000
98 75 -0.000002 0.000000
99 75 -0.000003 0.000000
0 76 -0.000002 0.000000
1 76 -0.000000 0.000000
2 76 -0.000000 0.000000
3 76 -0.000001 0.000000
4 76 -0.000001 0.000000
5 76 -0.000001 0.000000
6 76 -0.000001 0.000000
7 76 -0.000000 0.000000
8 76 -0.000000 0.000000
9 76 -0.000000 0.000000
10 76 -0.000000 0.000000
11 76 -0.000000 0.000000
12 76 -0.000000 0.000000
13 76 -0.000000 0.000000
14 76 -0.000000 0.000000
15 76 -0.000000 0.000000
16 76 -0.000000 0.000000
17 76 -0.000000 0.000000
18 76 -0.000000 0.000000
19 76 -0.000000 0.000000
20 76 -0.000000 0.000000
21 76 -0.000000 0.000000
22 76 -0.000000 0.000000
23 76 -0.000000 0.000000
24 76 -0.000000 0.000000
25 76 -0.000000 0.000000
26 76 -0.000000 0.000000
27 76 -0.000000 0.000000
28 76 -0.000000 0.000000
29 76 -0.000000 0.000000
30 76 -0.000000 0.000000
31 76 -0.000000 0.000000
32 76 -0.000000 0.000000
33 76 -0.000000 0.000000
34 76 -0.000000 0.000000
35 76 -0.000000 0.000000
36 76 -0.000000 0.000000
37 76 -0.000000 0.000000
38 76 -0.000000 0.000000
39 76 -0.000000 0.000000
40 76 -0.000000 0.000000
41 76 -0.000000 0.000000
42 76 -0.000000 0.000000
43 76 -0.000000 0.000000
44 76 -0.000000 0.000000
45 76 -0.000000 0.000000
46 76 -0.000000 0.000000
47 76 -0.000000 0.000000
48 76 -0.000000 0.000000
49 76 -0.000000 0.000000
50 76 -0.000000 0.000000
51 76 -0.000000 0.000000
52 76 -0.000000 0.000000
53 76 -0.000000 0.000000
54 76 -0.000000 0.000000
55 76 -0.000000 0.000000
56 76 -0.000000 0.000000
57 76 -0.000000 0.000000
58 76 -0.000000 0.000000
59 76 -0.000000 0.000000
60 76 -0.000000 0.000000
61 76 -0.000000 0.000000
62 76 -0.000000 0.000000
63 76 -0.000000 0.000000
64 76 -0.000000 0.000000
65 76 -0.000000 0.000000
66 76 -0.000000 0.000000
67 76 -0.000000 0.000000
68 76 -0.000000 0.000000
69 76 -0.000000 0.000000
70 76 -0.000000 0.000000
71 76 -0.000000 0.000000
72 76 -0.000000 0.000000
73 76 -0.000000 0.000000
74 76 -0.000000 0.000000
75 76 -0.000000 0.000000
76 76 -0.000000 0.000000
77 76 -0.000000 0.000000
78 76 -0.000000 0.000000
79 76 -0.000000 0.000000
80 76 -0.000000 0.000000
81 76 -0.000000 0.000000
82 76 -0.000000 0.000000
83 76 -0.000000 0.000000
84 76 -0.000000 0.000000
85 76 -0.000000 0.000000
86 76 -0.000000 0.000000
87 76 -0.000000 0.000000
88 76 -0.000000 0.000000
89 76 -0.000000 0.000000
90 76 -0.000000 0.000000
91 76 -0.000000 0.000000
92 76 -0.000000 0.000000
93 76 -0.000000 0.000000
94 76 -0.000000 0.000000
95 76 -0.000000 0.000000
96 76 -0.000000 0.000000
97 76 -0.000001 0.000000
98 76 -0.000002 0.000000
99 76 -0.000003 0.000000
0 77 -0.000002 0.000000
1 77 -0.000000 0.000000
2 77 -0.000000 0.000000
3 77 -0.000000 0.000000
4 77 -0.000001 0.000000
5 77 -0.000001 0.000000
6 77 -0.000001 0.000000
7 77 -0.000000 0.000000
8 77 -0.000000 0.000000
9 77 -0.000000 0.000000
10 77 -0.000000 0.000000
11 77 -0.000000 0.000000
12 77 -0.000000 0.000000
13 77 -0.000000 0.000000
14 77 -0.000000 0.000000
15 77 -0.000000 0.000000
16 77 -0.000000 0.000000
17 77 -0.000000 0.000000
18 77 -0.000000 0.000000
19 77 -0.000000 0.000000
20 77 -0.000000 0.000000
21 77 -0.000000 0.000000
22 77 -0.000000 0.000000
23 77 -0.000000 0.000000
24 77 -0.000000 0.000000
25 77 -0.000000 0.000000
26 77 -0.000000 0.000000
27 77 -0.000000 0.000000
28 77 -0.000000 0.000000
29 77 -0.000000 0.000000
30 77 -0.000000 0.000000
31 77 -0.000000 0.000000
32 77 -0.000000 0.000000
33 77 -0.000000 0.000000
34 77 -0.000000 0.000000
35 77 -0.000000 0.000000
36 77 -0.000000 0.000000
37 77 -0.000000 0.000000
38 77 -0.000000 0.000000
39 77 -0.000000 0.000000
40 77 -0.000000 0.000000
41 77 -0.000000 0.000000
42 77 -0.000000 0.000000
43 77 -0.000000 0.000000
44 77 -0.000000 0.000000
45 77 -0.000000 0.000000
46 77 -0.000000 0.000000
47 77 -0.000000 0.000000
48 77 -0.000000 0.000000
49 77 -0.000000 0.000000
50 77 -0.000000 0.000000
51 77 -0.000000 0.000000
52 77 -0.000000 0.000000
53 77 -0.000000 0.000000
54 77 -0.000000 0.000000
55 77 -0.000000 0.000000
56 77 -0.000000 0.000000
57 77 -0.000000 0.000000
58 77 -0.000000 0.000000
59 77 -0.000000 0.000000
60 77 -0.000000 0.000000
61 77 -0.000000 0.000000
62 77 -0.000000 0.000000
63 77 -0.000000 0.000000
64 77 -0.000000 0.000000
65 77 -0.000000 0.000000
66 77 -0.000000 0.000000
67 77 -0.000000 0.000000
68 77 -0.000000 0.000000
69 77 -0.000000 0.000000
70 77 -0.000000 0.000000
71 77 -0.000000 0.000000
72 77 -0.000000 0.000000
73 77 -0.000000 0.000000
74 77 -0.000000 0.000000
75 77 -0.000000 0.000000
76 77 -0.000000 0.000000
77 77 -0.000000 0.000000
78 77 -0.000000 0.000000
79 77 -0.000000 0.000000
80 77 -0.000000 0.000000
81 77 -0.000000 0.000000
82 77 -0.000000 0.000000
83 77 -0.000000 0.000000
84 77 -0.000000 0.000000
85 77 -0.000000 0.000000
86 77 -0.000000 0.000000
87 77 -0.000000 0.000000
88 77 -0.000000 0.000000
89 77 -0.000000 0.000000
90 77 -0.000000 0.000000
91 77 -0.000000 0.000000
92 77 -0.000000 0.000000
93 77 -0.000000 0.000000
94 77 -0.000000 0.000000
95 77 -0.000000 0.000000
96 77 -0.000001 0.000000
97 77 -0.000002 0.000000
98 77 -0.000002 0.000000
99 77 -0.000003 0.000000
0 78 -0.000002 0.000000
1 78 -0.000000 0.000000
2 78 -0.000000 0.000000
3 78 -0.000000 0.000000
4 78 -0.000000 0.000000
5 78 -0.000000 0.000000
6 78 -0.000000 0.000000
7 78 -0.000000 0.000000
8 78 -0.000000 0.000000
9 78 -0.000000 0.000000
10 78 -0.000000 0.000000
11 78 -0.000000 0.000000
12 78 -0.000000 0.000000
13 78 -0.000000 0.000000
14 78 -0.000000 0.000000
15 78 -0.000000 0.000000
16 78 -0.000000 0.000000
17 78 -0.000000 0.000000
18 78 -0.000000 0.000000
19 78 -0.000000 0.000000
20 78 -0.000000 0.000000
21 78 -0.000000 0.000000
22 78 -0.000000 0.000000
23 78 -0.000000 0.000000
24 78 -0.000000 0.000000
25 78 -0.000000 0.000000
26 78 -0.000000 0.000000
27 78 -0.000000 0.000000
28 78 -0.000000 0.000000
29 78 -0.000000 0.000000
30 78 -0.000000 0.000000
31 78 -0.000000 0.000000
32 78 -0.000000 0.000000
33 78 -0.000000 0.000000
34 78 -0.000000 0.000000
35 78 -0.000000 0.000000
36 78 -0.000000 0.000000
37 78 -0.000000 0.000000
38 78 -0.000000 0.000000
39 78 -0.000000 0.000000
40 78 -0.000000 0.000000
41 78 -0.000000 0.000000
42 78 -0.000000 0.000000
43 78 -0.000000 0.000000
44 78 -0.000000 0.000000
45 78 -0.000000 0.000000
46 78 -0.000000 0.000000
47 78 -0.000000 0.000000
48 78 -0.000000 0.000000
49 78 -0.000000 0.000000
50 78 -0.000000 0.000000
51 78 -0.000000 0.000000
52 78 -0.000000 0.000000
53 78 -0.000000 0.000000
54 78 -0.000000 0.000000
55 78 -0.000000 0.000000
56 78 -0.000000 0.000000
57 78 -0.000000 0.000000
58 78 -0.000000 0.000000
59 78 -0.000000 0.000000
60 78 -0.000000 0.000000
61 78 -0.000000 0.000000
62 78 -0.000000 0.000000
63 78 -0.000000 0.000000
64 78 -0.000000 0.000000
65 78 -0.000000 0.000000
66 78 -0.000000 0.000000
67 78 -0.000000 0.000000
68 78 -0.000000 0.000000
69 78 -0.000000 0.000000
70 78 -0.000000 0.000000
71 78 -0.000000 0.000000
72 78 -0.000000 0.000000
73 78 -0.000000 0.000000
74 78 -0.000000 0.000000
75 78 -0.000000 0.000000
76 78 -0.000000 0.000000
77 78 -0.000000 0.000000
78 78 -0.000000 0.000000
79 78 -0.000000 0.000000
80 78 -0.000000 0.000000
81 78 -0.000000 0.000000
82 78 -0.000000 0.000000
83 78 -0.000000 0.000000
84 78 -0.000000 0.000000
85 78 -0.000000 0.000000
86 78 -0.000000 0.000000
87 78 -0.000000 0.000000
88 78 -0.000000 0.000000
89 78 -0.000000 0.000000
90 78 -0.000000 0.000000
91 78 -0.000000 0.000000
92 78 -0.000000 0.000000
93 78 -0.000000 0.000000
94 78 -0.000000 0.000000
95 78 -0.000000 0.000000
96 78 -0.000001 0.000000
97 78 -0.000002 0.000000
98 78 -0.000002 0.000000
99 78 -0.000003 0.000000
0 79 -0.000002 0.000000
1 79 -0.000000 0.000000
2 79 -0.000000 0.000000
3 79 -0.000000 0.000000
4 79 -0.000000 0.000000
5 79 -0.000000 0.000000
6 79 -0.000000 0.000000
7 79 -0.000000 0.000000
8 79 -0.000000 0.000000
9 79 -0.000000 0.000000
10 79 -0.000000 0.000000
11 79 -0.000000 0.000000
12 79 -0.000000 0.000000
13 79 -0.000000 0.000000
14 79 -0.000000 0.000000
15 79 -0.000000 0.000000
16 79 -0.000000 0.000000
17 79 -0.000000 0.000000
18 79 -0.000000 0.000000
19 79 -0.000000 0.000000
20 79 -0.000000 0.000000
21 79 -0.000000 0.000000
22 79 -0.000000 0.000000
23 79 -0.000000 0.000000
24 79 -0.000000 0.000000
25 79 -0.000000 0.000000
26 79 -0.000000 0.000000
27 79 -0.000000 0.000000
28 79 -0.000000 0.000000
29 79 -0.000000 0.000000
30 79 -0.000000 0.000000
31 79 -0.000000 0.000000
32 79 -0.000000 0.000000
33 79 -0.000000 0.000000
34 79 -0.000000 0.000000
35 79 -0.000000 0.000000
36 79 -0.000000 0.000000
37 79 -0.000000 0.000000
38 79 -0.000000 0.000000
39 79 -0.000000 0.000000
40 79 -0.000000 0.000000
41 79 -0.000000 0.000000
42 79 -0.000000 0.000000
43 79 -0.000000 0.000000
44 79 -0.000000 0.000000
45 79 -0.000000 0.000000
46 79 -0.000000 0.000000
47 79 -0.000000 0.000000
48 79 -0.000000 0.000000
49 79 -0.000000 0.000000
50 79 -0.000000 0.000000
51 79 -0.000000 0.000000
52 79 -0.000000 0.000000
53 79 -0.000000 0.000000
54 79 -0.000000 0.000000
55 79 -0.000000 0.000000
56 79 -0.000000 0.000000
57 79 -0.000000 0.000000
58 79 -0.000000 0.000000
59 79 -0.000000 0.000000
60 79 -0.000000 0.000000
61 79 -0.000000 0.000000
62 79 -0.000000 0.000000
63 79 -0.000000 0.000000
64 79 -0.000000 0.000000
65 79 -0.000000 0.000000
66 79 -0.000000 0.000000
67 79 -0.000000 0.000000
68 79 -0.000000 0.000000
69 79 -0.000000 0.000000
70 79 -0.000000 0.000000
71 79 -0.000000 0.000000
72 79 -0.000000 0.000000
73 79 -0.000000 0.000000
74 79 -0.000000 0.000000
75 79 -0.000000 0.000000
76 79 -0.000000 0.000000
77 79 -0.000000 0.000000
78 79 -0.000000 0.000000
79 79 -0.000000 0.000000
80 79 -0.000000 0.000000
81 79 -0.000000 0.000000
82 79 -0.000000 0.000000
83 79 -0.000000 0.000000
84 79 -0.000000 0.000000
85 79 -0.000000 0.000000
86 79 -0.000000 0.000000
87 79 -0.000000 0.000000
88 79 -0.000000 0.000000
89 79 -0.000000 0.000000
90 79 -0.000000 0.000000
91 79 -0.000000 0.000000
92 79 -0.000000 0.000000
93 79 -0.000000 0.000000
94 79 -0.000000 0.000000
95 79 -0.000000 0.000000
96 79 -0.000001 0.000000
97 79 -0.000002 0.000000
98 79 -0.000002 0.000000
99 79 -0.000003 0.000000
0 80 -0.000002 0.000000
1 80 -0.000000 0.000000
2 80 0.000000 0.000000
3 80 -0.000000 0.000000
4 80 -0.000000 0.000000
5 80 -0.000000 0.000000
6 80 -0.000000 0.000000
7 80 -0.000000 0.000000
8 80 -0.000000 0.000000
9 80 -0.000000 0.000000
10 80 -0.000000 0.000000
11 80 -0.000000 0.000000
12 80 -0.000000 0.000000
13 80 -0.000000 0.000000
14 80 -0.000000 0.000000
15 80 -0.000000 0.000000
16 80 -0.000000 0.000000
17 80 -0.000000 0.000000
18 80 -0.000000 0.000000
19 80 -0.000000 0.000000
20 80 -0.000000 0.000000
21 80 -0.000000 0.000000
22 80 -0.000000 0.000000
23 80 -0.000000 0.000000
24 80 -0.000000 0.000000
25 80 -0.000000 0.000000
26 80 -0.000000 0.000000
27 80 -0.000000 0.000000
28 80 -0.000000 0.000000
29 80 -0.000000 0.000000
30 80 -0.000000 0.000000
31 80 -0.000000 0.000000
32 80 -0.000000 0.000000
33 80 -0.000000 0.000000
34 80 -0.000000 0.000000
35 80 -0.000000 0.000000
36 80 -0.000000 0.000000
37 80 -0.000000 0.000000
38 80 -0.000000 0.000000
39 80 -0.000000 0.000000
40 80 -0.000000 0.000000
41 80 -0.000000 0.000000
42 80 -0.000000 0.000000
43 80 -0.000000 0.000000
44 80 -0.000000 0.000000
45 80 -0.000000 0.000000
46 80 -0.000000 0.000000
47 80 -0.000000 0.000000
48 80 -0.000000 0.000000
49 80 -0.000000 0.000000
50 80 -0.000000 0.000000
51 80 -0.000000 0.000000
52 80 -0.000000 0.000000
53 80 -0.000000 0.000000
54 80 -0.000000 0.000000
55 80 -0.000000 0.000000
56 80 -0.000000 0.000000
57 80 -0.000000 0.000000
58 80 -0.000000 0.000000
59 80 -0.000000 0.000000
60 80 -0.000000 0.000000
61 80 -0.000000 0.000000
62 80 -0.000000 0.000000
63 80 -0.000000 0.000000
64 80 -0.000000 0.000000
65 80 -0.000000 0.000000
66 80 -0.000000 0.000000
67 80 -0.000000 0.000000
68 80 -0.000000 0.000000
69 80 -0.000000 0.000000
70 80 -0.000000 0.000000
71 80 -0.000000 0.000000
72 80 -0.000000 0.000000
73 80 -0.000000 0.000000
74 80 -0.000000 0.000000
75 80 -0.000000 0.000000
76 80 -0.000000 0.000000
77 80 -0.000000 0.000000
78 80 -0.000000 0.000000
79 80 -0.000000 0.000000
80 80 -0.000000 0.000000
81 80 -0.000000 0.000000
82 80 -0.000000 0.000000
83 80 -0.000000 0.000000
84 80 -0.000000 0.000000
85 80 -0.000000 0.000000
86 80 -0.000000 0.000000
87 80 -0.000000 0.000000
88 80 -0.000000 0.000000
89 80 -0.000000 0.000000
90 80 -0.000000 0.000000
91 80 -0.000000 0.000000
92 80 -0.000000 0.000000
93 80 -0.000000 0.000000
94 80 -0.000000 0.000000
95 80 -0.000000 0.000000
96 80 -0.000001 0.000000
97 80 -0.000002 0.000000
98 80 -0.000002 0.000000
99 80 -0.000002 0.000000
0 81 -0.000002 0.000000
1 81 -0.000000 0.000000
2 81 0.000000 0.000000
3 81 0.000000 0.000000
4 81 0.000000 0.000000
5 81 0.000000 0.000000
6 81 0.000000 0.000000
7 81 0.000000 0.000000
8 81 0.000000 0.000000
9 81 0.000000 0.000000
10 81 0.000000 0.000000
11 81 0.000000 0.000000
12 81 -0.000000 0.000000
13 81 -0.000000 0.000000
14 81 -0.000000 0.000000
15 81 -0.000000 0.000000
16 81 -0.000000 0.000000
17 81 -0.000000 0.000000
18 81 -0.000000 0.000000
19 81 -0.000000 0.000000
20 81 -0.000000 0.000000
21 81 -0.000000 0.000000
22 81 -0.000000 0.000000
23 81 -0.000000 0.000000
24 81 -0.000000 0.000000
25 81 -0.000000 0.000000
26 81 -0.000000 0.000000
27 81 -0.000000 0.000000
28 81 -0.000000 0.000000
29 81 -0.000000 0.000000
30 81 -0.000000 0.000000
31 81 -0.000000 0.000000
32 81 -0.000000 0.000000
33 81 -0.000000 0.000000
34 81 -0.000000 0.000000
35 81 -0.000000 0.000000
36 81 -0.000000 0.000000
37 81 -0.000000 0.000000
38 81 -0.000000 0.000000
39 81 -0.000000 0.000000
40 81 -0.000000 0.000000
41 81 -0.000000 0.000000
42 81 -0.000000 0.000000
43 81 -0.000000 0.000000
44 81 -0.000000 0.000000
45 81 -0.000000 0.000000
46 81 -0.000000 0.000000
47 81 -0.000000 0.000000
48 81 -0.000000 0.000000
49 81 -0.000000 0.000000
50 81 -0.000000 0.000000
51 81 -0.000000 0.000000
52 81 -0.000000 0.000000
53 81 -0.000000 0.000000
54 81 -0.000000 0.000000
55 81 -0.000000 0.000000
56 81 -0.000000 0.000000
57 81 -0.000000 0.000000
58 81 -0.000000 0.000000
59 81 -0.000000 0.000000
60 81 -0.000000 0.000000
61 81 -0.000000 0.000000
62 81 -0.000000 0.000000
63 81 -0.000000 0.000000
64 81 -0.000000 0.000000
65 81 -0.000000 0.000000
66 81 -0.000000 0.000000
67 81 -0.000000 0.000000
68 81 -0.000000 0.000000
69 81 -0.000000 0.000000
70 81 -0.000000 0.000000
71 81 -0.000000 0.000000
72 81 -0.000000 0.000000
73 81 -0.000000 0.000000
74 81 -0.000000 0.000000
75 81 -0.000000 0.000000
76 81 -0.000000 0.000000
77 81 -0.000000 0.000000
78 81 -0.000000 0.000000
79 81 -0.000000 0.000000
80 81 -0.000000 0.000000
81 81 -0.000000 0.000000
82 81 -0.000000 0.000000
83 81 -0.000000 0.000000
84 81 -0.000000 0.000000
85 81 -0.000000 0.000000
86 81 -0.000000 0.000000
87 81 -0.000000 0.000000
88 81 -0.000000 0.000000
89 81 -0.000000 0.000000
90 81 -0.000000 0.000000
91 81 -0.000000 0.000000
92 81 -0.000000 0.000000
93 81 -0.000000 0.000000
94 81 -0.000000 0.000000
95 81 -0.000001 0.000000
96 81 -0.000001 0.000000
97 81 -0.000002 0.000000
98 81 -0.000002 0.000000
99 81 -0.000002 0.000000
0 82 -0.000001 0.000000
1 82 -0.000000 0.000000
2 82 0.000000 0.000000
3 82 0.000000 0.000000
4 82 0.000000 0.000000
5 82 0.000000 0.000000
6 82 0.000000 0.000000
7 82 0.000000 0.000000
8 82 0.000000 0.000000
9 82 0.000000 0.000000
10 82 0.000000 0.000000
11 82 -0.000000 0.000000
12 82 -0.000000 0.000000
13 82 -0.000000 0.000000
14 82 -0.000000 0.000000
15 82 -0.000000 0.000000
16 82 -0.000000 0.000000
17 82 -0.000000 0.000000
18 82 -0.000000 0.000000
19 82 -0.000000 0.000000
20 82 -0.000000 0.000000
21 82 -0.000000 0.000000
22 82 -0.000000 0.000000
23 82 -0.000000 0.000000
24 82 -0.000000 0.000000
25 82 -0.000000 0.000000
26 82 -0.000000 0.000000
27 82 -0.000000 0.000000
28 82 -0.000000 0.000000
29 82 -0.000000 0.000000
30 82 -0.000000 0.000000
31 82 -0.000000 0.000000
32 82 -0.000000 0.000000
33 82 -0.000000 0.000000
34 82 -0.000000 0.000000
35 82 -0.000000 0.000000
36 82 -0.000000 0.000000
37 82 -0.000000 0.000000
38 82 -0.000000 0.000000
39 82 -0.000000 0.000000
40 82 -0.000000 0.000000
41 82 -0.000000 0.000000
42 82 -0.000000 0.000000
43 82 -0.000000 0.000000
44 82 -0.000000 0.000000
45 82 -0.000000 0.000000
46 82 -0.000000 0.000000
47 82 -0.000000 0.000000
48 82 -0.000000 0.000000
49 82 -0.000000 0.000000
50 82 -0.000000 0.000000
51 82 -0.000000 0.000000
52 82 -0.000000 0.000000
53 82 -0.000000 0.000000
54 82 -0.000000 0.000000
55 82 -0.000000 0.000000
56 82 -0.000000 0.000000
57 82 -0.000000 0.000000
58 82 -0.000000 0.000000
59 82 -0.000000 0.000000
60 82 -0.000000 0.000000
61 82 -0.000000 0.000000
62 82 -0.000000 0.000000
63 82 -0.000000 0.000000
64 82 -0.000000 0.000000
65 82 -0.000000 0.000000
66 82 -0.000000 0.000000
67 82 -0.000000 0.000000
68 82 -0.000000 0.000000
69 82 -0.000000 0.000000
70 82 -0.000000 0.000000
71 82 -0.000000 0.000000
72 82 -0.000000 0.000000
73 82 -0.000000 0.000000
74 82 -0.000000 0.000000
75 82 -0.000000 0.000000
76 82 -0.000000 0.000000
77 82 -0.000000 0.000000
78 82 -0.000000 0.000000
79 82 -0.000000 0.000000
80 82 -0.000000 0.000000
81 82 -0.000000 0.000000
82 82 -0.000000 0.000000
83 82 -0.000000 0.000000
84 82 -0.000000 0.000000
85 82 -0.000000 0.000000
86 82 -0.000000 0.000000
87 82 -0.000000 0.000000
88 82 -0.000000 0.000000
89 82 -0.000000 0.000000
90 82 -0.000000 0.000000
91 82 -0.000000 0.000000
92 82 -0.000000 0.000000
93 82 -0.000000 0.000000
94 82 -0.000000 0.000000
95 82 -0.000001 0.000000
96 82 -0.000001 0.000000
97 82 -0.000002 0.000000
98 82 -0.000002 0.000000
99 82 -0.000002 0.000000
0 83 -0.000001 0.000000
1 83 -0.000000 0.000000
2 83 0.000000 0.000000
3 83 -0.000000 0.000000
4 83 0.000000 0.000000
5 83 0.000000 0.000000
6 83 0.000000 0.000000
7 83 -0.000000 0.000000
8 83 -0.000000 0.000000
9 83 -0.000000 0.000000
10 83 -0.000000 0.000000
11 83 -0.000000 0.000000
12 83 -0.000000 0.000000
13 83 -0.000000 0.000000
14 83 -0.000000 0.000000
15 83 -0.000000 0.000000
16 83 -0.000000 0.000000
17 83 -0.000000 0.000000
18 83 -0.000000 0.000000
19 83 -0.000000 0.000000
20 83 -0.000000 0.000000
21 83 -0.000000 0.000000
22 83 -0.000000 0.000000
23 83 -0.000000 0.000000
24 83 -0.000000 0.000000
25 83 -0.000000 0.000000
26 83 -0.000000 0.000000
27 83 -0.000000 0.000000
28 83 -0.000000 0.000000
29 83 -0.000000 0.000000
30 83 -0.000000 0.000000
31 83 -0.000000 0.000000
32 83 -0.000000 0.000000
33 83 -0.000000 0.000000
34 83 -0.000000 0.000000
35 83 -0.000000 0.000000
36 83 -0.000000 0.000000
37 83 -0.000000 0.000000
38 83 -0.000000 0.000000
39 83 -0.000000 0.000000
40 83 -0.000000 0.000000
41 83 -0.000000 0.000000
42 83 -0.000000 0.000000
43 83 -0.000000 0.000000
44 83 -0.000000 0.000000
45 83 -0.000000 0.000000
46 83 -0.000000 0.000000
47 83 -0.000000 0.000000
48 83 -0.000000 0.000000
49 83 -0.000000 0.000000
50 83 -0.000000 0.000000
51 83 -0.000000 0.000000
52 83 -0.000000 0.000000
53 83 -0.000000 0.000000
54 83 -0.000000 0.000000
55 83 -0.000000 0.000000
56 83 -0.000000 0.000000
57 83 -0.000000 0.000000
58 83 -0.000000 0.000000
59 83 -0.000000 0.000000
60 83 -0.000000 0.000000
61 83 -0.000000 0.000000
62 83 -0.000000 0.000000
63 83 -0.000000 0.000000
64 83 -0.000000 0.000000
65 83 -0.000000 0.000000
66 83 -0.000000 0.000000
67 83 -0.000000 0.000000
68 83 -0.000000 0.000000
69 83 -0.000000 0.000000
70 83 -0.000000 0.000000
71 83 -0.000000 0.000000
72 83 -0.000000 0.000000
73 83 -0.000000 0.000000
74 83 -0.000000 0.000000
75 83 -0.000000 0.000000
76 83 -0.000000 0.000000
77 83 -0.000000 0.000000
78 83 -0.000000 0.000000
79 83 -0.000000 0.000000
80 83 -0.000000 0.000000
81 83 -0.000000 0.000000
82 83 -0.000000 0.000000
83 83 -0.000000 0.000000
84 83 -0.000000 0.000000
85 83 -0.000000 0.000000
86 83 -0.000000 0.000000
87 83 -0.000000 0.000000
88 83 -0.000000 0.000000
89 83 -0.000000 0.000000
90 83 -0.000000 0.000000
91 83 -0.000000 0.000000
92 83 -0.000000 0.000000
93 83 -0.000000 0.000000
94 83 -0.000000 0.000000
95 83 -0.000001 0.000000
96 83 -0.000001 0.000000
97 83 -0.000002 0.000000
98 83 -0.000002 0.000000
99 83 -0.000002 0.000000
0 84 -0.000001 0.000000
1 84 -0.000000 0.000000
2 84 -0.000000 0.000000
3 84 -0.000000 0.000000
4 84 -0.000000 0.000000
5 84 -0.000000 0.000000
6 84 -0.000000 0.000000
7 84 -0.000000 0.000000
8 84 -0.000000 0.000000
9 84 -0.000000 0.000000
10 84 -0.000000 0.000000
11 84 -0.000000 0.000000
12 84 -0.000000 0.000000
13 84 -0.000000 0.000000
14 84 -0.000000 0.000000
15 84 -0.000000 0.000000
16 84 -0.000000 0.000000
17 84 -0.000000 0.000000
18 84 -0.000000 0.000000
19 84 -0.000000 0.000000
20 84 -0.000000 0.000000
21 84 -0.000000 0.000000
22 84 -0.000000 0.000000
23 84 -0.000000 0.000000
24 84 -0.000000 0.000000
25 84 -0.000000 0.000000
26 84 -0.000000 0.000000
27 84 -0.000000 0.000000
28 84 -0.000000 0.000000
29 84 -0.000000 0.000000
30 84 -0.000000 0.000000
31 84 -0.000000 0.000000
32 84 -0.000000 0.000000
33 84 -0.000000 0.000000
34 84 -0.000000 0.000000
35 84 -0.000000 0.000000
36 84 -0.000000 0.000000
37 84 -0.000000 0.000000
38 84 -0.000000 0.000000
39 84 -0.000000 0.000000
40 84 -0.000000 0.000000
41 84 -0.000000 0.000000
42 84 -0.000000 0.000000
43 84 -0.000000 0.000000
44 84 -0.000000 0.000000
45 84 -0.000000 0.000000
46 84 -0.000000 0.000000
47 84 -0.000000 0.000000
48 84 -0.000000 0.000000
49 84 -0.000000 0.000000
50 84 -0.000000 0.000000
51 84 -0.000000 0.000000
52 84 -0.000000 0.000000
53 84 -0.000000 0.000000
54 84 -0.000000 0.000000
55 84 -0.000000 0.000000
56 84 -0.000000 0.000000
57 84 -0.000000 0.000000
58 84 -0.000000 0.000000
59 84 -0.000000 0.000000
60 84 -0.000000 0.000000
61 84 -0.000000 0.000000
62 84 -0.000000 0.000000
63 84 -0.000000 0.000000
64 84 -0.000000 0.000000
65 84 -0.000000 0.000000
66 84 -0.000000 0.000000
67 84 -0.000000 0.000000
68 84 -0.000000 0.000000
69 84 -0.000000 0.000000
70 84 -0.000000 0.000000
71 84 -0.000000 0.000000
72 84 -0.000000 0.000000
73 84 -0.000000 0.000000
74 84 -0.000000 0.000000
75 84 -0.000000 0.000000
76 84 -0.000000 0.000000
77 84 -0.000000 0.000000
78 84 -0.000000 0.000000
79 84 -0.000000 0.000000
80 84 -0.000000 0.000000
81 84 -0.000000 0.000000
82 84 -0.000000 0.000000
83 84 -0.000000 0.000000
84 84 -0.000000 0.000000
85 84 -0.000000 0.000000
86 84 -0.000000 0.000000
87 84 -0.000000 0.000000
88 84 -0.000000 0.000000
89 84 -0.000000 0.000000
90 84 -0.000000 0.000000
91 84 -0.000000 0.000000
92 84 -0.000000 0.000000
93 84 -0.000000 0.000000
94 84 -0.000000 0.000000
95 84 -0.000001 0.000000
96 84 -0.000001 0.000000
97 84 -0.000002 0.000000
98 84 -0.000002 0.000000
99 84 -0.000002 0.000000
0 85 -0.000001 0.000000
1 85 -0.000000 0.000000
2 85 -0.000000 0.000000
3 85 -0.000000 0.000000
4 85 -0.000000 0.000000
5 85 -0.000000 0.000000
6 85 -0.000000 0.000000
7 85 -0.000000 0.000000
8 85 -0.000000 0.000000
9 85 -0.000000 0.000000
10 85 -0.000000 0.000000
11 85 -0.000000 0.000000
12 85 -0.000000 0.000000
13 85 -0.000000 0.000000
14 85 -0.000000 0.000000
15 85 -0.000000 0.000000
16 85 -0.000000 0.000000
17 85 -0.000000 0.000000
18 85 -0.000000 0.000000
19 85 -0.000000 0.000000
20 85 -0.000000 0.000000
21 85 -0.000000 0.000000
22 85 -0.000000 0.000000
23 85 -0.000000 0.000000
24 85 -0.000000 0.000000
25 85 -0.000000 0.000000
26 85 -0.000000 0.000000
27 85 -0.000000 0.000000
28 85 -0.000000 0.000000
29 85 -0.000000 0.000000
30 85 -0.000000 0.000000
31 85 -0.000000 0.000000
32 85 -0.000000 0.000000
33 85 -0.000000 0.000000
34 85 -0.000000 0.000000
35 85 -0.000000 0.000000
36 85 -0.000000 0.000000
37 85 -0.000000 0.000000
38 85 -0.000000 0.000000
39 85 -0.000000 0.000000
40 85 -0.000000 0.000000
41 85 -0.000000 0.000000
42 85 -0.000000 0.000000
43 85 -0.000000 0.000000
44 85 -0.000000 0.000000
45 85 -0.000000 0.000000
46 85 -0.000000 0.000000
47 85 -0.000000 0.000000
48 85 -0.000000 0.000000
49 85 -0.000000 0.000000
50 85 -0.000000 0.000000
51 85 -0.000000 0.000000
52 85 -0.000000 0.000000
53 85 -0.000000 0.000000
54 85 -0.000000 0.000000
55 85 -0.000000 0.000000
56 85 -0.000000 0.000000
57 85 -0.000000 0.000000
58 85 -0.000000 0.000000
59 85 -0.000000 0.000000
60 85 -0.000000 0.000000
61 85 -0.000000 0.000000
62 85 -0.000000 0.000000
63 85 -0.000000 0.000000
64 85 -0.000000 0.000000
65 85 -0.000000 0.000000
66 85 -0.000000 0.000000
67 85 -0.000000 0.000000
68 85 -0.000000 0.000000
69 85 -0.000000 0.000000
70 85 -0.000000 0.000000
71 85 -0.000000 0.000000
72 85 -0.000000 0.000000
73 85 -0.000000 0.000000
74 85 -0.000000 0.000000
75 85 -0.000000 0.000000
76 85 -0.000000 0.000000
77 85 -0.000000 0.000000
78 85 -0.000000 0.000000
79 85 -0.000000 0.000000
80 85 -0.000000 0.000000
81 85 -0.000000 0.000000
82 85 -0.000000 0.000000
83 85 -0.000000 0.000000
84 85 -0.000000 0.000000
85 85 -0.000000 0.000000
86 85 -0.000000 0.000000
87 85 -0.000000 0.000000
88 85 -0.000000 0.000000
89 85 -0.000000 0.000000
90 85 -0.000000 0.000000
91 85 -0.000000 0.000000
92 85 -0.000000 0.000000
93 85 -0.000000 0.000000
94 85 -0.000000 0.000000
95 85 -0.000001 0.000000
96 85 -0.000001 0.000000
97 85 -0.000001 0.000000
98 85 -0.000002 0.000000
99 85 -0.000002 0.000000
0 86 -0.000001 0.000000
1 86 -0.000000 0.000000
2 86 -0.000000 0.000000
3 86 -0.000000 0.000000
4 86 -0.000000 0.000000
5 86 -0.000000 0.000000
6 86 -0.000000 0.000000
7 86 -0.000000 0.000000
8 86 -0.000000 0.000000
9 86 -0.000000 0.000000
10 86 -0.000000 0.000000
11 86 -0.000000 0.000000
12 86 -0.000000 0.000000
13 86 -0.000000 0.000000
14 86 -0.000000 0.000000
15 86 -0.000000 0.000000
16 86 -0.000000 0.000000
17 86 -0.000000 0.000000
18 86 -0.000000 0.000000
19 86 -0.000000 0.000000
20 86 -0.000000 0.000000
21 86 -0.000000 0.000000
22 86 -0.000000 0.000000
23 86 -0.000000 0.000000
24 86 -0.000000 0.000000
25 86 -0.000000 0.000000
26 86 -0.000000 0.000000
27 86 -0.000000 0.000000
28 86 -0.000000 0.000000
29 86 -0.000000 0.000000
30 86 -0.000000 0.000000
31 86 -0.000000 0.000000
32 86 -0.000000 0.000000
33 86 -0.000000 0.000000
34 86 -0.000000 0.000000
35 86 -0.000000 0.000000
36 86 -0.000000 0.000000
37 86 -0.000000 0.000000
38 86 -0.000000 0.000000
39 86 -0.000000 0.000000
40 86 -0.000000 0.000000
41 86 -0.000000 0.000000
42 86 -0.000000 0.000000
43 86 -0.000000 0.000000
44 86 -0.000000 0.000000
45 86 -0.000000 0.000000
46 86 -0.000000 0.000000
47 86 -0.000000 0.000000
48 86 -0.000000 0.000000
49 86 -0.000000 0.000000
50 86 -0.000000 0.000000
51 86 -0.000000 0.000000
52 86 -0.000000 0.000000
53 86 -0.000000 0.000000
54 86 -0.000000 0.000000
55 86 -0.000000 0.000000
56 86 -0.000000 0.000000
57 86 -0.000000 0.000000
58 86 -0.000000 0.000000
59 86 -0.000000 0.000000
60 86 -0.000000 0.000000
61 86 -0.000000 0.000000
62 86 -0.000000 0.000000
63 86 -0.000000 0.000000
64 86 -0.000000 0.000000
65 86 -0.000000 0.000000
66 86 -0.000000 0.000000
67 86 -0.000000 0.000000
68 86 -0.000000 0.000000
69 86 -0.000000 0.000000
70 86 -0.000000 0.000000
71 86 -0.000000 0.000000
72 86 -0.000000 0.000000
73 86 -0.000000 0.000000
74 86 -0.000000 0.000000
75 86 -0.000000 0.000000
76 86 -0.000000 0.000000
77 86 -0.000000 0.000000
78 86 -0.000000 0.000000
79 86 -0.000000 0.000000
80 86 -0.000000 0.000000
81 86 -0.000000 0.000000
82 86 -0.000000 0.000000
83 86 -0.000000 0.000000
84 86 -0.000000 0.000000
85 86 -0.000000 0.000000
86 86 -0.000000 0.000000
87 86 -0.000000 0.000000
88 86 -0.000000 0.000000
89 86 -0.000000 0.000000
90 86 -0.000000 0.000000
91 86 -0.000000 0.000000
92 86 -0.000000 0.000000
93 86 -0.000000 0.000000
94 86 -0.000000 0.000000
95 86 -0.000001 0.000000
96 86 -0.000001 0.000000
97 86 -0.000001 0.000000
98 86 -0.000002 0.000000
99 86 -0.000002 0.000000
0 87 -0.000001 0.000000
1 87 -0.000000 0.000000
2 87 -0.000000 0.000000
3 87 -0.000000 0.000000
4 87 -0.000000 0.000000
5 87 -0.000000 0.000000
6 87 -0.000000 0.000000
7 87 -0.000000 0.000000
8 87 -0.000000 0.000000
9 87 -0.000000 0.000000
10 87 -0.000000 0.000000
11 87 -0.000000 0.000000
12 87 -0.000000 0.000000
13 87 -0.000000 0.000000
14 87 -0.000000 0.000000
15 87 -0.000000 0.000000
16 87 -0.000000 0.000000
17 87 -0.000000 0.000000
18 87 -0.000000 0.000000
19 87 -0.000000 0.000000
20 87 -0.000000 0.000000
21 87 -0.000000 0.000000
22 87 -0.000000 0.000000
23 87 -0.000000 0.000000
24 87 -0.000000 0.000000
25 87 -0.000000 0.000000
26 87 -0.000000 0.000000
27 87 -0.000000 0.000000
28 87 -0.000000 0.000000
29 87 -0.000000 0.000000
30 87 -0.000000 0.000000
31 87 -0.000000 0.000000
32 87 -0.000000 0.000000
33 87 -0.000000 0.000000
34 87 -0.000000 0.000000
35 87 -0.000000 0.000000
36 87 -0.000000 0.000000
37 87 -0.000000 0.000000
38 87 -0.000000 0.000000
39 87 -0.000000 0.000000
40 87 -0.000000 0.000000
41 87 -0.000000 0.000000
42 87 -0.000000 0.000000
43 87 -0.000000 0.000000
44 87 -0.000000 0.000000
45 87 -0.000000 0.000000
46 87 -0.000000 0.000000
47 87 -0.000000 0.000000
48 87 -0.000000 0.000000
49 87 -0.000000 0.000000
50 87 -0.000000 0.000000
51 87 -0.000000 0.000000
52 87 -0.000000 0.000000
53 87 -0.000000 0.000000
54 87 -0.000000 0.000000
55 87 -0.000000 0.000000
56 87 -0.000000 0.000000
57 87 -0.000000 0.000000
58 87 -0.000000 0.000000
59 87 -0.000000 0.000000
60 87 -0.000000 0.000000
61 87 -0.000000 0.000000
62 87 -0.000000 0.000000
63 87 -0.000000 0.000000
64 87 -0.000000 0.000000
65 87 -0.000000 0.000000
66 87 -0.000000 0.000000
67 87 -0.000000 0.000000
68 87 -0.000000 0.000000
69 87 -0.000000 0.000000
70 87 -0.000000 0.000000
71 87 -0.000000 0.000000
72 87 -0.000000 0.000000
73 87 -0.000000 0.000000
74 87 -0.000000 0.000000
75 87 -0.000000 0.000000
76 87 -0.000000 0.000000
77 87 -0.000000 0.000000
78 87 -0.000000 0.000000
79 87 -0.000000 0.000000
80 87 -0.000000 0.000000
81 87 -0.000000 0.000000
82 87 -0.000000 0.000000
83 87 -0.000000 0.000000
84 87 -0.000000 0.000000
85 87 -0.000000 0.000000
86 87 -0.000000 0.000000
87 87 -0.000000 0.000000
88 87 -0.000000 0.000000
89 87 -0.000000 0.000000
90 87 -0.000000 0.000000
91 87 -0.000000 0.000000
92 87 -0.000000 0.000000
93 87 -0.000000 0.000000
94 87 -0.000000 0.000000
95 87 -0.000001 0.000000
96 87 -0.000001 0.000000
97 87 -0.000001 0.000000
98 87 -0.000001 0.000000
99 87 -0.000002 0.000000
0 88 -0.000001 0.000000
1 88 -0.000000 0.000000
2 88 -0.000000 0.000000
3 88 -0.000000 0.000000
4 88 -0.000000 0.000000
5 88 -0.000000 0.000000
6 88 -0.000000 0.000000
7 88 -0.000000 0.000000
8 88 -0.000000 0.000000
9 88 -0.000000 0.000000
10 88 -0.000000 0.000000
11 88 -0.000000 0.000000
12 88 -0.000000 0.000000
13 88 -0.000000 0.000000
14 88 -0.000000 0.000000
15 88 -0.000000 0.000000
16 88 -0.000000 0.000000
17 88 -0.000000 0.000000
18 88 -0.000000 0.000000
19 88 -0.000000 0.000000
20 88 -0.000000 0.000000
21 88 -0.000000 0.000000
22 88 -0.000000 0.000000
23 88 -0.000000 0.000000
24 88 -0.000000 0.000000
25 88 -0.000000 0.000000
26 88 -0.000000 0.000000
27 88 -0.000000 0.000000
28 88 -0.000000 0.000000
29 88 -0.000000 0.000000
30 88 -0.000000 0.000000
31 88 -0.000000 0.000000
32 88 -0.000000 0.000000
33 88 -0.000000 0.000000
34 88 -0.000000 0.000000
35 88 -0.000000 0.000000
36 88 -0.000000 0.000000
37 88 -0.000000 0.000000
38 88 -0.000000 0.000000
39 88 -0.000000 0.000000
40 88 -0.000000 0.000000
41 88 -0.000000 0.000000
42 88 -0.000000 0.000000
43 88 -0.000000 0.000000
44 88 -0.000000 0.000000
45 88 -0.000000 0.000000
46 88 -0.000000 0.000000
47 88 -0.000000 0.000000
48 88 -0.000000 0.000000
49 88 -0.000000 0.000000
50 88 -0.000000 0.000000
51 88 -0.000000 0.000000
52 88 -0.000000 0.000000
53 88 -0.000000 0.000000
54 88 -0.000000 0.000000
55 88 -0.000000 0.000000
56 88 -0.000000 0.000000
57 88 -0.000000 0.000000
58 88 -0.000000 0.000000
59 88 -0.000000 0.000000
60 88 -0.000000 0.000000
61 88 -0.000000 0.000000
62 88 -0.000000 0.000000
63 88 -0.000000 0.000000
64 88 -0.000000 0.000000
65 88 -0.000000 0.000000
66 88 -0.000000 0.000000
67 88 -0.000000 0.000000
68 88 -0.000000 0.000000
69 88 -0.000000 0.000000
70 88 -0.000000 0.000000
71 88 -0.000000 0.000000
72 88 -0.000000 0.000000
73 88 -0.000000 0.000000
74 88 -0.000000 0.000000
75 88 -0.000000 0.000000
76 88 -0.000000 0.000000
77 88 -0.000000 0.000000
78 88 -0.000000 0.000000
79 88 -0.000000 0.000000
80 88 -0.000000 0.000000
81 88 -0.000000 0.000000
82 88 -0.000000 0.000000
83 88 -0.000000 0.000000
84 88 -0.000000 0.000000
85 88 -0.000000 0.000000
86 88 -0.000000 0.000000
87 88 -0.000000 0.000000
88 88 -0.000000 0.000000
89 88 -0.000000 0.000000
90 88 -0.000000 0.000000
91 88 -0.000000 0.000000
92 88 -0.000000 0.000000
93 88 -0.000000 0.000000
94 88 -0.000000 0.000000
95 88 -0.000001 0.000000
96 88 -0.000001 0.000000
97 88 -0.000001 0.000000
98 88 -0.000001 0.000000
99 88 -0.000001 0.000000
0 89 -0.000001 0.000000
1 89 -0.000000 0.000000
2 89 -0.000000 0.000000
3 89 -0.000000 0.000000
4 89 -0.000000 0.000000
5 89 -0.000000 0.000000
6 89 -0.000000 0.000000
7 89 -0.000000 0.000000
8 89 -0.000000 0.000000
9 89 -0.000000 0.000000
10 89 -0.000000 0.000000
11 89 -0.000000 0.000000
12 89 -0.000000 0.000000
13 89 -0.000000 0.000000
14 89 -0.000000 0.000000
15 89 -0.000000 0.000000
16 89 -0.000000 0.000000
17 89 -0.000000 0.000000
18 89 -0.000000 0.000000
19 89 -0.000000 0.000000
20 89 -0.000000 0.000000
21 89 -0.000000 0.000000
22 89 -0.000000 0.000000
23 89 -0.000000 0.000000
24 89 -0.000000 0.000000
25 89 -0.000000 0.000000
26 89 -0.000000 0.000000
27 89 -0.000000 0.000000
28 89 -0.000000 0.000000
29 89 -0.000000 0.000000
30 89 -0.000000 0.000000
31 89 -0.000000 0.000000
32 89 -0.000000 0.000000
33 89 -0.000000 0.000000
34 89 -0.000000 0.000000
35 89 -0.000000 0.000000
36 89 -0.000000 0.000000
37 89 -0.000000 0.000000
38 89 -0.000000 0.000000
39 89 -0.000000 0.000000
40 89 -0.000000 0.000000
41 89 -0.000000 0.000000
42 89 -0.000000 0.000000
43 89 -0.000000 0.000000
44 89 -0.000000 0.000000
45 89 -0.000000 0.000000
46 89 -0.000000 0.000000
47 89 -0.000000 0.000000
48 89 -0.000000 0.000000
49 89 -0.000000 0.000000
50 89 -0.000000 0.000000
51 89 -0.000000 0.000000
52 89 -0.000000 0.000000
53 89 -0.000000 0.000000
54 89 -0.000000 0.000000
55 89 -0.000000 0.000000
56 89 -0.000000 0.000000
57 89 -0.000000 0.000000
58 89 -0.000000 0.000000
59 89 -0.000000 0.000000
60 89 -0.000000 0.000000
61 89 -0.000000 0.000000
62 89 -0.000000 0.000000
63 89 -0.000000 0.000000
64 89 -0.000000 0.000000
65 89 -0.000000 0.000000
66 89 -0.000000 0.000000
67 89 -0.000000 0.000000
68 89 -0.000000 0.000000
69 89 -0.000000 0.000000
70 89 -0.000000 0.000000
71 89 -0.000000 0.000000
72 89 -0.000000 0.000000
73 89 -0.000000 0.000000
74 89 -0.000000 0.000000
75 89 -0.000000 0.000000
76 89 -0.000000 0.000000
77 89 -0.000000 0.000000
78 89 -0.000000 0.000000
79 89 -0.000000 0.000000
80 89 -0.000000 0.000000
81 89 -0.000000 0.000000
82 89 -0.000000 0.000000
83 89 -0.000000 0.000000
84 89 -0.000000 0.000000
85 89 -0.000000 0.000000
86 89 -0.000000 0.000000
87 89 -0.000000 0.000000
88 89 -0.000000 0.000000
89 89 -0.000000 0.000000
90 89 -0.000000 0.000000
91 89 -0.000000 0.000000
92 89 -0.000000 0.000000
93 89 -0.000000 0.000000
94 89 -0.000000 0.000000
95 89 -0.000001 0.000000
96 89 -0.000001 0.000000
97 89 -0.000001 0.000000
98 89 -0.000001 0.000000
99 89 -0.000001 0.000000
0 90 -0.000001 0.000000
1 90 -0.000000 0.000000
2 90 -0.000000 0.000000
3 90 -0.000000 0.000000
4 90 -0.000000 0.000000
5 90 -0.000000 0.000000
6 90 -0.000000 0.000000
7 90 -0.000000 0.000000
8 90 -0.000000 0.000000
9 90 -0.000000 0.000000
10 90 -0.000000 0.000000
11 90 -0.000000 0.000000
12 90 -0.000000 0.000000
13 90 -0.000000 0.000000
14 90 -0.000000 0.000000
15 90 -0.000000 0.000000
16 90 -0.000000 0.000000
17 90 -0.000000 0.000000
18 90 -0.000000 0.000000
19 90 -0.000000 0.000000
20 90 -0.000000 0.000000
21 90 -0.000000 0.000000
22 90 -0.000000 0.000000
23 90 -0.000000 0.000000
24 90 -0.000000 0.000000
25 90 -0.000000 0.000000
26 90 -0.000000 0.000000
27 90 -0.000000 0.000000
28 90 -0.000000 0.000000
29 90 -0.000000 0.000000
30 90 -0.000000 0.000000
31 90 -0.000000 0.000000
32 90 -0.000000 0.000000
33 90 -0.000000 0.000000
34 90 -0.000000 0.000000
35 90 -0.000000 0.000000
36 90 -0.000000 0.000000
37 90 -0.000000 0.000000
38 90 -0.000000 0.000000
39 90 -0.000000 0.000000
40 90 -0.000000 0.000000
41 90 -0.000000 0.000000
42 90 -0.000000 0.000000
43 90 -0.000000 0.000000
44 90 -0.000000 0.000000
45 90 -0.000000 0.000000
46 90 -0.000000 0.000000
47 90 -0.000000 0.000000
48 90 -0.000000 0.000000
49 90 -0.000000 0.000000
50 90 -0.000000 0.000000
51 90 -0.000000 0.000000
52 90 -0.000000 0.000000
53 90 -0.000000 0.000000
54 90 -0.000000 0.000000
55 90 -0.000000 0.000000
56 90 -0.000000 0.000000
57 90 -0.000000 0.000000
58 90 -0.000000 0.000000
59 90 -0.000000 0.000000
60 90 -0.000000 0.000000
61 90 -0.000000 0.000000
62 90 -0.000000 0.000000
63 90 -0.000000 0.000000
64 90 -0.000000 0.000000
65 90 -0.000000 0.000000
66 90 -0.000000 0.000000
67 90 -0.000000 0.000000
68 90 -0.000000 0.000000
69 90 -0.000000 0.000000
70 90 -0.000000 0.000000
71 90 -0.000000 0.000000
72 90 -0.000000 0.000000
73 90 -0.000000 0.000000
74 90 -0.000000 0.000000
75 90 -0.000000 0.000000
76 90 -0.000000 0.000000
77 90 -0.000000 0.000000
78 90 -0.000000 0.000000
79 90 -0.000000 0.000000
80 90 -0.000000 0.000000
81 90 -0.000000 0.000000
82 90 -0.000000 0.000000
83 90 -0.000000 0.000000
84 90 -0.000000 0.000000
85 90 -0.000000 0.000000
86 90 -0.000000 0.000000
87 90 -0.000000 0.000000
88 90 -0.000000 0.000000
89 90 -0.000000 0.000000
90 90 -0.000000 0.000000
91 90 -0.000000 0.000000
92 90 -0.000000 0.000000
93 90 -0.000000 0.000000
94 90 -0.000000 0.000000
95 90 -0.000000 0.000000
96 90 -0.000001 0.000000
97 90 -0.000001 0.000000
98 90 -0.000001 0.000000
99 90 -0.000001 0.000000
0 91 -0.000001 0.000000
1 91 -0.000000 0.000000
2 91 -0.000000 0.000000
3 91 -0.000000 0.000000
4 91 -0.000000 0.000000
5 91 -0.000000 0.000000
6 91 -0.000000 0.000000
7 91 -0.000000 0.000000
8 91 -0.000000 0.000000
9 91 -0.000000 0.000000
10 91 -0.000000 0.000000
11 91 -0.000000 0.000000
12 91 -0.000000 0.000000
13 91 -0.000000 0.000000
14 91 -0.000000 0.000000
15 91 -0.000000 0.000000
16 91 -0.000000 0.000000
17 91 -0.000000 0.000000
18 91 -0.000000 0.000000
19 91 -0.000000 0.000000
20 91 -0.000000 0.000000
21 91 -0.000000 0.000000
22 91 -0.000000 0.000000
23 91 -0.000000 0.000000
24 91 -0.000000 0.000000
25 91 -0.000000 0.000000
26 91 -0.000000 0.000000
27 91 -0.000000 0.000000
28 91 -0.000000 0.000000
29 91 -0.000000 0.000000
30 91 -0.000000 0.000000
31 91 -0.000000 0.000000
32 91 -0.000000 0.000000
33 91 -0.000000 0.000000
34 91 -0.000000 0.000000
35 91 -0.000000 0.000000
36 91 -0.000000 0.000000
37 91 -0.000000 0.000000
38 91 -0.000000 0.000000
39 91 -0.000000 0.000000
40 91 -0.000000 0.000000
41 91 -0.000000 0.000000
42 91 -0.000000 0.000000
43 91 -0.000000 0.000000
44 91 -0.000000 0.000000
45 91 -0.000000 0.000000
46 91 -0.000000 0.000000
47 91 -0.000000 0.000000
48 91 -0.000000 0.000000
49 91 -0.000000 0.000000
50 91 -0.000000 0.000000
51 91 -0.000000 0.000000
52 91 -0.000000 0.000000
53 91 -0.000000 0.000000
54 91 -0.000000 0.000000
55 91 -0.000000 0.000000
56 91 -0.000000 0.000000
57 91 -0.000000 0.000000
58 91 -0.000000 0.000000
59 91 -0.000000 0.000000
60 91 -0.000000 0.000000
61 91 -0.000000 0.000000
62 91 -0.000000 0.000000
63 91 -0.000000 0.000000
64 91 -0.000000 0.000000
65 91 -0.000000 0.000000
66 91 -0.000000 0.000000
67 91 -0.000000 0.000000
68 91 -0.000000 0.000000
69 91 -0.000000 0.000000
70 91 -0.000000 0.000000
71 91 -0.000000 0.000000
72 91 -0.000000 0.000000
73 91 -0.000000 0.000000
74 91 -0.000000 0.000000
75 91 -0.000000 0.000000
76 91 -0.000000 0.000000
77 91 -0.000000 0.000000
78 91 -0.000000 0.000000
79 91 -0.000000 0.000000
80 91 -0.000000 0.000000
81 91 -0.000000 0.000000
82 91 -0.000000 0.000000
83 91 -0.000000 0.000000
84 91 -0.000000 0.000000
85 91 -0.000000 0.000000
86 91 -0.000000 0.000000
87 91 -0.000000 0.000000
88 91 -0.000000 0.000000
89 91 -0.000000 0.000000
90 91 -0.000000 0.000000
91 91 -0.000000 0.000000
92 91 -0.000000 0.000000
93 91 -0.000000 0.000000
94 91 -0.000000 0.000000
95 91 -0.000000 0.000000
96 91 -0.000000 0.000000
97 91 -0.000001 0.000000
98 91 -0.000001 0.000000
99 91 -0.000001 0.000000
0 92 -0.000000 0.000000
1 92 -0.000000 0.000000
2 92 -0.000000 0.000000
3 92 -0.000000 0.000000
4 92 -0.000000 0.000000
5 92 -0.000000 0.000000
6 92 -0.000000 0.000000
7 92 -0.000000 0.000000
8 92 -0.000000 0.000000
9 92 -0.000000 0.000000
10 92 -0.000000 0.000000
11 92 -0.000000 0.000000
12 92 -0.000000 0.000000
13 92 -0.000000 0.000000
14 92 -0.000000 0.000000
15 92 -0.000000 0.000000
16 92 -0.000000 0.000000
17 92 -0.000000 0.000000
18 92 -0.000000 0.000000
19 92 -0.000000 0.000000
20 92 -0.000000 0.000000
21 92 -0.000000 0.000000
22 92 -0.000000 0.000000
23 92 -0.000000 0.000000
24 92 -0.000000 0.000000
25 92 -0.000000 0.000000
26 92 -0.000000 0.000000
27 92 -0.000000 0.000000
28 92 -0.000000 0.000000
29 92 -0.000000 0.000000
30 92 -0.000000 0.000000
31 92 -0.000000 0.000000
32 92 -0.000000 0.000000
33 92 -0.000000 0.000000
34 92 -0.000000 0.000000
35 92 -0.000001 0.000000
36 92 -0.000001 0.000000
37 92 -0.000001 0.000000
38 92 -0.000001 0.000000
39 92 -0.000001 0.000000
40 92 -0.000001 0.000000
41 92 -0.000001 0.000000
42 92 -0.000001 0.000000
43 92 -0.000001 0.000000
44 92 -0.000001 0.000000
45 92 -0.000001 0.000000
46 92 -0.000001 0.000000
47 92 -0.000001 0.000000
48 92 -0.000001 0.000000
49 92 -0.000001 0.000000
50 92 -0.000001 0.000000
51 92 -0.000000 0.000000
52 92 -0.000000 0.000000
53 92 -0.000000 0.000000
54 92 -0.000000 0.000000
55 92 -0.000000 0.000000
56 92 -0.000000 0.000000
57 92 -0.000000 0.000000
58 92 -0.000000 0.000000
59 92 -0.000000 0.000000
60 92 -0.000000 0.000000
61 92 -0.000000 0.000000
62 92 -0.000000 0.000000
63 92 -0.000000 0.000000
64 92 -0.000000 0.000000
65 92 -0.000000 0.000000
66 92 -0.000000 0.000000
67 92 -0.000000 0.000000
68 92 -0.000000 0.000000
69 92 -0.000000 0.000000
70 92 -0.000000 0.000000
71 92 -0.000000 0.000000
72 92 -0.000000 0.000000
73 92 -0.000000 0.000000
74 92 -0.000000 0.000000
75 92 -0.000000 0.000000
76 92 -0.000000 0.000000
77 92 -0.000000 0.000000
78 92 -0.000000 0.000000
79 92 -0.000000 0.000000
80 92 -0.000000 0.000000
81 92 -0.000000 0.000000
82 92 -0.000000 0.000000
83 92 -0.000000 0.000000
84 92 -0.000000 0.000000
85 92 -0.000000 0.000000
86 92 -0.000000 0.000000
87 92 -0.000000 0.000000
88 92 -0.000000 0.000000
89 92 -0.000000 0.000000
90 92 -0.000000 0.000000
91 92 -0.000000 0.000000
92 92 -0.000000 0.000000
93 92 -0.000000 0.000000
94 92 -0.000000 0.000000
95 92 -0.000000 0.000000
96 92 -0.000000 0.000000
97 92 -0.000000 0.000000
98 92 -0.000000 0.000000
99 92 -0.000000 0.000000
0 93 -0.000000 0.000000
1 93 -0.000000 0.000000
2 93 -0.000000 0.000000
3 93 -0.000000 0.000000
4 93 -0.000000 0.000000
5 93 -0.000000 0.000000
6 93 -0.000000 0.000000
7 93 -0.000000 0.000000
8 93 -0.000000 0.000000
9 93 -0.000000 0.000000
10 93 -0.000001 0.000000
11 93 -0.000001 0.000000
12 93 -0.000001 0.000000
13 93 -0.000001 0.000000
14 93 -0.000001 0.000000
15 93 -0.000001 0.000000
16 93 -0.000001 0.000000
17 93 -0.000001 0.000000
18 93 -0.000001 0.000000
19 93 -0.000001 0.000000
20 93 -0.000001 0.000000
21 93 -0.000001 0.000000
22 93 -0.000001 0.000000
23 93 -0.000001 0.000000
24 93 -0.000001 0.000000
25 93 -0.000001 0.000000
26 93 -0.000001 0.000000
27 93 -0.000001 0.000000
28 93 -0.000001 0.000000
29 93 -0.000001 0.000000
30 93 -0.000001 0.000000
31 93 -0.000001 0.000000
32 93 -0.000001 0.000000
33 93 -0.000001 0.000000
34 93 -0.000001 0.000000
35 93 -0.000001 0.000000
36 93 -0.000001 0.000000
37 93 -0.000001 0.000000
38 93 -0.000001 0.000000
39 93 -0.000001 0.000000
40 93 -0.000001 0.000000
41 93 -0.000001 0.000000
42 93 -0.000001 0.000000
43 93 -0.000001 0.000000
44 93 -0.000001 0.000000
45 93 -0.000001 0.000000
46 93 -0.000001 0.000000
47 93 -0.000001 0.000000
48 93 -0.000001 0.000000
49 93 -0.000001 0.000000
50 93 -0.000001 0.000000
51 93 -0.000001 0.000000
52 93 -0.000001 0.000000
53 93 -0.000001 0.000000
54 93 -0.000001 0.000000
55 93 -0.000001 0.000000
56 93 -0.000001 0.000000
57 93 -0.000001 0.000000
58 93 -0.000001 0.000000
59 93 -0.000000 0.000000
60 93 -0.000000 0.000000
61 93 -0.000000 0.000000
62 93 -0.000000 0.000000
63 93 -0.000000 0.000000
64 93 -0.000000 0.000000
65 93 -0.000000 0.000000
66 93 -0.000000 0.000000
67 93 -0.000000 0.000000
68 93 -0.000000 0.000000
69 93 -0.000000 0.000000
70 93 -0.000000 0.000000
71 93 -0.000000 0.000000
72 93 -0.000000 0.000000
73 93 -0.000000 0.000000
74 93 -0.000000 0.000000
75 93 -0.000000 0.000000
76 93 -0.000000 0.000000
77 93 -0.000000 0.000000
78 93 -0.000000 0.000000
79 93 -0.000000 0.000000
80 93 -0.000000 0.000000
81 93 -0.000000 0.000000
82 93 -0.000000 0.000000
83 93 -0.000000 0.000000
84 93 -0.000000 0.000000
85 93 -0.000000 0.000000
86 93 -0.000000 0.000000
87 93 -0.000000 0.000000
88 93 -0.000000 0.000000
89 93 -0.000000 0.000000
90 93 -0.000000 0.000000
91 93 -0.000000 0.000000
92 93 -0.000000 0.000000
93 93 -0.000000 0.000000
94 93 -0.000000 0.000000
95 93 -0.000000 0.000000
96 93 -0.000000 0.000000
97 93 -0.000000 0.000000
98 93 -0.000000 0.000000
99 93 -0.000000 0.000000
0 94 -0.000000 0.000000
1 94 -0.000000 0.000000
2 94 -0.000000 0.000000
3 94 -0.000000 0.000000
4 94 -0.000000 0.000000
5 94 -0.000000 0.000000
6 94 -0.000000 0.000000
7 94 -0.000000 0.000000
8 94 -0.000001 0.000000
9 94 -0.000001 0.000000
10 94 -0.000001 0.000000
11 94 -0.000001 0.000000
12 94 -0.000001 0.000000
13 94 -0.000001 0.000000
14 94 -0.000001 0.000000
15 94 -0.000001 0.000000
16 94 -0.000001 0.000000
17 94 -0.000001 0.000000
18 94 -0.000001 0.000000
19 94 -0.000001 0.000000
20 94 -0.000001 0.000000
21 94 -0.000001 0.000000
22 94 -0.000001 0.000000
23 94 -0.000001 0.000000
24 94 -0.000001 0.000000
25 94 -0.000001 0.000000
26 94 -0.000001 0.000000
27 94 -0.000001 0.000000
28 94 -0.000001 0.000000
29 94 -0.000001 0.000000
30 94 -0.000001 0.000000
31 94 -0.000001 0.000000
32 94 -0.000001 0.000000
33 94 -0.000001 0.000000
34 94 -0.000001 0.000000
35 94 -0.000001 0.000000
36 94 -0.000001 0.000000
37 94 -0.000001 0.000000
38 94 -0.000001 0.000000
39 94 -0.000001 0.000000
40 94 -0.000001 0.000000
41 94 -0.000001 0.000000
42 94 -0.000001 0.000000
43 94 -0.000001 0.000000
44 94 -0.000001 0.000000
45 94 -0.000001 0.000000
46 94 -0.000001 0.000000
47 94 -0.000001 0.000000
48 94 -0.000001 0.000000
49 94 -0.000001 0.000000
50 94 -0.000001 0.000000
51 94 -0.000001 0.000000
52 94 -0.000001 0.000000
53 94 -0.000001 0.000000
54 94 -0.000001 0.000000
55 94 -0.000001 0.000000
56 94 -0.000001 0.000000
57 94 -0.000001 0.000000
58 94 -0.000001 0.000000
59 94 -0.000001 0.000000
60 94 -0.000001 0.000000
61 94 -0.000001 0.000000
62 94 -0.000001 0.000000
63 94 -0.000000 0.000000
64 94 -0.000000 0.000000
65 94 -0.000000 0.000000
66 94 -0.000000 0.000000
67 94 -0.000000 0.000000
68 94 -0.000000 0.000000
69 94 -0.000000 0.000000
70 94 -0.000000 0.000000
71 94 -0.000000 0.000000
72 94 -0.000000 0.000000
73 94 -0.000000 0.000000
74 94 -0.000000 0.000000
75 94 -0.000000 0.000000
76 94 -0.000000 0.000000
77 94 -0.000000 0.000000
78 94 -0.000000 0.000000
79 94 -0.000000 0.000000
80 94 -0.000000 0.000000
81 94 -0.000000 0.000000
82 94 -0.000000 0.000000
83 94 -0.000000 0.000000
84 94 -0.000000 0.000000
85 94 -0.000000 0.000000
86 94 -0.000000 0.000000
87 94 -0.000000 0.000000
88 94 -0.000000 0.000000
89 94 -0.000000 0.000000
90 94 -0.000000 0.000000
91 94 -0.000000 0.000000
92 94 -0.000000 0.000000
93 94 -0.000000 0.000000
94 94 -0.000000 0.000000
95 94 -0.000000 0.000000
96 94 -0.000000 0.000000
97 94 -0.000000 0.000000
98 94 -0.000000 0.000000
99 94 -0.000000 0.000000
0 95 -0.000000 0.000000
1 95 0.000000 0.000000
2 95 -0.000000 0.000000
3 95 -0.000000 0.000000
4 95 -0.000000 0.000000
5 95 -0.000000 0.000000
6 95 -0.000001 0.000000
7 95 -0.000001 0.000000
8 95 -0.000001 0.000000
9 95 -0.000001 0.000000
10 95 -0.000001 0.000000
11 95 -0.000001 0.000000
12 95 -0.000001 0.000000
13 95 -0.000001 0.000000
14 95 -0.000001 0.000000
15 95 -0.000001 0.000000
16 95 -0.000001 0.000000
17 95 -0.000001 0.000000
18 95 -0.000001 0.000000
19 95 -0.000001 0.000000
20 95 -0.000001 0.000000
21 95 -0.000001 0.000000
22 95 -0.000001 0.000000
23 95 -0.000001 0.000000
24 95 -0.000001 0.000000
25 95 -0.000001 0.000000
26 95 -0.000001 0.000000
27 95 -0.000001 0.000000
28 95 -0.000001 0.000000
29 95 -0.000001 0.000000
30 95 -0.000001 0.000000
31 95 -0.000001 0.000000
32 95 -0.000001 0.000000
33 95 -0.000001 0.000000
34 95 -0.000001 0.000000
35 95 -0.000001 0.000000
36 95 -0.000001 0.000000
37 95 -0.000001 0.000000
38 95 -0.000001 0.000000
39 95 -0.000001 0.000000
40 95 -0.000001 0.000000
41 95 -0.000001 0.000000
42 95 -0.000001 0.000000
43 95 -0.000001 0.000000
44 95 -0.000001 0.000000
45 95 -0.000001 0.000000
46 95 -0.000001 0.000000
47 95 -0.000001 0.000000
48 95 -0.000001 0.000000
49 95 -0.000001 0.000000
50 95 -0.000001 0.000000
51 95 -0.000001 0.000000
52 95 -0.000001 0.000000
53 95 -0.000001 0.000000
54 95 -0.000001 0.000000
55 95 -0.000001 0.000000
56 95 -0.000001 0.000000
57 95 -0.000001 0.000000
58 95 -0.000001 0.000000
59 95 -0.000001 0.000000
60 95 -0.000001 0.000000
61 95 -0.000001 0.000000
62 95 -0.000001 0.000000
63 95 -0.000001 0.000000
64 95 -0.000001 0.000000
65 95 -0.000001 0.000000
66 95 -0.000000 0.000000
67 95 -0.000000 0.000000
68 95 -0.000000 0.000000
69 95 -0.000000 0.000000
70 95 -0.000000 0.000000
71 95 -0.000000 0.000000
72 95 -0.000000 0.000000
73 95 -0.000000 0.000000
74 95 -0.000000 0.000000
75 95 -0.000000 0.000000
76 95 -0.000000 0.000000
77 95 -0.000000 0.000000
78 95 -0.000000 0.000000
79 95 -0.000000 0.000000
80 95 -0.000000 0.000000
81 95 -0.000000 0.000000
82 95 -0.000000 0.000000
83 95 -0.000000 0.000000
84 95 -0.000000 0.000000
85 95 -0.000000 0.000000
86 95 -0.000000 0.000000
87 95 -0.000000 0.000000
88 95 -0.000000 0.000000
89 95 -0.000000 0.000000
90 95 -0.000000 0.000000
91 95 -0.000000 0.000000
92 95 -0.000000 0.000000
93 95 -0.000000 0.000000
94 95 -0.000000 0.000000
95 95 -0.000000 0.000000
96 95 -0.000000 0.000000
97 95 -0.000000 0.000000
98 95 -0.000000 0.000000
99 95 -0.000000 0.000000
0 96 -0.000000 0.000000
1 96 0.000000 0.000000
2 96 -0.000000 0.000000
3 96 -0.000000 0.000000
4 96 -0.000000 0.000000
5 96 -0.000001 0.000000
6 96 -0.000001 0.000000
7 96 -0.000001 0.000000
8 96 -0.000001 0.000000
9 96 -0.000001 0.000000
10 96 -0.000001 0.000000
11 96 -0.000001 0.000000
12 96 -0.000001 0.000000
13 96 -0.000001 0.000000
14 96 -0.000001 0.000000
15 96 -0.000001 0.000000
16 96 -0.000001 0.000000
17 96 -0.000001 0.000000
18 96 -0.000001 0.000000
19 96 -0.000001 0.000000
20 96 -0.000001 0.000000
21 96 -0.000001 0.000000
22 96 -0.000001 0.000000
23 96 -0.000001 0.000000
24 96 -0.000001 0.000000
25 96 -0.000001 0.000000
26 96 -0.000001 0.000000
27 96 -0.000001 0.000000
28 96 -0.000001 0.000000
29 96 -0.000001 0.000000
30 96 -0.000001 0.000000
31 96 -0.000001 0.000000
32 96 -0.000001 0.000000
33 96 -0.000001 0.000000
34 96 -0.000001 0.000000
35 96 -0.000001 0.000000
36 96 -0.000001 0.000000
37 96 -0.000001 0.000000
38 96 -0.000001 0.000000
39 96 -0.000001 0.000000
40 96 -0.000001 0.000000
41 96 -0.000001 0.000000
42 96 -0.000001 0.000000
43 96 -0.000001 0.000000
44 96 -0.000001 0.000000
45 96 -0.000001 0.000000
46 96 -0.000001 0.000000
47 96 -0.000001 0.000000
48 96 -0.000001 0.000000
49 96 -0.000001 0.000000
50 96 -0.000001 0.000000
51 96 -0.000001 0.000000
52 96 -0.000001 0.000000
53 96 -0.000001 0.000000
54 96 -0.000001 0.000000
55 96 -0.000001 0.000000
56 96 -0.000001 0.000000
57 96 -0.000001 0.000000
58 96 -0.000001 0.000000
59 96 -0.000001 0.000000
60 96 -0.000001 0.000000
61 96 -0.000001 0.000000
62 96 -0.000001 0.000000
63 96 -0.000001 0.000000
64 96 -0.000001 0.000000
65 96 -0.000001 0.000000
66 96 -0.000001 0.000000
67 96 -0.000000 0.000000
68 96 -0.000000 0.000000
69 96 -0.000000 0.000000
70 96 -0.000000 0.000000
71 96 -0.000000 0.000000
72 96 -0.000000 0.000000
73 96 -0.000000 0.000000
74 96 -0.000000 0.000000
75 96 -0.000000 0.000000
76 96 -0.000000 0.000000
77 96 -0.000000 0.000000
78 96 -0.000000 0.000000
79 96 -0.000000 0.000000
80 96 -0.000000 0.000000
81 96 -0.000000 0.000000
82 96 -0.000000 0.000000
83 96 -0.000000 0.000000
84 96 -0.000000 0.000000
85 96 -0.000000 0.000000
86 96 -0.000000 0.000000
87 96 -0.000000 0.000000
88 96 -0.000000 0.000000
89 96 -0.000000 0.000000
90 96 -0.000000 0.000000
91 96 -0.000000 0.000000
92 96 -0.000000 0.000000
93 96 -0.000000 0.000000
94 96 -0.000000 0.000000
95 96 -0.000000 0.000000
96 96 -0.000000 0.000000
97 96 -0.000000 0.000000
98 96 -0.000000 0.000000
99 96 -0.000000 0.000000
0 97 -0.000000 0.000000
1 97 0.000000 0.000000
2 97 -0.000000 0.000000
3 97 -0.000000 0.000000
4 97 -0.000000 0.000000
5 97 -0.000000 0.000000
6 97 -0.000001 0.000000
7 97 -0.000001 0.000000
8 97 -0.000001 0.000000
9 97 -0.000001 0.000000
10 97 -0.000001 0.000000
11 97 -0.000001 0.000000
12 97 -0.000001 0.000000
13 97 -0.000001 0.000000
14 97 -0.000001 0.000000
15 97 -0.000001 0.000000
16 97 -0.000001 0.000000
17 97 -0.000001 0.000000
18 97 -0.000001 0.000000
19 97 -0.000001 0.000000
20 97 -0.000001 0.000000
21 97 -0.000001 0.000000
22 97 -0.000001 0.000000
23 97 -0.000001 0.000000
24 97 -0.000001 0.000000
25 97 -0.000001 0.000000
26 97 -0.000001 0.000000
27 97 -0.000001 0.000000
28 97 -0.000001 0.000000
29 97 -0.000001 0.000000
30 97 -0.000001 0.000000
31 97 -0.000001 0.000000
32 97 -0.000001 0.000000
33 97 -0.000001 0.000000
34 97 -0.000001 0.000000
35 97 -0.000001 0.000000
36 97 -0.000001 0.000000
37 97 -0.000001 0.000000
38 97 -0.000001 0.000000
39 97 -0.000001 0.000000
40 97 -0.000001 0.000000
41 97 -0.000001 0.000000
42 97 -0.000001 0.000000
43 97 -0.000001 0.000000
44 97 -0.000001 0.000000
45 97 -0.000001 0.000000
46 97 -0.000001 0.000000
47 97 -0.000001 0.000000
48 97 -0.000001 0.000000
49 97 -0.000001 0.000000
50 97 -0.000001 0.000000
51 97 -0.000001 0.000000
52 97 -0.000001 0.000000
53 97 -0.000001 0.000000
54 97 -0.000001 0.000000
55 97 -0.000001 0.000000
56 97 -0.000001 0.000000
57 97 -0.000001 0.000000
58 97 -0.000001 0.000000
59 97 -0.000001 0.000000
60 97 -0.000001 0.000000
61 97 -0.000001 0.000000
62 97 -0.000001 0.000000
63 97 -0.000001 0.000000
64 97 -0.000001 0.000000
65 97 -0.000001 0.000000
66 97 -0.000001 0.000000
67 97 -0.000001 0.000000
68 97 -0.000000 0.000000
69 97 -0.000000 0.000000
70 97 -0.000000 0.000000
71 97 -0.000000 0.000000
72 97 -0.000000 0.000000
73 97 -0.000000 0.000000
74 97 -0.000000 0.000000
75 97 -0.000000 0.000000
76 97 -0.000000 0.000000
77 97 -0.000000 0.000000
78 97 -0.000000 0.000000
79 97 -0.000000 0.000000
80 97 -0.000000 0.000000
81 97 -0.000000 0.000000
82 97 -0.000000 0.000000
83 97 -0.000000 0.000000
84 97 -0.000000 0.000000
85 97 -0.000000 0.000000
86 97 -0.000000 0.000000
87 97 -0.000000 0.000000
88 97 -0.000000 0.000000
89 97 -0.000000 0.000000
90 97 -0.000000 0.000000
91 97 -0.000000 0.000000
92 97 -0.000000 0.000000
93 97 -0.000000 0.000000
94 97 -0.000000 0.000000
95 97 -0.000000 0.000000
96 97 -0.000000 0.000000
97 97 -0.000000 0.000000
98 97 -0.000000 0.000000
99 97 -0.000000 0.000000
0 98 -0.000001 0.000000
1 98 -0.000000 0.000000
2 98 -0.000000 0.000000
3 98 -0.000000 0.000000
4 98 -0.000001 0.000000
5 98 -0.000001 0.000000
6 98 -0.000001 0.000000
7 98 -0.000002 0.000000
8 98 -0.000002 0.000000
9 98 -0.000003 0.000000
10 98 -0.000004 0.000000
11 98 -0.000005 0.000000
12 98 -0.000005 0.000000
13 98 -0.000006 0.000000
14 98 -0.000006 0.000000
15 98 -0.000006 0.000000
16 98 -0.000006 0.000000
17 98 -0.000007 0.000000
18 98 -0.000007 0.000000
19 98 -0.000006 0.000000
20 98 -0.000006 0.000000
21 98 -0.000006 0.000000
22 98 -0.000005 0.000000
23 98 -0.000005 0.000000
24 98 -0.000004 0.000000
25 98 -0.000004 0.000000
26 98 -0.000004 0.000000
27 98 -0.000003 0.000000
28 98 -0.000003 0.000000
29 98 -0.000003 0.000000
30 98 -0.000003 0.000000
31 98 -0.000002 0.000000
32 98 -0.000002 0.000000
33 98 -0.000002 0.000000
34 98 -0.000002 0.000000
35 98 -0.000001 0.000000
36 98 -0.000001 0.000000
37 98 -0.000001 0.000000
38 98 -0.000001 0.000000
39 98 -0.000001 0.000000
40 98 -0.000001 0.000000
41 98 -0.000001 0.000000
42 98 -0.000001 0.000000
43 98 -0.000001 0.000000
44 98 -0.000000 0.000000
45 98 -0.000000 0.000000
46 98 -0.000000 0.000000
47 98 -0.000000 0.000000
48 98 -0.000000 0.000000
49 98 -0.000001 0.000000
50 98 -0.000001 0.000000
51 98 -0.000001 0.000000
52 98 -0.000001 0.000000
53 98 -0.000001 0.000000
54 98 -0.000001 0.000000
55 98 -0.000001 0.000000
56 98 -0.000001 0.000000
57 98 -0.000001 0.000000
58 98 -0.000001 0.000000
59 98 -0.000001 0.000000
60 98 -0.000001 0.000000
61 98 -0.000001 0.000000
62 98 -0.000001 0.000000
63 98 -0.000001 0.000000
64 98 -0.000001 0.000000
65 98 -0.000001 0.000000
66 98 -0.000001 0.000000
67 98 -0.000001 0.000000
68 98 -0.000000 0.000000
69 98 -0.000000 0.000000
70 98 -0.000000 0.000000
71 98 -0.000000 0.000000
72 98 -0.000000 0.000000
73 98 -0.000000 0.000000
74 98 -0.000000 0.000000
75 98 -0.000000 0.000000
76 98 -0.000000 0.000000
77 98 -0.000000 0.000000
78 98 -0.000000 0.000000
79 98 -0.000000 0.000000
80 98 -0.000000 0.000000
81 98 -0.000000 0.000000
82 98 -0.000000 0.000000
83 98 -0.000000 0.000000
84 98 -0.000000 0.000000
85 98 -0.000000 0.000000
86 98 -0.000000 0.000000
87 98 -0.000000 0.000000
88 98 -0.000000 0.000000
89 98 -0.000000 0.000000
90 98 -0.000000 0.000000
91 98 -0.000000 0.000000
92 98 -0.000000 0.000000
93 98 -0.000000 0.000000
94 98 -0.000000 0.000000
95 98 -0.000000 0.000000
96 98 -0.000000 0.000000
97 98 -0.000000 0.000000
98 98 0.000000 0.000000
99 98 -0.000000 0.000000
0 99 -0.000002 0.000000
1 99 -0.000002 0.000000
2 99 -0.000002 0.000000
3 99 -0.000002 0.000000
4 99 -0.000003 0.000000
5 99 -0.000004 0.000000
6 99 -0.000004 0.000000
7 99 -0.000005 0.000000
8 99 -0.000006 0.000000
9 99 -0.000007 0.000000
10 99 -0.000008 0.000000
11 99 -0.000009 0.000000
12 99 -0.000010 0.000000
13 99 -0.000010 0.000000
14 99 -0.000011 0.000000
15 99 -0.000011 0.000000
16 99 -0.000012 0.000000
17 99 -0.000012 0.000000
18 99 -0.000012 0.000000
19 99 -0.000012 0.000000
20 99 -0.000012 0.000000
21 99 -0.000011 0.000000
22 99 -0.000011 0.000000
23 99 -0.000010 0.000000
24 99 -0.000010 0.000000
25 99 -0.000010 0.000000
26 99 -0.000009 0.000000
27 99 -0.000009 0.000000
28 99 -0.000009 0.000000
29 99 -0.000008 0.000000
30 99 -0.000008 0.000000
31 99 -0.000007 0.000000
32 99 -0.000007 0.000000
33 99 -0.000006 0.000000
34 99 -0.000006 0.000000
35 99 -0.000006 0.000000
36 99 -0.000006 0.000000
37 99 -0.000005 0.000000
38 99 -0.000005 0.000000
39 99 -0.000005 0.000000
40 99 -0.000005 0.000000
41 99 -0.000004 0.000000
42 99 -0.000005 0.000000
43 99 -0.000005 0.000000
44 99 -0.000004 0.000000
45 99 -0.000004 0.000000
46 99 -0.000004 0.000000
47 99 -0.000003 0.000000
48 99 -0.000003 0.000000
49 99 -0.000003 0.000000
50 99 -0.000002 0.000000
51 99 -0.000002 0.000000
52 99 -0.000002 0.000000
53 99 -0.000002 0.000000
54 99 -0.000002 0.000000
55 99 -0.000001 0.000000
56 99 -0.000001 0.000000
57 99 -0.000001 0.000000
58 99 -0.000001 0.000000
59 99 -0.000001 0.000000
60 99 -0.000001 0.000000
61 99 -0.000001 0.000000
62 99 -0.000001 0.000000
63 99 -0.000001 0.000000
64 99 -0.000001 0.000000
65 99 -0.000001 0.000000
66 99 -0.000001 0.000000
67 99 -0.000001 0.000000
68 99 -0.000001 0.000000
69 99 -0.000000 0.000000
70 99 -0.000000 0.000000
71 99 -0.000000 0.000000
72 99 -0.000000 0.000000
73 99 -0.000000 0.000000
74 99 -0.000000 0.000000
75 99 -0.000000 0.000000
76 99 -0.000000 0.000000
77 99 -0.000000 0.000000
78 99 -0.000000 0.000000
79 99 -0.000000 0.000000
80 99 -0.000000 0.000000
81 99 -0.000000 0.000000
82 99 -0.000000 0.000000
83 99 -0.000000 0.000000
84 99 -0.000000 0.000000
85 99 -0.000000 0.000000
86 99 -0.000000 0.000000
87 99 -0.000000 0.000000
88 99 -0.000000 0.000000
89 99 -0.000000 0.000000
90 99 -0.000000 0.000000
91 99 -0.000000 0.000000
92 99 -0.000000 0.000000
93 99 -0.000000 0.000000
94 99 -0.000000 0.000000
95 99 -0.000000 0.000000
96 99 -0.000000 0.000000
97 99 -0.000000 0.000000
98 99 0.000000 0.000000
99 99 -0.000001 0.000000
