# swirl3d  L0=100 R=20 xi=3 Pe=60 M=1.000000e-03 steps=5000 lat=D3Q27
# mid-z slice: x y phi_final phi_initial
0 0 -0.000000 0.000000
1 0 -0.000000 0.000000
2 0 -0.000000 0.000000
3 0 -0.000000 0.000000
4 0 -0.000000 0.000000
5 0 -0.000000 0.000000
6 0 -0.000000 0.000000
7 0 -0.000000 0.000000
8 0 -0.000000 0.000000
9 0 -0.000000 0.000000
10 0 -0.000000 0.000000
11 0 -0.000000 0.000000
12 0 -0.000000 0.000000
13 0 -0.000000 0.000000
14 0 -0.000000 0.000000
15 0 -0.000000 0.000000
16 0 -0.000000 0.000000
17 0 -0.000000 0.000000
18 0 0.000000 0.000000
19 0 -0.000000 0.000000
20 0 -0.000000 0.000000
21 0 -0.000000 0.000000
22 0 -0.000000 0.000000
23 0 -0.000000 0.000000
24 0 -0.000001 0.000000
25 0 -0.000001 0.000000
26 0 -0.000002 0.000000
27 0 -0.000004 0.000000
28 0 -0.000007 0.000000
29 0 -0.000011 0.000000
30 0 -0.000012 0.000000
31 0 -0.000012 0.000000
32 0 -0.000012 0.000000
33 0 -0.000010 0.000000
34 0 -0.000007 0.000000
35 0 -0.000003 0.000000
36 0 -0.000001 0.000000
37 0 -0.000000 0.000000
38 0 -0.000002 0.000000
39 0 -0.000016 0.000000
40 0 -0.000062 0.000000
41 0 -0.000162 0.000000
42 0 -0.000307 0.000000
43 0 -0.000436 0.000000
44 0 -0.000498 0.000000
45 0 -0.000507 0.000000
46 0 -0.000337 0.000000
47 0 0.000304 0.000000
48 0 0.001241 0.000000
49 0 0.001514 0.000000
50 0 0.000871 0.000000
51 0 0.000216 0.000000
52 0 -0.000052 0.000000
53 0 -0.000123 0.000000
54 0 -0.000104 0.000000
55 0 -0.000067 0.000000
56 0 -0.000036 0.000000
57 0 -0.000013 0.000000
58 0 0.000001 0.000000
59 0 0.000009 0.000000
60 0 0.000009 0.000000
61 0 0.000004 0.000000
62 0 -0.000001 0.000000
63 0 -0.000002 0.000000
64 0 -0.000000 0.000000
65 0 0.000002 0.000000
66 0 0.000001 0.000000
67 0 -0.000004 0.000000
68 0 -0.000013 0.000000
69 0 -0.000026 0.000000
70 0 -0.000039 0.000000
71 0 -0.000053 0.000000
72 0 -0.000068 0.000000
73 0 -0.000068 0.000000
74 0 -0.000065 0.000000
75 0 -0.000084 0.000000
76 0 -0.000112 0.000000
77 0 -0.000131 0.000000
78 0 -0.000141 0.000000
79 0 -0.000139 0.000000
80 0 -0.000121 0.000000
81 0 -0.000089 0.000000
82 0 -0.000054 0.000000
83 0 -0.000026 0.000000
84 0 -0.000010 0.000000
85 0 -0.000003 0.000000
86 0 -0.000001 0.000000
87 0 -0.000000 0.000000
88 0 0.000000 0.000000
89 0 -0.000000 0.000000
90 0 -0.000000 0.000000
91 0 -0.000000 0.000000
92 0 -0.000000 0.000000
93 0 -0.000000 0.000000
94 0 -0.000000 0.000000
95 0 -0.000000 0.000000
96 0 -0.000000 0.000000
97 0 -0.000000 0.000000
98 0 -0.000000 0.000000
99 0 -0.000000 0.000000
0 1 -0.000000 0.000000
1 1 -0.000000 0.000000
2 1 -0.000000 0.000000
3 1 -0.000000 0.000000
4 1 -0.000000 0.000000
5 1 -0.000000 0.000000
6 1 -0.000000 0.000000
7 1 -0.000000 0.000000
8 1 -0.000000 0.000000
9 1 -0.000000 0.000000
10 1 -0.000000 0.000000
11 1 -0.000000 0.000000
12 1 -0.000000 0.000000
13 1 -0.000000 0.000000
14 1 -0.000000 0.000000
15 1 -0.000000 0.000000
16 1 -0.000000 0.000000
17 1 -0.000000 0.000000
18 1 -0.000000 0.000000
19 1 -0.000000 0.000000
20 1 -0.000000 0.000000
21 1 -0.000000 0.000000
22 1 -0.000000 0.000000
23 1 -0.000000 0.000000
24 1 -0.000000 0.000000
25 1 -0.000001 0.000000
26 1 -0.000001 0.000000
27 1 -0.000003 0.000000
28 1 -0.000006 0.000000
29 1 -0.000009 0.000000
30 1 -0.000010 0.000000
31 1 -0.000011 0.000000
32 1 -0.000011 0.000000
33 1 -0.000009 0.000000
34 1 -0.000007 0.000000
35 1 -0.000003 0.000000
36 1 -0.000001 0.000000
37 1 0.000000 0.000000
38 1 0.000001 0.000000
39 1 -0.000005 0.000000
40 1 -0.000040 0.000000
41 1 -0.000133 0.000000
42 1 -0.000290 0.000000
43 1 -0.000451 0.000000
44 1 -0.000538 0.000000
45 1 -0.000552 0.000000
46 1 -0.000328 0.000000
47 1 0.000494 0.000000
48 1 0.001661 0.000000
49 1 0.001933 0.000000
50 1 0.001063 0.000000
51 1 0.000249 0.000000
52 1 -0.000056 0.000000
53 1 -0.000128 0.000000
54 1 -0.000108 0.000000
55 1 -0.000071 0.000000
56 1 -0.000042 0.000000
57 1 -0.000020 0.000000
58 1 -0.000005 0.000000
59 1 0.000005 0.000000
60 1 0.000008 0.000000
61 1 0.000005 0.000000
62 1 0.000001 0.000000
63 1 -0.000001 0.000000
64 1 -0.000001 0.000000
65 1 -0.000000 0.000000
66 1 -0.000000 0.000000
67 1 -0.000003 0.000000
68 1 -0.000010 0.000000
69 1 -0.000019 0.000000
70 1 -0.000030 0.000000
71 1 -0.000042 0.000000
72 1 -0.000054 0.000000
73 1 -0.000058 0.000000
74 1 -0.000060 0.000000
75 1 -0.000076 0.000000
76 1 -0.000095 0.000000
77 1 -0.000110 0.000000
78 1 -0.000118 0.000000
79 1 -0.000117 0.000000
80 1 -0.000102 0.000000
81 1 -0.000077 0.000000
82 1 -0.000049 0.000000
83 1 -0.000026 0.000000
84 1 -0.000012 0.000000
85 1 -0.000004 0.000000
86 1 -0.000001 0.000000
87 1 -0.000000 0.000000
88 1 -0.000000 0.000000
89 1 -0.000000 0.000000
90 1 -0.000000 0.000000
91 1 -0.000000 0.000000
92 1 -0.000000 0.000000
93 1 -0.000000 0.000000
94 1 -0.000000 0.000000
95 1 -0.000000 0.000000
96 1 -0.000000 0.000000
97 1 -0.000000 0.000000
98 1 -0.000000 0.000000
99 1 -0.000000 0.000000
0 2 -0.000000 0.000000
1 2 -0.000000 0.000000
2 2 -0.000000 0.000000
3 2 -0.000000 0.000000
4 2 -0.000000 0.000000
5 2 -0.000000 0.000000
6 2 -0.000000 0.000000
7 2 -0.000000 0.000000
8 2 -0.000000 0.000000
9 2 -0.000000 0.000000
10 2 -0.000000 0.000000
11 2 -0.000000 0.000000
12 2 -0.000000 0.000000
13 2 -0.000000 0.000000
14 2 -0.000000 0.000000
15 2 -0.000000 0.000000
16 2 -0.000000 0.000000
17 2 -0.000000 0.000000
18 2 -0.000000 0.000000
19 2 -0.000000 0.000000
20 2 -0.000000 0.000000
21 2 -0.000000 0.000000
22 2 -0.000000 0.000000
23 2 -0.000000 0.000000
24 2 -0.000000 0.000000
25 2 -0.000001 0.000000
26 2 -0.000001 0.000000
27 2 -0.000002 0.000000
28 2 -0.000004 0.000000
29 2 -0.000006 0.000000
30 2 -0.000008 0.000000
31 2 -0.000009 0.000000
32 2 -0.000009 0.000000
33 2 -0.000008 0.000000
34 2 -0.000006 0.000000
35 2 -0.000003 0.000000
36 2 -0.000001 0.000000
37 2 -0.000000 0.000000
38 2 0.000001 0.000000
39 2 0.000001 0.000000
40 2 -0.000019 0.000000
41 2 -0.000097 0.000000
42 2 -0.000259 0.000000
43 2 -0.000451 0.000000
44 2 -0.000576 0.000000
45 2 -0.000614 0.000000
46 2 -0.000390 0.000000
47 2 0.000485 0.000000
48 2 0.001723 0.000000
49 2 0.001933 0.000000
50 2 0.000933 0.000000
51 2 0.000106 0.000000
52 2 -0.000134 0.000000
53 2 -0.000159 0.000000
54 2 -0.000125 0.000000
55 2 -0.000084 0.000000
56 2 -0.000056 0.000000
57 2 -0.000034 0.000000
58 2 -0.000018 0.000000
59 2 -0.000005 0.000000
60 2 0.000002 0.000000
61 2 0.000003 0.000000
62 2 0.000001 0.000000
63 2 -0.000000 0.000000
64 2 -0.000001 0.000000
65 2 -0.000001 0.000000
66 2 -0.000001 0.000000
67 2 -0.000003 0.000000
68 2 -0.000007 0.000000
69 2 -0.000013 0.000000
70 2 -0.000021 0.000000
71 2 -0.000030 0.000000
72 2 -0.000040 0.000000
73 2 -0.000045 0.000000
74 2 -0.000050 0.000000
75 2 -0.000062 0.000000
76 2 -0.000075 0.000000
77 2 -0.000086 0.000000
78 2 -0.000092 0.000000
79 2 -0.000091 0.000000
80 2 -0.000080 0.000000
81 2 -0.000062 0.000000
82 2 -0.000041 0.000000
83 2 -0.000024 0.000000
84 2 -0.000012 0.000000
85 2 -0.000005 0.000000
86 2 -0.000002 0.000000
87 2 -0.000001 0.000000
88 2 -0.000000 0.000000
89 2 -0.000000 0.000000
90 2 -0.000000 0.000000
91 2 -0.000000 0.000000
92 2 -0.000000 0.000000
93 2 -0.000000 0.000000
94 2 -0.000000 0.000000
95 2 -0.000000 0.000000
96 2 -0.000000 0.000000
97 2 -0.000000 0.000000
98 2 -0.000000 0.000000
99 2 -0.000000 0.000000
0 3 -0.000000 0.000000
1 3 -0.000000 0.000000
2 3 -0.000000 0.000000
3 3 -0.000000 0.000000
4 3 -0.000000 0.000000
5 3 -0.000000 0.000000
6 3 -0.000000 0.000000
7 3 -0.000000 0.000000
8 3 -0.000000 0.000000
9 3 -0.000000 0.000000
10 3 -0.000000 0.000000
11 3 -0.000000 0.000000
12 3 -0.000000 0.000000
13 3 -0.000000 0.000000
14 3 -0.000000 0.000000
15 3 -0.000000 0.000000
16 3 -0.000000 0.000000
17 3 -0.000000 0.000000
18 3 -0.000000 0.000000
19 3 -0.000000 0.000000
20 3 -0.000000 0.000000
21 3 -0.000000 0.000000
22 3 -0.000000 0.000000
23 3 -0.000000 0.000000
24 3 -0.000000 0.000000
25 3 -0.000000 0.000000
26 3 -0.000001 0.000000
27 3 -0.000001 0.000000
28 3 -0.000002 0.000000
29 3 -0.000004 0.000000
30 3 -0.000005 0.000000
31 3 -0.000006 0.000000
32 3 -0.000006 0.000000
33 3 -0.000005 0.000000
34 3 -0.000004 0.000000
35 3 -0.000002 0.000000
36 3 -0.000001 0.000000
37 3 -0.000001 0.000000
38 3 0.000001 0.000000
39 3 0.000004 0.000000
40 3 -0.000004 0.000000
41 3 -0.000063 0.000000
42 3 -0.000217 0.000000
43 3 -0.000435 0.000000
44 3 -0.000602 0.000000
45 3 -0.000673 0.000000
46 3 -0.000489 0.000000
47 3 0.000347 0.000000
48 3 0.001551 0.000000
49 3 0.001706 0.000000
50 3 0.000690 0.000000
51 3 -0.000058 0.000000
52 3 -0.000198 0.000000
53 3 -0.000179 0.000000
54 3 -0.000137 0.000000
55 3 -0.000098 0.000000
56 3 -0.000072 0.000000
57 3 -0.000051 0.000000
58 3 -0.000035 0.000000
59 3 -0.000019 0.000000
60 3 -0.000009 0.000000
61 3 -0.000004 0.000000
62 3 -0.000001 0.000000
63 3 -0.000001 0.000000
64 3 -0.000001 0.000000
65 3 -0.000001 0.000000
66 3 -0.000001 0.000000
67 3 -0.000002 0.000000
68 3 -0.000004 0.000000
69 3 -0.000007 0.000000
70 3 -0.000012 0.000000
71 3 -0.000019 0.000000
72 3 -0.000026 0.000000
73 3 -0.000030 0.000000
74 3 -0.000035 0.000000
75 3 -0.000044 0.000000
76 3 -0.000052 0.000000
77 3 -0.000060 0.000000
78 3 -0.000064 0.000000
79 3 -0.000063 0.000000
80 3 -0.000056 0.000000
81 3 -0.000044 0.000000
82 3 -0.000031 0.000000
83 3 -0.000019 0.000000
84 3 -0.000010 0.000000
85 3 -0.000005 0.000000
86 3 -0.000002 0.000000
87 3 -0.000001 0.000000
88 3 -0.000000 0.000000
89 3 -0.000000 0.000000
90 3 -0.000000 0.000000
91 3 -0.000000 0.000000
92 3 -0.000000 0.000000
93 3 -0.000000 0.000000
94 3 -0.000000 0.000000
95 3 -0.000000 0.000000
96 3 -0.000000 0.000000
97 3 -0.000000 0.000000
98 3 -0.000000 0.000000
99 3 -0.000000 0.000000
0 4 -0.000000 0.000000
1 4 -0.000000 0.000000
2 4 -0.000000 0.000000
3 4 -0.000000 0.000000
4 4 -0.000000 0.000000
5 4 -0.000000 0.000000
6 4 -0.000000 0.000000
7 4 -0.000000 0.000000
8 4 -0.000000 0.000000
9 4 -0.000000 0.000000
10 4 -0.000000 0.000000
11 4 -0.000000 0.000000
12 4 -0.000000 0.000000
13 4 -0.000000 0.000000
14 4 -0.000000 0.000000
15 4 -0.000000 0.000000
16 4 -0.000000 0.000000
17 4 -0.000000 0.000000
18 4 -0.000000 0.000000
19 4 -0.000000 0.000000
20 4 -0.000000 0.000000
21 4 -0.000000 0.000000
22 4 -0.000000 0.000000
23 4 -0.000000 0.000000
24 4 -0.000000 0.000000
25 4 -0.000000 0.000000
26 4 -0.000000 0.000000
27 4 -0.000000 0.000000
28 4 -0.000001 0.000000
29 4 -0.000002 0.000000
30 4 -0.000003 0.000000
31 4 -0.000003 0.000000
32 4 -0.000003 0.000000
33 4 -0.000003 0.000000
34 4 -0.000002 0.000000
35 4 -0.000001 0.000000
36 4 -0.000001 0.000000
37 4 -0.000001 0.000000
38 4 -0.000001 0.000000
39 4 0.000003 0.000000
40 4 0.000004 0.000000
41 4 -0.000035 0.000000
42 4 -0.000172 0.000000
43 4 -0.000405 0.000000
44 4 -0.000611 0.000000
45 4 -0.000715 0.000000
46 4 -0.000577 0.000000
47 4 0.000187 0.000000
48 4 0.001337 0.000000
49 4 0.001484 0.000000
50 4 0.000514 0.000000
51 4 -0.000149 0.000000
52 4 -0.000224 0.000000
53 4 -0.000188 0.000000
54 4 -0.000150 0.000000
55 4 -0.000116 0.000000
56 4 -0.000093 0.000000
57 4 -0.000071 0.000000
58 4 -0.000053 0.000000
59 4 -0.000035 0.000000
60 4 -0.000022 0.000000
61 4 -0.000013 0.000000
62 4 -0.000007 0.000000
63 4 -0.000004 0.000000
64 4 -0.000003 0.000000
65 4 -0.000002 0.000000
66 4 -0.000001 0.000000
67 4 -0.000001 0.000000
68 4 -0.000002 0.000000
69 4 -0.000004 0.000000
70 4 -0.000006 0.000000
71 4 -0.000009 0.000000
72 4 -0.000013 0.000000
73 4 -0.000017 0.000000
74 4 -0.000020 0.000000
75 4 -0.000025 0.000000
76 4 -0.000030 0.000000
77 4 -0.000035 0.000000
78 4 -0.000038 0.000000
79 4 -0.000038 0.000000
80 4 -0.000034 0.000000
81 4 -0.000028 0.000000
82 4 -0.000020 0.000000
83 4 -0.000013 0.000000
84 4 -0.000008 0.000000
85 4 -0.000004 0.000000
86 4 -0.000002 0.000000
87 4 -0.000001 0.000000
88 4 -0.000000 0.000000
89 4 -0.000000 0.000000
90 4 -0.000000 0.000000
91 4 -0.000000 0.000000
92 4 -0.000000 0.000000
93 4 -0.000000 0.000000
94 4 -0.000000 0.000000
95 4 -0.000000 0.000000
96 4 -0.000000 0.000000
97 4 -0.000000 0.000000
98 4 -0.000000 0.000000
99 4 -0.000000 0.000000
0 5 -0.000000 0.000000
1 5 -0.000000 0.000000
2 5 -0.000000 0.000000
3 5 -0.000000 0.000000
4 5 -0.000001 0.000000
5 5 -0.000001 0.000000
6 5 -0.000001 0.000000
7 5 -0.000001 0.000000
8 5 -0.000000 0.000000
9 5 -0.000000 0.000000
10 5 -0.000000 0.000000
11 5 -0.000000 0.000000
12 5 -0.000000 0.000000
13 5 -0.000000 0.000000
14 5 -0.000000 0.000000
15 5 -0.000000 0.000000
16 5 -0.000000 0.000000
17 5 -0.000000 0.000000
18 5 -0.000000 0.000000
19 5 -0.000000 0.000000
20 5 -0.000000 0.000000
21 5 -0.000000 0.000000
22 5 -0.000000 0.000000
23 5 -0.000000 0.000000
24 5 -0.000000 0.000000
25 5 -0.000000 0.000000
26 5 -0.000000 0.000000
27 5 -0.000000 0.000000
28 5 -0.000000 0.000000
29 5 -0.000001 0.000000
30 5 -0.000001 0.000000
31 5 -0.000001 0.000000
32 5 -0.000001 0.000000
33 5 -0.000001 0.000000
34 5 -0.000001 0.000000
35 5 -0.000001 0.000000
36 5 -0.000000 0.000000
37 5 -0.000000 0.000000
38 5 -0.000001 0.000000
39 5 0.000001 0.000000
40 5 0.000006 0.000000
41 5 -0.000016 0.000000
42 5 -0.000130 0.000000
43 5 -0.000367 0.000000
44 5 -0.000607 0.000000
45 5 -0.000740 0.000000
46 5 -0.000643 0.000000
47 5 0.000053 0.000000
48 5 0.001165 0.000000
49 5 0.001349 0.000000
50 5 0.000445 0.000000
51 5 -0.000177 0.000000
52 5 -0.000236 0.000000
53 5 -0.000208 0.000000
54 5 -0.000177 0.000000
55 5 -0.000146 0.000000
56 5 -0.000124 0.000000
57 5 -0.000099 0.000000
58 5 -0.000079 0.000000
59 5 -0.000058 0.000000
60 5 -0.000041 0.000000
61 5 -0.000029 0.000000
62 5 -0.000019 0.000000
63 5 -0.000012 0.000000
64 5 -0.000008 0.000000
65 5 -0.000005 0.000000
66 5 -0.000003 0.000000
67 5 -0.000002 0.000000
68 5 -0.000002 0.000000
69 5 -0.000002 0.000000
70 5 -0.000003 0.000000
71 5 -0.000004 0.000000
72 5 -0.000006 0.000000
73 5 -0.000007 0.000000
74 5 -0.000009 0.000000
75 5 -0.000012 0.000000
76 5 -0.000014 0.000000
77 5 -0.000016 0.000000
78 5 -0.000018 0.000000
79 5 -0.000019 0.000000
80 5 -0.000017 0.000000
81 5 -0.000015 0.000000
82 5 -0.000011 0.000000
83 5 -0.000008 0.000000
84 5 -0.000005 0.000000
85 5 -0.000003 0.000000
86 5 -0.000001 0.000000
87 5 -0.000001 0.000000
88 5 -0.000001 0.000000
89 5 -0.000001 0.000000
90 5 -0.000001 0.000000
91 5 -0.000001 0.000000
92 5 -0.000000 0.000000
93 5 -0.000000 0.000000
94 5 -0.000000 0.000000
95 5 -0.000000 0.000000
96 5 -0.000000 0.000000
97 5 -0.000000 0.000000
98 5 -0.000000 0.000000
99 5 -0.000000 0.000000
0 6 -0.000000 0.000000
1 6 -0.000000 0.000000
2 6 -0.000000 0.000000
3 6 -0.000001 0.000000
4 6 -0.000001 0.000000
5 6 -0.000001 0.000000
6 6 -0.000001 0.000000
7 6 -0.000001 0.000000
8 6 -0.000001 0.000000
9 6 -0.000001 0.000000
10 6 -0.000001 0.000000
11 6 -0.000000 0.000000
12 6 -0.000000 0.000000
13 6 -0.000000 0.000000
14 6 -0.000000 0.000000
15 6 -0.000000 0.000000
16 6 -0.000000 0.000000
17 6 -0.000000 0.000000
18 6 -0.000000 0.000000
19 6 -0.000000 0.000000
20 6 -0.000000 0.000000
21 6 -0.000000 0.000000
22 6 -0.000000 0.000000
23 6 -0.000000 0.000000
24 6 -0.000000 0.000000
25 6 -0.000000 0.000000
26 6 -0.000000 0.000000
27 6 -0.000000 0.000000
28 6 -0.000000 0.000000
29 6 -0.000000 0.000000
30 6 -0.000000 0.000000
31 6 -0.000000 0.000000
32 6 -0.000001 0.000000
33 6 -0.000001 0.000000
34 6 -0.000001 0.000000
35 6 -0.000000 0.000000
36 6 -0.000000 0.000000
37 6 -0.000000 0.000000
38 6 -0.000001 0.000000
39 6 -0.000000 0.000000
40 6 0.000005 0.000000
41 6 -0.000004 0.000000
42 6 -0.000095 0.000000
43 6 -0.000325 0.000000
44 6 -0.000593 0.000000
45 6 -0.000750 0.000000
46 6 -0.000684 0.000000
47 6 -0.000045 0.000000
48 6 0.001050 0.000000
49 6 0.001309 0.000000
50 6 0.000473 0.000000
51 6 -0.000154 0.000000
52 6 -0.000239 0.000000
53 6 -0.000232 0.000000
54 6 -0.000210 0.000000
55 6 -0.000184 0.000000
56 6 -0.000162 0.000000
57 6 -0.000136 0.000000
58 6 -0.000113 0.000000
59 6 -0.000089 0.000000
60 6 -0.000070 0.000000
61 6 -0.000053 0.000000
62 6 -0.000039 0.000000
63 6 -0.000028 0.000000
64 6 -0.000019 0.000000
65 6 -0.000013 0.000000
66 6 -0.000009 0.000000
67 6 -0.000006 0.000000
68 6 -0.000004 0.000000
69 6 -0.000003 0.000000
70 6 -0.000002 0.000000
71 6 -0.000002 0.000000
72 6 -0.000003 0.000000
73 6 -0.000003 0.000000
74 6 -0.000004 0.000000
75 6 -0.000005 0.000000
76 6 -0.000006 0.000000
77 6 -0.000006 0.000000
78 6 -0.000007 0.000000
79 6 -0.000008 0.000000
80 6 -0.000007 0.000000
81 6 -0.000007 0.000000
82 6 -0.000005 0.000000
83 6 -0.000004 0.000000
84 6 -0.000003 0.000000
85 6 -0.000002 0.000000
86 6 -0.000001 0.000000
87 6 -0.000001 0.000000
88 6 -0.000001 0.000000
89 6 -0.000002 0.000000
90 6 -0.000002 0.000000
91 6 -0.000001 0.000000
92 6 -0.000001 0.000000
93 6 -0.000000 0.000000
94 6 -0.000000 0.000000
95 6 -0.000000 0.000000
96 6 -0.000000 0.000000
97 6 -0.000000 0.000000
98 6 -0.000000 0.000000
99 6 -0.000000 0.000000
0 7 -0.000000 0.000000
1 7 -0.000000 0.000000
2 7 -0.000000 0.000000
3 7 -0.000001 0.000000
4 7 -0.000001 0.000000
5 7 -0.000001 0.000000
6 7 -0.000001 0.000000
7 7 -0.000001 0.000000
8 7 -0.000001 0.000000
9 7 -0.000001 0.000000
10 7 -0.000001 0.000000
11 7 -0.000001 0.000000
12 7 -0.000001 0.000000
13 7 -0.000001 0.000000
14 7 -0.000000 0.000000
15 7 -0.000000 0.000000
16 7 -0.000000 0.000000
17 7 -0.000000 0.000000
18 7 -0.000000 0.000000
19 7 -0.000000 0.000000
20 7 -0.000000 0.000000
21 7 -0.000000 0.000000
22 7 -0.000000 0.000000
23 7 -0.000000 0.000000
24 7 -0.000000 0.000000
25 7 -0.000000 0.000000
26 7 -0.000000 0.000000
27 7 -0.000000 0.000000
28 7 -0.000000 0.000000
29 7 -0.000000 0.000000
30 7 -0.000000 0.000000
31 7 -0.000000 0.000000
32 7 -0.000000 0.000000
33 7 -0.000000 0.000000
34 7 -0.000000 0.000000
35 7 -0.000000 0.000000
36 7 -0.000000 0.000000
37 7 -0.000000 0.000000
38 7 -0.000001 0.000000
39 7 -0.000001 0.000000
40 7 0.000003 0.000000
41 7 0.000002 0.000000
42 7 -0.000067 0.000000
43 7 -0.000284 0.000000
44 7 -0.000571 0.000000
45 7 -0.000749 0.000000
46 7 -0.000706 0.000000
47 7 -0.000116 0.000000
48 7 0.000976 0.000000
49 7 0.001337 0.000000
50 7 0.000575 0.000000
51 7 -0.000088 0.000000
52 7 -0.000226 0.000000
53 7 -0.000249 0.000000
54 7 -0.000241 0.000000
55 7 -0.000222 0.000000
56 7 -0.000205 0.000000
57 7 -0.000179 0.000000
58 7 -0.000157 0.000000
59 7 -0.000132 0.000000
60 7 -0.000110 0.000000
61 7 -0.000091 0.000000
62 7 -0.000072 0.000000
63 7 -0.000057 0.000000
64 7 -0.000043 0.000000
65 7 -0.000032 0.000000
66 7 -0.000024 0.000000
67 7 -0.000017 0.000000
68 7 -0.000012 0.000000
69 7 -0.000008 0.000000
70 7 -0.000006 0.000000
71 7 -0.000004 0.000000
72 7 -0.000003 0.000000
73 7 -0.000002 0.000000
74 7 -0.000002 0.000000
75 7 -0.000002 0.000000
76 7 -0.000002 0.000000
77 7 -0.000002 0.000000
78 7 -0.000002 0.000000
79 7 -0.000002 0.000000
80 7 -0.000002 0.000000
81 7 -0.000002 0.000000
82 7 -0.000002 0.000000
83 7 -0.000001 0.000000
84 7 -0.000001 0.000000
85 7 -0.000001 0.000000
86 7 -0.000002 0.000000
87 7 -0.000002 0.000000
88 7 -0.000003 0.000000
89 7 -0.000003 0.000000
90 7 -0.000003 0.000000
91 7 -0.000002 0.000000
92 7 -0.000001 0.000000
93 7 -0.000000 0.000000
94 7 -0.000000 0.000000
95 7 -0.000000 0.000000
96 7 -0.000000 0.000000
97 7 -0.000000 0.000000
98 7 -0.000000 0.000000
99 7 -0.000000 0.000000
0 8 -0.000000 0.000000
1 8 -0.000000 0.000000
2 8 -0.000000 0.000000
3 8 -0.000001 0.000000
4 8 -0.000001 0.000000
5 8 -0.000001 0.000000
6 8 -0.000001 0.000000
7 8 -0.000001 0.000000
8 8 -0.000001 0.000000
9 8 -0.000001 0.000000
10 8 -0.000001 0.000000
11 8 -0.000001 0.000000
12 8 -0.000001 0.000000
13 8 -0.000001 0.000000
14 8 -0.000001 0.000000
15 8 -0.000000 0.000000
16 8 -0.000000 0.000000
17 8 -0.000000 0.000000
18 8 -0.000000 0.000000
19 8 -0.000000 0.000000
20 8 -0.000000 0.000000
21 8 -0.000000 0.000000
22 8 -0.000000 0.000000
23 8 -0.000000 0.000000
24 8 -0.000000 0.000000
25 8 -0.000000 0.000000
26 8 -0.000000 0.000000
27 8 -0.000000 0.000000
28 8 -0.000000 0.000000
29 8 -0.000000 0.000000
30 8 -0.000000 0.000000
31 8 -0.000000 0.000000
32 8 -0.000000 0.000000
33 8 -0.000000 0.000000
34 8 -0.000000 0.000000
35 8 -0.000000 0.000000
36 8 -0.000000 0.000000
37 8 -0.000000 0.000000
38 8 -0.000000 0.000000
39 8 -0.000001 0.000000
40 8 0.000001 0.000000
41 8 0.000005 0.000000
42 8 -0.000046 0.000000
43 8 -0.000245 0.000000
44 8 -0.000545 0.000000
45 8 -0.000741 0.000000
46 8 -0.000717 0.000000
47 8 -0.000172 0.000000
48 8 0.000916 0.000000
49 8 0.001395 0.000000
50 8 0.000722 0.000000
51 8 0.000012 0.000000
52 8 -0.000194 0.000000
53 8 -0.000252 0.000000
54 8 -0.000260 0.000000
55 8 -0.000254 0.000000
56 8 -0.000245 0.000000
57 8 -0.000224 0.000000
58 8 -0.000206 0.000000
59 8 -0.000183 0.000000
60 8 -0.000163 0.000000
61 8 -0.000142 0.000000
62 8 -0.000122 0.000000
63 8 -0.000103 0.000000
64 8 -0.000086 0.000000
65 8 -0.000070 0.000000
66 8 -0.000057 0.000000
67 8 -0.000045 0.000000
68 8 -0.000035 0.000000
69 8 -0.000027 0.000000
70 8 -0.000020 0.000000
71 8 -0.000015 0.000000
72 8 -0.000011 0.000000
73 8 -0.000008 0.000000
74 8 -0.000005 0.000000
75 8 -0.000004 0.000000
76 8 -0.000002 0.000000
77 8 -0.000001 0.000000
78 8 -0.000001 0.000000
79 8 -0.000000 0.000000
80 8 -0.000000 0.000000
81 8 -0.000000 0.000000
82 8 -0.000001 0.000000
83 8 -0.000001 0.000000
84 8 -0.000002 0.000000
85 8 -0.000003 0.000000
86 8 -0.000004 0.000000
87 8 -0.000005 0.000000
88 8 -0.000005 0.000000
89 8 -0.000005 0.000000
90 8 -0.000004 0.000000
91 8 -0.000003 0.000000
92 8 -0.000001 0.000000
93 8 -0.000000 0.000000
94 8 -0.000000 0.000000
95 8 -0.000000 0.000000
96 8 -0.000000 0.000000
97 8 -0.000000 0.000000
98 8 -0.000000 0.000000
99 8 -0.000000 0.000000
0 9 -0.000000 0.000000
1 9 -0.000000 0.000000
2 9 -0.000000 0.000000
3 9 -0.000001 0.000000
4 9 -0.000001 0.000000
5 9 -0.000001 0.000000
6 9 -0.000001 0.000000
7 9 -0.000001 0.000000
8 9 -0.000001 0.000000
9 9 -0.000001 0.000000
10 9 -0.000001 0.000000
11 9 -0.000001 0.000000
12 9 -0.000001 0.000000
13 9 -0.000001 0.000000
14 9 -0.000001 0.000000
15 9 -0.000000 0.000000
16 9 -0.000000 0.000000
17 9 -0.000000 0.000000
18 9 -0.000000 0.000000
19 9 -0.000000 0.000000
20 9 -0.000000 0.000000
21 9 -0.000000 0.000000
22 9 -0.000000 0.000000
23 9 -0.000000 0.000000
24 9 -0.000000 0.000000
25 9 -0.000000 0.000000
26 9 -0.000000 0.000000
27 9 -0.000000 0.000000
28 9 -0.000000 0.000000
29 9 -0.000000 0.000000
30 9 -0.000000 0.000000
31 9 -0.000000 0.000000
32 9 -0.000000 0.000000
33 9 -0.000000 0.000000
34 9 -0.000000 0.000000
35 9 -0.000000 0.000000
36 9 -0.000000 0.000000
37 9 -0.000000 0.000000
38 9 0.000000 0.000000
39 9 -0.000000 0.000000
40 9 -0.000000 0.000000
41 9 0.000005 0.000000
42 9 -0.000031 0.000000
43 9 -0.000212 0.000000
44 9 -0.000517 0.000000
45 9 -0.000728 0.000000
46 9 -0.000721 0.000000
47 9 -0.000225 0.000000
48 9 0.000845 0.000000
49 9 0.001447 0.000000
50 9 0.000884 0.000000
51 9 0.000134 0.000000
52 9 -0.000142 0.000000
53 9 -0.000235 0.000000
54 9 -0.000262 0.000000
55 9 -0.000271 0.000000
56 9 -0.000274 0.000000
57 9 -0.000262 0.000000
58 9 -0.000251 0.000000
59 9 -0.000234 0.000000
60 9 -0.000219 0.000000
61 9 -0.000201 0.000000
62 9 -0.000183 0.000000
63 9 -0.000164 0.000000
64 9 -0.000146 0.000000
65 9 -0.000129 0.000000
66 9 -0.000113 0.000000
67 9 -0.000098 0.000000
68 9 -0.000084 0.000000
69 9 -0.000071 0.000000
70 9 -0.000060 0.000000
71 9 -0.000051 0.000000
72 9 -0.000042 0.000000
73 9 -0.000035 0.000000
74 9 -0.000029 0.000000
75 9 -0.000025 0.000000
76 9 -0.000021 0.000000
77 9 -0.000017 0.000000
78 9 -0.000015 0.000000
79 9 -0.000014 0.000000
80 9 -0.000013 0.000000
81 9 -0.000012 0.000000
82 9 -0.000012 0.000000
83 9 -0.000012 0.000000
84 9 -0.000012 0.000000
85 9 -0.000013 0.000000
86 9 -0.000012 0.000000
87 9 -0.000012 0.000000
88 9 -0.000011 0.000000
89 9 -0.000009 0.000000
90 9 -0.000006 0.000000
91 9 -0.000004 0.000000
92 9 -0.000002 0.000000
93 9 -0.000001 0.000000
94 9 -0.000000 0.000000
95 9 -0.000000 0.000000
96 9 -0.000000 0.000000
97 9 -0.000000 0.000000
98 9 -0.000000 0.000000
99 9 -0.000000 0.000000
0 10 -0.000000 0.000000
1 10 -0.000000 0.000000
2 10 -0.000000 0.000000
3 10 -0.000000 0.000000
4 10 -0.000001 0.000000
5 10 -0.000001 0.000000
6 10 -0.000001 0.000000
7 10 -0.000001 0.000000
8 10 -0.000001 0.000000
9 10 -0.000001 0.000000
10 10 -0.000001 0.000000
11 10 -0.000001 0.000000
12 10 -0.000001 0.000000
13 10 -0.000001 0.000000
14 10 -0.000001 0.000000
15 10 -0.000000 0.000000
16 10 -0.000000 0.000000
17 10 -0.000000 0.000000
18 10 -0.000000 0.000000
19 10 -0.000000 0.000000
20 10 -0.000000 0.000000
21 10 -0.000000 0.000000
22 10 -0.000000 0.000000
23 10 -0.000000 0.000000
24 10 -0.000000 0.000000
25 10 -0.000000 0.000000
26 10 -0.000000 0.000000
27 10 -0.000000 0.000000
28 10 -0.000000 0.000000
29 10 -0.000000 0.000000
30 10 -0.000000 0.000000
31 10 -0.000000 0.000000
32 10 -0.000000 0.000000
33 10 -0.000000 0.000000
34 10 -0.000000 0.000000
35 10 -0.000000 0.000000
36 10 -0.000000 0.000000
37 10 -0.000000 0.000000
38 10 0.000000 0.000000
39 10 0.000000 0.000000
40 10 -0.000001 0.000000
41 10 0.000004 0.000000
42 10 -0.000022 0.000000
43 10 -0.000185 0.000000
44 10 -0.000490 0.000000
45 10 -0.000715 0.000000
46 10 -0.000725 0.000000
47 10 -0.000284 0.000000
48 10 0.000749 0.000000
49 10 0.001465 0.000000
50 10 0.001033 0.000000
51 10 0.000266 0.000000
52 10 -0.000074 0.000000
53 10 -0.000199 0.000000
54 10 -0.000240 0.000000
55 10 -0.000266 0.000000
56 10 -0.000283 0.000000
57 10 -0.000282 0.000000
58 10 -0.000282 0.000000
59 10 -0.000274 0.000000
60 10 -0.000266 0.000000
61 10 -0.000255 0.000000
62 10 -0.000243 0.000000
63 10 -0.000229 0.000000
64 10 -0.000215 0.000000
65 10 -0.000200 0.000000
66 10 -0.000185 0.000000
67 10 -0.000171 0.000000
68 10 -0.000157 0.000000
69 10 -0.000143 0.000000
70 10 -0.000130 0.000000
71 10 -0.000118 0.000000
72 10 -0.000107 0.000000
73 10 -0.000097 0.000000
74 10 -0.000088 0.000000
75 10 -0.000080 0.000000
76 10 -0.000073 0.000000
77 10 -0.000067 0.000000
78 10 -0.000062 0.000000
79 10 -0.000058 0.000000
80 10 -0.000054 0.000000
81 10 -0.000050 0.000000
82 10 -0.000047 0.000000
83 10 -0.000044 0.000000
84 10 -0.000040 0.000000
85 10 -0.000036 0.000000
86 10 -0.000031 0.000000
87 10 -0.000025 0.000000
88 10 -0.000020 0.000000
89 10 -0.000014 0.000000
90 10 -0.000009 0.000000
91 10 -0.000005 0.000000
92 10 -0.000003 0.000000
93 10 -0.000001 0.000000
94 10 -0.000000 0.000000
95 10 -0.000000 0.000000
96 10 -0.000000 0.000000
97 10 -0.000000 0.000000
98 10 -0.000000 0.000000
99 10 -0.000000 0.000000
0 11 -0.000000 0.000000
1 11 -0.000000 0.000000
2 11 -0.000000 0.000000
3 11 -0.000000 0.000000
4 11 -0.000000 0.000000
5 11 -0.000000 0.000000
6 11 -0.000001 0.000000
7 11 -0.000001 0.000000
8 11 -0.000001 0.000000
9 11 -0.000001 0.000000
10 11 -0.000001 0.000000
11 11 -0.000001 0.000000
12 11 -0.000001 0.000000
13 11 -0.000001 0.000000
14 11 -0.000001 0.000000
15 11 -0.000001 0.000000
16 11 -0.000000 0.000000
17 11 -0.000000 0.000000
18 11 -0.000000 0.000000
19 11 -0.000000 0.000000
20 11 -0.000000 0.000000
21 11 -0.000000 0.000000
22 11 -0.000000 0.000000
23 11 -0.000000 0.000000
24 11 -0.000000 0.000000
25 11 -0.000001 0.000000
26 11 -0.000000 0.000000
27 11 -0.000001 0.000000
28 11 -0.000001 0.000000
29 11 -0.000001 0.000000
30 11 -0.000001 0.000000
31 11 -0.000001 0.000000
32 11 -0.000001 0.000000
33 11 -0.000001 0.000000
34 11 -0.000001 0.000000
35 11 -0.000000 0.000000
36 11 -0.000001 0.000000
37 11 -0.000001 0.000000
38 11 0.000000 0.000000
39 11 0.000000 0.000000
40 11 -0.000001 0.000000
41 11 0.000002 0.000000
42 11 -0.000017 0.000000
43 11 -0.000164 0.000000
44 11 -0.000467 0.000000
45 11 -0.000703 0.000000
46 11 -0.000729 0.000000
47 11 -0.000350 0.000000
48 11 0.000623 0.000000
49 11 0.001432 0.000000
50 11 0.001148 0.000000
51 11 0.000393 0.000000
52 11 0.000002 0.000000
53 11 -0.000145 0.000000
54 11 -0.000194 0.000000
55 11 -0.000234 0.000000
56 11 -0.000266 0.000000
57 11 -0.000277 0.000000
58 11 -0.000288 0.000000
59 11 -0.000290 0.000000
60 11 -0.000292 0.000000
61 11 -0.000290 0.000000
62 11 -0.000286 0.000000
63 11 -0.000280 0.000000
64 11 -0.000273 0.000000
65 11 -0.000264 0.000000
66 11 -0.000255 0.000000
67 11 -0.000245 0.000000
68 11 -0.000235 0.000000
69 11 -0.000224 0.000000
70 11 -0.000213 0.000000
71 11 -0.000203 0.000000
72 11 -0.000192 0.000000
73 11 -0.000182 0.000000
74 11 -0.000173 0.000000
75 11 -0.000164 0.000000
76 11 -0.000155 0.000000
77 11 -0.000146 0.000000
78 11 -0.000138 0.000000
79 11 -0.000130 0.000000
80 11 -0.000121 0.000000
81 11 -0.000112 0.000000
82 11 -0.000103 0.000000
83 11 -0.000093 0.000000
84 11 -0.000082 0.000000
85 11 -0.000070 0.000000
86 11 -0.000057 0.000000
87 11 -0.000044 0.000000
88 11 -0.000032 0.000000
89 11 -0.000021 0.000000
90 11 -0.000013 0.000000
91 11 -0.000007 0.000000
92 11 -0.000003 0.000000
93 11 -0.000001 0.000000
94 11 -0.000000 0.000000
95 11 -0.000000 0.000000
96 11 -0.000000 0.000000
97 11 -0.000000 0.000000
98 11 -0.000000 0.000000
99 11 -0.000000 0.000000
0 12 -0.000000 0.000000
1 12 -0.000000 0.000000
2 12 -0.000000 0.000000
3 12 -0.000000 0.000000
4 12 -0.000000 0.000000
5 12 -0.000000 0.000000
6 12 -0.000000 0.000000
7 12 -0.000000 0.000000
8 12 -0.000000 0.000000
9 12 -0.000000 0.000000
10 12 -0.000000 0.000000
11 12 -0.000001 0.000000
12 12 -0.000001 0.000000
13 12 -0.000000 0.000000
14 12 -0.000000 0.000000
15 12 -0.000000 0.000000
16 12 -0.000000 0.000000
17 12 -0.000000 0.000000
18 12 -0.000000 0.000000
19 12 -0.000000 0.000000
20 12 -0.000001 0.000000
21 12 -0.000001 0.000000
22 12 -0.000001 0.000000
23 12 -0.000001 0.000000
24 12 -0.000001 0.000000
25 12 -0.000001 0.000000
26 12 -0.000001 0.000000
27 12 -0.000001 0.000000
28 12 -0.000001 0.000000
29 12 -0.000001 0.000000
30 12 -0.000001 0.000000
31 12 -0.000001 0.000000
32 12 -0.000001 0.000000
33 12 -0.000001 0.000000
34 12 -0.000001 0.000000
35 12 -0.000001 0.000000
36 12 -0.000001 0.000000
37 12 -0.000001 0.000000
38 12 -0.000000 0.000000
39 12 0.000000 0.000000
40 12 -0.000002 0.000000
41 12 0.000001 0.000000
42 12 -0.000014 0.000000
43 12 -0.000148 0.000000
44 12 -0.000448 0.000000
45 12 -0.000693 0.000000
46 12 -0.000735 0.000000
47 12 -0.000422 0.000000
48 12 0.000470 0.000000
49 12 0.001339 0.000000
50 12 0.001211 0.000000
51 12 0.000502 0.000000
52 12 0.000076 0.000000
53 12 -0.000080 0.000000
54 12 -0.000128 0.000000
55 12 -0.000176 0.000000
56 12 -0.000221 0.000000
57 12 -0.000243 0.000000
58 12 -0.000266 0.000000
59 12 -0.000277 0.000000
60 12 -0.000289 0.000000
61 12 -0.000296 0.000000
62 12 -0.000302 0.000000
63 12 -0.000305 0.000000
64 12 -0.000306 0.000000
65 12 -0.000306 0.000000
66 12 -0.000305 0.000000
67 12 -0.000302 0.000000
68 12 -0.000298 0.000000
69 12 -0.000294 0.000000
70 12 -0.000288 0.000000
71 12 -0.000282 0.000000
72 12 -0.000275 0.000000
73 12 -0.000268 0.000000
74 12 -0.000260 0.000000
75 12 -0.000252 0.000000
76 12 -0.000242 0.000000
77 12 -0.000231 0.000000
78 12 -0.000220 0.000000
79 12 -0.000208 0.000000
80 12 -0.000193 0.000000
81 12 -0.000177 0.000000
82 12 -0.000161 0.000000
83 12 -0.000143 0.000000
84 12 -0.000124 0.000000
85 12 -0.000104 0.000000
86 12 -0.000083 0.000000
87 12 -0.000063 0.000000
88 12 -0.000044 0.000000
89 12 -0.000029 0.000000
90 12 -0.000017 0.000000
91 12 -0.000008 0.000000
92 12 -0.000004 0.000000
93 12 -0.000001 0.000000
94 12 -0.000000 0.000000
95 12 -0.000000 0.000000
96 12 -0.000000 0.000000
97 12 -0.000000 0.000000
98 12 -0.000000 0.000000
99 12 -0.000000 0.000000
0 13 -0.000000 0.000000
1 13 -0.000000 0.000000
2 13 -0.000000 0.000000
3 13 -0.000000 0.000000
4 13 -0.000000 0.000000
5 13 -0.000000 0.000000
6 13 -0.000000 0.000000
7 13 -0.000000 0.000000
8 13 -0.000000 0.000000
9 13 -0.000000 0.000000
10 13 -0.000000 0.000000
11 13 -0.000000 0.000000
12 13 -0.000000 0.000000
13 13 -0.000000 0.000000
14 13 -0.000000 0.000000
15 13 -0.000000 0.000000
16 13 -0.000000 0.000000
17 13 -0.000000 0.000000
18 13 -0.000000 0.000000
19 13 -0.000000 0.000000
20 13 -0.000001 0.000000
21 13 -0.000001 0.000000
22 13 -0.000001 0.000000
23 13 -0.000001 0.000000
24 13 -0.000001 0.000000
25 13 -0.000001 0.000000
26 13 -0.000001 0.000000
27 13 -0.000001 0.000000
28 13 -0.000001 0.000000
29 13 -0.000001 0.000000
30 13 -0.000002 0.000000
31 13 -0.000001 0.000000
32 13 -0.000001 0.000000
33 13 -0.000001 0.000000
34 13 -0.000000 0.000000
35 13 -0.000001 0.000000
36 13 -0.000002 0.000000
37 13 -0.000001 0.000000
38 13 0.000000 0.000000
39 13 -0.000000 0.000000
40 13 -0.000002 0.000000
41 13 -0.000001 0.000000
42 13 -0.000013 0.000000
43 13 -0.000137 0.000000
44 13 -0.000434 0.000000
45 13 -0.000688 0.000000
46 13 -0.000745 0.000000
47 13 -0.000498 0.000000
48 13 0.000295 0.000000
49 13 0.001190 0.000000
50 13 0.001215 0.000000
51 13 0.000578 0.000000
52 13 0.000136 0.000000
53 13 -0.000017 0.000000
54 13 -0.000049 0.000000
55 13 -0.000096 0.000000
56 13 -0.000151 0.000000
57 13 -0.000183 0.000000
58 13 -0.000217 0.000000
59 13 -0.000239 0.000000
60 13 -0.000260 0.000000
61 13 -0.000277 0.000000
62 13 -0.000292 0.000000
63 13 -0.000305 0.000000
64 13 -0.000316 0.000000
65 13 -0.000325 0.000000
66 13 -0.000332 0.000000
67 13 -0.000338 0.000000
68 13 -0.000343 0.000000
69 13 -0.000345 0.000000
70 13 -0.000347 0.000000
71 13 -0.000346 0.000000
72 13 -0.000344 0.000000
73 13 -0.000340 0.000000
74 13 -0.000334 0.000000
75 13 -0.000326 0.000000
76 13 -0.000315 0.000000
77 13 -0.000301 0.000000
78 13 -0.000286 0.000000
79 13 -0.000268 0.000000
80 13 -0.000248 0.000000
81 13 -0.000225 0.000000
82 13 -0.000202 0.000000
83 13 -0.000179 0.000000
84 13 -0.000154 0.000000
85 13 -0.000128 0.000000
86 13 -0.000103 0.000000
87 13 -0.000077 0.000000
88 13 -0.000054 0.000000
89 13 -0.000034 0.000000
90 13 -0.000019 0.000000
91 13 -0.000010 0.000000
92 13 -0.000004 0.000000
93 13 -0.000001 0.000000
94 13 -0.000000 0.000000
95 13 -0.000000 0.000000
96 13 -0.000000 0.000000
97 13 -0.000000 0.000000
98 13 -0.000000 0.000000
99 13 -0.000000 0.000000
0 14 -0.000000 0.000000
1 14 -0.000000 0.000000
2 14 -0.000000 0.000000
3 14 -0.000000 0.000000
4 14 -0.000000 0.000000
5 14 -0.000000 0.000000
6 14 -0.000000 0.000000
7 14 -0.000000 0.000000
8 14 -0.000000 0.000000
9 14 -0.000000 0.000000
10 14 -0.000000 0.000000
11 14 -0.000000 0.000000
12 14 -0.000000 0.000000
13 14 -0.000000 0.000000
14 14 -0.000000 0.000000
15 14 -0.000000 0.000000
16 14 -0.000000 0.000000
17 14 -0.000000 0.000000
18 14 -0.000000 0.000000
19 14 -0.000000 0.000000
20 14 -0.000000 0.000000
21 14 -0.000000 0.000000
22 14 -0.000000 0.000000
23 14 -0.000001 0.000000
24 14 -0.000001 0.000000
25 14 -0.000001 0.000000
26 14 -0.000001 0.000000
27 14 -0.000001 0.000000
28 14 -0.000000 0.000000
29 14 -0.000001 0.000000
30 14 -0.000001 0.000000
31 14 -0.000000 0.000000
32 14 -0.000001 0.000000
33 14 -0.000000 0.000000
34 14 -0.000000 0.000000
35 14 -0.000002 0.000000
36 14 -0.000002 0.000000
37 14 0.000001 0.000000
38 14 0.000002 0.000000
39 14 -0.000000 0.000000
40 14 -0.000003 0.000000
41 14 -0.000002 0.000000
42 14 -0.000014 0.000000
43 14 -0.000131 0.000000
44 14 -0.000424 0.000000
45 14 -0.000686 0.000000
46 14 -0.000755 0.000000
47 14 -0.000572 0.000000
48 14 0.000112 0.000000
49 14 0.001002 0.000000
50 14 0.001165 0.000000
51 14 0.000617 0.000000
52 14 0.000173 0.000000
53 14 0.000034 0.000000
54 14 0.000030 0.000000
55 14 -0.000006 0.000000
56 14 -0.000066 0.000000
57 14 -0.000108 0.000000
58 14 -0.000155 0.000000
59 14 -0.000187 0.000000
60 14 -0.000217 0.000000
61 14 -0.000244 0.000000
62 14 -0.000269 0.000000
63 14 -0.000292 0.000000
64 14 -0.000313 0.000000
65 14 -0.000333 0.000000
66 14 -0.000350 0.000000
67 14 -0.000365 0.000000
68 14 -0.000378 0.000000
69 14 -0.000388 0.000000
70 14 -0.000395 0.000000
71 14 -0.000399 0.000000
72 14 -0.000399 0.000000
73 14 -0.000395 0.000000
74 14 -0.000387 0.000000
75 14 -0.000376 0.000000
76 14 -0.000360 0.000000
77 14 -0.000341 0.000000
78 14 -0.000321 0.000000
79 14 -0.000297 0.000000
80 14 -0.000272 0.000000
81 14 -0.000245 0.000000
82 14 -0.000219 0.000000
83 14 -0.000192 0.000000
84 14 -0.000165 0.000000
85 14 -0.000138 0.000000
86 14 -0.000110 0.000000
87 14 -0.000083 0.000000
88 14 -0.000058 0.000000
89 14 -0.000037 0.000000
90 14 -0.000021 0.000000
91 14 -0.000010 0.000000
92 14 -0.000004 0.000000
93 14 -0.000001 0.000000
94 14 -0.000000 0.000000
95 14 -0.000000 0.000000
96 14 -0.000000 0.000000
97 14 -0.000000 0.000000
98 14 -0.000000 0.000000
99 14 -0.000000 0.000000
0 15 -0.000000 0.000000
1 15 -0.000000 0.000000
2 15 -0.000000 0.000000
3 15 -0.000000 0.000000
4 15 -0.000000 0.000000
5 15 -0.000000 0.000000
6 15 -0.000000 0.000000
7 15 -0.000000 0.000000
8 15 -0.000000 0.000000
9 15 -0.000000 0.000000
10 15 -0.000000 0.000000
11 15 -0.000000 0.000000
12 15 -0.000000 0.000000
13 15 -0.000000 0.000000
14 15 -0.000000 0.000000
15 15 -0.000000 0.000000
16 15 -0.000000 0.000000
17 15 -0.000000 0.000000
18 15 -0.000000 0.000000
19 15 -0.000000 0.000000
20 15 -0.000000 0.000000
21 15 -0.000000 0.000000
22 15 -0.000000 0.000000
23 15 -0.000001 0.000000
24 15 -0.000001 0.000000
25 15 -0.000000 0.000000
26 15 -0.000001 0.000000
27 15 -0.000002 0.000000
28 15 0.000000 0.000000
29 15 -0.000002 0.000000
30 15 -0.000002 0.000000
31 15 -0.000001 0.000000
32 15 -0.000003 0.000000
33 15 -0.000002 0.000000
34 15 -0.000003 0.000000
35 15 -0.000004 0.000000
36 15 -0.000001 0.000000
37 15 0.000004 0.000000
38 15 0.000003 0.000000
39 15 -0.000001 0.000000
40 15 -0.000003 0.000000
41 15 -0.000004 0.000000
42 15 -0.000016 0.000000
43 15 -0.000128 0.000000
44 15 -0.000418 0.000000
45 15 -0.000687 0.000000
46 15 -0.000766 0.000000
47 15 -0.000639 0.000000
48 15 -0.000066 0.000000
49 15 0.000789 0.000000
50 15 0.001064 0.000000
51 15 0.000610 0.000000
52 15 0.000176 0.000000
53 15 0.000055 0.000000
54 15 0.000086 0.000000
55 15 0.000072 0.000000
56 15 0.000013 0.000000
57 15 -0.000038 0.000000
58 15 -0.000097 0.000000
59 15 -0.000140 0.000000
60 15 -0.000181 0.000000
61 15 -0.000218 0.000000
62 15 -0.000254 0.000000
63 15 -0.000287 0.000000
64 15 -0.000319 0.000000
65 15 -0.000349 0.000000
66 15 -0.000376 0.000000
67 15 -0.000400 0.000000
68 15 -0.000420 0.000000
69 15 -0.000435 0.000000
70 15 -0.000444 0.000000
71 15 -0.000448 0.000000
72 15 -0.000445 0.000000
73 15 -0.000435 0.000000
74 15 -0.000418 0.000000
75 15 -0.000397 0.000000
76 15 -0.000370 0.000000
77 15 -0.000341 0.000000
78 15 -0.000314 0.000000
79 15 -0.000287 0.000000
80 15 -0.000260 0.000000
81 15 -0.000236 0.000000
82 15 -0.000212 0.000000
83 15 -0.000187 0.000000
84 15 -0.000160 0.000000
85 15 -0.000133 0.000000
86 15 -0.000106 0.000000
87 15 -0.000081 0.000000
88 15 -0.000057 0.000000
89 15 -0.000036 0.000000
90 15 -0.000020 0.000000
91 15 -0.000010 0.000000
92 15 -0.000004 0.000000
93 15 -0.000001 0.000000
94 15 -0.000000 0.000000
95 15 -0.000000 0.000000
96 15 -0.000000 0.000000
97 15 -0.000000 0.000000
98 15 -0.000000 0.000000
99 15 -0.000000 0.000000
0 16 -0.000000 0.000000
1 16 -0.000000 0.000000
2 16 -0.000000 0.000000
3 16 -0.000000 0.000000
4 16 -0.000000 0.000000
5 16 -0.000000 0.000000
6 16 -0.000000 0.000000
7 16 -0.000000 0.000000
8 16 -0.000000 0.000000
9 16 -0.000000 0.000000
10 16 -0.000000 0.000000
11 16 -0.000000 0.000000
12 16 -0.000000 0.000000
13 16 -0.000000 0.000000
14 16 -0.000000 0.000000
15 16 -0.000000 0.000000
16 16 -0.000000 0.000000
17 16 -0.000000 0.000000
18 16 -0.000000 0.000000
19 16 -0.000000 0.000000
20 16 -0.000000 0.000000
21 16 -0.000000 0.000000
22 16 -0.000001 0.000000
23 16 -0.000001 0.000000
24 16 -0.000001 0.000000
25 16 -0.000001 0.000000
26 16 -0.000002 0.000000
27 16 -0.000003 0.000000
28 16 -0.000001 0.000000
29 16 -0.000005 0.000000
30 16 -0.000005 0.000000
31 16 -0.000004 0.000000
32 16 -0.000008 0.000000
33 16 -0.000006 0.000000
34 16 -0.000007 0.000000
35 16 -0.000006 0.000000
36 16 0.000001 0.000000
37 16 0.000005 0.000000
38 16 -0.000001 0.000000
39 16 -0.000005 0.000000
40 16 -0.000004 0.000000
41 16 -0.000005 0.000000
42 16 -0.000018 0.000000
43 16 -0.000129 0.000000
44 16 -0.000417 0.000000
45 16 -0.000689 0.000000
46 16 -0.000774 0.000000
47 16 -0.000693 0.000000
48 16 -0.000228 0.000000
49 16 0.000563 0.000000
50 16 0.000915 0.000000
51 16 0.000554 0.000000
52 16 0.000136 0.000000
53 16 0.000027 0.000000
54 16 0.000090 0.000000
55 16 0.000105 0.000000
56 16 0.000056 0.000000
57 16 0.000005 0.000000
58 16 -0.000063 0.000000
59 16 -0.000118 0.000000
60 16 -0.000169 0.000000
61 16 -0.000217 0.000000
62 16 -0.000263 0.000000
63 16 -0.000308 0.000000
64 16 -0.000350 0.000000
65 16 -0.000390 0.000000
66 16 -0.000427 0.000000
67 16 -0.000458 0.000000
68 16 -0.000483 0.000000
69 16 -0.000500 0.000000
70 16 -0.000508 0.000000
71 16 -0.000505 0.000000
72 16 -0.000492 0.000000
73 16 -0.000467 0.000000
74 16 -0.000432 0.000000
75 16 -0.000390 0.000000
76 16 -0.000341 0.000000
77 16 -0.000295 0.000000
78 16 -0.000255 0.000000
79 16 -0.000223 0.000000
80 16 -0.000203 0.000000
81 16 -0.000193 0.000000
82 16 -0.000185 0.000000
83 16 -0.000169 0.000000
84 16 -0.000145 0.000000
85 16 -0.000119 0.000000
86 16 -0.000095 0.000000
87 16 -0.000072 0.000000
88 16 -0.000050 0.000000
89 16 -0.000032 0.000000
90 16 -0.000018 0.000000
91 16 -0.000008 0.000000
92 16 -0.000003 0.000000
93 16 -0.000001 0.000000
94 16 -0.000000 0.000000
95 16 -0.000000 0.000000
96 16 -0.000000 0.000000
97 16 -0.000000 0.000000
98 16 -0.000000 0.000000
99 16 -0.000000 0.000000
0 17 -0.000000 0.000000
1 17 -0.000000 0.000000
2 17 -0.000000 0.000000
3 17 -0.000000 0.000000
4 17 -0.000000 0.000000
5 17 -0.000000 0.000000
6 17 -0.000000 0.000000
7 17 -0.000000 0.000000
8 17 -0.000000 0.000000
9 17 -0.000000 0.000000
10 17 -0.000000 0.000000
11 17 -0.000000 0.000000
12 17 -0.000000 0.000000
13 17 -0.000000 0.000000
14 17 -0.000000 0.000000
15 17 -0.000000 0.000000
16 17 -0.000000 0.000000
17 17 -0.000000 0.000000
18 17 -0.000000 0.000000
19 17 -0.000000 0.000000
20 17 -0.000001 0.000000
21 17 -0.000001 0.000000
22 17 -0.000001 0.000000
23 17 -0.000002 0.000000
24 17 -0.000002 0.000000
25 17 -0.000001 0.000000
26 17 -0.000004 0.000000
27 17 -0.000005 0.000000
28 17 -0.000003 0.000000
29 17 -0.000010 0.000000
30 17 -0.000009 0.000000
31 17 -0.000008 0.000000
32 17 -0.000014 0.000000
33 17 -0.000010 0.000000
34 17 -0.000011 0.000000
35 17 -0.000008 0.000000
36 17 -0.000001 0.000000
37 17 -0.000004 0.000000
38 17 -0.000014 0.000000
39 17 -0.000011 0.000000
40 17 -0.000004 0.000000
41 17 -0.000006 0.000000
42 17 -0.000022 0.000000
43 17 -0.000133 0.000000
44 17 -0.000420 0.000000
45 17 -0.000693 0.000000
46 17 -0.000782 0.000000
47 17 -0.000735 0.000000
48 17 -0.000367 0.000000
49 17 0.000336 0.000000
50 17 0.000729 0.000000
51 17 0.000454 0.000000
52 17 0.000058 0.000000
53 17 -0.000053 0.000000
54 17 0.000025 0.000000
55 17 0.000070 0.000000
56 17 0.000043 0.000000
57 17 0.000002 0.000000
58 17 -0.000066 0.000000
59 17 -0.000127 0.000000
60 17 -0.000188 0.000000
61 17 -0.000247 0.000000
62 17 -0.000306 0.000000
63 17 -0.000363 0.000000
64 17 -0.000419 0.000000
65 17 -0.000470 0.000000
66 17 -0.000517 0.000000
67 17 -0.000556 0.000000
68 17 -0.000585 0.000000
69 17 -0.000603 0.000000
70 17 -0.000607 0.000000
71 17 -0.000594 0.000000
72 17 -0.000565 0.000000
73 17 -0.000518 0.000000
74 17 -0.000454 0.000000
75 17 -0.000378 0.000000
76 17 -0.000292 0.000000
77 17 -0.000210 0.000000
78 17 -0.000141 0.000000
79 17 -0.000093 0.000000
80 17 -0.000081 0.000000
81 17 -0.000102 0.000000
82 17 -0.000128 0.000000
83 17 -0.000135 0.000000
84 17 -0.000121 0.000000
85 17 -0.000100 0.000000
86 17 -0.000079 0.000000
87 17 -0.000059 0.000000
88 17 -0.000041 0.000000
89 17 -0.000026 0.000000
90 17 -0.000015 0.000000
91 17 -0.000007 0.000000
92 17 -0.000002 0.000000
93 17 -0.000001 0.000000
94 17 -0.000000 0.000000
95 17 -0.000000 0.000000
96 17 -0.000000 0.000000
97 17 -0.000000 0.000000
98 17 -0.000000 0.000000
99 17 -0.000000 0.000000
0 18 -0.000000 0.000000
1 18 -0.000000 0.000000
2 18 -0.000000 0.000000
3 18 -0.000000 0.000000
4 18 -0.000000 0.000000
5 18 -0.000000 0.000000
6 18 -0.000000 0.000000
7 18 -0.000000 0.000000
8 18 -0.000000 0.000000
9 18 -0.000000 0.000000
10 18 -0.000000 0.000000
11 18 -0.000000 0.000000
12 18 -0.000000 0.000000
13 18 -0.000000 0.000000
14 18 -0.000000 0.000000
15 18 -0.000000 0.000000
16 18 -0.000000 0.000000
17 18 -0.000000 0.000000
18 18 -0.000001 0.000000
19 18 -0.000001 0.000000
20 18 -0.000001 0.000000
21 18 -0.000001 0.000000
22 18 -0.000001 0.000000
23 18 -0.000002 0.000000
24 18 -0.000002 0.000000
25 18 -0.000002 0.000000
26 18 -0.000007 0.000000
27 18 -0.000007 0.000000
28 18 -0.000006 0.000000
29 18 -0.000016 0.000000
30 18 -0.000011 0.000000
31 18 -0.000010 0.000000
32 18 -0.000018 0.000000
33 18 -0.000014 0.000000
34 18 -0.000019 0.000000
35 18 -0.000019 0.000000
36 18 -0.000019 0.000000
37 18 -0.000031 0.000000
38 18 -0.000035 0.000000
39 18 -0.000011 0.000000
40 18 0.000003 0.000000
41 18 -0.000006 0.000000
42 18 -0.000028 0.000000
43 18 -0.000142 0.000000
44 18 -0.000429 0.000000
45 18 -0.000702 0.000000
46 18 -0.000790 0.000000
47 18 -0.000764 0.000000
48 18 -0.000485 0.000000
49 18 0.000114 0.000000
50 18 0.000511 0.000000
51 18 0.000319 0.000000
52 18 -0.000038 0.000000
53 18 -0.000161 0.000000
54 18 -0.000084 0.000000
55 18 -0.000019 0.000000
56 18 -0.000019 0.000000
57 18 -0.000040 0.000000
58 18 -0.000100 0.000000
59 18 -0.000166 0.000000
60 18 -0.000237 0.000000
61 18 -0.000310 0.000000
62 18 -0.000385 0.000000
63 18 -0.000461 0.000000
64 18 -0.000534 0.000000
65 18 -0.000603 0.000000
66 18 -0.000664 0.000000
67 18 -0.000715 0.000000
68 18 -0.000752 0.000000
69 18 -0.000772 0.000000
70 18 -0.000774 0.000000
71 18 -0.000753 0.000000
72 18 -0.000709 0.000000
73 18 -0.000639 0.000000
74 18 -0.000543 0.000000
75 18 -0.000426 0.000000
76 18 -0.000289 0.000000
77 18 -0.000155 0.000000
78 18 -0.000039 0.000000
79 18 0.000043 0.000000
80 18 0.000056 0.000000
81 18 0.000007 0.000000
82 18 -0.000057 0.000000
83 18 -0.000090 0.000000
84 18 -0.000089 0.000000
85 18 -0.000075 0.000000
86 18 -0.000059 0.000000
87 18 -0.000044 0.000000
88 18 -0.000030 0.000000
89 18 -0.000019 0.000000
90 18 -0.000011 0.000000
91 18 -0.000005 0.000000
92 18 -0.000002 0.000000
93 18 -0.000000 0.000000
94 18 -0.000000 0.000000
95 18 -0.000000 0.000000
96 18 -0.000000 0.000000
97 18 -0.000000 0.000000
98 18 -0.000000 0.000000
99 18 -0.000000 0.000000
0 19 -0.000000 0.000000
1 19 -0.000000 0.000000
2 19 -0.000000 0.000000
3 19 -0.000000 0.000000
4 19 -0.000000 0.000000
5 19 -0.000000 0.000000
6 19 -0.000000 0.000000
7 19 -0.000000 0.000000
8 19 -0.000000 0.000000
9 19 -0.000000 0.000000
10 19 -0.000000 0.000000
11 19 -0.000000 0.000000
12 19 -0.000000 0.000000
13 19 -0.000000 0.000000
14 19 -0.000000 0.000000
15 19 -0.000000 0.000000
16 19 -0.000000 0.000000
17 19 -0.000000 0.000000
18 19 -0.000001 0.000000
19 19 -0.000001 0.000000
20 19 -0.000001 0.000000
21 19 -0.000001 0.000000
22 19 -0.000002 0.000000
23 19 -0.000003 0.000000
24 19 -0.000003 0.000000
25 19 -0.000004 0.000000
26 19 -0.000011 0.000000
27 19 -0.000009 0.000000
28 19 -0.000007 0.000000
29 19 -0.000021 0.000000
30 19 -0.000008 0.000000
31 19 -0.000011 0.000000
32 19 -0.000027 0.000000
33 19 -0.000028 0.000000
34 19 -0.000047 0.000000
35 19 -0.000055 0.000000
36 19 -0.000064 0.000000
37 19 -0.000070 0.000000
38 19 -0.000038 0.000000
39 19 0.000016 0.000000
40 19 0.000020 0.000000
41 19 -0.000010 0.000000
42 19 -0.000039 0.000000
43 19 -0.000156 0.000000
44 19 -0.000444 0.000000
45 19 -0.000717 0.000000
46 19 -0.000803 0.000000
47 19 -0.000786 0.000000
48 19 -0.000578 0.000000
49 19 -0.000091 0.000000
50 19 0.000289 0.000000
51 19 0.000186 0.000000
52 19 -0.000112 0.000000
53 19 -0.000249 0.000000
54 19 -0.000193 0.000000
55 19 -0.000121 0.000000
56 19 -0.000103 0.000000
57 19 -0.000105 0.000000
58 19 -0.000158 0.000000
59 19 -0.000230 0.000000
60 19 -0.000317 0.000000
61 19 -0.000411 0.000000
62 19 -0.000511 0.000000
63 19 -0.000614 0.000000
64 19 -0.000715 0.000000
65 19 -0.000809 0.000000
66 19 -0.000891 0.000000
67 19 -0.000959 0.000000
68 19 -0.001008 0.000000
69 19 -0.001035 0.000000
70 19 -0.001039 0.000000
71 19 -0.001016 0.000000
72 19 -0.000962 0.000000
73 19 -0.000876 0.000000
74 19 -0.000755 0.000000
75 19 -0.000602 0.000000
76 19 -0.000419 0.000000
77 19 -0.000234 0.000000
78 19 -0.000069 0.000000
79 19 0.000053 0.000000
80 19 0.000084 0.000000
81 19 0.000032 0.000000
82 19 -0.000036 0.000000
83 19 -0.000071 0.000000
84 19 -0.000070 0.000000
85 19 -0.000057 0.000000
86 19 -0.000042 0.000000
87 19 -0.000030 0.000000
88 19 -0.000020 0.000000
89 19 -0.000012 0.000000
90 19 -0.000007 0.000000
91 19 -0.000003 0.000000
92 19 -0.000001 0.000000
93 19 -0.000000 0.000000
94 19 -0.000000 0.000000
95 19 -0.000000 0.000000
96 19 -0.000000 0.000000
97 19 -0.000000 0.000000
98 19 -0.000000 0.000000
99 19 -0.000000 0.000000
0 20 -0.000000 0.000000
1 20 -0.000000 0.000000
2 20 -0.000000 0.000000
3 20 -0.000000 0.000000
4 20 -0.000000 0.000000
5 20 -0.000000 0.000000
6 20 -0.000000 0.000000
7 20 -0.000000 0.000000
8 20 -0.000000 0.000000
9 20 -0.000000 0.000000
10 20 -0.000000 0.000000
11 20 -0.000000 0.000000
12 20 -0.000000 0.000000
13 20 -0.000000 0.000000
14 20 -0.000000 0.000000
15 20 -0.000000 0.000000
16 20 -0.000000 0.000000
17 20 -0.000000 0.000000
18 20 -0.000001 0.000000
19 20 -0.000001 0.000000
20 20 -0.000001 0.000000
21 20 -0.000002 0.000000
22 20 -0.000002 0.000000
23 20 -0.000004 0.000000
24 20 -0.000005 0.000000
25 20 -0.000007 0.000000
26 20 -0.000014 0.000000
27 20 -0.000007 0.000000
28 20 -0.000007 0.000000
29 20 -0.000024 0.000000
30 20 -0.000002 0.000000
31 20 -0.000020 0.000000
32 20 -0.000055 0.000000
33 20 -0.000070 0.000000
34 20 -0.000110 0.000000
35 20 -0.000122 0.000000
36 20 -0.000116 0.000000
37 20 -0.000076 0.000000
38 20 0.000020 0.000000
39 20 0.000079 0.000000
40 20 0.000027 0.000000
41 20 -0.000037 0.000000
42 20 -0.000062 0.000000
43 20 -0.000173 0.000001
44 20 -0.000462 0.000001
45 20 -0.000737 0.000001
46 20 -0.000821 0.000001
47 20 -0.000802 0.000001
48 20 -0.000647 0.000001
49 20 -0.000259 0.000002
50 20 0.000107 0.000002
51 20 0.000110 0.000002
52 20 -0.000106 0.000001
53 20 -0.000266 0.000001
54 20 -0.000263 0.000001
55 20 -0.000211 0.000001
56 20 -0.000192 0.000001
57 20 -0.000185 0.000001
58 20 -0.000237 0.000000
59 20 -0.000324 0.000000
60 20 -0.000437 0.000000
61 20 -0.000564 0.000000
62 20 -0.000702 0.000000
63 20 -0.000843 0.000000
64 20 -0.000980 0.000000
65 20 -0.001104 0.000000
66 20 -0.001211 0.000000
67 20 -0.001296 0.000000
68 20 -0.001356 0.000000
69 20 -0.001390 0.000000
70 20 -0.001395 0.000000
71 20 -0.001369 0.000000
72 20 -0.001308 0.000000
73 20 -0.001210 0.000000
74 20 -0.001072 0.000000
75 20 -0.000892 0.000000
76 20 -0.000669 0.000000
77 20 -0.000441 0.000000
78 20 -0.000229 0.000000
79 20 -0.000063 0.000000
80 20 -0.000004 0.000000
81 20 -0.000030 0.000000
82 20 -0.000067 0.000000
83 20 -0.000078 0.000000
84 20 -0.000064 0.000000
85 20 -0.000046 0.000000
86 20 -0.000030 0.000000
87 20 -0.000019 0.000000
88 20 -0.000012 0.000000
89 20 -0.000007 0.000000
90 20 -0.000004 0.000000
91 20 -0.000002 0.000000
92 20 -0.000001 0.000000
93 20 -0.000000 0.000000
94 20 -0.000000 0.000000
95 20 -0.000000 0.000000
96 20 -0.000000 0.000000
97 20 -0.000000 0.000000
98 20 -0.000000 0.000000
99 20 -0.000000 0.000000
0 21 -0.000000 0.000000
1 21 -0.000000 0.000000
2 21 -0.000000 0.000000
3 21 -0.000000 0.000000
4 21 -0.000000 0.000000
5 21 -0.000000 0.000000
6 21 -0.000000 0.000000
7 21 -0.000000 0.000000
8 21 -0.000000 0.000000
9 21 -0.000000 0.000000
10 21 -0.000000 0.000000
11 21 -0.000000 0.000000
12 21 -0.000000 0.000000
13 21 -0.000000 0.000000
14 21 -0.000000 0.000000
15 21 -0.000000 0.000000
16 21 -0.000000 0.000000
17 21 -0.000000 0.000000
18 21 -0.000001 0.000000
19 21 -0.000001 0.000000
20 21 -0.000001 0.000000
21 21 -0.000002 0.000000
22 21 -0.000002 0.000000
23 21 -0.000005 0.000000
24 21 -0.000007 0.000000
25 21 -0.000011 0.000000
26 21 -0.000016 0.000000
27 21 0.000001 0.000000
28 21 -0.000006 0.000000
29 21 -0.000028 0.000000
30 21 0.000000 0.000000
31 21 -0.000053 0.000000
32 21 -0.000115 0.000000
33 21 -0.000143 0.000000
34 21 -0.000197 0.000000
35 21 -0.000182 0.000000
36 21 -0.000120 0.000000
37 21 -0.000005 0.000000
38 21 0.000124 0.000000
39 21 0.000103 0.000000
40 21 -0.000053 0.000001
41 21 -0.000120 0.000001
42 21 -0.000096 0.000001
43 21 -0.000184 0.000002
44 21 -0.000471 0.000003
45 21 -0.000750 0.000003
46 21 -0.000833 0.000004
47 21 -0.000807 0.000005
48 21 -0.000684 0.000006
49 21 -0.000360 0.000006
50 21 0.000033 0.000006
51 21 0.000192 0.000006
52 21 0.000105 0.000006
53 21 -0.000079 0.000005
54 21 -0.000180 0.000004
55 21 -0.000213 0.000003
56 21 -0.000240 0.000003
57 21 -0.000254 0.000002
58 21 -0.000323 0.000001
59 21 -0.000441 0.000001
60 21 -0.000596 0.000001
61 21 -0.000772 0.000000
62 21 -0.000957 0.000000
63 21 -0.001142 0.000000
64 21 -0.001315 0.000000
65 21 -0.001466 0.000000
66 21 -0.001589 0.000000
67 21 -0.001682 0.000000
68 21 -0.001744 0.000000
69 21 -0.001775 0.000000
70 21 -0.001775 0.000000
71 21 -0.001741 0.000000
72 21 -0.001671 0.000000
73 21 -0.001562 0.000000
74 21 -0.001407 0.000000
75 21 -0.001201 0.000000
76 21 -0.000940 0.000000
77 21 -0.000665 0.000000
78 21 -0.000397 0.000000
79 21 -0.000176 0.000000
80 21 -0.000083 0.000000
81 21 -0.000084 0.000000
82 21 -0.000091 0.000000
83 21 -0.000079 0.000000
84 21 -0.000055 0.000000
85 21 -0.000034 0.000000
86 21 -0.000019 0.000000
87 21 -0.000011 0.000000
88 21 -0.000006 0.000000
89 21 -0.000004 0.000000
90 21 -0.000002 0.000000
91 21 -0.000001 0.000000
92 21 -0.000000 0.000000
93 21 -0.000000 0.000000
94 21 -0.000000 0.000000
95 21 -0.000000 0.000000
96 21 -0.000000 0.000000
97 21 -0.000000 0.000000
98 21 -0.000000 0.000000
99 21 -0.000000 0.000000
0 22 -0.000000 0.000000
1 22 -0.000000 0.000000
2 22 -0.000000 0.000000
3 22 -0.000000 0.000000
4 22 -0.000000 0.000000
5 22 -0.000000 0.000000
6 22 -0.000000 0.000000
7 22 -0.000000 0.000000
8 22 -0.000000 0.000000
9 22 -0.000000 0.000000
10 22 -0.000000 0.000000
11 22 -0.000000 0.000000
12 22 -0.000000 0.000000
13 22 -0.000000 0.000000
14 22 -0.000000 0.000000
15 22 -0.000000 0.000000
16 22 -0.000000 0.000000
17 22 -0.000000 0.000000
18 22 -0.000001 0.000000
19 22 -0.000001 0.000000
20 22 -0.000001 0.000000
21 22 -0.000002 0.000000
22 22 -0.000002 0.000000
23 22 -0.000007 0.000000
24 22 -0.000010 0.000000
25 22 -0.000013 0.000000
26 22 -0.000011 0.000000
27 22 0.000013 0.000000
28 22 -0.000011 0.000000
29 22 -0.000039 0.000000
30 22 -0.000010 0.000000
31 22 -0.000117 0.000000
32 22 -0.000199 0.000000
33 22 -0.000219 0.000000
34 22 -0.000268 0.000000
35 22 -0.000195 0.000000
36 22 -0.000073 0.000000
37 22 0.000056 0.000001
38 22 0.000091 0.000001
39 22 -0.000106 0.000001
40 22 -0.000327 0.000002
41 22 -0.000271 0.000004
42 22 -0.000121 0.000005
43 22 -0.000187 0.000007
44 22 -0.000485 0.000010
45 22 -0.000764 0.000013
46 22 -0.000838 0.000016
47 22 -0.000800 0.000019
48 22 -0.000693 0.000021
49 22 -0.000387 0.000023
50 22 0.000108 0.000023
51 22 0.000522 0.000023
52 22 0.000677 0.000021
53 22 0.000532 0.000019
54 22 0.000287 0.000016
55 22 0.000066 0.000013
56 22 -0.000121 0.000010
57 22 -0.000246 0.000007
58 22 -0.000394 0.000005
59 22 -0.000581 0.000004
60 22 -0.000799 0.000002
61 22 -0.001029 0.000001
62 22 -0.001260 0.000001
63 22 -0.001477 0.000001
64 22 -0.001669 0.000000
65 22 -0.001825 0.000000
66 22 -0.001944 0.000000
67 22 -0.002026 0.000000
68 22 -0.002076 0.000000
69 22 -0.002097 0.000000
70 22 -0.002090 0.000000
71 22 -0.002051 0.000000
72 22 -0.001976 0.000000
73 22 -0.001860 0.000000
74 22 -0.001696 0.000000
75 22 -0.001469 0.000000
76 22 -0.001171 0.000000
77 22 -0.000847 0.000000
78 22 -0.000513 0.000000
79 22 -0.000224 0.000000
80 22 -0.000104 0.000000
81 22 -0.000099 0.000000
82 22 -0.000093 0.000000
83 22 -0.000072 0.000000
84 22 -0.000044 0.000000
85 22 -0.000021 0.000000
86 22 -0.000009 0.000000
87 22 -0.000004 0.000000
88 22 -0.000002 0.000000
89 22 -0.000002 0.000000
90 22 -0.000001 0.000000
91 22 -0.000000 0.000000
92 22 -0.000000 0.000000
93 22 -0.000000 0.000000
94 22 -0.000000 0.000000
95 22 -0.000000 0.000000
96 22 -0.000000 0.000000
97 22 -0.000000 0.000000
98 22 -0.000000 0.000000
99 22 -0.000000 0.000000
0 23 -0.000000 0.000000
1 23 -0.000000 0.000000
2 23 -0.000000 0.000000
3 23 -0.000000 0.000000
4 23 -0.000000 0.000000
5 23 -0.000000 0.000000
6 23 -0.000000 0.000000
7 23 -0.000000 0.000000
8 23 -0.000000 0.000000
9 23 -0.000000 0.000000
10 23 -0.000000 0.000000
11 23 -0.000000 0.000000
12 23 -0.000000 0.000000
13 23 -0.000000 0.000000
14 23 -0.000000 0.000000
15 23 -0.000000 0.000000
16 23 -0.000000 0.000000
17 23 -0.000000 0.000000
18 23 -0.000001 0.000000
19 23 -0.000001 0.000000
20 23 -0.000002 0.000000
21 23 -0.000003 0.000000
22 23 -0.000003 0.000000
23 23 -0.000009 0.000000
24 23 -0.000014 0.000000
25 23 -0.000012 0.000000
26 23 0.000002 0.000000
27 23 0.000026 0.000000
28 23 -0.000031 0.000000
29 23 -0.000060 0.000000
30 23 -0.000028 0.000000
31 23 -0.000201 0.000000
32 23 -0.000276 0.000000
33 23 -0.000264 0.000000
34 23 -0.000310 0.000000
35 23 -0.000201 0.000000
36 23 -0.000114 0.000001
37 23 -0.000131 0.000002
38 23 -0.000316 0.000003
39 23 -0.000645 0.000005
40 23 -0.000685 0.000008
41 23 -0.000252 0.000013
42 23 0.000059 0.000019
43 23 -0.000110 0.000027
44 23 -0.000505 0.000037
45 23 -0.000762 0.000048
46 23 -0.000761 0.000060
47 23 -0.000671 0.000071
48 23 -0.000575 0.000080
49 23 -0.000271 0.000086
50 23 0.000364 0.000088
51 23 0.001102 0.000086
52 23 0.001626 0.000080
53 23 0.001658 0.000071
54 23 0.001320 0.000060
55 23 0.000855 0.000048
56 23 0.000394 0.000037
57 23 0.000032 0.000027
58 23 -0.000300 0.000019
59 23 -0.000627 0.000013
60 23 -0.000950 0.000008
61 23 -0.001255 0.000005
62 23 -0.001531 0.000003
63 23 -0.001770 0.000002
64 23 -0.001965 0.000001
65 23 -0.002112 0.000000
66 23 -0.002215 0.000000
67 23 -0.002278 0.000000
68 23 -0.002310 0.000000
69 23 -0.002317 0.000000
70 23 -0.002303 0.000000
71 23 -0.002263 0.000000
72 23 -0.002192 0.000000
73 23 -0.002083 0.000000
74 23 -0.001923 0.000000
75 23 -0.001690 0.000000
76 23 -0.001366 0.000000
77 23 -0.000998 0.000000
78 23 -0.000589 0.000000
79 23 -0.000224 0.000000
80 23 -0.000085 0.000000
81 23 -0.000097 0.000000
82 23 -0.000094 0.000000
83 23 -0.000066 0.000000
84 23 -0.000035 0.000000
85 23 -0.000013 0.000000
86 23 -0.000004 0.000000
87 23 -0.000001 0.000000
88 23 -0.000001 0.000000
89 23 -0.000001 0.000000
90 23 -0.000000 0.000000
91 23 -0.000000 0.000000
92 23 -0.000000 0.000000
93 23 -0.000000 0.000000
94 23 -0.000000 0.000000
95 23 -0.000000 0.000000
96 23 -0.000000 0.000000
97 23 -0.000000 0.000000
98 23 -0.000000 0.000000
99 23 -0.000000 0.000000
0 24 -0.000000 0.000000
1 24 -0.000000 0.000000
2 24 -0.000000 0.000000
3 24 -0.000000 0.000000
4 24 -0.000000 0.000000
5 24 -0.000000 0.000000
6 24 -0.000000 0.000000
7 24 -0.000000 0.000000
8 24 -0.000000 0.000000
9 24 -0.000000 0.000000
10 24 -0.000000 0.000000
11 24 -0.000000 0.000000
12 24 -0.000000 0.000000
13 24 -0.000000 0.000000
14 24 -0.000000 0.000000
15 24 -0.000000 0.000000
16 24 -0.000000 0.000000
17 24 -0.000000 0.000000
18 24 -0.000001 0.000000
19 24 -0.000001 0.000000
20 24 -0.000002 0.000000
21 24 -0.000003 0.000000
22 24 -0.000003 0.000000
23 24 -0.000012 0.000000
24 24 -0.000015 0.000000
25 24 -0.000003 0.000000
26 24 0.000020 0.000000
27 24 0.000026 0.000000
28 24 -0.000072 0.000000
29 24 -0.000077 0.000000
30 24 -0.000038 0.000000
31 24 -0.000294 0.000000
32 24 -0.000328 0.000000
33 24 -0.000294 0.000000
34 24 -0.000407 0.000001
35 24 -0.000349 0.000002
36 24 -0.000428 0.000003
37 24 -0.000679 0.000006
38 24 -0.000985 0.000010
39 24 -0.001060 0.000017
40 24 -0.000367 0.000028
41 24 0.000714 0.000045
42 24 0.000934 0.000067
43 24 0.000195 0.000098
44 24 -0.000591 0.000135
45 24 -0.000845 0.000178
46 24 -0.000641 0.000223
47 24 -0.000435 0.000266
48 24 -0.000423 0.000303
49 24 -0.000259 0.000327
50 24 0.000356 0.000335
51 24 0.001245 0.000327
52 24 0.002033 0.000303
53 24 0.002294 0.000266
54 24 0.002022 0.000223
55 24 0.001459 0.000178
56 24 0.000807 0.000135
57 24 0.000235 0.000098
58 24 -0.000278 0.000067
59 24 -0.000747 0.000045
60 24 -0.001170 0.000028
61 24 -0.001538 0.000017
62 24 -0.001849 0.000010
63 24 -0.002098 0.000006
64 24 -0.002288 0.000003
65 24 -0.002418 0.000002
66 24 -0.002496 0.000001
67 24 -0.002528 0.000000
68 24 -0.002525 0.000000
69 24 -0.002500 0.000000
70 24 -0.002461 0.000000
71 24 -0.002409 0.000000
72 24 -0.002338 0.000000
73 24 -0.002241 0.000000
74 24 -0.002099 0.000000
75 24 -0.001876 0.000000
76 24 -0.001543 0.000000
77 24 -0.001140 0.000000
78 24 -0.000651 0.000000
79 24 -0.000195 0.000000
80 24 -0.000042 0.000000
81 24 -0.000085 0.000000
82 24 -0.000094 0.000000
83 24 -0.000062 0.000000
84 24 -0.000029 0.000000
85 24 -0.000008 0.000000
86 24 -0.000001 0.000000
87 24 -0.000000 0.000000
88 24 -0.000000 0.000000
89 24 -0.000000 0.000000
90 24 -0.000000 0.000000
91 24 -0.000000 0.000000
92 24 -0.000000 0.000000
93 24 -0.000000 0.000000
94 24 -0.000000 0.000000
95 24 -0.000000 0.000000
96 24 -0.000000 0.000000
97 24 -0.000000 0.000000
98 24 -0.000000 0.000000
99 24 -0.000000 0.000000
0 25 -0.000000 0.000000
1 25 -0.000000 0.000000
2 25 -0.000000 0.000000
3 25 -0.000000 0.000000
4 25 -0.000000 0.000000
5 25 -0.000000 0.000000
6 25 -0.000000 0.000000
7 25 -0.000000 0.000000
8 25 -0.000000 0.000000
9 25 -0.000000 0.000000
10 25 -0.000000 0.000000
11 25 -0.000000 0.000000
12 25 -0.000000 0.000000
13 25 -0.000000 0.000000
14 25 -0.000000 0.000000
15 25 -0.000000 0.000000
16 25 -0.000000 0.000000
17 25 -0.000001 0.000000
18 25 -0.000001 0.000000
19 25 -0.000001 0.000000
20 25 -0.000003 0.000000
21 25 -0.000004 0.000000
22 25 -0.000003 0.000000
23 25 -0.000015 0.000000
24 25 -0.000013 0.000000
25 25 0.000013 0.000000
26 25 0.000036 0.000000
27 25 0.000005 0.000000
28 25 -0.000131 0.000000
29 25 -0.000071 0.000000
30 25 -0.000037 0.000000
31 25 -0.000420 0.000000
32 25 -0.000396 0.000001
33 25 -0.000392 0.000001
34 25 -0.000672 0.000002
35 25 -0.000649 0.000005
36 25 -0.000726 0.000010
37 25 -0.000811 0.000018
38 25 -0.000565 0.000033
39 25 0.000419 0.000058
40 25 0.002351 0.000098
41 25 0.003832 0.000157
42 25 0.003145 0.000241
43 25 0.001082 0.000353
44 25 -0.000447 0.000494
45 25 -0.000650 0.000657
46 25 -0.000040 0.000832
47 25 0.000287 0.001001
48 25 -0.000079 0.001143
49 25 -0.000483 0.001238
50 25 -0.000325 0.001271
51 25 0.000275 0.001238
52 25 0.000937 0.001143
53 25 0.001232 0.001001
54 25 0.001092 0.000832
55 25 0.000656 0.000657
56 25 0.000070 0.000494
57 25 -0.000479 0.000353
58 25 -0.000978 0.000241
59 25 -0.001426 0.000157
60 25 -0.001812 0.000098
61 25 -0.002137 0.000058
62 25 -0.002407 0.000033
63 25 -0.002615 0.000018
64 25 -0.002760 0.000010
65 25 -0.002843 0.000005
66 25 -0.002872 0.000002
67 25 -0.002851 0.000001
68 25 -0.002794 0.000001
69 25 -0.002715 0.000000
70 25 -0.002626 0.000000
71 25 -0.002533 0.000000
72 25 -0.002438 0.000000
73 25 -0.002340 0.000000
74 25 -0.002221 0.000000
75 25 -0.002026 0.000000
76 25 -0.001710 0.000000
77 25 -0.001293 0.000000
78 25 -0.000723 0.000000
79 25 -0.000163 0.000000
80 25 0.000010 0.000000
81 25 -0.000069 0.000000
82 25 -0.000090 0.000000
83 25 -0.000056 0.000000
84 25 -0.000022 0.000000
85 25 -0.000004 0.000000
86 25 0.000000 0.000000
87 25 0.000000 0.000000
88 25 -0.000000 0.000000
89 25 -0.000000 0.000000
90 25 -0.000000 0.000000
91 25 -0.000000 0.000000
92 25 -0.000000 0.000000
93 25 -0.000000 0.000000
94 25 -0.000000 0.000000
95 25 -0.000000 0.000000
96 25 -0.000000 0.000000
97 25 -0.000000 0.000000
98 25 -0.000000 0.000000
99 25 -0.000000 0.000000
0 26 -0.000000 0.000000
1 26 -0.000000 0.000000
2 26 -0.000000 0.000000
3 26 -0.000000 0.000000
4 26 -0.000000 0.000000
5 26 -0.000000 0.000000
6 26 -0.000000 0.000000
7 26 -0.000000 0.000000
8 26 -0.000000 0.000000
9 26 -0.000000 0.000000
10 26 -0.000000 0.000000
11 26 -0.000000 0.000000
12 26 -0.000000 0.000000
13 26 -0.000000 0.000000
14 26 -0.000000 0.000000
15 26 -0.000000 0.000000
16 26 -0.000001 0.000000
17 26 -0.000001 0.000000
18 26 -0.000001 0.000000
19 26 -0.000001 0.000000
20 26 -0.000004 0.000000
21 26 -0.000004 0.000000
22 26 -0.000003 0.000000
23 26 -0.000017 0.000000
24 26 -0.000008 0.000000
25 26 0.000032 0.000000
26 26 0.000038 0.000000
27 26 -0.000047 0.000000
28 26 -0.000188 0.000000
29 26 -0.000014 0.000000
30 26 -0.000039 0.000000
31 26 -0.000622 0.000001
32 26 -0.000479 0.000002
33 26 -0.000491 0.000004
34 26 -0.000831 0.000008
35 26 -0.000349 0.000016
36 26 0.000339 0.000031
37 26 0.001258 0.000060
38 26 0.002715 0.000110
39 26 0.004777 0.000197
40 26 0.006984 0.000335
41 26 0.007350 0.000548
42 26 0.004663 0.000854
43 26 0.001082 0.001271
44 26 -0.000698 0.001800
45 26 -0.000047 0.002423
46 26 0.001651 0.003095
47 26 0.002260 0.003750
48 26 0.001139 0.004302
49 26 -0.000480 0.004674
50 26 -0.001407 0.004805
51 26 -0.001594 0.004674
52 26 -0.001446 0.004302
53 26 -0.001393 0.003750
54 26 -0.001547 0.003095
55 26 -0.001854 0.002423
56 26 -0.002261 0.001800
57 26 -0.002623 0.001271
58 26 -0.002922 0.000854
59 26 -0.003158 0.000548
60 26 -0.003328 0.000335
61 26 -0.003437 0.000197
62 26 -0.003483 0.000110
63 26 -0.003459 0.000060
64 26 -0.003379 0.000031
65 26 -0.003267 0.000016
66 26 -0.003152 0.000008
67 26 -0.003052 0.000004
68 26 -0.002980 0.000002
69 26 -0.002930 0.000001
70 26 -0.002862 0.000000
71 26 -0.002746 0.000000
72 26 -0.002596 0.000000
73 26 -0.002451 0.000000
74 26 -0.002319 0.000000
75 26 -0.002145 0.000000
76 26 -0.001860 0.000000
77 26 -0.001457 0.000000
78 26 -0.000822 0.000000
79 26 -0.000156 0.000000
80 26 0.000042 0.000000
81 26 -0.000063 0.000000
82 26 -0.000089 0.000000
83 26 -0.000048 0.000000
84 26 -0.000014 0.000000
85 26 -0.000001 0.000000
86 26 0.000001 0.000000
87 26 0.000000 0.000000
88 26 -0.000000 0.000000
89 26 -0.000000 0.000000
90 26 -0.000000 0.000000
91 26 -0.000000 0.000000
92 26 -0.000000 0.000000
93 26 -0.000000 0.000000
94 26 -0.000000 0.000000
95 26 -0.000000 0.000000
96 26 -0.000000 0.000000
97 26 -0.000000 0.000000
98 26 -0.000000 0.000000
99 26 -0.000000 0.000000
0 27 -0.000000 0.000000
1 27 -0.000000 0.000000
2 27 -0.000000 0.000000
3 27 -0.000000 0.000000
4 27 -0.000000 0.000000
5 27 -0.000000 0.000000
6 27 -0.000000 0.000000
7 27 -0.000000 0.000000
8 27 -0.000000 0.000000
9 27 -0.000000 0.000000
10 27 -0.000000 0.000000
11 27 -0.000000 0.000000
12 27 -0.000000 0.000000
13 27 -0.000000 0.000000
14 27 -0.000000 0.000000
15 27 -0.000001 0.000000
16 27 -0.000001 0.000000
17 27 -0.000001 0.000000
18 27 -0.000002 0.000000
19 27 -0.000002 0.000000
20 27 -0.000004 0.000000
21 27 -0.000005 0.000000
22 27 -0.000002 0.000000
23 27 -0.000018 0.000000
24 27 0.000002 0.000000
25 27 0.000048 0.000000
26 27 0.000015 0.000000
27 27 -0.000125 0.000000
28 27 -0.000209 0.000000
29 27 0.000111 0.000000
30 27 -0.000088 0.000001
31 27 -0.000896 0.000002
32 27 -0.000400 0.000005
33 27 -0.000255 0.000010
34 27 -0.000430 0.000023
35 27 0.001008 0.000048
36 27 0.002804 0.000098
37 27 0.004454 0.000192
38 27 0.005842 0.000362
39 27 0.006682 0.000657
40 27 0.006508 0.001143
41 27 0.004148 0.001900
42 27 -0.000258 0.003012
43 27 -0.003601 0.004546
44 27 -0.003093 0.006520
45 27 0.000991 0.008869
46 27 0.005624 0.011427
47 27 0.007290 0.013929
48 27 0.005281 0.016052
49 27 0.001740 0.017482
50 27 -0.001159 0.017986
51 27 -0.002827 0.017482
52 27 -0.003558 0.016052
53 27 -0.003854 0.013929
54 27 -0.003953 0.011427
55 27 -0.003934 0.008869
56 27 -0.003866 0.006520
57 27 -0.003684 0.004546
58 27 -0.003402 0.003012
59 27 -0.003061 0.001900
60 27 -0.002697 0.001143
61 27 -0.002334 0.000657
62 27 -0.001971 0.000362
63 27 -0.001625 0.000192
64 27 -0.001340 0.000098
65 27 -0.001171 0.000048
66 27 -0.001180 0.000023
67 27 -0.001395 0.000010
68 27 -0.001806 0.000005
69 27 -0.002318 0.000002
70 27 -0.002744 0.000001
71 27 -0.002928 0.000000
72 27 -0.002863 0.000000
73 27 -0.002667 0.000000
74 27 -0.002464 0.000000
75 27 -0.002256 0.000000
76 27 -0.001984 0.000000
77 27 -0.001607 0.000000
78 27 -0.000927 0.000000
79 27 -0.000172 0.000000
80 27 0.000046 0.000000
81 27 -0.000075 0.000000
82 27 -0.000090 0.000000
83 27 -0.000039 0.000000
84 27 -0.000008 0.000000
85 27 0.000001 0.000000
86 27 0.000001 0.000000
87 27 0.000000 0.000000
88 27 -0.000000 0.000000
89 27 0.000000 0.000000
90 27 0.000000 0.000000
91 27 -0.000000 0.000000
92 27 -0.000000 0.000000
93 27 -0.000000 0.000000
94 27 -0.000000 0.000000
95 27 -0.000000 0.000000
96 27 -0.000000 0.000000
97 27 -0.000000 0.000000
98 27 -0.000000 0.000000
99 27 -0.000000 0.000000
0 28 -0.000000 0.000000
1 28 -0.000000 0.000000
2 28 -0.000000 0.000000
3 28 -0.000000 0.000000
4 28 -0.000000 0.000000
5 28 -0.000000 0.000000
6 28 -0.000000 0.000000
7 28 -0.000000 0.000000
8 28 -0.000000 0.000000
9 28 -0.000000 0.000000
10 28 -0.000000 0.000000
11 28 -0.000000 0.000000
12 28 -0.000000 0.000000
13 28 -0.000001 0.000000
14 28 -0.000001 0.000000
15 28 -0.000001 0.000000
16 28 -0.000001 0.000000
17 28 -0.000001 0.000000
18 28 -0.000002 0.000000
19 28 -0.000002 0.000000
20 28 -0.000005 0.000000
21 28 -0.000005 0.000000
22 28 -0.000001 0.000000
23 28 -0.000019 0.000000
24 28 0.000010 0.000000
25 28 0.000050 0.000000
26 28 -0.000040 0.000000
27 28 -0.000215 0.000000
28 28 -0.000168 0.000000
29 28 0.000277 0.000001
30 28 -0.000251 0.000002
31 28 -0.001132 0.000006
32 28 0.000224 0.000013
33 28 0.000648 0.000030
34 28 0.000311 0.000067
35 28 0.002057 0.000145
36 28 0.003664 0.000303
37 28 0.004122 0.000608
38 28 0.003045 0.001174
39 28 0.000349 0.002174
40 28 -0.003415 0.003854
41 28 -0.007510 0.006520
42 28 -0.009820 0.010500
43 28 -0.006502 0.016052
44 28 0.004069 0.023248
45 28 0.018808 0.031839
46 28 0.031700 0.041187
47 28 0.037716 0.050300
48 28 0.036525 0.057996
49 28 0.031611 0.063153
50 28 0.026538 0.064969
51 28 0.022865 0.063153
52 28 0.020691 0.057996
53 28 0.019467 0.050300
54 28 0.018715 0.041187
55 28 0.018132 0.031839
56 28 0.017503 0.023248
57 28 0.016848 0.016052
58 28 0.016194 0.010500
59 28 0.015563 0.006520
60 28 0.014961 0.003854
61 28 0.014375 0.002174
62 28 0.013766 0.001174
63 28 0.013046 0.000608
64 28 0.012079 0.000303
65 28 0.010720 0.000145
66 28 0.008868 0.000067
67 28 0.006542 0.000030
68 28 0.003901 0.000013
69 28 0.001268 0.000006
70 28 -0.000924 0.000002
71 28 -0.002338 0.000001
72 28 -0.002924 0.000000
73 28 -0.002927 0.000000
74 28 -0.002687 0.000000
75 28 -0.002395 0.000000
76 28 -0.002083 0.000000
77 28 -0.001714 0.000000
78 28 -0.001003 0.000000
79 28 -0.000186 0.000000
80 28 0.000035 0.000000
81 28 -0.000093 0.000000
82 28 -0.000089 0.000000
83 28 -0.000029 0.000000
84 28 -0.000002 0.000000
85 28 0.000003 0.000000
86 28 0.000001 0.000000
87 28 0.000000 0.000000
88 28 0.000000 0.000000
89 28 0.000000 0.000000
90 28 0.000000 0.000000
91 28 -0.000000 0.000000
92 28 -0.000000 0.000000
93 28 -0.000000 0.000000
94 28 -0.000000 0.000000
95 28 -0.000000 0.000000
96 28 -0.000000 0.000000
97 28 -0.000000 0.000000
98 28 -0.000000 0.000000
99 28 -0.000000 0.000000
0 29 -0.000000 0.000000
1 29 -0.000000 0.000000
2 29 -0.000000 0.000000
3 29 -0.000000 0.000000
4 29 -0.000000 0.000000
5 29 -0.000000 0.000000
6 29 -0.000000 0.000000
7 29 -0.000000 0.000000
8 29 -0.000000 0.000000
9 29 -0.000000 0.000000
10 29 -0.000000 0.000000
11 29 -0.000000 0.000000
12 29 -0.000001 0.000000
13 29 -0.000001 0.000000
14 29 -0.000001 0.000000
15 29 -0.000001 0.000000
16 29 -0.000002 0.000000
17 29 -0.000002 0.000000
18 29 -0.000003 0.000000
19 29 -0.000003 0.000000
20 29 -0.000006 0.000000
21 29 -0.000005 0.000000
22 29 0.000000 0.000000
23 29 -0.000020 0.000000
24 29 0.000018 0.000000
25 29 0.000040 0.000000
26 29 -0.000112 0.000000
27 29 -0.000270 0.000000
28 29 -0.000007 0.000001
29 29 0.000504 0.000002
30 29 -0.000434 0.000006
31 29 -0.000904 0.000015
32 29 0.002015 0.000037
33 29 0.002394 0.000086
34 29 0.000587 0.000197
35 29 0.000887 0.000434
36 29 0.000298 0.000925
37 29 -0.002017 0.001900
38 29 -0.005878 0.003750
39 29 -0.010104 0.007089
40 29 -0.011564 0.012794
41 29 -0.006560 0.021958
42 29 0.008874 0.035699
43 29 0.037512 0.054789
44 29 0.076780 0.079163
45 29 0.118150 0.107547
46 29 0.151591 0.137437
47 29 0.170901 0.165535
48 29 0.176616 0.188463
49 29 0.173683 0.203419
50 29 0.167018 0.208609
51 29 0.159217 0.203419
52 29 0.151011 0.188463
53 29 0.142155 0.165535
54 29 0.132374 0.137437
55 29 0.121696 0.107547
56 29 0.110420 0.079163
57 29 0.099194 0.054789
58 29 0.088665 0.035699
59 29 0.079300 0.021958
60 29 0.071282 0.012794
61 29 0.064493 0.007089
62 29 0.058568 0.003750
63 29 0.052975 0.001900
64 29 0.047146 0.000925
65 29 0.040636 0.000434
66 29 0.033288 0.000197
67 29 0.025325 0.000086
68 29 0.017298 0.000037
69 29 0.009952 0.000015
70 29 0.004023 0.000006
71 29 -0.000029 0.000002
72 29 -0.002205 0.000001
73 29 -0.002965 0.000000
74 29 -0.002942 0.000000
75 29 -0.002606 0.000000
76 29 -0.002202 0.000000
77 29 -0.001793 0.000000
78 29 -0.001041 0.000000
79 29 -0.000183 0.000000
80 29 0.000021 0.000000
81 29 -0.000111 0.000000
82 29 -0.000085 0.000000
83 29 -0.000019 0.000000
84 29 0.000003 0.000000
85 29 0.000003 0.000000
86 29 0.000001 0.000000
87 29 0.000000 0.000000
88 29 0.000000 0.000000
89 29 0.000000 0.000000
90 29 0.000000 0.000000
91 29 -0.000000 0.000000
92 29 -0.000000 0.000000
93 29 -0.000000 0.000000
94 29 -0.000000 0.000000
95 29 -0.000000 0.000000
96 29 -0.000000 0.000000
97 29 -0.000000 0.000000
98 29 -0.000000 0.000000
99 29 -0.000000 0.000000
0 30 -0.000000 0.000000
1 30 -0.000000 0.000000
2 30 -0.000000 0.000000
3 30 -0.000000 0.000000
4 30 -0.000000 0.000000
5 30 -0.000000 0.000000
6 30 -0.000000 0.000000
7 30 -0.000000 0.000000
8 30 -0.000000 0.000000
9 30 -0.000000 0.000000
10 30 -0.000001 0.000000
11 30 -0.000001 0.000000
12 30 -0.000001 0.000000
13 30 -0.000001 0.000000
14 30 -0.000001 0.000000
15 30 -0.000002 0.000000
16 30 -0.000002 0.000000
17 30 -0.000003 0.000000
18 30 -0.000004 0.000000
19 30 -0.000004 0.000000
20 30 -0.000007 0.000000
21 30 -0.000004 0.000000
22 30 0.000000 0.000000
23 30 -0.000022 0.000000
24 30 0.000021 0.000000
25 30 0.000013 0.000000
26 30 -0.000196 0.000000
27 30 -0.000255 0.000001
28 30 0.000285 0.000002
29 30 0.000773 0.000006
30 30 -0.000512 0.000016
31 30 0.000140 0.000040
32 30 0.005101 0.000100
33 30 0.004351 0.000241
34 30 -0.000863 0.000562
35 30 -0.003322 0.001271
36 30 -0.005746 0.002775
37 30 -0.007526 0.005833
38 30 -0.006514 0.011754
39 30 0.000923 0.022594
40 30 0.021031 0.041187
41 30 0.059129 0.070724
42 30 0.117596 0.113627
43 30 0.193882 0.169925
44 30 0.278454 0.236106
45 30 0.357332 0.305614
46 30 0.418294 0.370959
47 30 0.455782 0.425965
48 30 0.471730 0.466799
49 30 0.471870 0.491673
50 30 0.461444 0.500000
51 30 0.443461 0.491673
52 30 0.419357 0.466799
53 30 0.389934 0.425965
54 30 0.356310 0.370959
55 30 0.320247 0.305614
56 30 0.283906 0.236106
57 30 0.249583 0.169925
58 30 0.219069 0.113627
59 30 0.193262 0.070724
60 30 0.172059 0.041187
61 30 0.154519 0.022594
62 30 0.139192 0.011754
63 30 0.124511 0.005833
64 30 0.109190 0.002775
65 30 0.092565 0.001271
66 30 0.074771 0.000562
67 30 0.056678 0.000241
68 30 0.039566 0.000100
69 30 0.024726 0.000040
70 30 0.013085 0.000016
71 30 0.004993 0.000006
72 30 0.000174 0.000002
73 30 -0.002145 0.000001
74 30 -0.002892 0.000000
75 30 -0.002791 0.000000
76 30 -0.002348 0.000000
77 30 -0.001859 0.000000
78 30 -0.001040 0.000000
79 30 -0.000155 0.000000
80 30 0.000015 0.000000
81 30 -0.000125 0.000000
82 30 -0.000078 0.000000
83 30 -0.000010 0.000000
84 30 0.000005 0.000000
85 30 0.000002 0.000000
86 30 0.000000 0.000000
87 30 -0.000000 0.000000
88 30 0.000000 0.000000
89 30 0.000000 0.000000
90 30 -0.000000 0.000000
91 30 -0.000000 0.000000
92 30 -0.000000 0.000000
93 30 -0.000000 0.000000
94 30 -0.000000 0.000000
95 30 -0.000000 0.000000
96 30 -0.000000 0.000000
97 30 -0.000000 0.000000
98 30 -0.000000 0.000000
99 30 -0.000000 0.000000
0 31 -0.000000 0.000000
1 31 -0.000000 0.000000
2 31 -0.000000 0.000000
3 31 -0.000000 0.000000
4 31 -0.000000 0.000000
5 31 -0.000000 0.000000
6 31 -0.000000 0.000000
7 31 -0.000000 0.000000
8 31 -0.000001 0.000000
9 31 -0.000001 0.000000
10 31 -0.000001 0.000000
11 31 -0.000001 0.000000
12 31 -0.000001 0.000000
13 31 -0.000002 0.000000
14 31 -0.000002 0.000000
15 31 -0.000003 0.000000
16 31 -0.000004 0.000000
17 31 -0.000004 0.000000
18 31 -0.000006 0.000000
19 31 -0.000006 0.000000
20 31 -0.000009 0.000000
21 31 -0.000005 0.000000
22 31 -0.000001 0.000000
23 31 -0.000025 0.000000
24 31 0.000022 0.000000
25 31 -0.000024 0.000000
26 31 -0.000267 0.000001
27 31 -0.000140 0.000002
28 31 0.000679 0.000006
29 31 0.001034 0.000015
30 31 -0.000402 0.000040
31 31 0.002061 0.000105
32 31 0.009091 0.000266
33 31 0.005865 0.000657
34 31 -0.003609 0.001574
35 31 -0.006149 0.003648
36 31 -0.001890 0.008153
37 31 0.011919 0.017482
38 31 0.038601 0.035699
39 31 0.081937 0.068753
40 31 0.147095 0.123336
41 31 0.235391 0.203419
42 31 0.342626 0.305614
43 31 0.459297 0.417930
44 31 0.571618 0.525026
45 31 0.665940 0.615579
46 31 0.733745 0.685252
47 31 0.773624 0.734873
48 31 0.789545 0.767343
49 31 0.786859 0.785544
50 31 0.769470 0.791391
51 31 0.739497 0.785544
52 31 0.698463 0.767343
53 31 0.648225 0.734873
54 31 0.591646 0.685252
55 31 0.532557 0.615579
56 31 0.474999 0.525026
57 31 0.422481 0.417930
58 31 0.377111 0.305614
59 31 0.339223 0.203419
60 31 0.307541 0.123336
61 31 0.279718 0.068753
62 31 0.253066 0.035699
63 31 0.225321 0.017482
64 31 0.195261 0.008153
65 31 0.162998 0.003648
66 31 0.129870 0.001574
67 31 0.097930 0.000657
68 31 0.069260 0.000266
69 31 0.045395 0.000105
70 31 0.027024 0.000040
71 31 0.014009 0.000015
72 31 0.005593 0.000006
73 31 0.000686 0.000002
74 31 -0.001776 0.000001
75 31 -0.002586 0.000000
76 31 -0.002418 0.000000
77 31 -0.001901 0.000000
78 31 -0.001001 0.000000
79 31 -0.000099 0.000000
80 31 0.000020 0.000000
81 31 -0.000132 0.000000
82 31 -0.000070 0.000000
83 31 -0.000004 0.000000
84 31 0.000006 0.000000
85 31 0.000001 0.000000
86 31 -0.000000 0.000000
87 31 -0.000000 0.000000
88 31 -0.000000 0.000000
89 31 -0.000000 0.000000
90 31 -0.000000 0.000000
91 31 -0.000000 0.000000
92 31 -0.000000 0.000000
93 31 -0.000000 0.000000
94 31 -0.000000 0.000000
95 31 -0.000000 0.000000
96 31 -0.000000 0.000000
97 31 -0.000000 0.000000
98 31 -0.000000 0.000000
99 31 -0.000000 0.000000
0 32 -0.000000 0.000000
1 32 -0.000000 0.000000
2 32 -0.000000 0.000000
3 32 -0.000000 0.000000
4 32 -0.000001 0.000000
5 32 -0.000001 0.000000
6 32 -0.000001 0.000000
7 32 -0.000001 0.000000
8 32 -0.000001 0.000000
9 32 -0.000001 0.000000
10 32 -0.000002 0.000000
11 32 -0.000002 0.000000
12 32 -0.000003 0.000000
13 32 -0.000003 0.000000
14 32 -0.000004 0.000000
15 32 -0.000005 0.000000
16 32 -0.000006 0.000000
17 32 -0.000007 0.000000
18 32 -0.000009 0.000000
19 32 -0.000008 0.000000
20 32 -0.000011 0.000000
21 32 -0.000007 0.000000
22 32 -0.000005 0.000000
23 32 -0.000028 0.000000
24 32 0.000023 0.000000
25 32 -0.000063 0.000001
26 32 -0.000295 0.000002
27 32 0.000102 0.000005
28 32 0.001135 0.000013
29 32 0.001255 0.000037
30 32 -0.000064 0.000100
31 32 0.004738 0.000266
32 32 0.013872 0.000693
33 32 0.008282 0.001752
34 32 -0.002275 0.004302
35 32 0.005304 0.010208
36 32 0.034731 0.023248
37 32 0.087649 0.050300
38 32 0.162837 0.101767
39 32 0.257795 0.188463
40 32 0.370804 0.312524
41 32 0.495434 0.458558
42 32 0.621121 0.599419
43 32 0.736347 0.714170
44 32 0.831066 0.797129
45 32 0.899733 0.852952
46 32 0.942367 0.889064
47 32 0.963031 0.911784
48 32 0.966946 0.925461
49 32 0.957785 0.932746
50 32 0.936975 0.935031
51 32 0.904818 0.932746
52 32 0.862017 0.925461
53 32 0.810392 0.911784
54 32 0.753127 0.889064
55 32 0.694285 0.852952
56 32 0.637703 0.797129
57 32 0.586105 0.714170
58 32 0.540405 0.599419
59 32 0.499636 0.458558
60 32 0.461424 0.312524
61 32 0.422808 0.188463
62 32 0.381225 0.101767
63 32 0.335448 0.050300
64 32 0.286067 0.023248
65 32 0.235257 0.010208
66 32 0.185989 0.004302
67 32 0.141082 0.001752
68 32 0.102513 0.000693
69 32 0.071161 0.000266
70 32 0.046888 0.000100
71 32 0.028874 0.000037
72 32 0.015991 0.000013
73 32 0.007140 0.000005
74 32 0.001516 0.000002
75 32 -0.001377 0.000001
76 32 -0.002176 0.000000
77 32 -0.001873 0.000000
78 32 -0.000923 0.000000
79 32 -0.000016 0.000000
80 32 0.000037 0.000000
81 32 -0.000135 0.000000
82 32 -0.000064 0.000000
83 32 -0.000000 0.000000
84 32 0.000005 0.000000
85 32 0.000000 0.000000
86 32 -0.000001 0.000000
87 32 -0.000001 0.000000
88 32 -0.000001 0.000000
89 32 -0.000001 0.000000
90 32 -0.000000 0.000000
91 32 -0.000000 0.000000
92 32 -0.000000 0.000000
93 32 -0.000000 0.000000
94 32 -0.000000 0.000000
95 32 -0.000000 0.000000
96 32 -0.000000 0.000000
97 32 -0.000000 0.000000
98 32 -0.000000 0.000000
99 32 -0.000000 0.000000
0 33 -0.000001 0.000000
1 33 -0.000001 0.000000
2 33 -0.000001 0.000000
3 33 -0.000001 0.000000
4 33 -0.000001 0.000000
5 33 -0.000002 0.000000
6 33 -0.000002 0.000000
7 33 -0.000002 0.000000
8 33 -0.000003 0.000000
9 33 -0.000003 0.000000
10 33 -0.000004 0.000000
11 33 -0.000005 0.000000
12 33 -0.000006 0.000000
13 33 -0.000007 0.000000
14 33 -0.000008 0.000000
15 33 -0.000009 0.000000
16 33 -0.000010 0.000000
17 33 -0.000010 0.000000
18 33 -0.000013 0.000000
19 33 -0.000012 0.000000
20 33 -0.000014 0.000000
21 33 -0.000010 0.000000
22 33 -0.000011 0.000000
23 33 -0.000031 0.000000
24 33 0.000022 0.000000
25 33 -0.000106 0.000001
26 33 -0.000277 0.000004
27 33 0.000427 0.000010
28 33 0.001509 0.000030
29 33 0.001250 0.000086
30 33 0.000214 0.000241
31 33 0.007667 0.000657
32 33 0.019846 0.001752
33 33 0.015488 0.004546
34 33 0.012740 0.011427
35 33 0.045952 0.027596
36 33 0.119110 0.063153
37 33 0.224856 0.133783
38 33 0.350185 0.253846
39 33 0.482605 0.417930
40 33 0.614325 0.591271
41 33 0.736162 0.734873
42 33 0.838862 0.834188
43 33 0.916712 0.896008
44 33 0.968538 0.932746
45 33 0.997843 0.954346
46 33 1.010677 0.967105
47 33 1.012842 0.974661
48 33 1.008139 0.979034
49 33 0.997809 0.981309
50 33 0.981363 0.982014
51 33 0.958016 0.981309
52 33 0.927732 0.979034
53 33 0.891410 0.974661
54 33 0.850865 0.967105
55 33 0.808307 0.954346
56 33 0.765499 0.932746
57 33 0.723230 0.896008
58 33 0.681026 0.834188
59 33 0.637287 0.734873
60 33 0.589831 0.591271
61 33 0.536754 0.417930
62 33 0.477474 0.253846
63 33 0.413532 0.133783
64 33 0.348329 0.063153
65 33 0.285798 0.027596
66 33 0.229023 0.011427
67 33 0.179634 0.004546
68 33 0.137990 0.001752
69 33 0.103593 0.000657
70 33 0.075460 0.000241
71 33 0.052501 0.000086
72 33 0.033845 0.000030
73 33 0.019056 0.000010
74 33 0.008204 0.000004
75 33 0.001544 0.000001
76 33 -0.001293 0.000000
77 33 -0.001671 0.000000
78 33 -0.000785 0.000000
79 33 0.000100 0.000000
80 33 0.000073 0.000000
81 33 -0.000132 0.000000
82 33 -0.000059 0.000000
83 33 0.000001 0.000000
84 33 0.000003 0.000000
85 33 -0.000001 0.000000
86 33 -0.000001 0.000000
87 33 -0.000001 0.000000
88 33 -0.000002 0.000000
89 33 -0.000002 0.000000
90 33 -0.000001 0.000000
91 33 -0.000001 0.000000
92 33 -0.000001 0.000000
93 33 -0.000001 0.000000
94 33 -0.000001 0.000000
95 33 -0.000001 0.000000
96 33 -0.000001 0.000000
97 33 -0.000001 0.000000
98 33 -0.000001 0.000000
99 33 -0.000001 0.000000
0 34 -0.000003 0.000000
1 34 -0.000003 0.000000
2 34 -0.000004 0.000000
3 34 -0.000004 0.000000
4 34 -0.000004 0.000000
5 34 -0.000005 0.000000
6 34 -0.000005 0.000000
7 34 -0.000006 0.000000
8 34 -0.000007 0.000000
9 34 -0.000008 0.000000
10 34 -0.000009 0.000000
11 34 -0.000010 0.000000
12 34 -0.000011 0.000000
13 34 -0.000012 0.000000
14 34 -0.000013 0.000000
15 34 -0.000014 0.000000
16 34 -0.000015 0.000000
17 34 -0.000015 0.000000
18 34 -0.000017 0.000000
19 34 -0.000016 0.000000
20 34 -0.000018 0.000000
21 34 -0.000015 0.000000
22 34 -0.000019 0.000000
23 34 -0.000032 0.000000
24 34 0.000023 0.000001
25 34 -0.000152 0.000002
26 34 -0.000221 0.000008
27 34 0.000764 0.000023
28 34 0.001668 0.000067
29 34 0.000879 0.000197
30 34 0.000202 0.000562
31 34 0.010867 0.001574
32 34 0.029340 0.004302
33 34 0.035030 0.011427
34 34 0.054238 0.029221
35 34 0.127814 0.070724
36 34 0.251467 0.157044
37 34 0.400991 0.305614
38 34 0.550008 0.500000
39 34 0.681163 0.685252
40 34 0.789748 0.818970
41 34 0.873634 0.899341
42 34 0.932068 0.943496
43 34 0.967592 0.967105
44 34 0.985225 0.979820
45 34 0.991278 0.986822
46 34 0.990961 0.990777
47 34 0.987089 0.993047
48 34 0.980403 0.994332
49 34 0.970467 0.994992
50 34 0.956558 0.995195
51 34 0.938272 0.994992
52 34 0.915712 0.994332
53 34 0.889228 0.993047
54 34 0.859336 0.990777
55 34 0.826534 0.986822
56 34 0.790976 0.979820
57 34 0.752389 0.967105
58 34 0.710051 0.943496
59 34 0.662941 0.899341
60 34 0.610116 0.818970
61 34 0.551376 0.685252
62 34 0.488160 0.500000
63 34 0.423961 0.305614
64 34 0.363047 0.157044
65 34 0.308281 0.070724
66 34 0.260331 0.029221
67 34 0.218396 0.011427
68 34 0.181213 0.004302
69 34 0.147566 0.001574
70 34 0.116490 0.000562
71 34 0.087503 0.000197
72 34 0.060820 0.000067
73 34 0.037424 0.000023
74 34 0.018862 0.000008
75 34 0.006519 0.000002
76 34 0.000426 0.000001
77 34 -0.001218 0.000000
78 34 -0.000575 0.000000
79 34 0.000250 0.000000
80 34 0.000127 0.000000
81 34 -0.000122 0.000000
82 34 -0.000058 0.000000
83 34 -0.000001 0.000000
84 34 0.000002 0.000000
85 34 -0.000002 0.000000
86 34 -0.000002 0.000000
87 34 -0.000003 0.000000
88 34 -0.000003 0.000000
89 34 -0.000004 0.000000
90 34 -0.000004 0.000000
91 34 -0.000003 0.000000
92 34 -0.000003 0.000000
93 34 -0.000003 0.000000
94 34 -0.000003 0.000000
95 34 -0.000003 0.000000
96 34 -0.000003 0.000000
97 34 -0.000003 0.000000
98 34 -0.000003 0.000000
99 34 -0.000003 0.000000
0 35 -0.000009 0.000000
1 35 -0.000009 0.000000
2 35 -0.000010 0.000000
3 35 -0.000010 0.000000
4 35 -0.000011 0.000000
5 35 -0.000011 0.000000
6 35 -0.000012 0.000000
7 35 -0.000013 0.000000
8 35 -0.000014 0.000000
9 35 -0.000015 0.000000
10 35 -0.000015 0.000000
11 35 -0.000016 0.000000
12 35 -0.000017 0.000000
13 35 -0.000018 0.000000
14 35 -0.000019 0.000000
15 35 -0.000019 0.000000
16 35 -0.000020 0.000000
17 35 -0.000020 0.000000
18 35 -0.000022 0.000000
19 35 -0.000020 0.000000
20 35 -0.000022 0.000000
21 35 -0.000021 0.000000
22 35 -0.000027 0.000000
23 35 -0.000028 0.000000
24 35 0.000025 0.000002
25 35 -0.000199 0.000005
26 35 -0.000138 0.000016
27 35 0.001043 0.000048
28 35 0.001551 0.000145
29 35 0.000148 0.000434
30 35 0.000015 0.001271
31 35 0.015462 0.003648
32 35 0.046912 0.010208
33 35 0.076793 0.027596
34 35 0.134419 0.070724
35 35 0.256482 0.165535
36 35 0.421764 0.333800
37 35 0.588898 0.550021
38 35 0.726445 0.741575
39 35 0.823245 0.865906
40 35 0.886097 0.932746
41 35 0.923572 0.965870
42 35 0.942274 0.982014
43 35 0.948574 0.990009
44 35 0.947828 0.994095
45 35 0.943644 0.996260
46 35 0.937096 0.997447
47 35 0.927536 0.998112
48 35 0.913966 0.998483
49 35 0.895954 0.998671
50 35 0.873776 0.998729
51 35 0.848086 0.998671
52 35 0.819684 0.998483
53 35 0.789160 0.998112
54 35 0.756878 0.997447
55 35 0.723081 0.996260
56 35 0.687890 0.994095
57 35 0.651350 0.990009
58 35 0.613425 0.982014
59 35 0.574038 0.965870
60 35 0.533185 0.932746
61 35 0.491162 0.865906
62 35 0.448938 0.741575
63 35 0.408341 0.550021
64 35 0.371013 0.333800
65 35 0.337048 0.165535
66 35 0.305153 0.070724
67 35 0.273706 0.027596
68 35 0.241378 0.010208
69 35 0.207278 0.003648
70 35 0.171079 0.001271
71 35 0.133344 0.000434
72 35 0.095770 0.000145
73 35 0.061130 0.000048
74 35 0.032719 0.000016
75 35 0.013169 0.000005
76 35 0.002876 0.000002
77 35 -0.000512 0.000000
78 35 -0.000287 0.000000
79 35 0.000433 0.000000
80 35 0.000204 0.000000
81 35 -0.000104 0.000000
82 35 -0.000059 0.000000
83 35 -0.000005 0.000000
84 35 -0.000001 0.000000
85 35 -0.000003 0.000000
86 35 -0.000004 0.000000
87 35 -0.000005 0.000000
88 35 -0.000006 0.000000
89 35 -0.000007 0.000000
90 35 -0.000007 0.000000
91 35 -0.000008 0.000000
92 35 -0.000008 0.000000
93 35 -0.000008 0.000000
94 35 -0.000008 0.000000
95 35 -0.000008 0.000000
96 35 -0.000008 0.000000
97 35 -0.000008 0.000000
98 35 -0.000008 0.000000
99 35 -0.000009 0.000000
0 36 -0.000018 0.000000
1 36 -0.000019 0.000000
2 36 -0.000019 0.000000
3 36 -0.000020 0.000000
4 36 -0.000020 0.000000
5 36 -0.000021 0.000000
6 36 -0.000021 0.000000
7 36 -0.000022 0.000000
8 36 -0.000023 0.000000
9 36 -0.000023 0.000000
10 36 -0.000024 0.000000
11 36 -0.000024 0.000000
12 36 -0.000025 0.000000
13 36 -0.000025 0.000000
14 36 -0.000026 0.000000
15 36 -0.000026 0.000000
16 36 -0.000026 0.000000
17 36 -0.000026 0.000000
18 36 -0.000028 0.000000
19 36 -0.000024 0.000000
20 36 -0.000027 0.000000
21 36 -0.000028 0.000000
22 36 -0.000033 0.000000
23 36 -0.000019 0.000001
24 36 0.000026 0.000003
25 36 -0.000244 0.000010
26 36 -0.000027 0.000031
27 36 0.001235 0.000098
28 36 0.001144 0.000303
29 36 -0.000894 0.000925
30 36 -0.000006 0.002775
31 36 0.023045 0.008153
32 36 0.076751 0.023248
33 36 0.146613 0.063153
34 36 0.254670 0.157044
35 36 0.420954 0.333800
36 36 0.605520 0.566605
37 36 0.760499 0.767343
38 36 0.863601 0.889064
39 36 0.918054 0.949182
40 36 0.942160 0.976504
41 36 0.950228 0.988744
42 36 0.949712 0.994332
43 36 0.945261 0.996972
44 36 0.939081 0.998270
45 36 0.931152 0.998937
46 36 0.919824 0.999292
47 36 0.903327 0.999488
48 36 0.880892 0.999595
49 36 0.853151 0.999648
50 36 0.821705 0.999665
51 36 0.788311 0.999648
52 36 0.754463 0.999595
53 36 0.721100 0.999488
54 36 0.688642 0.999292
55 36 0.657278 0.998937
56 36 0.627110 0.998270
57 36 0.598237 0.996972
58 36 0.570745 0.994332
59 36 0.544677 0.988744
60 36 0.520006 0.976504
61 36 0.496556 0.949182
62 36 0.473936 0.889064
63 36 0.451679 0.767343
64 36 0.429182 0.566605
65 36 0.405526 0.333800
66 36 0.379567 0.157044
67 36 0.350106 0.063153
68 36 0.316047 0.023248
69 36 0.276610 0.008153
70 36 0.231765 0.002775
71 36 0.182833 0.000925
72 36 0.132780 0.000303
73 36 0.085966 0.000098
74 36 0.047219 0.000031
75 36 0.020210 0.000010
76 36 0.005561 0.000003
77 36 0.000317 0.000001
78 36 0.000054 0.000000
79 36 0.000645 0.000000
80 36 0.000303 0.000000
81 36 -0.000073 0.000000
82 36 -0.000058 0.000000
83 36 -0.000009 0.000000
84 36 -0.000002 0.000000
85 36 -0.000005 0.000000
86 36 -0.000006 0.000000
87 36 -0.000008 0.000000
88 36 -0.000009 0.000000
89 36 -0.000011 0.000000
90 36 -0.000012 0.000000
91 36 -0.000013 0.000000
92 36 -0.000014 0.000000
93 36 -0.000014 0.000000
94 36 -0.000015 0.000000
95 36 -0.000016 0.000000
96 36 -0.000016 0.000000
97 36 -0.000017 0.000000
98 36 -0.000017 0.000000
99 36 -0.000017 0.000000
0 37 -0.000027 0.000000
1 37 -0.000027 0.000000
2 37 -0.000028 0.000000
3 37 -0.000029 0.000000
4 37 -0.000030 0.000000
5 37 -0.000030 0.000000
6 37 -0.000031 0.000000
7 37 -0.000031 0.000000
8 37 -0.000032 0.000000
9 37 -0.000032 0.000000
10 37 -0.000032 0.000000
11 37 -0.000033 0.000000
12 37 -0.000033 0.000000
13 37 -0.000033 0.000000
14 37 -0.000034 0.000000
15 37 -0.000034 0.000000
16 37 -0.000034 0.000000
17 37 -0.000034 0.000000
18 37 -0.000035 0.000000
19 37 -0.000030 0.000000
20 37 -0.000033 0.000000
21 37 -0.000035 0.000000
22 37 -0.000034 0.000001
23 37 -0.000005 0.000002
24 37 0.000018 0.000006
25 37 -0.000287 0.000018
26 37 0.000124 0.000060
27 37 0.001334 0.000192
28 37 0.000440 0.000608
29 37 -0.002109 0.001900
30 37 0.000802 0.005833
31 37 0.035087 0.017482
32 37 0.120129 0.050300
33 37 0.241380 0.133783
34 37 0.400851 0.305614
35 37 0.593454 0.550021
36 37 0.768580 0.767343
37 37 0.888567 0.896008
38 37 0.951046 0.955959
39 37 0.973018 0.981309
40 37 0.977083 0.991824
41 37 0.976129 0.996260
42 37 0.973893 0.998193
43 37 0.971399 0.999071
44 37 0.968103 0.999488
45 37 0.962433 0.999695
46 37 0.952530 0.999803
47 37 0.937245 0.999861
48 37 0.916570 0.999892
49 37 0.891624 0.999907
50 37 0.864184 0.999912
51 37 0.835924 0.999907
52 37 0.808106 0.999892
53 37 0.781382 0.999861
54 37 0.755862 0.999803
55 37 0.731383 0.999695
56 37 0.707664 0.999488
57 37 0.684442 0.999071
58 37 0.661524 0.998193
59 37 0.638759 0.996260
60 37 0.616030 0.991824
61 37 0.593145 0.981309
62 37 0.569697 0.955959
63 37 0.545231 0.896008
64 37 0.519328 0.767343
65 37 0.491446 0.550021
66 37 0.460659 0.305614
67 37 0.425575 0.133783
68 37 0.384704 0.050300
69 37 0.336994 0.017482
70 37 0.282470 0.005833
71 37 0.222920 0.001900
72 37 0.162125 0.000608
73 37 0.105415 0.000192
74 37 0.058516 0.000060
75 37 0.025694 0.000018
76 37 0.007661 0.000006
77 37 0.000984 0.000002
78 37 0.000351 0.000001
79 37 0.000839 0.000000
80 37 0.000405 0.000000
81 37 -0.000035 0.000000
82 37 -0.000055 0.000000
83 37 -0.000014 0.000000
84 37 -0.000004 0.000000
85 37 -0.000006 0.000000
86 37 -0.000008 0.000000
87 37 -0.000010 0.000000
88 37 -0.000012 0.000000
89 37 -0.000013 0.000000
90 37 -0.000015 0.000000
91 37 -0.000017 0.000000
92 37 -0.000018 0.000000
93 37 -0.000019 0.000000
94 37 -0.000021 0.000000
95 37 -0.000022 0.000000
96 37 -0.000023 0.000000
97 37 -0.000024 0.000000
98 37 -0.000025 0.000000
99 37 -0.000026 0.000000
0 38 -0.000032 0.000000
1 38 -0.000033 0.000000
2 38 -0.000034 0.000000
3 38 -0.000035 0.000000
4 38 -0.000036 0.000000
5 38 -0.000037 0.000000
6 38 -0.000038 0.000000
7 38 -0.000038 0.000000
8 38 -0.000039 0.000000
9 38 -0.000040 0.000000
10 38 -0.000040 0.000000
11 38 -0.000041 0.000000
12 38 -0.000041 0.000000
13 38 -0.000042 0.000000
14 38 -0.000043 0.000000
15 38 -0.000043 0.000000
16 38 -0.000044 0.000000
17 38 -0.000043 0.000000
18 38 -0.000044 0.000000
19 38 -0.000039 0.000000
20 38 -0.000043 0.000000
21 38 -0.000043 0.000000
22 38 -0.000031 0.000001
23 38 0.000010 0.000003
24 38 -0.000008 0.000010
25 38 -0.000320 0.000033
26 38 0.000327 0.000110
27 38 0.001344 0.000362
28 38 -0.000567 0.001174
29 38 -0.003197 0.003750
30 38 0.003470 0.011754
31 38 0.052539 0.035699
32 38 0.174610 0.101767
33 38 0.349936 0.253846
34 38 0.550163 0.500000
35 38 0.744782 0.741575
36 38 0.887098 0.889064
37 38 0.963182 0.955959
38 38 0.991700 0.982694
39 38 0.995485 0.993047
40 38 0.993046 0.997098
41 38 0.991937 0.998729
42 38 0.991907 0.999411
43 38 0.991843 0.999709
44 38 0.990688 0.999846
45 38 0.987443 0.999912
46 38 0.981382 0.999945
47 38 0.972324 0.999962
48 38 0.960544 0.999971
49 38 0.946659 0.999975
50 38 0.931426 0.999977
51 38 0.915395 0.999975
52 38 0.898867 0.999971
53 38 0.881839 0.999962
54 38 0.864060 0.999945
55 38 0.845214 0.999912
56 38 0.824980 0.999846
57 38 0.803109 0.999709
58 38 0.779458 0.999411
59 38 0.753941 0.998729
60 38 0.726575 0.997098
61 38 0.697430 0.993047
62 38 0.666509 0.982694
63 38 0.633901 0.955959
64 38 0.599729 0.889064
65 38 0.563757 0.741575
66 38 0.524939 0.500000
67 38 0.481538 0.253846
68 38 0.431909 0.101767
69 38 0.375203 0.035699
70 38 0.311906 0.011754
71 38 0.244363 0.003750
72 38 0.176800 0.001174
73 38 0.114713 0.000362
74 38 0.063790 0.000110
75 38 0.028209 0.000033
76 38 0.008593 0.000010
77 38 0.001296 0.000003
78 38 0.000538 0.000001
79 38 0.000972 0.000000
80 38 0.000483 0.000000
81 38 0.000003 0.000000
82 38 -0.000049 0.000000
83 38 -0.000016 0.000000
84 38 -0.000006 0.000000
85 38 -0.000006 0.000000
86 38 -0.000009 0.000000
87 38 -0.000011 0.000000
88 38 -0.000013 0.000000
89 38 -0.000015 0.000000
90 38 -0.000017 0.000000
91 38 -0.000018 0.000000
92 38 -0.000020 0.000000
93 38 -0.000022 0.000000
94 38 -0.000023 0.000000
95 38 -0.000025 0.000000
96 38 -0.000026 0.000000
97 38 -0.000027 0.000000
98 38 -0.000029 0.000000
99 38 -0.000030 0.000000
0 39 -0.000034 0.000000
1 39 -0.000035 0.000000
2 39 -0.000037 0.000000
3 39 -0.000038 0.000000
4 39 -0.000040 0.000000
5 39 -0.000041 0.000000
6 39 -0.000043 0.000000
7 39 -0.000044 0.000000
8 39 -0.000045 0.000000
9 39 -0.000046 0.000000
10 39 -0.000047 0.000000
11 39 -0.000048 0.000000
12 39 -0.000049 0.000000
13 39 -0.000051 0.000000
14 39 -0.000052 0.000000
15 39 -0.000053 0.000000
16 39 -0.000054 0.000000
17 39 -0.000055 0.000000
18 39 -0.000056 0.000000
19 39 -0.000051 0.000000
20 39 -0.000056 0.000000
21 39 -0.000052 0.000000
22 39 -0.000027 0.000001
23 39 0.000018 0.000005
24 39 -0.000053 0.000017
25 39 -0.000323 0.000058
26 39 0.000604 0.000197
27 39 0.001296 0.000657
28 39 -0.001791 0.002174
29 39 -0.003603 0.007089
30 39 0.009317 0.022594
31 39 0.075688 0.068753
32 39 0.234971 0.188463
33 39 0.457727 0.417930
34 39 0.681450 0.685252
35 39 0.857538 0.865906
36 39 0.957298 0.949182
37 39 0.994821 0.981309
38 39 1.002637 0.993047
39 39 1.000461 0.997335
40 39 0.998204 0.998937
41 39 0.998454 0.999555
42 39 0.999227 0.999803
43 39 0.999310 0.999907
44 39 0.998363 0.999953
45 39 0.996294 0.999974
46 39 0.993161 0.999984
47 39 0.989136 0.999990
48 39 0.984327 0.999992
49 39 0.978774 0.999993
50 39 0.972486 0.999994
51 39 0.965351 0.999993
52 39 0.957184 0.999992
53 39 0.947706 0.999990
54 39 0.936551 0.999984
55 39 0.923354 0.999974
56 39 0.907746 0.999953
57 39 0.889394 0.999907
58 39 0.868014 0.999803
59 39 0.843330 0.999555
60 39 0.815197 0.998937
61 39 0.783586 0.997335
62 39 0.748520 0.993047
63 39 0.710255 0.981309
64 39 0.669129 0.949182
65 39 0.625028 0.865906
66 39 0.576914 0.685252
67 39 0.523150 0.417930
68 39 0.462537 0.188463
69 39 0.395078 0.068753
70 39 0.322421 0.022594
71 39 0.248053 0.007089
72 39 0.176708 0.002174
73 39 0.113383 0.000657
74 39 0.062610 0.000197
75 39 0.027522 0.000058
76 39 0.008286 0.000017
77 39 0.001247 0.000005
78 39 0.000610 0.000001
79 39 0.001023 0.000000
80 39 0.000513 0.000000
81 39 0.000033 0.000000
82 39 -0.000039 0.000000
83 39 -0.000017 0.000000
84 39 -0.000007 0.000000
85 39 -0.000007 0.000000
86 39 -0.000009 0.000000
87 39 -0.000012 0.000000
88 39 -0.000014 0.000000
89 39 -0.000015 0.000000
90 39 -0.000017 0.000000
91 39 -0.000019 0.000000
92 39 -0.000021 0.000000
93 39 -0.000022 0.000000
94 39 -0.000024 0.000000
95 39 -0.000025 0.000000
96 39 -0.000027 0.000000
97 39 -0.000029 0.000000
98 39 -0.000030 0.000000
99 39 -0.000032 0.000000
0 40 -0.000036 0.000000
1 40 -0.000038 0.000000
2 40 -0.000040 0.000000
3 40 -0.000041 0.000000
4 40 -0.000043 0.000000
5 40 -0.000045 0.000000
6 40 -0.000047 0.000000
7 40 -0.000048 0.000000
8 40 -0.000050 0.000000
9 40 -0.000051 0.000000
10 40 -0.000053 0.000000
11 40 -0.000055 0.000000
12 40 -0.000056 0.000000
13 40 -0.000058 0.000000
14 40 -0.000061 0.000000
15 40 -0.000063 0.000000
16 40 -0.000065 0.000000
17 40 -0.000066 0.000000
18 40 -0.000069 0.000000
19 40 -0.000066 0.000000
20 40 -0.000073 0.000000
21 40 -0.000063 0.000001
22 40 -0.000027 0.000002
23 40 0.000010 0.000008
24 40 -0.000115 0.000028
25 40 -0.000275 0.000098
26 40 0.000953 0.000335
27 40 0.001174 0.001143
28 40 -0.003083 0.003854
29 40 -0.002462 0.012794
30 40 0.020090 0.041187
31 40 0.104927 0.123336
32 40 0.295987 0.312524
33 40 0.552863 0.591271
34 40 0.782754 0.818970
35 40 0.929473 0.932746
36 40 0.990082 0.976504
37 40 1.001830 0.991824
38 40 1.001278 0.997098
39 40 1.000199 0.998937
40 40 1.000178 0.999595
41 40 1.001308 0.999838
42 40 1.002081 0.999932
43 40 1.002087 0.999969
44 40 1.001575 0.999985
45 40 1.000743 0.999992
46 40 0.999746 0.999995
47 40 0.998682 0.999997
48 40 0.997487 0.999998
49 40 0.996011 0.999998
50 40 0.994113 0.999998
51 40 0.991608 0.999998
52 40 0.988291 0.999998
53 40 0.983896 0.999997
54 40 0.978090 0.999995
55 40 0.970493 0.999992
56 40 0.960656 0.999985
57 40 0.948083 0.999969
58 40 0.932228 0.999932
59 40 0.912466 0.999838
60 40 0.888262 0.999595
61 40 0.859135 0.998937
62 40 0.824661 0.997098
63 40 0.784747 0.991824
64 40 0.739448 0.976504
65 40 0.688483 0.932746
66 40 0.630858 0.818970
67 40 0.565254 0.591271
68 40 0.491108 0.312524
69 40 0.409624 0.123336
70 40 0.324462 0.041187
71 40 0.241437 0.012794
72 40 0.166555 0.003854
73 40 0.104079 0.001143
74 40 0.056332 0.000335
75 40 0.024274 0.000098
76 40 0.007022 0.000028
77 40 0.000956 0.000008
78 40 0.000612 0.000002
79 40 0.000997 0.000001
80 40 0.000482 0.000000
81 40 0.000040 0.000000
82 40 -0.000031 0.000000
83 40 -0.000016 0.000000
84 40 -0.000007 0.000000
85 40 -0.000007 0.000000
86 40 -0.000009 0.000000
87 40 -0.000011 0.000000
88 40 -0.000014 0.000000
89 40 -0.000015 0.000000
90 40 -0.000017 0.000000
91 40 -0.000019 0.000000
92 40 -0.000021 0.000000
93 40 -0.000022 0.000000
94 40 -0.000024 0.000000
95 40 -0.000026 0.000000
96 40 -0.000028 0.000000
97 40 -0.000030 0.000000
98 40 -0.000032 0.000000
99 40 -0.000034 0.000000
0 41 -0.000038 0.000000
1 41 -0.000040 0.000000
2 41 -0.000043 0.000000
3 41 -0.000045 0.000000
4 41 -0.000047 0.000000
5 41 -0.000049 0.000000
6 41 -0.000051 0.000000
7 41 -0.000053 0.000000
8 41 -0.000055 0.000000
9 41 -0.000056 0.000000
10 41 -0.000058 0.000000
11 41 -0.000060 0.000000
12 41 -0.000062 0.000000
13 41 -0.000065 0.000000
14 41 -0.000068 0.000000
15 41 -0.000071 0.000000
16 41 -0.000074 0.000000
17 41 -0.000077 0.000000
18 41 -0.000081 0.000000
19 41 -0.000081 0.000000
20 41 -0.000089 0.000000
21 41 -0.000073 0.000001
22 41 -0.000034 0.000004
23 41 -0.000020 0.000013
24 41 -0.000184 0.000045
25 41 -0.000163 0.000157
26 41 0.001328 0.000548
27 41 0.000892 0.001900
28 41 -0.004240 0.006520
29 41 0.001437 0.021958
30 41 0.038179 0.070724
31 41 0.141739 0.203419
32 41 0.355010 0.458558
33 41 0.629713 0.734873
34 41 0.852617 0.899341
35 41 0.968896 0.965870
36 41 1.001136 0.988744
37 41 0.999816 0.996260
38 41 0.997885 0.998729
39 41 0.999732 0.999555
40 41 1.001459 0.999838
41 41 1.002588 0.999938
42 41 1.003020 0.999975
43 41 1.003047 0.999990
44 41 1.003015 0.999995
45 41 1.003005 0.999998
46 41 1.003038 0.999999
47 41 1.003113 0.999999
48 41 1.003149 0.999999
49 41 1.003064 1.000000
50 41 1.002818 1.000000
51 41 1.002347 1.000000
52 41 1.001555 0.999999
53 41 1.000284 0.999999
54 41 0.998305 0.999999
55 41 0.995316 0.999998
56 41 0.990894 0.999995
57 41 0.984492 0.999990
58 41 0.975416 0.999975
59 41 0.962779 0.999938
60 41 0.945676 0.999838
61 41 0.923059 0.999555
62 41 0.893807 0.998729
63 41 0.857076 0.996260
64 41 0.812108 0.988744
65 41 0.757941 0.965870
66 41 0.693238 0.899341
67 41 0.616668 0.734873
68 41 0.527983 0.458558
69 41 0.429557 0.203419
70 41 0.327830 0.070724
71 41 0.232452 0.021958
72 41 0.152051 0.006520
73 41 0.090447 0.001900
74 41 0.047020 0.000548
75 41 0.019494 0.000157
76 41 0.005257 0.000045
77 41 0.000620 0.000013
78 41 0.000648 0.000004
79 41 0.000952 0.000001
80 41 0.000409 0.000000
81 41 0.000023 0.000000
82 41 -0.000025 0.000000
83 41 -0.000012 0.000000
84 41 -0.000006 0.000000
85 41 -0.000006 0.000000
86 41 -0.000008 0.000000
87 41 -0.000010 0.000000
88 41 -0.000013 0.000000
89 41 -0.000014 0.000000
90 41 -0.000016 0.000000
91 41 -0.000018 0.000000
92 41 -0.000020 0.000000
93 41 -0.000022 0.000000
94 41 -0.000024 0.000000
95 41 -0.000026 0.000000
96 41 -0.000028 0.000000
97 41 -0.000030 0.000000
98 41 -0.000033 0.000000
99 41 -0.000035 0.000000
0 42 -0.000042 0.000000
1 42 -0.000046 0.000000
2 42 -0.000049 0.000000
3 42 -0.000052 0.000000
4 42 -0.000054 0.000000
5 42 -0.000056 0.000000
6 42 -0.000058 0.000000
7 42 -0.000059 0.000000
8 42 -0.000060 0.000000
9 42 -0.000062 0.000000
10 42 -0.000063 0.000000
11 42 -0.000065 0.000000
12 42 -0.000068 0.000000
13 42 -0.000070 0.000000
14 42 -0.000073 0.000000
15 42 -0.000077 0.000000
16 42 -0.000081 0.000000
17 42 -0.000086 0.000000
18 42 -0.000091 0.000000
19 42 -0.000094 0.000000
20 42 -0.000102 0.000000
21 42 -0.000081 0.000001
22 42 -0.000050 0.000005
23 42 -0.000067 0.000019
24 42 -0.000245 0.000067
25 42 0.000013 0.000241
26 42 0.001667 0.000854
27 42 0.000396 0.003012
28 42 -0.004818 0.010500
29 42 0.009710 0.035699
30 42 0.066542 0.113627
31 42 0.188985 0.305614
32 42 0.412736 0.599419
33 42 0.688524 0.834188
34 42 0.895924 0.943496
35 42 0.986635 0.982014
36 42 1.002791 0.994332
37 42 0.997618 0.998193
38 42 0.996385 0.999411
39 42 0.999943 0.999803
40 42 1.002260 0.999932
41 42 1.002923 0.999975
42 42 1.002985 0.999991
43 42 1.002972 0.999996
44 42 1.003054 0.999998
45 42 1.003196 0.999999
46 42 1.003359 1.000000
47 42 1.003525 1.000000
48 42 1.003654 1.000000
49 42 1.003737 1.000000
50 42 1.003815 1.000000
51 42 1.003894 1.000000
52 42 1.003956 1.000000
53 42 1.003952 1.000000
54 42 1.003805 1.000000
55 42 1.003385 0.999999
56 42 1.002441 0.999998
57 42 1.000581 0.999996
58 42 0.997205 0.999991
59 42 0.991427 0.999975
60 42 0.982200 0.999932
61 42 0.968060 0.999803
62 42 0.947255 0.999411
63 42 0.918088 0.998193
64 42 0.878637 0.994332
65 42 0.826724 0.982014
66 42 0.760020 0.943496
67 42 0.676418 0.834188
68 42 0.575145 0.599419
69 42 0.459156 0.305614
70 42 0.337974 0.113627
71 42 0.226510 0.035699
72 42 0.137682 0.010500
73 42 0.075661 0.003012
74 42 0.036585 0.000854
75 42 0.014155 0.000241
76 42 0.003410 0.000067
77 42 0.000417 0.000019
78 42 0.000825 0.000005
79 42 0.000968 0.000001
80 42 0.000332 0.000000
81 42 -0.000014 0.000000
82 42 -0.000028 0.000000
83 42 -0.000008 0.000000
84 42 -0.000004 0.000000
85 42 -0.000006 0.000000
86 42 -0.000007 0.000000
87 42 -0.000009 0.000000
88 42 -0.000011 0.000000
89 42 -0.000013 0.000000
90 42 -0.000014 0.000000
91 42 -0.000016 0.000000
92 42 -0.000018 0.000000
93 42 -0.000020 0.000000
94 42 -0.000023 0.000000
95 42 -0.000026 0.000000
96 42 -0.000029 0.000000
97 42 -0.000031 0.000000
98 42 -0.000035 0.000000
99 42 -0.000038 0.000000
0 43 -0.000056 0.000000
1 43 -0.000062 0.000000
2 43 -0.000067 0.000000
3 43 -0.000071 0.000000
4 43 -0.000072 0.000000
5 43 -0.000072 0.000000
6 43 -0.000072 0.000000
7 43 -0.000071 0.000000
8 43 -0.000070 0.000000
9 43 -0.000069 0.000000
10 43 -0.000069 0.000000
11 43 -0.000070 0.000000
12 43 -0.000072 0.000000
13 43 -0.000075 0.000000
14 43 -0.000078 0.000000
15 43 -0.000082 0.000000
16 43 -0.000087 0.000000
17 43 -0.000092 0.000000
18 43 -0.000099 0.000000
19 43 -0.000104 0.000000
20 43 -0.000110 0.000001
21 43 -0.000086 0.000002
22 43 -0.000071 0.000007
23 43 -0.000121 0.000027
24 43 -0.000279 0.000098
25 43 0.000230 0.000353
26 43 0.001891 0.001271
27 43 -0.000269 0.004546
28 43 -0.004194 0.016052
29 43 0.024005 0.054789
30 43 0.108121 0.169925
31 43 0.250501 0.417930
32 43 0.472970 0.714170
33 43 0.733919 0.896008
34 43 0.919910 0.967105
35 43 0.991109 0.990009
36 43 1.001387 0.996972
37 43 0.998601 0.999071
38 43 0.998019 0.999709
39 43 1.001073 0.999907
40 43 1.002942 0.999969
41 43 1.003183 0.999990
42 43 1.003116 0.999996
43 43 1.003111 0.999999
44 43 1.003174 0.999999
45 43 1.003267 1.000000
46 43 1.003354 1.000000
47 43 1.003437 1.000000
48 43 1.003493 1.000000
49 43 1.003519 1.000000
50 43 1.003551 1.000000
51 43 1.003593 1.000000
52 43 1.003645 1.000000
53 43 1.003717 1.000000
54 43 1.003826 1.000000
55 43 1.003972 1.000000
56 43 1.004112 0.999999
57 43 1.004132 0.999999
58 43 1.003748 0.999996
59 43 1.002391 0.999990
60 43 0.999209 0.999969
61 43 0.992668 0.999907
62 43 0.980763 0.999709
63 43 0.961192 0.999071
64 43 0.930898 0.996972
65 43 0.886284 0.990009
66 43 0.823529 0.967105
67 43 0.738873 0.896008
68 43 0.629759 0.714170
69 43 0.498431 0.417930
70 43 0.357045 0.169925
71 43 0.226760 0.054789
72 43 0.126531 0.016052
73 43 0.062090 0.004546
74 43 0.026505 0.001271
75 43 0.008994 0.000353
76 43 0.001766 0.000098
77 43 0.000434 0.000027
78 43 0.001202 0.000007
79 43 0.001115 0.000002
80 43 0.000302 0.000001
81 43 -0.000055 0.000000
82 43 -0.000042 0.000000
83 43 -0.000008 0.000000
84 43 -0.000001 0.000000
85 43 -0.000005 0.000000
86 43 -0.000006 0.000000
87 43 -0.000006 0.000000
88 43 -0.000008 0.000000
89 43 -0.000010 0.000000
90 43 -0.000011 0.000000
91 43 -0.000013 0.000000
92 43 -0.000015 0.000000
93 43 -0.000018 0.000000
94 43 -0.000022 0.000000
95 43 -0.000025 0.000000
96 43 -0.000029 0.000000
97 43 -0.000034 0.000000
98 43 -0.000040 0.000000
99 43 -0.000048 0.000000
0 44 -0.000088 0.000000
1 44 -0.000099 0.000000
2 44 -0.000107 0.000000
3 44 -0.000112 0.000000
4 44 -0.000112 0.000000
5 44 -0.000108 0.000000
6 44 -0.000103 0.000000
7 44 -0.000096 0.000000
8 44 -0.000089 0.000000
9 44 -0.000084 0.000000
10 44 -0.000079 0.000000
11 44 -0.000077 0.000000
12 44 -0.000076 0.000000
13 44 -0.000078 0.000000
14 44 -0.000080 0.000000
15 44 -0.000085 0.000000
16 44 -0.000090 0.000000
17 44 -0.000097 0.000000
18 44 -0.000105 0.000000
19 44 -0.000110 0.000000
20 44 -0.000113 0.000001
21 44 -0.000090 0.000003
22 44 -0.000098 0.000010
23 44 -0.000173 0.000037
24 44 -0.000282 0.000135
25 44 0.000415 0.000494
26 44 0.001912 0.001800
27 44 -0.001011 0.006520
28 44 -0.001908 0.023248
29 44 0.045123 0.079163
30 44 0.164293 0.236106
31 44 0.329265 0.525026
32 44 0.540885 0.797129
33 44 0.772807 0.932746
34 44 0.931464 0.979820
35 44 0.986059 0.994095
36 44 0.996549 0.998270
37 44 1.000901 0.999488
38 44 1.001480 0.999846
39 44 1.002473 0.999953
40 44 1.003248 0.999985
41 44 1.003279 0.999995
42 44 1.003283 0.999998
43 44 1.003313 0.999999
44 44 1.003346 1.000000
45 44 1.003409 1.000000
46 44 1.003470 1.000000
47 44 1.003533 1.000000
48 44 1.003584 1.000000
49 44 1.003612 1.000000
50 44 1.003638 1.000000
51 44 1.003656 1.000000
52 44 1.003673 1.000000
53 44 1.003701 1.000000
54 44 1.003740 1.000000
55 44 1.003789 1.000000
56 44 1.003866 1.000000
57 44 1.004024 0.999999
58 44 1.004258 0.999998
59 44 1.004453 0.999995
60 44 1.004261 0.999985
61 44 1.002519 0.999953
62 44 0.997487 0.999846
63 44 0.986740 0.999488
64 44 0.966482 0.998270
65 44 0.931994 0.994095
66 44 0.877957 0.979820
67 44 0.798374 0.932746
68 44 0.687593 0.797129
69 44 0.545380 0.525026
70 44 0.385247 0.236106
71 44 0.234820 0.079163
72 44 0.120597 0.023248
73 44 0.051370 0.006520
74 44 0.017777 0.001800
75 44 0.004452 0.000494
76 44 0.000412 0.000135
77 44 0.000599 0.000037
78 44 0.001705 0.000010
79 44 0.001397 0.000003
80 44 0.000357 0.000001
81 44 -0.000076 0.000000
82 44 -0.000062 0.000000
83 44 -0.000011 0.000000
84 44 0.000004 0.000000
85 44 -0.000003 0.000000
86 44 -0.000006 0.000000
87 44 -0.000004 0.000000
88 44 -0.000004 0.000000
89 44 -0.000005 0.000000
90 44 -0.000007 0.000000
91 44 -0.000009 0.000000
92 44 -0.000012 0.000000
93 44 -0.000016 0.000000
94 44 -0.000021 0.000000
95 44 -0.000027 0.000000
96 44 -0.000034 0.000000
97 44 -0.000043 0.000000
98 44 -0.000056 0.000000
99 44 -0.000072 0.000000
0 45 -0.000137 0.000000
1 45 -0.000150 0.000000
2 45 -0.000159 0.000000
3 45 -0.000163 0.000000
4 45 -0.000162 0.000000
5 45 -0.000157 0.000000
6 45 -0.000148 0.000000
7 45 -0.000137 0.000000
8 45 -0.000125 0.000000
9 45 -0.000112 0.000000
10 45 -0.000100 0.000000
11 45 -0.000091 0.000000
12 45 -0.000084 0.000000
13 45 -0.000081 0.000000
14 45 -0.000081 0.000000
15 45 -0.000085 0.000000
16 45 -0.000090 0.000000
17 45 -0.000098 0.000000
18 45 -0.000107 0.000000
19 45 -0.000111 0.000000
20 45 -0.000113 0.000001
21 45 -0.000096 0.000003
22 45 -0.000130 0.000013
23 45 -0.000213 0.000048
24 45 -0.000264 0.000178
25 45 0.000494 0.000657
26 45 0.001661 0.002423
27 45 -0.001720 0.008869
28 45 0.002128 0.031839
29 45 0.072120 0.107547
30 45 0.232837 0.305614
31 45 0.424391 0.615579
32 45 0.619892 0.852952
33 45 0.811937 0.954346
34 45 0.935970 0.986822
35 45 0.970986 0.996260
36 45 0.982617 0.998937
37 45 0.998876 0.999695
38 45 1.004155 0.999912
39 45 1.003699 0.999974
40 45 1.003301 0.999992
41 45 1.003211 0.999998
42 45 1.003350 0.999999
43 45 1.003434 1.000000
44 45 1.003436 1.000000
45 45 1.003476 1.000000
46 45 1.003519 1.000000
47 45 1.003560 1.000000
48 45 1.003595 1.000000
49 45 1.003614 1.000000
50 45 1.003639 1.000000
51 45 1.003669 1.000000
52 45 1.003718 1.000000
53 45 1.003782 1.000000
54 45 1.003816 1.000000
55 45 1.003778 1.000000
56 45 1.003680 1.000000
57 45 1.003605 1.000000
58 45 1.003673 0.999999
59 45 1.004009 0.999998
60 45 1.004623 0.999992
61 45 1.004890 0.999974
62 45 1.003831 0.999912
63 45 0.999472 0.999695
64 45 0.987846 0.998937
65 45 0.963761 0.996260
66 45 0.920915 0.986822
67 45 0.851035 0.954346
68 45 0.744507 0.852952
69 45 0.596929 0.615579
70 45 0.421349 0.305614
71 45 0.251118 0.107547
72 45 0.121088 0.031839
73 45 0.044628 0.008869
74 45 0.011058 0.002423
75 45 0.000741 0.000657
76 45 -0.000728 0.000178
77 45 0.000664 0.000048
78 45 0.002076 0.000013
79 45 0.001671 0.000003
80 45 0.000468 0.000001
81 45 -0.000070 0.000000
82 45 -0.000086 0.000000
83 45 -0.000022 0.000000
84 45 0.000008 0.000000
85 45 0.000002 0.000000
86 45 -0.000007 0.000000
87 45 -0.000005 0.000000
88 45 -0.000002 0.000000
89 45 -0.000002 0.000000
90 45 -0.000004 0.000000
91 45 -0.000007 0.000000
92 45 -0.000010 0.000000
93 45 -0.000015 0.000000
94 45 -0.000022 0.000000
95 45 -0.000031 0.000000
96 45 -0.000045 0.000000
97 45 -0.000063 0.000000
98 45 -0.000088 0.000000
99 45 -0.000115 0.000000
0 46 -0.000159 0.000000
1 46 -0.000151 0.000000
2 46 -0.000143 0.000000
3 46 -0.000141 0.000000
4 46 -0.000139 0.000000
5 46 -0.000138 0.000000
6 46 -0.000137 0.000000
7 46 -0.000136 0.000000
8 46 -0.000133 0.000000
9 46 -0.000129 0.000000
10 46 -0.000122 0.000000
11 46 -0.000113 0.000000
12 46 -0.000102 0.000000
13 46 -0.000093 0.000000
14 46 -0.000088 0.000000
15 46 -0.000087 0.000000
16 46 -0.000091 0.000000
17 46 -0.000097 0.000000
18 46 -0.000104 0.000000
19 46 -0.000107 0.000000
20 46 -0.000108 0.000001
21 46 -0.000103 0.000004
22 46 -0.000159 0.000016
23 46 -0.000228 0.000060
24 46 -0.000219 0.000223
25 46 0.000443 0.000832
26 46 0.001158 0.003095
27 46 -0.002226 0.011427
28 46 0.007549 0.041187
29 46 0.101910 0.137437
30 46 0.306673 0.370959
31 46 0.528372 0.685252
32 46 0.707726 0.889064
33 46 0.854570 0.967105
34 46 0.936480 0.990777
35 46 0.943471 0.997447
36 46 0.952289 0.999292
37 46 0.985393 0.999803
38 46 1.002756 0.999945
39 46 1.004631 0.999984
40 46 1.003773 0.999995
41 46 1.003324 0.999999
42 46 1.003417 1.000000
43 46 1.003561 1.000000
44 46 1.003549 1.000000
45 46 1.003569 1.000000
46 46 1.003606 1.000000
47 46 1.003638 1.000000
48 46 1.003673 1.000000
49 46 1.003693 1.000000
50 46 1.003717 1.000000
51 46 1.003740 1.000000
52 46 1.003773 1.000000
53 46 1.003795 1.000000
54 46 1.003722 1.000000
55 46 1.003471 1.000000
56 46 1.003056 1.000000
57 46 1.002612 1.000000
58 46 1.002369 1.000000
59 46 1.002546 0.999999
60 46 1.003229 0.999995
61 46 1.004077 0.999984
62 46 1.004856 0.999945
63 46 1.004353 0.999803
64 46 0.998990 0.999292
65 46 0.983840 0.997447
66 46 0.952372 0.990777
67 46 0.894514 0.967105
68 46 0.796555 0.889064
69 46 0.648948 0.685252
70 46 0.462498 0.370959
71 46 0.274644 0.137437
72 46 0.128304 0.041187
73 46 0.042535 0.011427
74 46 0.006784 0.003095
75 46 -0.002021 0.000832
76 46 -0.001748 0.000223
77 46 0.000394 0.000060
78 46 0.002032 0.000016
79 46 0.001745 0.000004
80 46 0.000569 0.000001
81 46 -0.000035 0.000000
82 46 -0.000106 0.000000
83 46 -0.000043 0.000000
84 46 0.000007 0.000000
85 46 0.000011 0.000000
86 46 -0.000004 0.000000
87 46 -0.000008 0.000000
88 46 -0.000004 0.000000
89 46 -0.000001 0.000000
90 46 -0.000002 0.000000
91 46 -0.000005 0.000000
92 46 -0.000010 0.000000
93 46 -0.000016 0.000000
94 46 -0.000026 0.000000
95 46 -0.000039 0.000000
96 46 -0.000059 0.000000
97 46 -0.000088 0.000000
98 46 -0.000122 0.000000
99 46 -0.000150 0.000000
0 47 -0.000070 0.000000
1 47 0.000008 0.000000
2 47 0.000062 0.000000
3 47 0.000086 0.000000
4 47 0.000092 0.000000
5 47 0.000085 0.000000
6 47 0.000068 0.000000
7 47 0.000043 0.000000
8 47 0.000010 0.000000
9 47 -0.000026 0.000000
10 47 -0.000060 0.000000
11 47 -0.000086 0.000000
12 47 -0.000100 0.000000
13 47 -0.000104 0.000000
14 47 -0.000103 0.000000
15 47 -0.000101 0.000000
16 47 -0.000098 0.000000
17 47 -0.000096 0.000000
18 47 -0.000096 0.000000
19 47 -0.000095 0.000000
20 47 -0.000099 0.000001
21 47 -0.000114 0.000005
22 47 -0.000187 0.000019
23 47 -0.000217 0.000071
24 47 -0.000163 0.000266
25 47 0.000265 0.001001
26 47 0.000474 0.003750
27 47 -0.002453 0.013929
28 47 0.013417 0.050300
29 47 0.129633 0.165535
30 47 0.374610 0.425965
31 47 0.626830 0.734873
32 47 0.794104 0.911784
33 47 0.897671 0.974661
34 47 0.934163 0.993047
35 47 0.904942 0.998112
36 47 0.904151 0.999488
37 47 0.956061 0.999861
38 47 0.993272 0.999962
39 47 1.003460 0.999990
40 47 1.004358 0.999997
41 47 1.003628 0.999999
42 47 1.003383 1.000000
43 47 1.003572 1.000000
44 47 1.003602 1.000000
45 47 1.003615 1.000000
46 47 1.003663 1.000000
47 47 1.003700 1.000000
48 47 1.003747 1.000000
49 47 1.003785 1.000000
50 47 1.003835 1.000000
51 47 1.003882 1.000000
52 47 1.003933 1.000000
53 47 1.003962 1.000000
54 47 1.003874 1.000000
55 47 1.003525 1.000000
56 47 1.002829 1.000000
57 47 1.001885 1.000000
58 47 1.000990 1.000000
59 47 1.000512 0.999999
60 47 1.000704 0.999997
61 47 1.001502 0.999990
62 47 1.003176 0.999962
63 47 1.004900 0.999861
64 47 1.003604 0.999488
65 47 0.995205 0.998112
66 47 0.973616 0.993047
67 47 0.927665 0.974661
68 47 0.840172 0.911784
69 47 0.696558 0.734873
70 47 0.504275 0.425965
71 47 0.302726 0.165535
72 47 0.141344 0.050300
73 47 0.045123 0.013929
74 47 0.005131 0.003750
75 47 -0.003791 0.001001
76 47 -0.002671 0.000266
77 47 -0.000246 0.000071
78 47 0.001501 0.000019
79 47 0.001526 0.000005
80 47 0.000620 0.000001
81 47 0.000037 0.000000
82 47 -0.000108 0.000000
83 47 -0.000075 0.000000
84 47 -0.000005 0.000000
85 47 0.000022 0.000000
86 47 0.000009 0.000000
87 47 -0.000005 0.000000
88 47 -0.000007 0.000000
89 47 -0.000003 0.000000
90 47 -0.000001 0.000000
91 47 -0.000004 0.000000
92 47 -0.000008 0.000000
93 47 -0.000017 0.000000
94 47 -0.000029 0.000000
95 47 -0.000045 0.000000
96 47 -0.000071 0.000000
97 47 -0.000103 0.000000
98 47 -0.000129 0.000000
99 47 -0.000125 0.000000
0 48 0.000199 0.000000
1 48 0.000389 0.000000
2 48 0.000497 0.000000
3 48 0.000532 0.000000
4 48 0.000537 0.000000
5 48 0.000529 0.000000
6 48 0.000511 0.000000
7 48 0.000478 0.000000
8 48 0.000426 0.000000
9 48 0.000351 0.000000
10 48 0.000259 0.000000
11 48 0.000162 0.000000
12 48 0.000073 0.000000
13 48 -0.000000 0.000000
14 48 -0.000053 0.000000
15 48 -0.000086 0.000000
16 48 -0.000102 0.000000
17 48 -0.000106 0.000000
18 48 -0.000104 0.000000
19 48 -0.000103 0.000000
20 48 -0.000117 0.000001
21 48 -0.000149 0.000006
22 48 -0.000213 0.000021
23 48 -0.000165 0.000080
24 48 -0.000076 0.000303
25 48 0.000039 0.001143
26 48 -0.000236 0.004302
27 48 -0.002347 0.016052
28 48 0.018766 0.057996
29 48 0.150717 0.188463
30 48 0.425764 0.466799
31 48 0.704294 0.767343
32 48 0.865516 0.925461
33 48 0.935155 0.979034
34 48 0.933232 0.994332
35 48 0.869417 0.998483
36 48 0.852459 0.999595
37 48 0.917000 0.999892
38 48 0.975471 0.999971
39 48 0.998265 0.999992
40 48 1.004072 0.999998
41 48 1.004189 0.999999
42 48 1.003487 1.000000
43 48 1.003561 1.000000
44 48 1.003650 1.000000
45 48 1.003654 1.000000
46 48 1.003714 1.000000
47 48 1.003763 1.000000
48 48 1.003830 1.000000
49 48 1.003904 1.000000
50 48 1.004005 1.000000
51 48 1.004097 1.000000
52 48 1.004181 1.000000
53 48 1.004248 1.000000
54 48 1.004251 1.000000
55 48 1.004049 1.000000
56 48 1.003435 1.000000
57 48 1.002304 1.000000
58 48 1.000804 1.000000
59 48 0.999324 0.999999
60 48 0.998363 0.999998
61 48 0.998386 0.999992
62 48 1.000244 0.999971
63 48 1.003195 0.999892
64 48 1.004348 0.999595
65 48 1.000518 0.998483
66 48 0.986360 0.994332
67 48 0.950209 0.979034
68 48 0.872555 0.925461
69 48 0.734992 0.767343
70 48 0.541547 0.466799
71 48 0.331501 0.188463
72 48 0.158214 0.057996
73 48 0.051766 0.016052
74 48 0.006010 0.004302
75 48 -0.004608 0.001143
76 48 -0.003496 0.000303
77 48 -0.001138 0.000080
78 48 0.000599 0.000021
79 48 0.001031 0.000006
80 48 0.000589 0.000001
81 48 0.000150 0.000000
82 48 -0.000070 0.000000
83 48 -0.000111 0.000000
84 48 -0.000042 0.000000
85 48 0.000021 0.000000
86 48 0.000028 0.000000
87 48 0.000010 0.000000
88 48 -0.000002 0.000000
89 48 -0.000002 0.000000
90 48 0.000001 0.000000
91 48 -0.000001 0.000000
92 48 -0.000004 0.000000
93 48 -0.000013 0.000000
94 48 -0.000028 0.000000
95 48 -0.000046 0.000000
96 48 -0.000071 0.000000
97 48 -0.000092 0.000000
98 48 -0.000078 0.000000
99 48 0.000016 0.000000
0 49 0.000575 0.000000
1 49 0.000836 0.000000
2 49 0.000908 0.000000
3 49 0.000867 0.000000
4 49 0.000820 0.000000
5 49 0.000804 0.000000
6 49 0.000822 0.000000
7 49 0.000855 0.000000
8 49 0.000879 0.000000
9 49 0.000873 0.000000
10 49 0.000823 0.000000
11 49 0.000729 0.000000
12 49 0.000603 0.000000
13 49 0.000462 0.000000
14 49 0.000323 0.000000
15 49 0.000198 0.000000
16 49 0.000094 0.000000
17 49 0.000015 0.000000
18 49 -0.000046 0.000000
19 49 -0.000093 0.000000
20 49 -0.000136 0.000002
21 49 -0.000157 0.000006
22 49 -0.000135 0.000023
23 49 0.000058 0.000086
24 49 0.000170 0.000327
25 49 -0.000070 0.001238
26 49 -0.000778 0.004674
27 49 -0.001836 0.017482
28 49 0.023136 0.063153
29 49 0.162961 0.203419
30 49 0.454409 0.491673
31 49 0.751762 0.785544
32 49 0.913263 0.932746
33 49 0.963113 0.981309
34 49 0.940298 0.994992
35 49 0.856796 0.998671
36 49 0.820460 0.999648
37 49 0.882364 0.999907
38 49 0.953156 0.999975
39 49 0.987832 0.999993
40 49 1.001094 0.999998
41 49 1.004282 1.000000
42 49 1.003727 1.000000
43 49 1.003543 1.000000
44 49 1.003653 1.000000
45 49 1.003649 1.000000
46 49 1.003718 1.000000
47 49 1.003793 1.000000
48 49 1.003903 1.000000
49 49 1.004040 1.000000
50 49 1.004215 1.000000
51 49 1.004362 1.000000
52 49 1.004474 1.000000
53 49 1.004552 1.000000
54 49 1.004604 1.000000
55 49 1.004586 1.000000
56 49 1.004325 1.000000
57 49 1.003575 1.000000
58 49 1.002191 1.000000
59 49 1.000302 1.000000
60 49 0.998398 0.999998
61 49 0.997359 0.999993
62 49 0.998589 0.999975
63 49 1.001551 0.999907
64 49 1.003548 0.999648
65 49 1.002020 0.998671
66 49 0.992189 0.994992
67 49 0.962272 0.981309
68 49 0.891768 0.932746
69 49 0.760368 0.785544
70 49 0.569550 0.491673
71 49 0.356803 0.203419
72 49 0.176290 0.063153
73 49 0.061343 0.017482
74 49 0.009151 0.004674
75 49 -0.004520 0.001238
76 49 -0.004203 0.000327
77 49 -0.002126 0.000086
78 49 -0.000488 0.000023
79 49 0.000334 0.000006
80 49 0.000455 0.000002
81 49 0.000299 0.000000
82 49 0.000047 0.000000
83 49 -0.000125 0.000000
84 49 -0.000111 0.000000
85 49 -0.000024 0.000000
86 49 0.000019 0.000000
87 49 0.000015 0.000000
88 49 -0.000000 0.000000
89 49 -0.000005 0.000000
90 49 -0.000004 0.000000
91 49 -0.000004 0.000000
92 49 -0.000002 0.000000
93 49 -0.000006 0.000000
94 49 -0.000021 0.000000
95 49 -0.000041 0.000000
96 49 -0.000059 0.000000
97 49 -0.000054 0.000000
98 49 0.000029 0.000000
99 49 0.000248 0.000000
0 50 0.000871 0.000000
1 50 0.001063 0.000000
2 50 0.000933 0.000000
3 50 0.000690 0.000000
4 50 0.000514 0.000000
5 50 0.000445 0.000000
6 50 0.000473 0.000000
7 50 0.000575 0.000000
8 50 0.000722 0.000000
9 50 0.000884 0.000000
10 50 0.001033 0.000000
11 50 0.001148 0.000000
12 50 0.001211 0.000000
13 50 0.001215 0.000000
14 50 0.001165 0.000000
15 50 0.001064 0.000000
16 50 0.000915 0.000000
17 50 0.000729 0.000000
18 50 0.000511 0.000000
19 50 0.000289 0.000000
20 50 0.000107 0.000002
21 50 0.000033 0.000006
22 50 0.000108 0.000023
23 50 0.000364 0.000088
24 50 0.000356 0.000335
25 50 -0.000325 0.001271
26 50 -0.001407 0.004805
27 50 -0.001159 0.017986
28 50 0.026538 0.064969
29 50 0.167018 0.208609
30 50 0.461444 0.500000
31 50 0.769470 0.791391
32 50 0.936975 0.935031
33 50 0.981363 0.982014
34 50 0.956558 0.995195
35 50 0.873776 0.998729
36 50 0.821705 0.999665
37 50 0.864184 0.999912
38 50 0.931426 0.999977
39 50 0.972486 0.999994
40 50 0.994113 0.999998
41 50 1.002818 1.000000
42 50 1.003815 1.000000
43 50 1.003551 1.000000
44 50 1.003638 1.000000
45 50 1.003639 1.000000
46 50 1.003717 1.000000
47 50 1.003835 1.000000
48 50 1.004005 1.000000
49 50 1.004215 1.000000
50 50 1.004472 1.000000
51 50 1.004674 1.000000
52 50 1.004810 1.000000
53 50 1.004877 1.000000
54 50 1.004897 1.000000
55 50 1.004903 1.000000
56 50 1.004872 1.000000
57 50 1.004654 1.000000
58 50 1.003993 1.000000
59 50 1.002688 1.000000
60 50 1.000899 0.999998
61 50 0.999433 0.999994
62 50 0.999821 0.999977
63 50 1.001744 0.999912
64 50 1.002955 0.999665
65 50 1.001359 0.998729
66 50 0.992371 0.995195
67 50 0.964323 0.982014
68 50 0.897066 0.935031
69 50 0.770544 0.791391
70 50 0.585084 0.500000
71 50 0.375270 0.208609
72 50 0.193004 0.064969
73 50 0.072489 0.017986
74 50 0.014137 0.004805
75 50 -0.003549 0.001271
76 50 -0.004683 0.000335
77 50 -0.002992 0.000088
78 50 -0.001529 0.000023
79 50 -0.000427 0.000006
80 50 0.000247 0.000002
81 50 0.000502 0.000000
82 50 0.000318 0.000000
83 50 -0.000021 0.000000
84 50 -0.000161 0.000000
85 50 -0.000112 0.000000
86 50 -0.000043 0.000000
87 50 -0.000018 0.000000
88 50 -0.000020 0.000000
89 50 -0.000021 0.000000
90 50 -0.000019 0.000000
91 50 -0.000020 0.000000
92 50 -0.000012 0.000000
93 50 -0.000004 0.000000
94 50 -0.000015 0.000000
95 50 -0.000035 0.000000
96 50 -0.000049 0.000000
97 50 -0.000017 0.000000
98 50 0.000135 0.000000
99 50 0.000465 0.000000
0 51 0.001052 0.000000
1 51 0.001085 0.000000
2 51 0.000693 0.000000
3 51 0.000235 0.000000
4 51 -0.000073 0.000000
5 51 -0.000229 0.000000
6 51 -0.000265 0.000000
7 51 -0.000203 0.000000
8 51 -0.000058 0.000000
9 51 0.000160 0.000000
10 51 0.000440 0.000000
11 51 0.000767 0.000000
12 51 0.001119 0.000000
13 51 0.001474 0.000000
14 51 0.001809 0.000000
15 51 0.002069 0.000000
16 51 0.002181 0.000000
17 51 0.002098 0.000000
18 51 0.001800 0.000000
19 51 0.001349 0.000000
20 51 0.000880 0.000002
21 51 0.000555 0.000006
22 51 0.000447 0.000023
23 51 0.000492 0.000086
24 51 0.000150 0.000327
25 51 -0.000952 0.001238
26 51 -0.002090 0.004674
27 51 0.000037 0.017482
28 51 0.029947 0.063153
29 51 0.165549 0.203419
30 51 0.451575 0.491673
31 51 0.762610 0.785544
32 51 0.940369 0.932746
33 51 0.989698 0.981309
34 51 0.973901 0.994992
35 51 0.905971 0.998671
36 51 0.847710 0.999648
37 51 0.864310 0.999907
38 51 0.915420 0.999975
39 51 0.956325 0.999993
40 51 0.985019 0.999998
41 51 1.000007 1.000000
42 51 1.003541 1.000000
43 51 1.003562 1.000000
44 51 1.003611 1.000000
45 51 1.003627 1.000000
46 51 1.003718 1.000000
47 51 1.003887 1.000000
48 51 1.004102 1.000000
49 51 1.004360 1.000000
50 51 1.004674 1.000000
51 51 1.004908 1.000000
52 51 1.005057 1.000000
53 51 1.005120 1.000000
54 51 1.005097 1.000000
55 51 1.005024 1.000000
56 51 1.004946 1.000000
57 51 1.004885 1.000000
58 51 1.004727 1.000000
59 51 1.004201 1.000000
60 51 1.003156 0.999998
61 51 1.002015 0.999993
62 51 1.001939 0.999975
63 51 1.002569 0.999907
64 51 1.002050 0.999648
65 51 0.998524 0.998671
66 51 0.987311 0.994992
67 51 0.957085 0.981309
68 51 0.889263 0.932746
69 51 0.765962 0.785544
70 51 0.587747 0.491673
71 51 0.385677 0.203419
72 51 0.206915 0.063153
73 51 0.084210 0.017482
74 51 0.020608 0.004674
75 51 -0.001708 0.001238
76 51 -0.004929 0.000327
77 51 -0.003709 0.000086
78 51 -0.002434 0.000023
79 51 -0.001194 0.000006
80 51 -0.000072 0.000002
81 51 0.000670 0.000000
82 51 0.000735 0.000000
83 51 0.000308 0.000000
84 51 -0.000064 0.000000
85 51 -0.000161 0.000000
86 51 -0.000123 0.000000
87 51 -0.000078 0.000000
88 51 -0.000055 0.000000
89 51 -0.000039 0.000000
90 51 -0.000029 0.000000
91 51 -0.000035 0.000000
92 51 -0.000029 0.000000
93 51 -0.000010 0.000000
94 51 -0.000012 0.000000
95 51 -0.000032 0.000000
96 51 -0.000043 0.000000
97 51 0.000011 0.000000
98 51 0.000221 0.000000
99 51 0.000633 0.000000
0 52 0.001122 0.000000
1 52 0.001015 0.000000
2 52 0.000445 0.000000
3 52 -0.000120 0.000000
4 52 -0.000478 0.000000
5 52 -0.000677 0.000000
6 52 -0.000778 0.000000
7 52 -0.000808 0.000000
8 52 -0.000774 0.000000
9 52 -0.000669 0.000000
10 52 -0.000482 0.000000
11 52 -0.000199 0.000000
12 52 0.000193 0.000000
13 52 0.000703 0.000000
14 52 0.001318 0.000000
15 52 0.001962 0.000000
16 52 0.002506 0.000000
17 52 0.002817 0.000000
18 52 0.002780 0.000000
19 52 0.002406 0.000000
20 52 0.001858 0.000001
21 52 0.001370 0.000006
22 52 0.001071 0.000021
23 52 0.000897 0.000080
24 52 0.000373 0.000303
25 52 -0.000750 0.001143
26 52 -0.001368 0.004302
27 52 0.002951 0.016052
28 52 0.033926 0.057996
29 52 0.159359 0.188463
30 52 0.426669 0.466799
31 52 0.733009 0.767343
32 52 0.924032 0.925461
33 52 0.986345 0.979034
34 52 0.984032 0.994332
35 52 0.936476 0.998483
36 52 0.883621 0.999595
37 52 0.881453 0.999892
38 52 0.913604 0.999971
39 52 0.948886 0.999992
40 52 0.979947 0.999998
41 52 0.998316 0.999999
42 52 1.003347 1.000000
43 52 1.003551 1.000000
44 52 1.003587 1.000000
45 52 1.003612 1.000000
46 52 1.003728 1.000000
47 52 1.003946 1.000000
48 52 1.004178 1.000000
49 52 1.004452 1.000000
50 52 1.004810 1.000000
51 52 1.005074 1.000000
52 52 1.005243 1.000000
53 52 1.005333 1.000000
54 52 1.005336 1.000000
55 52 1.005250 1.000000
56 52 1.005060 1.000000
57 52 1.004813 1.000000
58 52 1.004558 1.000000
59 52 1.004185 0.999999
60 52 1.003508 0.999998
61 52 1.002647 0.999992
62 52 1.002205 0.999971
63 52 1.001505 0.999892
64 52 0.998786 0.999595
65 52 0.992093 0.998483
66 52 0.976478 0.994332
67 52 0.941251 0.979034
68 52 0.870323 0.925461
69 52 0.749295 0.767343
70 52 0.579903 0.466799
71 52 0.389347 0.188463
72 52 0.218431 0.057996
73 52 0.096647 0.016052
74 52 0.028893 0.004302
75 52 0.001493 0.001143
76 52 -0.004710 0.000303
77 52 -0.004321 0.000080
78 52 -0.003237 0.000021
79 52 -0.002021 0.000006
80 52 -0.000652 0.000001
81 52 0.000540 0.000000
82 52 0.001043 0.000000
83 52 0.000770 0.000000
84 52 0.000257 0.000000
85 52 -0.000046 0.000000
86 52 -0.000127 0.000000
87 52 -0.000114 0.000000
88 52 -0.000078 0.000000
89 52 -0.000034 0.000000
90 52 -0.000005 0.000000
91 52 -0.000020 0.000000
92 52 -0.000035 0.000000
93 52 -0.000015 0.000000
94 52 -0.000009 0.000000
95 52 -0.000032 0.000000
96 52 -0.000046 0.000000
97 52 0.000017 0.000000
98 52 0.000262 0.000000
99 52 0.000719 0.000000
0 53 0.000993 0.000000
1 53 0.000802 0.000000
2 53 0.000170 0.000000
3 53 -0.000396 0.000000
4 53 -0.000726 0.000000
5 53 -0.000908 0.000000
6 53 -0.001018 0.000000
7 53 -0.001087 0.000000
8 53 -0.001126 0.000000
9 53 -0.001133 0.000000
10 53 -0.001095 0.000000
11 53 -0.000993 0.000000
12 53 -0.000797 0.000000
13 53 -0.000474 0.000000
14 53 0.000001 0.000000
15 53 0.000600 0.000000
16 53 0.001233 0.000000
17 53 0.001760 0.000000
18 53 0.002025 0.000000
19 53 0.001957 0.000000
20 53 0.001643 0.000001
21 53 0.001274 0.000005
22 53 0.000988 0.000019
23 53 0.000774 0.000071
24 53 0.000291 0.000266
25 53 -0.000652 0.001001
26 53 -0.000890 0.003750
27 53 0.004429 0.013929
28 53 0.033480 0.050300
29 53 0.142858 0.165535
30 53 0.381937 0.425965
31 53 0.675964 0.734873
32 53 0.883087 0.911784
33 53 0.968345 0.974661
34 53 0.985338 0.993047
35 53 0.960838 0.998112
36 53 0.922882 0.999488
37 53 0.914057 0.999861
38 53 0.931098 0.999962
39 53 0.956487 0.999990
40 53 0.982891 0.999997
41 53 0.999281 0.999999
42 53 1.003505 1.000000
43 53 1.003506 1.000000
44 53 1.003587 1.000000
45 53 1.003611 1.000000
46 53 1.003746 1.000000
47 53 1.004003 1.000000
48 53 1.004214 1.000000
49 53 1.004473 1.000000
50 53 1.004877 1.000000
51 53 1.005193 1.000000
52 53 1.005401 1.000000
53 53 1.005535 1.000000
54 53 1.005581 1.000000
55 53 1.005476 1.000000
56 53 1.005082 1.000000
57 53 1.004350 1.000000
58 53 1.003382 1.000000
59 53 1.002265 0.999999
60 53 1.000959 0.999997
61 53 0.999492 0.999990
62 53 0.998003 0.999962
63 53 0.995438 0.999861
64 53 0.989922 0.999488
65 53 0.979149 0.998112
66 53 0.957868 0.993047
67 53 0.916340 0.974661
68 53 0.841508 0.911784
69 53 0.723000 0.734873
70 53 0.564041 0.425965
71 53 0.387844 0.165535
72 53 0.228120 0.050300
73 53 0.110005 0.013929
74 53 0.039426 0.003750
75 53 0.006801 0.001001
76 53 -0.003369 0.000266
77 53 -0.004540 0.000071
78 53 -0.003791 0.000019
79 53 -0.002754 0.000005
80 53 -0.001424 0.000001
81 53 -0.000029 0.000000
82 53 0.000874 0.000000
83 53 0.000963 0.000000
84 53 0.000556 0.000000
85 53 0.000148 0.000000
86 53 -0.000080 0.000000
87 53 -0.000148 0.000000
88 53 -0.000120 0.000000
89 53 -0.000037 0.000000
90 53 0.000039 0.000000
91 53 0.000027 0.000000
92 53 -0.000020 0.000000
93 53 -0.000016 0.000000
94 53 -0.000010 0.000000
95 53 -0.000041 0.000000
96 53 -0.000071 0.000000
97 53 -0.000026 0.000000
98 53 0.000203 0.000000
99 53 0.000639 0.000000
0 54 0.000687 0.000000
1 54 0.000471 0.000000
2 54 -0.000125 0.000000
3 54 -0.000629 0.000000
4 54 -0.000904 0.000000
5 54 -0.001051 0.000000
6 54 -0.001145 0.000000
7 54 -0.001211 0.000000
8 54 -0.001260 0.000000
9 54 -0.001298 0.000000
10 54 -0.001322 0.000000
11 54 -0.001327 0.000000
12 54 -0.001298 0.000000
13 54 -0.001210 0.000000
14 54 -0.001032 0.000000
15 54 -0.000754 0.000000
16 54 -0.000406 0.000000
17 54 -0.000068 0.000000
18 54 0.000149 0.000000
19 54 0.000167 0.000000
20 54 -0.000008 0.000001
21 54 -0.000292 0.000004
22 54 -0.000614 0.000016
23 54 -0.000970 0.000060
24 54 -0.001584 0.000223
25 54 -0.002642 0.000832
26 54 -0.003111 0.003095
27 54 0.001775 0.011427
28 54 0.026434 0.041187
29 54 0.116040 0.137437
30 54 0.320193 0.370959
31 54 0.594109 0.685252
32 54 0.816983 0.889064
33 54 0.934189 0.967105
34 54 0.978338 0.990777
35 54 0.978714 0.997447
36 54 0.959196 0.999292
37 54 0.951685 0.999803
38 54 0.958805 0.999945
39 54 0.972971 0.999984
40 54 0.990212 0.999995
41 54 1.001121 0.999999
42 54 1.003356 1.000000
43 54 1.003224 1.000000
44 54 1.003532 1.000000
45 54 1.003586 1.000000
46 54 1.003739 1.000000
47 54 1.004040 1.000000
48 54 1.004207 1.000000
49 54 1.004430 1.000000
50 54 1.004897 1.000000
51 54 1.005301 1.000000
52 54 1.005569 1.000000
53 54 1.005719 1.000000
54 54 1.005663 1.000000
55 54 1.005215 1.000000
56 54 1.004101 1.000000
57 54 1.002171 1.000000
58 54 0.999532 1.000000
59 54 0.996415 0.999999
60 54 0.992994 0.999995
61 54 0.989387 0.999984
62 54 0.985507 0.999945
63 54 0.980094 0.999803
64 54 0.971151 0.999292
65 54 0.955966 0.997447
66 54 0.929113 0.990777
67 54 0.881988 0.967105
68 54 0.804524 0.889064
69 54 0.690062 0.685252
70 54 0.543049 0.370959
71 54 0.382826 0.137437
72 54 0.236213 0.041187
73 54 0.123735 0.011427
74 54 0.051676 0.003095
75 54 0.014081 0.000832
76 54 -0.000743 0.000223
77 54 -0.004295 0.000060
78 54 -0.004132 0.000016
79 54 -0.003280 0.000004
80 54 -0.002190 0.000001
81 54 -0.000936 0.000000
82 54 0.000073 0.000000
83 54 0.000463 0.000000
84 54 0.000318 0.000000
85 54 -0.000013 0.000000
86 54 -0.000281 0.000000
87 54 -0.000386 0.000000
88 54 -0.000336 0.000000
89 54 -0.000174 0.000000
90 54 0.000005 0.000000
91 54 0.000053 0.000000
92 54 -0.000002 0.000000
93 54 -0.000016 0.000000
94 54 -0.000013 0.000000
95 54 -0.000057 0.000000
96 54 -0.000113 0.000000
97 54 -0.000108 0.000000
98 54 0.000059 0.000000
99 54 0.000412 0.000000
0 55 0.000309 0.000000
1 55 0.000111 0.000000
2 55 -0.000391 0.000000
3 55 -0.000803 0.000000
4 55 -0.001020 0.000000
5 55 -0.001141 0.000000
6 55 -0.001223 0.000000
7 55 -0.001285 0.000000
8 55 -0.001335 0.000000
9 55 -0.001376 0.000000
10 55 -0.001410 0.000000
11 55 -0.001436 0.000000
12 55 -0.001456 0.000000
13 55 -0.001464 0.000000
14 55 -0.001446 0.000000
15 55 -0.001390 0.000000
16 55 -0.001292 0.000000
17 55 -0.001175 0.000000
18 55 -0.001085 0.000000
19 55 -0.001070 0.000000
20 55 -0.001154 0.000001
21 55 -0.001333 0.000003
22 55 -0.001606 0.000013
23 55 -0.001962 0.000048
24 55 -0.002481 0.000178
25 55 -0.003199 0.000657
26 55 -0.003052 0.002423
27 55 0.002286 0.008869
28 55 0.023287 0.031839
29 55 0.093582 0.107547
30 55 0.259530 0.305614
31 55 0.503497 0.615579
32 55 0.732962 0.852952
33 55 0.882328 0.954346
34 55 0.958429 0.986822
35 55 0.984710 0.996260
36 55 0.983486 0.998937
37 55 0.980744 0.999695
38 55 0.982602 0.999912
39 55 0.987937 0.999974
40 55 0.996479 0.999992
41 55 1.002075 0.999998
42 55 1.002722 0.999999
43 55 1.002753 1.000000
44 55 1.003433 1.000000
45 55 1.003540 1.000000
46 55 1.003690 1.000000
47 55 1.004053 1.000000
48 55 1.004171 1.000000
49 55 1.004356 1.000000
50 55 1.004903 1.000000
51 55 1.005394 1.000000
52 55 1.005644 1.000000
53 55 1.005617 1.000000
54 55 1.005080 1.000000
55 55 1.003687 1.000000
56 55 1.001010 1.000000
57 55 0.996783 1.000000
58 55 0.991061 0.999999
59 55 0.984151 0.999998
60 55 0.976463 0.999992
61 55 0.968393 0.999974
62 55 0.959987 0.999912
63 55 0.950168 0.999695
64 55 0.937092 0.998937
65 55 0.917933 0.996260
66 55 0.887449 0.986822
67 55 0.838229 0.954346
68 55 0.762516 0.852952
69 55 0.656058 0.615579
70 55 0.523451 0.305614
71 55 0.380180 0.107547
72 55 0.247037 0.031839
73 55 0.140544 0.008869
74 55 0.067204 0.002423
75 55 0.024246 0.000657
76 55 0.003672 0.000178
77 55 -0.003634 0.000048
78 55 -0.004883 0.000013
79 55 -0.004260 0.000003
80 55 -0.003301 0.000001
81 55 -0.002242 0.000000
82 55 -0.001305 0.000000
83 55 -0.000757 0.000000
84 55 -0.000629 0.000000
85 55 -0.000740 0.000000
86 55 -0.000883 0.000000
87 55 -0.000910 0.000000
88 55 -0.000774 0.000000
89 55 -0.000492 0.000000
90 55 -0.000157 0.000000
91 55 0.000017 0.000000
92 55 -0.000000 0.000000
93 55 -0.000019 0.000000
94 55 -0.000017 0.000000
95 55 -0.000074 0.000000
96 55 -0.000161 0.000000
97 55 -0.000204 0.000000
98 55 -0.000120 0.000000
99 55 0.000118 0.000000
0 56 -0.000054 0.000000
1 56 -0.000213 0.000000
2 56 -0.000597 0.000000
3 56 -0.000909 0.000000
4 56 -0.001073 0.000000
5 56 -0.001171 0.000000
6 56 -0.001243 0.000000
7 56 -0.001303 0.000000
8 56 -0.001361 0.000000
9 56 -0.001419 0.000000
10 56 -0.001474 0.000000
11 56 -0.001524 0.000000
12 56 -0.001567 0.000000
13 56 -0.001604 0.000000
14 56 -0.001630 0.000000
15 56 -0.001642 0.000000
16 56 -0.001633 0.000000
17 56 -0.001601 0.000000
18 56 -0.001549 0.000000
19 56 -0.001488 0.000000
20 56 -0.001430 0.000001
21 56 -0.001379 0.000003
22 56 -0.001326 0.000010
23 56 -0.001183 0.000037
24 56 -0.000831 0.000135
25 56 -0.000034 0.000494
26 56 0.002385 0.001800
27 56 0.009985 0.006520
28 56 0.029367 0.023248
29 56 0.083082 0.079163
30 56 0.210523 0.236106
31 56 0.414610 0.525026
32 56 0.634634 0.797129
33 56 0.806686 0.932746
34 56 0.915037 0.979820
35 56 0.969683 0.994095
36 56 0.988556 0.998270
37 56 0.994208 0.999488
38 56 0.995758 0.999846
39 56 0.996696 0.999953
40 56 0.999831 0.999985
41 56 1.002157 0.999995
42 56 1.001990 0.999998
43 56 1.002212 0.999999
44 56 1.003312 1.000000
45 56 1.003507 1.000000
46 56 1.003603 1.000000
47 56 1.004038 1.000000
48 56 1.004133 1.000000
49 56 1.004288 1.000000
50 56 1.004872 1.000000
51 56 1.005253 1.000000
52 56 1.005092 1.000000
53 56 1.004320 1.000000
54 56 1.002612 1.000000
55 56 0.999508 1.000000
56 56 0.994435 1.000000
57 56 0.986937 0.999999
58 56 0.976866 0.999998
59 56 0.964409 0.999995
60 56 0.950074 0.999985
61 56 0.934574 0.999953
62 56 0.918409 0.999846
63 56 0.901195 0.999488
64 56 0.881824 0.998270
65 56 0.858067 0.994095
66 56 0.825614 0.979820
67 56 0.778586 0.932746
68 56 0.710939 0.797129
69 56 0.619243 0.525026
70 56 0.506484 0.236106
71 56 0.383566 0.079163
72 56 0.265737 0.023248
73 56 0.166204 0.006520
74 56 0.091825 0.001800
75 56 0.042779 0.000494
76 56 0.014663 0.000135
77 56 0.001109 0.000037
78 56 -0.003921 0.000010
79 56 -0.004911 0.000003
80 56 -0.004459 0.000001
81 56 -0.003601 0.000000
82 56 -0.002732 0.000000
83 56 -0.002078 0.000000
84 56 -0.001705 0.000000
85 56 -0.001551 0.000000
86 56 -0.001494 0.000000
87 56 -0.001400 0.000000
88 56 -0.001191 0.000000
89 56 -0.000830 0.000000
90 56 -0.000362 0.000000
91 56 -0.000046 0.000000
92 56 -0.000005 0.000000
93 56 -0.000023 0.000000
94 56 -0.000021 0.000000
95 56 -0.000091 0.000000
96 56 -0.000208 0.000000
97 56 -0.000294 0.000000
98 56 -0.000289 0.000000
99 56 -0.000166 0.000000
0 57 -0.000340 0.000000
1 57 -0.000460 0.000000
2 57 -0.000731 0.000000
3 57 -0.000953 0.000000
4 57 -0.001074 0.000000
5 57 -0.001160 0.000000
6 57 -0.001232 0.000000
7 57 -0.001297 0.000000
8 57 -0.001362 0.000000
9 57 -0.001430 0.000000
10 57 -0.001499 0.000000
11 57 -0.001569 0.000000
12 57 -0.001639 0.000000
13 57 -0.001705 0.000000
14 57 -0.001767 0.000000
15 57 -0.001822 0.000000
16 57 -0.001870 0.000000
17 57 -0.001907 0.000000
18 57 -0.001922 0.000000
19 57 -0.001902 0.000000
20 57 -0.001831 0.000001
21 57 -0.001672 0.000002
22 57 -0.001331 0.000007
23 57 -0.000593 0.000027
24 57 0.000860 0.000098
25 57 0.003506 0.000353
26 57 0.008543 0.001271
27 57 0.018748 0.004546
28 57 0.037679 0.016052
29 57 0.078705 0.054789
30 57 0.172265 0.169925
31 57 0.333430 0.417930
32 57 0.530680 0.714170
33 57 0.712135 0.896008
34 57 0.848323 0.967105
35 57 0.933232 0.990009
36 57 0.975745 0.996972
37 57 0.994130 0.999071
38 57 0.999836 0.999709
39 57 1.000276 0.999907
40 57 1.001114 0.999969
41 57 1.001977 0.999990
42 57 1.001229 0.999996
43 57 1.001278 0.999999
44 57 1.002908 0.999999
45 57 1.003418 1.000000
46 57 1.003453 1.000000
47 57 1.003974 1.000000
48 57 1.004112 1.000000
49 57 1.004234 1.000000
50 57 1.004654 1.000000
51 57 1.004394 1.000000
52 57 1.002942 1.000000
53 57 1.000318 1.000000
54 57 0.996277 1.000000
55 57 0.990422 1.000000
56 57 0.982178 0.999999
57 57 0.970915 0.999999
58 57 0.956160 0.999996
59 57 0.937720 0.999990
60 57 0.915833 0.999969
61 57 0.891181 0.999907
62 57 0.864583 0.999709
63 57 0.836484 0.999071
64 57 0.806921 0.996972
65 57 0.774981 0.990009
66 57 0.738116 0.967105
67 57 0.692619 0.896008
68 57 0.634421 0.714170
69 57 0.560664 0.417930
70 57 0.472114 0.169925
71 57 0.374605 0.054789
72 57 0.277626 0.016052
73 57 0.190704 0.004546
74 57 0.120249 0.001271
75 57 0.068471 0.000353
76 57 0.034030 0.000098
77 57 0.013434 0.000027
78 57 0.002551 0.000007
79 57 -0.002329 0.000002
80 57 -0.003963 0.000001
81 57 -0.004069 0.000000
82 57 -0.003587 0.000000
83 57 -0.002986 0.000000
84 57 -0.002465 0.000000
85 57 -0.002089 0.000000
86 57 -0.001843 0.000000
87 57 -0.001648 0.000000
88 57 -0.001417 0.000000
89 57 -0.001057 0.000000
90 57 -0.000529 0.000000
91 57 -0.000099 0.000000
92 57 -0.000004 0.000000
93 57 -0.000027 0.000000
94 57 -0.000028 0.000000
95 57 -0.000105 0.000000
96 57 -0.000247 0.000000
97 57 -0.000365 0.000000
98 57 -0.000416 0.000000
99 57 -0.000385 0.000000
0 58 -0.000523 0.000000
1 58 -0.000612 0.000000
2 58 -0.000795 0.000000
3 58 -0.000946 0.000000
4 58 -0.001038 0.000000
5 58 -0.001108 0.000000
6 58 -0.001153 0.000000
7 58 -0.001161 0.000000
8 58 -0.001135 0.000000
9 58 -0.001086 0.000000
10 58 -0.001025 0.000000
11 58 -0.000962 0.000000
12 58 -0.000905 0.000000
13 58 -0.000853 0.000000
14 58 -0.000805 0.000000
15 58 -0.000757 0.000000
16 58 -0.000703 0.000000
17 58 -0.000634 0.000000
18 58 -0.000532 0.000000
19 58 -0.000364 0.000000
20 58 -0.000076 0.000000
21 58 0.000431 0.000001
22 58 0.001353 0.000005
23 58 0.003034 0.000019
24 58 0.005972 0.000067
25 58 0.010880 0.000241
26 58 0.019051 0.000854
27 58 0.032831 0.003012
28 58 0.054000 0.010500
29 58 0.089368 0.035699
30 58 0.160219 0.113627
31 58 0.285478 0.305614
32 58 0.454405 0.599419
33 58 0.630895 0.834188
34 58 0.781971 0.943496
35 58 0.890049 0.982014
36 58 0.954133 0.994332
37 58 0.986448 0.998193
38 58 0.998702 0.999411
39 58 1.000975 0.999803
40 58 1.001437 0.999932
41 58 1.001785 0.999975
42 58 1.000098 0.999991
43 58 0.999346 0.999996
44 58 1.001784 0.999998
45 58 1.003178 0.999999
46 58 1.003265 1.000000
47 58 1.003871 1.000000
48 58 1.004126 1.000000
49 58 1.004140 1.000000
50 58 1.003993 1.000000
51 58 1.002221 1.000000
52 58 0.998113 1.000000
53 58 0.991882 1.000000
54 58 0.983596 1.000000
55 58 0.973232 0.999999
56 58 0.960546 0.999998
57 58 0.945011 0.999996
58 58 0.926004 0.999991
59 58 0.902972 0.999975
60 58 0.875657 0.999932
61 58 0.844246 0.999803
62 58 0.809268 0.999411
63 58 0.771368 0.998193
64 58 0.731254 0.994332
65 58 0.689117 0.982014
66 58 0.644127 0.943496
67 58 0.594825 0.834188
68 58 0.539618 0.599419
69 58 0.477406 0.305614
70 58 0.408415 0.113627
71 58 0.335025 0.035699
72 58 0.261747 0.010500
73 58 0.193819 0.003012
74 58 0.135416 0.000854
75 58 0.088698 0.000241
76 58 0.053859 0.000067
77 58 0.029642 0.000019
78 58 0.014016 0.000005
79 58 0.004740 0.000001
80 58 -0.000222 0.000000
81 58 -0.002486 0.000000
82 58 -0.003239 0.000000
83 58 -0.003246 0.000000
84 58 -0.002943 0.000000
85 58 -0.002564 0.000000
86 58 -0.002210 0.000000
87 58 -0.001892 0.000000
88 58 -0.001586 0.000000
89 58 -0.001214 0.000000
90 58 -0.000650 0.000000
91 58 -0.000130 0.000000
92 58 0.000008 0.000000
93 58 -0.000031 0.000000
94 58 -0.000038 0.000000
95 58 -0.000118 0.000000
96 58 -0.000276 0.000000
97 58 -0.000413 0.000000
98 58 -0.000492 0.000000
99 58 -0.000518 0.000000
0 59 -0.000610 0.000000
1 59 -0.000679 0.000000
2 59 -0.000798 0.000000
3 59 -0.000895 0.000000
4 59 -0.000940 0.000000
5 59 -0.000925 0.000000
6 59 -0.000799 0.000000
7 59 -0.000539 0.000000
8 59 -0.000158 0.000000
9 59 0.000320 0.000000
10 59 0.000869 0.000000
11 59 0.001468 0.000000
12 59 0.002104 0.000000
13 59 0.002778 0.000000
14 59 0.003495 0.000000
15 59 0.004269 0.000000
16 59 0.005123 0.000000
17 59 0.006094 0.000000
18 59 0.007236 0.000000
19 59 0.008636 0.000000
20 59 0.010429 0.000000
21 59 0.012826 0.000001
22 59 0.016169 0.000004
23 59 0.020970 0.000013
24 59 0.027937 0.000045
25 59 0.038064 0.000157
26 59 0.052872 0.000548
27 59 0.074642 0.001900
28 59 0.104365 0.006520
29 59 0.144350 0.021958
30 59 0.206929 0.070724
31 59 0.307778 0.203419
32 59 0.446486 0.458558
33 59 0.601276 0.734873
34 59 0.744741 0.899341
35 59 0.857155 0.965870
36 59 0.931951 0.988744
37 59 0.974837 0.996260
38 59 0.994249 0.998729
39 59 0.999841 0.999555
40 59 1.001021 0.999838
41 59 1.001045 0.999938
42 59 0.997606 0.999975
43 59 0.995325 0.999990
44 59 0.999144 0.999995
45 59 1.002492 0.999998
46 59 1.002993 0.999999
47 59 1.003708 0.999999
48 59 1.004145 0.999999
49 59 1.003903 1.000000
50 59 1.002688 1.000000
51 59 0.998465 1.000000
52 59 0.990186 0.999999
53 59 0.978220 0.999999
54 59 0.963088 0.999999
55 59 0.945439 0.999998
56 59 0.925777 0.999995
57 59 0.904166 0.999990
58 59 0.880340 0.999975
59 59 0.853849 0.999938
60 59 0.824267 0.999838
61 59 0.791373 0.999555
62 59 0.755157 0.998729
63 59 0.715814 0.996260
64 59 0.673731 0.988744
65 59 0.628996 0.965870
66 59 0.581063 0.899341
67 59 0.529352 0.734873
68 59 0.474192 0.458558
69 59 0.417047 0.203419
70 59 0.359553 0.070724
71 59 0.303018 0.021958
72 59 0.248805 0.006520
73 59 0.198449 0.001900
74 59 0.153318 0.000548
75 59 0.114363 0.000157
76 59 0.082083 0.000045
77 59 0.056490 0.000013
78 59 0.037122 0.000004
79 59 0.023144 0.000001
80 59 0.013526 0.000000
81 59 0.007204 0.000000
82 59 0.003195 0.000000
83 59 0.000712 0.000000
84 59 -0.000789 0.000000
85 59 -0.001641 0.000000
86 59 -0.002009 0.000000
87 59 -0.001979 0.000000
88 59 -0.001698 0.000000
89 59 -0.001295 0.000000
90 59 -0.000692 0.000000
91 59 -0.000096 0.000000
92 59 0.000063 0.000000
93 59 -0.000017 0.000000
94 59 -0.000044 0.000000
95 59 -0.000128 0.000000
96 59 -0.000295 0.000000
97 59 -0.000440 0.000000
98 59 -0.000525 0.000000
99 59 -0.000576 0.000000
0 60 -0.000636 0.000000
1 60 -0.000692 0.000000
2 60 -0.000766 0.000000
3 60 -0.000802 0.000000
4 60 -0.000745 0.000000
5 60 -0.000519 0.000000
6 60 -0.000027 0.000000
7 60 0.000764 0.000000
8 60 0.001830 0.000000
9 60 0.003142 0.000000
10 60 0.004674 0.000000
11 60 0.006411 0.000000
12 60 0.008352 0.000000
13 60 0.010513 0.000000
14 60 0.012923 0.000000
15 60 0.015629 0.000000
16 60 0.018699 0.000000
17 60 0.022226 0.000000
18 60 0.026344 0.000000
19 60 0.031235 0.000000
20 60 0.037154 0.000000
21 60 0.044455 0.000001
22 60 0.053625 0.000002
23 60 0.065313 0.000008
24 60 0.080347 0.000028
25 60 0.099816 0.000098
26 60 0.125220 0.000335
27 60 0.158565 0.001143
28 60 0.200264 0.003854
29 60 0.249481 0.012794
30 60 0.310550 0.041187
31 60 0.392087 0.123336
32 60 0.496575 0.312524
33 60 0.614156 0.591271
34 60 0.729220 0.818970
35 60 0.828474 0.932746
36 60 0.904741 0.976504
37 60 0.956978 0.991824
38 60 0.986228 0.997098
39 60 0.997643 0.998937
40 60 1.000302 0.999595
41 60 0.999240 0.999838
42 60 0.992475 0.999932
43 60 0.987688 0.999969
44 60 0.993800 0.999985
45 60 1.000779 0.999992
46 60 1.002444 0.999995
47 60 1.003414 0.999997
48 60 1.004133 0.999998
49 60 1.003520 0.999998
50 60 1.000899 0.999998
51 60 0.993735 0.999998
52 60 0.980482 0.999998
53 60 0.961441 0.999997
54 60 0.937463 0.999995
55 60 0.909887 0.999992
56 60 0.880157 0.999985
57 60 0.849295 0.999969
58 60 0.817894 0.999932
59 60 0.786192 0.999838
60 60 0.754213 0.999595
61 60 0.721926 0.998937
62 60 0.689269 0.997098
63 60 0.656214 0.991824
64 60 0.622721 0.976504
65 60 0.588305 0.932746
66 60 0.551708 0.818970
67 60 0.511436 0.591271
68 60 0.467337 0.312524
69 60 0.421377 0.123336
70 60 0.375868 0.041187
71 60 0.331875 0.012794
72 60 0.289546 0.003854
73 60 0.248897 0.001143
74 60 0.210175 0.000335
75 60 0.173907 0.000098
76 60 0.140781 0.000028
77 60 0.111410 0.000008
78 60 0.086143 0.000002
79 60 0.065005 0.000001
80 60 0.047742 0.000000
81 60 0.033916 0.000000
82 60 0.022996 0.000000
83 60 0.014480 0.000000
84 60 0.007991 0.000000
85 60 0.003300 0.000000
86 60 0.000292 0.000000
87 60 -0.001178 0.000000
88 60 -0.001499 0.000000
89 60 -0.001239 0.000000
90 60 -0.000639 0.000000
91 60 0.000007 0.000000
92 60 0.000164 0.000000
93 60 0.000021 0.000000
94 60 -0.000042 0.000000
95 60 -0.000133 0.000000
96 60 -0.000305 0.000000
97 60 -0.000451 0.000000
98 60 -0.000534 0.000000
99 60 -0.000591 0.000000
0 61 -0.000627 0.000000
1 61 -0.000657 0.000000
2 61 -0.000680 0.000000
3 61 -0.000634 0.000000
4 61 -0.000421 0.000000
5 61 0.000088 0.000000
6 61 0.001025 0.000000
7 61 0.002431 0.000000
8 61 0.004283 0.000000
9 61 0.006561 0.000000
10 61 0.009262 0.000000
11 61 0.012392 0.000000
12 61 0.015978 0.000000
13 61 0.020066 0.000000
14 61 0.024717 0.000000
15 61 0.030017 0.000000
16 61 0.036072 0.000000
17 61 0.043020 0.000000
18 61 0.051035 0.000000
19 61 0.060340 0.000000
20 61 0.071209 0.000000
21 61 0.083978 0.000000
22 61 0.099066 0.000001
23 61 0.116964 0.000005
24 61 0.138228 0.000017
25 61 0.163529 0.000058
26 61 0.193768 0.000197
27 61 0.230248 0.000657
28 61 0.273037 0.002174
29 61 0.320188 0.007089
30 61 0.371787 0.022594
31 61 0.431492 0.068753
32 61 0.502717 0.188463
33 61 0.584531 0.417930
34 61 0.672830 0.685252
35 61 0.762499 0.865906
36 61 0.847359 0.949182
37 61 0.919308 0.981309
38 61 0.968910 0.993047
39 61 0.993157 0.997335
40 61 0.999506 0.998937
41 61 0.996094 0.999555
42 61 0.983429 0.999803
43 61 0.974626 0.999907
44 61 0.984115 0.999953
45 61 0.996954 0.999974
46 61 1.001015 0.999984
47 61 1.002668 0.999990
48 61 1.004002 0.999992
49 61 1.003204 0.999993
50 61 0.999433 0.999994
51 61 0.990070 0.999993
52 61 0.973161 0.999992
53 61 0.948750 0.999990
54 61 0.917685 0.999984
55 61 0.881605 0.999974
56 61 0.842558 0.999953
57 61 0.802363 0.999907
58 61 0.762517 0.999803
59 61 0.724169 0.999555
60 61 0.688126 0.998937
61 61 0.654947 0.997335
62 61 0.624951 0.993047
63 61 0.598281 0.981309
64 61 0.574850 0.949182
65 61 0.554073 0.865906
66 61 0.534535 0.685252
67 61 0.513941 0.417930
68 61 0.490301 0.188463
69 61 0.463367 0.068753
70 61 0.433887 0.022594
71 61 0.402289 0.007089
72 61 0.368729 0.002174
73 61 0.333494 0.000657
74 61 0.297144 0.000197
75 61 0.260472 0.000058
76 61 0.224383 0.000017
77 61 0.189727 0.000005
78 61 0.157183 0.000001
79 61 0.127230 0.000000
80 61 0.100173 0.000000
81 61 0.076185 0.000000
82 61 0.055358 0.000000
83 61 0.037754 0.000000
84 61 0.023460 0.000000
85 61 0.012574 0.000000
86 61 0.005129 0.000000
87 61 0.000915 0.000000
88 61 -0.000761 0.000000
89 61 -0.000989 0.000000
90 61 -0.000511 0.000000
91 61 0.000133 0.000000
92 61 0.000267 0.000000
93 61 0.000058 0.000000
94 61 -0.000040 0.000000
95 61 -0.000136 0.000000
96 61 -0.000307 0.000000
97 61 -0.000451 0.000000
98 61 -0.000530 0.000000
99 61 -0.000586 0.000000
0 62 -0.000589 0.000000
1 62 -0.000583 0.000000
2 62 -0.000565 0.000000
3 62 -0.000468 0.000000
4 62 -0.000181 0.000000
5 62 0.000436 0.000000
6 62 0.001514 0.000000
7 62 0.003077 0.000000
8 62 0.005089 0.000000
9 62 0.007529 0.000000
10 62 0.010396 0.000000
11 62 0.013700 0.000000
12 62 0.017470 0.000000
13 62 0.021746 0.000000
14 62 0.026586 0.000000
15 62 0.032059 0.000000
16 62 0.038250 0.000000
17 62 0.045256 0.000000
18 62 0.053198 0.000000
19 62 0.062214 0.000000
20 62 0.072460 0.000000
21 62 0.084113 0.000000
22 62 0.097375 0.000001
23 62 0.112461 0.000003
24 62 0.129582 0.000010
25 62 0.148984 0.000033
26 62 0.171056 0.000110
27 62 0.196670 0.000362
28 62 0.226282 0.001174
29 62 0.258991 0.003750
30 62 0.294728 0.011754
31 62 0.335872 0.035699
32 62 0.386472 0.101767
33 62 0.450193 0.253846
34 62 0.529706 0.500000
35 62 0.625956 0.741575
36 62 0.734802 0.889064
37 62 0.842940 0.955959
38 62 0.929509 0.982694
39 62 0.979512 0.993047
40 62 0.995827 0.997098
41 62 0.990291 0.998729
42 62 0.969056 0.999411
43 62 0.954335 0.999709
44 62 0.968169 0.999846
45 62 0.989343 0.999912
46 62 0.997476 0.999945
47 62 1.000717 0.999962
48 62 1.003594 0.999971
49 62 1.003525 0.999975
50 62 0.999821 0.999977
51 62 0.990662 0.999975
52 62 0.974230 0.999971
53 62 0.950438 0.999962
54 62 0.919939 0.999945
55 62 0.884193 0.999912
56 62 0.845158 0.999846
57 62 0.804671 0.999709
58 62 0.764382 0.999411
59 62 0.725666 0.998729
60 62 0.689514 0.997098
61 62 0.656534 0.993047
62 62 0.626932 0.982694
63 62 0.600604 0.955959
64 62 0.577253 0.889064
65 62 0.556503 0.741575
66 62 0.537759 0.500000
67 62 0.519714 0.253846
68 62 0.500640 0.101767
69 62 0.479464 0.035699
70 62 0.455850 0.011754
71 62 0.429688 0.003750
72 62 0.401037 0.001174
73 62 0.370176 0.000362
74 62 0.337558 0.000110
75 62 0.303740 0.000033
76 62 0.269314 0.000010
77 62 0.234853 0.000003
78 62 0.200881 0.000001
79 62 0.167896 0.000000
80 62 0.136399 0.000000
81 62 0.106927 0.000000
82 62 0.080047 0.000000
83 62 0.056356 0.000000
84 62 0.036449 0.000000
85 62 0.020840 0.000000
86 62 0.009818 0.000000
87 62 0.003229 0.000000
88 62 0.000230 0.000000
89 62 -0.000584 0.000000
90 62 -0.000321 0.000000
91 62 0.000246 0.000000
92 62 0.000335 0.000000
93 62 0.000083 0.000000
94 62 -0.000034 0.000000
95 62 -0.000133 0.000000
96 62 -0.000300 0.000000
97 62 -0.000441 0.000000
98 62 -0.000521 0.000000
99 62 -0.000571 0.000000
0 63 -0.000484 0.000000
1 63 -0.000435 0.000000
2 63 -0.000419 0.000000
3 63 -0.000362 0.000000
4 63 -0.000162 0.000000
5 63 0.000283 0.000000
6 63 0.001067 0.000000
7 63 0.002182 0.000000
8 63 0.003572 0.000000
9 63 0.005199 0.000000
10 63 0.007040 0.000000
11 63 0.009081 0.000000
12 63 0.011323 0.000000
13 63 0.013775 0.000000
14 63 0.016454 0.000000
15 63 0.019380 0.000000
16 63 0.022579 0.000000
17 63 0.026081 0.000000
18 63 0.029924 0.000000
19 63 0.034151 0.000000
20 63 0.038813 0.000000
21 63 0.043968 0.000000
22 63 0.049696 0.000001
23 63 0.056099 0.000002
24 63 0.063291 0.000006
25 63 0.071428 0.000018
26 63 0.080769 0.000060
27 63 0.092031 0.000192
28 63 0.106084 0.000608
29 63 0.123268 0.001900
30 63 0.144382 0.005833
31 63 0.171581 0.017482
32 63 0.208736 0.050300
33 63 0.261093 0.133783
34 63 0.335107 0.305614
35 63 0.437409 0.550021
36 63 0.569379 0.767343
37 63 0.717909 0.896008
38 63 0.852818 0.955959
39 63 0.943031 0.981309
40 63 0.980273 0.991824
41 63 0.976964 0.996260
42 63 0.946768 0.998193
43 63 0.925001 0.999071
44 63 0.943966 0.999488
45 63 0.975657 0.999695
46 63 0.989666 0.999803
47 63 0.995798 0.999861
48 63 1.001753 0.999892
49 63 1.003948 0.999907
50 63 1.001744 0.999912
51 63 0.995024 0.999907
52 63 0.982837 0.999892
53 63 0.965164 0.999861
54 63 0.942283 0.999803
55 63 0.915013 0.999695
56 63 0.884527 0.999488
57 63 0.851837 0.999071
58 63 0.817829 0.998193
59 63 0.783236 0.996260
60 63 0.748499 0.991824
61 63 0.713724 0.981309
62 63 0.678651 0.955959
63 63 0.642827 0.896008
64 63 0.606059 0.767343
65 63 0.568850 0.550021
66 63 0.532199 0.305614
67 63 0.496730 0.133783
68 63 0.462414 0.050300
69 63 0.429156 0.017482
70 63 0.396936 0.005833
71 63 0.365658 0.001900
72 63 0.335214 0.000608
73 63 0.305542 0.000192
74 63 0.276609 0.000060
75 63 0.248384 0.000018
76 63 0.220840 0.000006
77 63 0.193954 0.000002
78 63 0.167722 0.000001
79 63 0.142197 0.000000
80 63 0.117522 0.000000
81 63 0.093955 0.000000
82 63 0.071881 0.000000
83 63 0.051811 0.000000
84 63 0.034371 0.000000
85 63 0.020223 0.000000
86 63 0.009896 0.000000
87 63 0.003516 0.000000
88 63 0.000497 0.000000
89 63 -0.000406 0.000000
90 63 -0.000244 0.000000
91 63 0.000238 0.000000
92 63 0.000300 0.000000
93 63 0.000064 0.000000
94 63 -0.000036 0.000000
95 63 -0.000126 0.000000
96 63 -0.000284 0.000000
97 63 -0.000419 0.000000
98 63 -0.000495 0.000000
99 63 -0.000520 0.000000
0 64 -0.000266 0.000000
1 64 -0.000180 0.000000
2 64 -0.000217 0.000000
3 64 -0.000268 0.000000
4 64 -0.000227 0.000000
5 64 -0.000043 0.000000
6 64 0.000327 0.000000
7 64 0.000860 0.000000
8 64 0.001503 0.000000
9 64 0.002214 0.000000
10 64 0.002963 0.000000
11 64 0.003728 0.000000
12 64 0.004497 0.000000
13 64 0.005263 0.000000
14 64 0.006020 0.000000
15 64 0.006767 0.000000
16 64 0.007503 0.000000
17 64 0.008229 0.000000
18 64 0.008949 0.000000
19 64 0.009668 0.000000
20 64 0.010397 0.000000
21 64 0.011147 0.000000
22 64 0.011944 0.000000
23 64 0.012832 0.000001
24 64 0.013865 0.000003
25 64 0.015123 0.000010
26 64 0.016700 0.000031
27 64 0.018973 0.000098
28 64 0.022607 0.000303
29 64 0.028171 0.000925
30 64 0.036601 0.002775
31 64 0.049620 0.008153
32 64 0.070441 0.023248
33 64 0.104430 0.063153
34 64 0.160040 0.157044
35 64 0.249280 0.333800
36 64 0.382502 0.566605
37 64 0.554391 0.767343
38 64 0.732408 0.889064
39 64 0.869372 0.949182
40 64 0.938813 0.976504
41 64 0.946520 0.988744
42 64 0.911552 0.994332
43 64 0.884174 0.996972
44 64 0.909189 0.998270
45 64 0.952758 0.998937
46 64 0.974140 0.999292
47 64 0.984650 0.999488
48 64 0.995649 0.999595
49 64 1.002236 0.999648
50 64 1.002955 0.999665
51 64 0.999383 0.999648
52 64 0.991914 0.999595
53 64 0.980520 0.999488
54 64 0.964593 0.999292
55 64 0.943660 0.998937
56 64 0.917508 0.998270
57 64 0.885912 0.996972
58 64 0.848927 0.994332
59 64 0.807036 0.988744
60 64 0.761011 0.976504
61 64 0.711739 0.949182
62 64 0.659972 0.889064
63 64 0.606300 0.767343
64 64 0.551499 0.566605
65 64 0.496923 0.333800
66 64 0.444309 0.157044
67 64 0.395001 0.063153
68 64 0.349587 0.023248
69 64 0.308281 0.008153
70 64 0.271094 0.002775
71 64 0.237839 0.000925
72 64 0.208234 0.000303
73 64 0.181962 0.000098
74 64 0.158681 0.000031
75 64 0.138032 0.000010
76 64 0.119655 0.000003
77 64 0.103200 0.000001
78 64 0.088330 0.000000
79 64 0.074733 0.000000
80 64 0.062148 0.000000
81 64 0.050381 0.000000
82 64 0.039330 0.000000
83 64 0.029025 0.000000
84 64 0.019680 0.000000
85 64 0.011702 0.000000
86 64 0.005598 0.000000
87 64 0.001731 0.000000
88 64 -0.000054 0.000000
89 64 -0.000515 0.000000
90 64 -0.000307 0.000000
91 64 0.000111 0.000000
92 64 0.000175 0.000000
93 64 0.000009 0.000000
94 64 -0.000045 0.000000
95 64 -0.000118 0.000000
96 64 -0.000260 0.000000
97 64 -0.000381 0.000000
98 64 -0.000434 0.000000
99 64 -0.000394 0.000000
0 65 0.000056 0.000000
1 65 0.000152 0.000000
2 65 0.000009 0.000000
3 65 -0.000180 0.000000
4 65 -0.000280 0.000000
5 65 -0.000288 0.000000
6 65 -0.000208 0.000000
7 65 -0.000071 0.000000
8 65 0.000089 0.000000
9 65 0.000247 0.000000
10 65 0.000382 0.000000
11 65 0.000483 0.000000
12 65 0.000543 0.000000
13 65 0.000558 0.000000
14 65 0.000528 0.000000
15 65 0.000450 0.000000
16 65 0.000326 0.000000
17 65 0.000158 0.000000
18 65 -0.000054 0.000000
19 65 -0.000307 0.000000
20 65 -0.000596 0.000000
21 65 -0.000922 0.000000
22 65 -0.001278 0.000000
23 65 -0.001656 0.000000
24 65 -0.002046 0.000002
25 65 -0.002434 0.000005
26 65 -0.002850 0.000016
27 65 -0.003241 0.000048
28 65 -0.003381 0.000145
29 65 -0.003067 0.000434
30 65 -0.001886 0.001271
31 65 0.000981 0.003648
32 65 0.007499 0.010208
33 65 0.021732 0.027596
34 65 0.051562 0.070724
35 65 0.111416 0.165535
36 65 0.219982 0.333800
37 65 0.384964 0.550021
38 65 0.581782 0.741575
39 65 0.755290 0.865906
40 65 0.860168 0.932746
41 65 0.888161 0.965870
42 65 0.856947 0.982014
43 65 0.828795 0.990009
44 65 0.861115 0.994095
45 65 0.916709 0.996260
46 65 0.946308 0.997447
47 65 0.962763 0.998112
48 65 0.981235 0.998483
49 65 0.995283 0.998671
50 65 1.001359 0.998729
51 65 1.001543 0.998671
52 65 0.997265 0.998483
53 65 0.988256 0.998112
54 65 0.972577 0.997447
55 65 0.948115 0.996260
56 65 0.913412 0.994095
57 65 0.867791 0.990009
58 65 0.811805 0.982014
59 65 0.747313 0.965870
60 65 0.677081 0.932746
61 65 0.604249 0.865906
62 65 0.531702 0.741575
63 65 0.461683 0.550021
64 65 0.395817 0.333800
65 65 0.335330 0.165535
66 65 0.281144 0.070724
67 65 0.233706 0.027596
68 65 0.192902 0.010208
69 65 0.158322 0.003648
70 65 0.129402 0.001271
71 65 0.105462 0.000434
72 65 0.085813 0.000145
73 65 0.069805 0.000048
74 65 0.056836 0.000016
75 65 0.046370 0.000005
76 65 0.037953 0.000002
77 65 0.031195 0.000000
78 65 0.025758 0.000000
79 65 0.021340 0.000000
80 65 0.017672 0.000000
81 65 0.014510 0.000000
82 65 0.011634 0.000000
83 65 0.008875 0.000000
84 65 0.006164 0.000000
85 65 0.003597 0.000000
86 65 0.001446 0.000000
87 65 0.000044 0.000000
88 65 -0.000516 0.000000
89 65 -0.000569 0.000000
90 65 -0.000349 0.000000
91 65 -0.000015 0.000000
92 65 0.000052 0.000000
93 65 -0.000034 0.000000
94 65 -0.000043 0.000000
95 65 -0.000102 0.000000
96 65 -0.000226 0.000000
97 65 -0.000321 0.000000
98 65 -0.000325 0.000000
99 65 -0.000182 0.000000
0 66 0.000438 0.000000
1 66 0.000509 0.000000
2 66 0.000227 0.000000
3 66 -0.000092 0.000000
4 66 -0.000282 0.000000
5 66 -0.000376 0.000000
6 66 -0.000417 0.000000
7 66 -0.000442 0.000000
8 66 -0.000469 0.000000
9 66 -0.000507 0.000000
10 66 -0.000564 0.000000
11 66 -0.000639 0.000000
12 66 -0.000731 0.000000
13 66 -0.000837 0.000000
14 66 -0.000955 0.000000
15 66 -0.001086 0.000000
16 66 -0.001226 0.000000
17 66 -0.001373 0.000000
18 66 -0.001522 0.000000
19 66 -0.001672 0.000000
20 66 -0.001820 0.000000
21 66 -0.001965 0.000000
22 66 -0.002104 0.000000
23 66 -0.002236 0.000000
24 66 -0.002358 0.000001
25 66 -0.002463 0.000002
26 66 -0.002586 0.000008
27 66 -0.002764 0.000023
28 66 -0.002975 0.000067
29 66 -0.003258 0.000197
30 66 -0.003608 0.000562
31 66 -0.003991 0.001574
32 66 -0.003818 0.004302
33 66 -0.001167 0.011427
34 66 0.008922 0.029221
35 66 0.038742 0.070724
36 66 0.109866 0.157044
37 66 0.241586 0.305614
38 66 0.424690 0.500000
39 66 0.609572 0.685252
40 66 0.740965 0.818970
41 66 0.794229 0.899341
42 66 0.776902 0.943496
43 66 0.755234 0.967105
44 66 0.796175 0.979820
45 66 0.862540 0.986822
46 66 0.900317 0.990777
47 66 0.924137 0.993047
48 66 0.952617 0.994332
49 66 0.977642 0.994992
50 66 0.992371 0.995195
51 66 0.997480 0.994992
52 66 0.994110 0.994332
53 66 0.981386 0.993047
54 66 0.956263 0.990777
55 66 0.915837 0.986822
56 66 0.858991 0.979820
57 66 0.786778 0.967105
58 66 0.702518 0.943496
59 66 0.611202 0.899341
60 66 0.518388 0.818970
61 66 0.429168 0.685252
62 66 0.347392 0.500000
63 66 0.275355 0.305614
64 66 0.213993 0.157044
65 66 0.163215 0.070724
66 66 0.122272 0.029221
67 66 0.090070 0.011427
68 66 0.065269 0.004302
69 66 0.046535 0.001574
70 66 0.032642 0.000562
71 66 0.022498 0.000197
72 66 0.015206 0.000067
73 66 0.010049 0.000023
74 66 0.006445 0.000008
75 66 0.003958 0.000002
76 66 0.002276 0.000001
77 66 0.001181 0.000000
78 66 0.000521 0.000000
79 66 0.000183 0.000000
80 66 0.000080 0.000000
81 66 0.000133 0.000000
82 66 0.000256 0.000000
83 66 0.000349 0.000000
84 66 0.000320 0.000000
85 66 0.000126 0.000000
86 66 -0.000182 0.000000
87 66 -0.000438 0.000000
88 66 -0.000511 0.000000
89 66 -0.000479 0.000000
90 66 -0.000334 0.000000
91 66 -0.000097 0.000000
92 66 -0.000029 0.000000
93 66 -0.000052 0.000000
94 66 -0.000033 0.000000
95 66 -0.000083 0.000000
96 66 -0.000184 0.000000
97 66 -0.000242 0.000000
98 66 -0.000172 0.000000
99 66 0.000095 0.000000
0 67 0.000788 0.000000
1 67 0.000802 0.000000
2 67 0.000388 0.000000
3 67 -0.000024 0.000000
4 67 -0.000254 0.000000
5 67 -0.000369 0.000000
6 67 -0.000436 0.000000
7 67 -0.000490 0.000000
8 67 -0.000545 0.000000
9 67 -0.000601 0.000000
10 67 -0.000662 0.000000
11 67 -0.000726 0.000000
12 67 -0.000788 0.000000
13 67 -0.000845 0.000000
14 67 -0.000896 0.000000
15 67 -0.000943 0.000000
16 67 -0.000981 0.000000
17 67 -0.001010 0.000000
18 67 -0.001029 0.000000
19 67 -0.001037 0.000000
20 67 -0.001034 0.000000
21 67 -0.001020 0.000000
22 67 -0.000995 0.000000
23 67 -0.000954 0.000000
24 67 -0.000897 0.000000
25 67 -0.000807 0.000001
26 67 -0.000685 0.000004
27 67 -0.000535 0.000010
28 67 -0.000320 0.000030
29 67 -0.000059 0.000086
30 67 0.000211 0.000241
31 67 0.000328 0.000657
32 67 0.000166 0.001752
33 67 -0.000043 0.004546
34 67 0.001290 0.011427
35 67 0.011362 0.027596
36 67 0.048216 0.063153
37 67 0.135763 0.133783
38 67 0.280077 0.253846
39 67 0.448124 0.417930
40 67 0.588743 0.591271
41 67 0.665454 0.734873
42 67 0.669378 0.834188
43 67 0.660751 0.896008
44 67 0.710535 0.932746
45 67 0.784783 0.954346
46 67 0.829491 0.967105
47 67 0.861208 0.974661
48 67 0.901025 0.979034
49 67 0.939079 0.981309
50 67 0.964323 0.982014
51 67 0.973982 0.981309
52 67 0.967278 0.979034
53 67 0.942556 0.974661
54 67 0.897058 0.967105
55 67 0.829577 0.954346
56 67 0.742292 0.932746
57 67 0.640611 0.896008
58 67 0.532184 0.834188
59 67 0.425196 0.734873
60 67 0.326644 0.591271
61 67 0.241259 0.417930
62 67 0.171228 0.253846
63 67 0.116525 0.133783
64 67 0.075705 0.063153
65 67 0.046544 0.027596
66 67 0.026549 0.011427
67 67 0.013470 0.004546
68 67 0.005357 0.001752
69 67 0.000631 0.000657
70 67 -0.001886 0.000241
71 67 -0.003049 0.000086
72 67 -0.003425 0.000030
73 67 -0.003368 0.000010
74 67 -0.003107 0.000004
75 67 -0.002781 0.000001
76 67 -0.002462 0.000000
77 67 -0.002177 0.000000
78 67 -0.001926 0.000000
79 67 -0.001693 0.000000
80 67 -0.001459 0.000000
81 67 -0.001207 0.000000
82 67 -0.000926 0.000000
83 67 -0.000624 0.000000
84 67 -0.000330 0.000000
85 67 -0.000114 0.000000
86 67 -0.000052 0.000000
87 67 -0.000132 0.000000
88 67 -0.000246 0.000000
89 67 -0.000328 0.000000
90 67 -0.000283 0.000000
91 67 -0.000128 0.000000
92 67 -0.000065 0.000000
93 67 -0.000049 0.000000
94 67 -0.000022 0.000000
95 67 -0.000066 0.000000
96 67 -0.000141 0.000000
97 67 -0.000158 0.000000
98 67 -0.000011 0.000000
99 67 0.000368 0.000000
0 68 0.001005 0.000000
1 68 0.000959 0.000000
2 68 0.000461 0.000000
3 68 0.000014 0.000000
4 68 -0.000215 0.000000
5 68 -0.000325 0.000000
6 68 -0.000389 0.000000
7 68 -0.000438 0.000000
8 68 -0.000480 0.000000
9 68 -0.000516 0.000000
10 68 -0.000549 0.000000
11 68 -0.000577 0.000000
12 68 -0.000599 0.000000
13 68 -0.000613 0.000000
14 68 -0.000620 0.000000
15 68 -0.000619 0.000000
16 68 -0.000610 0.000000
17 68 -0.000592 0.000000
18 68 -0.000567 0.000000
19 68 -0.000535 0.000000
20 68 -0.000499 0.000000
21 68 -0.000459 0.000000
22 68 -0.000416 0.000000
23 68 -0.000367 0.000000
24 68 -0.000315 0.000000
25 68 -0.000249 0.000001
26 68 -0.000163 0.000002
27 68 -0.000043 0.000005
28 68 0.000169 0.000013
29 68 0.000517 0.000037
30 68 0.001060 0.000100
31 68 0.001804 0.000266
32 68 0.002656 0.000693
33 68 0.003210 0.001752
34 68 0.002830 0.004302
35 68 0.003785 0.010208
36 68 0.017313 0.023248
37 68 0.064535 0.050300
38 68 0.160671 0.101767
39 68 0.292392 0.188463
40 68 0.423872 0.312524
41 68 0.515210 0.458558
42 68 0.540485 0.599419
43 68 0.546590 0.714170
44 68 0.602535 0.797129
45 68 0.679651 0.852952
46 68 0.728109 0.889064
47 68 0.765913 0.911784
48 68 0.814972 0.925461
49 68 0.863833 0.932746
50 68 0.897066 0.935031
51 68 0.907191 0.932746
52 68 0.890755 0.925461
53 68 0.846296 0.911784
54 68 0.774002 0.889064
55 68 0.677686 0.852952
56 68 0.565423 0.797129
57 68 0.447781 0.714170
58 68 0.335385 0.599419
59 68 0.236620 0.458558
60 68 0.156314 0.312524
61 68 0.095651 0.188463
62 68 0.053052 0.101767
63 68 0.025284 0.050300
64 68 0.008711 0.023248
65 68 -0.000072 0.010208
66 68 -0.003992 0.004302
67 68 -0.005088 0.001752
68 68 -0.004714 0.000693
69 68 -0.003738 0.000266
70 68 -0.002657 0.000100
71 68 -0.001727 0.000037
72 68 -0.001037 0.000013
73 68 -0.000578 0.000005
74 68 -0.000300 0.000002
75 68 -0.000149 0.000001
76 68 -0.000086 0.000000
77 68 -0.000077 0.000000
78 68 -0.000099 0.000000
79 68 -0.000132 0.000000
80 68 -0.000161 0.000000
81 68 -0.000171 0.000000
82 68 -0.000143 0.000000
83 68 -0.000055 0.000000
84 68 0.000106 0.000000
85 68 0.000282 0.000000
86 68 0.000338 0.000000
87 68 0.000200 0.000000
88 68 -0.000028 0.000000
89 68 -0.000204 0.000000
90 68 -0.000220 0.000000
91 68 -0.000121 0.000000
92 68 -0.000068 0.000000
93 68 -0.000036 0.000000
94 68 -0.000013 0.000000
95 68 -0.000053 0.000000
96 68 -0.000103 0.000000
97 68 -0.000084 0.000000
98 68 0.000118 0.000000
99 68 0.000561 0.000000
0 69 0.001019 0.000000
1 69 0.000934 0.000000
2 69 0.000433 0.000000
3 69 0.000018 0.000000
4 69 -0.000177 0.000000
5 69 -0.000264 0.000000
6 69 -0.000316 0.000000
7 69 -0.000356 0.000000
8 69 -0.000386 0.000000
9 69 -0.000408 0.000000
10 69 -0.000422 0.000000
11 69 -0.000430 0.000000
12 69 -0.000429 0.000000
13 69 -0.000422 0.000000
14 69 -0.000409 0.000000
15 69 -0.000391 0.000000
16 69 -0.000371 0.000000
17 69 -0.000349 0.000000
18 69 -0.000326 0.000000
19 69 -0.000304 0.000000
20 69 -0.000282 0.000000
21 69 -0.000262 0.000000
22 69 -0.000243 0.000000
23 69 -0.000225 0.000000
24 69 -0.000213 0.000000
25 69 -0.000206 0.000000
26 69 -0.000206 0.000001
27 69 -0.000218 0.000002
28 69 -0.000206 0.000006
29 69 -0.000130 0.000015
30 69 0.000104 0.000040
31 69 0.000649 0.000105
32 69 0.001683 0.000266
33 69 0.002976 0.000657
34 69 0.003195 0.001574
35 69 0.001594 0.003648
36 69 0.003024 0.008153
37 69 0.021810 0.017482
38 69 0.074873 0.035699
39 69 0.164396 0.068753
40 69 0.273348 0.123336
41 69 0.365918 0.203419
42 69 0.404164 0.305614
43 69 0.419971 0.417930
44 69 0.475842 0.525026
45 69 0.548650 0.615579
46 69 0.595218 0.685252
47 69 0.633745 0.734873
48 69 0.685011 0.767343
49 69 0.736742 0.785544
50 69 0.770544 0.791391
51 69 0.774934 0.785544
52 69 0.744789 0.767343
53 69 0.680805 0.734873
54 69 0.588480 0.685252
55 69 0.478026 0.615579
56 69 0.362639 0.525026
57 69 0.255005 0.417930
58 69 0.164400 0.305614
59 69 0.095290 0.203419
60 69 0.047620 0.123336
61 69 0.018169 0.068753
62 69 0.002366 0.035699
63 69 -0.004486 0.017482
64 69 -0.006146 0.008153
65 69 -0.005206 0.003648
66 69 -0.003467 0.001574
67 69 -0.001769 0.000657
68 69 -0.000422 0.000266
69 69 0.000475 0.000105
70 69 0.000945 0.000040
71 69 0.001090 0.000015
72 69 0.001025 0.000006
73 69 0.000849 0.000002
74 69 0.000637 0.000001
75 69 0.000442 0.000000
76 69 0.000286 0.000000
77 69 0.000171 0.000000
78 69 0.000092 0.000000
79 69 0.000038 0.000000
80 69 0.000000 0.000000
81 69 -0.000024 0.000000
82 69 -0.000029 0.000000
83 69 0.000010 0.000000
84 69 0.000121 0.000000
85 69 0.000274 0.000000
86 69 0.000336 0.000000
87 69 0.000216 0.000000
88 69 0.000001 0.000000
89 69 -0.000156 0.000000
90 69 -0.000172 0.000000
91 69 -0.000101 0.000000
92 69 -0.000056 0.000000
93 69 -0.000023 0.000000
94 69 -0.000009 0.000000
95 69 -0.000044 0.000000
96 69 -0.000076 0.000000
97 69 -0.000038 0.000000
98 69 0.000174 0.000000
99 69 0.000610 0.000000
0 70 0.000835 0.000000
1 70 0.000744 0.000000
2 70 0.000319 0.000000
3 70 -0.000011 0.000000
4 70 -0.000150 0.000000
5 70 -0.000206 0.000000
6 70 -0.000242 0.000000
7 70 -0.000270 0.000000
8 70 -0.000289 0.000000
9 70 -0.000301 0.000000
10 70 -0.000306 0.000000
11 70 -0.000304 0.000000
12 70 -0.000297 0.000000
13 70 -0.000288 0.000000
14 70 -0.000277 0.000000
15 70 -0.000266 0.000000
16 70 -0.000255 0.000000
17 70 -0.000245 0.000000
18 70 -0.000234 0.000000
19 70 -0.000223 0.000000
20 70 -0.000209 0.000000
21 70 -0.000193 0.000000
22 70 -0.000176 0.000000
23 70 -0.000157 0.000000
24 70 -0.000140 0.000000
25 70 -0.000125 0.000000
26 70 -0.000121 0.000000
27 70 -0.000142 0.000001
28 70 -0.000187 0.000002
29 70 -0.000259 0.000006
30 70 -0.000335 0.000016
31 70 -0.000297 0.000040
32 70 0.000173 0.000100
33 70 0.001294 0.000241
34 70 0.002144 0.000562
35 70 0.000920 0.001271
36 70 -0.001699 0.002775
37 70 0.001672 0.005833
38 70 0.024560 0.011754
39 70 0.077234 0.022594
40 70 0.157809 0.041187
41 70 0.238329 0.070724
42 70 0.276775 0.113627
43 70 0.293391 0.169925
44 70 0.341561 0.236106
45 70 0.402473 0.305614
46 70 0.440343 0.370959
47 70 0.471992 0.425965
48 70 0.515465 0.466799
49 70 0.559238 0.491673
50 70 0.585084 0.500000
51 70 0.580348 0.491673
52 70 0.540377 0.466799
53 70 0.469161 0.425965
54 70 0.376974 0.370959
55 70 0.277712 0.305614
56 70 0.185213 0.236106
57 70 0.109432 0.169925
58 70 0.054711 0.113627
59 70 0.020245 0.070724
60 70 0.002001 0.041187
61 70 -0.005305 0.022594
62 70 -0.006401 0.011754
63 70 -0.004817 0.005833
64 70 -0.002562 0.002775
65 70 -0.000514 0.001271
66 70 0.000789 0.000562
67 70 0.001390 0.000241
68 70 0.001530 0.000100
69 70 0.001373 0.000040
70 70 0.001062 0.000016
71 70 0.000732 0.000006
72 70 0.000446 0.000002
73 70 0.000227 0.000001
74 70 0.000076 0.000000
75 70 -0.000014 0.000000
76 70 -0.000055 0.000000
77 70 -0.000067 0.000000
78 70 -0.000064 0.000000
79 70 -0.000057 0.000000
80 70 -0.000054 0.000000
81 70 -0.000056 0.000000
82 70 -0.000063 0.000000
83 70 -0.000057 0.000000
84 70 -0.000007 0.000000
85 70 0.000083 0.000000
86 70 0.000132 0.000000
87 70 0.000067 0.000000
88 70 -0.000059 0.000000
89 70 -0.000143 0.000000
90 70 -0.000133 0.000000
91 70 -0.000076 0.000000
92 70 -0.000040 0.000000
93 70 -0.000014 0.000000
94 70 -0.000010 0.000000
95 70 -0.000040 0.000000
96 70 -0.000061 0.000000
97 70 -0.000027 0.000000
98 70 0.000150 0.000000
99 70 0.000507 0.000000
0 71 0.000542 0.000000
1 71 0.000473 0.000000
2 71 0.000166 0.000000
3 71 -0.000059 0.000000
4 71 -0.000140 0.000000
5 71 -0.000167 0.000000
6 71 -0.000186 0.000000
7 71 -0.000201 0.000000
8 71 -0.000211 0.000000
9 71 -0.000216 0.000000
10 71 -0.000216 0.000000
11 71 -0.000215 0.000000
12 71 -0.000212 0.000000
13 71 -0.000208 0.000000
14 71 -0.000205 0.000000
15 71 -0.000202 0.000000
16 71 -0.000197 0.000000
17 71 -0.000188 0.000000
18 71 -0.000176 0.000000
19 71 -0.000160 0.000000
20 71 -0.000140 0.000000
21 71 -0.000118 0.000000
22 71 -0.000095 0.000000
23 71 -0.000072 0.000000
24 71 -0.000050 0.000000
25 71 -0.000028 0.000000
26 71 -0.000006 0.000000
27 71 0.000007 0.000000
28 71 0.000012 0.000001
29 71 -0.000014 0.000002
30 71 -0.000108 0.000006
31 71 -0.000262 0.000015
32 71 -0.000252 0.000037
33 71 0.000350 0.000086
34 71 0.001332 0.000197
35 71 0.001143 0.000434
36 71 -0.001337 0.000925
37 71 -0.003592 0.001900
38 71 0.002700 0.003750
39 71 0.029213 0.007089
40 71 0.082441 0.012794
41 71 0.142529 0.021958
42 71 0.170838 0.035699
43 71 0.181159 0.054789
44 71 0.216547 0.079163
45 71 0.260813 0.107547
46 71 0.285401 0.137437
47 71 0.304631 0.165535
48 71 0.332979 0.188463
49 71 0.361398 0.203419
50 71 0.375270 0.208609
51 71 0.364016 0.203419
52 71 0.324942 0.188463
53 71 0.264179 0.165535
54 71 0.193149 0.137437
55 71 0.124483 0.107547
56 71 0.068128 0.079163
57 71 0.028803 0.054789
58 71 0.006024 0.035699
59 71 -0.004063 0.021958
60 71 -0.006287 0.012794
61 71 -0.004857 0.007089
62 71 -0.002394 0.003750
63 71 -0.000290 0.001900
64 71 0.001016 0.000925
65 71 0.001653 0.000434
66 71 0.001651 0.000197
67 71 0.001279 0.000086
68 71 0.000844 0.000037
69 71 0.000462 0.000015
70 71 0.000181 0.000006
71 71 0.000023 0.000002
72 71 -0.000043 0.000001
73 71 -0.000056 0.000000
74 71 -0.000047 0.000000
75 71 -0.000028 0.000000
76 71 -0.000008 0.000000
77 71 0.000006 0.000000
78 71 0.000015 0.000000
79 71 0.000017 0.000000
80 71 0.000012 0.000000
81 71 0.000001 0.000000
82 71 -0.000017 0.000000
83 71 -0.000035 0.000000
84 71 -0.000034 0.000000
85 71 -0.000006 0.000000
86 71 0.000013 0.000000
87 71 -0.000018 0.000000
88 71 -0.000075 0.000000
89 71 -0.000105 0.000000
90 71 -0.000084 0.000000
91 71 -0.000044 0.000000
92 71 -0.000022 0.000000
93 71 -0.000006 0.000000
94 71 -0.000012 0.000000
95 71 -0.000038 0.000000
96 71 -0.000056 0.000000
97 71 -0.000041 0.000000
98 71 0.000072 0.000000
99 71 0.000315 0.000000
0 72 0.000251 0.000000
1 72 0.000211 0.000000
2 72 0.000023 0.000000
3 72 -0.000106 0.000000
4 72 -0.000140 0.000000
5 72 -0.000145 0.000000
6 72 -0.000149 0.000000
7 72 -0.000152 0.000000
8 72 -0.000155 0.000000
9 72 -0.000157 0.000000
10 72 -0.000159 0.000000
11 72 -0.000161 0.000000
12 72 -0.000164 0.000000
13 72 -0.000165 0.000000
14 72 -0.000163 0.000000
15 72 -0.000157 0.000000
16 72 -0.000146 0.000000
17 72 -0.000130 0.000000
18 72 -0.000110 0.000000
19 72 -0.000089 0.000000
20 72 -0.000067 0.000000
21 72 -0.000047 0.000000
22 72 -0.000031 0.000000
23 72 -0.000020 0.000000
24 72 -0.000011 0.000000
25 72 -0.000005 0.000000
26 72 0.000003 0.000000
27 72 0.000011 0.000000
28 72 0.000029 0.000000
29 72 0.000047 0.000001
30 72 0.000019 0.000002
31 72 -0.000109 0.000006
32 72 -0.000266 0.000013
33 72 -0.000090 0.000030
34 72 0.000662 0.000067
35 72 0.001158 0.000145
36 72 0.000050 0.000303
37 72 -0.002605 0.000608
38 72 -0.002990 0.001174
39 72 0.008041 0.002174
40 72 0.039280 0.003854
41 72 0.077485 0.006520
42 72 0.092137 0.010500
43 72 0.094441 0.016052
44 72 0.116759 0.023248
45 72 0.144465 0.031839
46 72 0.155985 0.041187
47 72 0.162806 0.050300
48 72 0.175670 0.057996
49 72 0.188822 0.063153
50 72 0.193004 0.064969
51 72 0.181341 0.063153
52 72 0.152964 0.057996
53 72 0.113698 0.050300
54 72 0.072348 0.041187
55 72 0.037017 0.031839
56 72 0.012452 0.023248
57 72 -0.000812 0.016052
58 72 -0.005419 0.010500
59 72 -0.005114 0.006520
60 72 -0.002911 0.003854
61 72 -0.000690 0.002174
62 72 0.000889 0.001174
63 72 0.001628 0.000608
64 72 0.001625 0.000303
65 72 0.001284 0.000145
66 72 0.000797 0.000067
67 72 0.000358 0.000030
68 72 0.000097 0.000013
69 72 -0.000010 0.000006
70 72 -0.000030 0.000002
71 72 -0.000011 0.000001
72 72 0.000014 0.000000
73 72 0.000028 0.000000
74 72 0.000027 0.000000
75 72 0.000018 0.000000
76 72 0.000009 0.000000
77 72 0.000002 0.000000
78 72 -0.000003 0.000000
79 72 -0.000006 0.000000
80 72 -0.000008 0.000000
81 72 -0.000011 0.000000
82 72 -0.000017 0.000000
83 72 -0.000026 0.000000
84 72 -0.000032 0.000000
85 72 -0.000026 0.000000
86 72 -0.000020 0.000000
87 72 -0.000033 0.000000
88 72 -0.000054 0.000000
89 72 -0.000061 0.000000
90 72 -0.000042 0.000000
91 72 -0.000019 0.000000
92 72 -0.000009 0.000000
93 72 -0.000004 0.000000
94 72 -0.000015 0.000000
95 72 -0.000037 0.000000
96 72 -0.000056 0.000000
97 72 -0.000062 0.000000
98 72 -0.000015 0.000000
99 72 0.000115 0.000000
0 73 0.000042 0.000000
1 73 0.000027 0.000000
2 73 -0.000067 0.000000
3 73 -0.000124 0.000000
4 73 -0.000128 0.000000
5 73 -0.000122 0.000000
6 73 -0.000118 0.000000
7 73 -0.000117 0.000000
8 73 -0.000118 0.000000
9 73 -0.000122 0.000000
10 73 -0.000127 0.000000
11 73 -0.000131 0.000000
12 73 -0.000132 0.000000
13 73 -0.000128 0.000000
14 73 -0.000120 0.000000
15 73 -0.000106 0.000000
16 73 -0.000088 0.000000
17 73 -0.000067 0.000000
18 73 -0.000047 0.000000
19 73 -0.000029 0.000000
20 73 -0.000015 0.000000
21 73 -0.000004 0.000000
22 73 0.000002 0.000000
23 73 0.000004 0.000000
24 73 0.000003 0.000000
25 73 0.000001 0.000000
26 73 -0.000002 0.000000
27 73 -0.000006 0.000000
28 73 0.000001 0.000000
29 73 0.000025 0.000000
30 73 0.000041 0.000001
31 73 -0.000017 0.000002
32 73 -0.000176 0.000005
33 73 -0.000244 0.000010
34 73 0.000118 0.000023
35 73 0.000724 0.000048
36 73 0.000702 0.000098
37 73 -0.000790 0.000192
38 73 -0.002709 0.000362
39 73 0.000581 0.000657
40 73 0.016555 0.001143
41 73 0.036873 0.001900
42 73 0.040558 0.003012
43 73 0.037589 0.004546
44 73 0.050072 0.006520
45 73 0.065006 0.008869
46 73 0.067565 0.011427
47 73 0.066613 0.013929
48 73 0.069338 0.016052
49 73 0.072779 0.017482
50 73 0.072489 0.017986
51 73 0.064898 0.017482
52 73 0.049975 0.016052
53 73 0.031575 0.013929
54 73 0.014537 0.011427
55 73 0.002421 0.008869
56 73 -0.003678 0.006520
57 73 -0.004921 0.004546
58 73 -0.003566 0.003012
59 73 -0.001548 0.001900
60 73 0.000202 0.001143
61 73 0.001226 0.000657
62 73 0.001558 0.000362
63 73 0.001344 0.000192
64 73 0.000826 0.000098
65 73 0.000376 0.000048
66 73 0.000082 0.000023
67 73 -0.000052 0.000010
68 73 -0.000062 0.000005
69 73 -0.000019 0.000002
70 73 0.000021 0.000001
71 73 0.000038 0.000000
72 73 0.000031 0.000000
73 73 0.000011 0.000000
74 73 -0.000010 0.000000
75 73 -0.000025 0.000000
76 73 -0.000032 0.000000
77 73 -0.000033 0.000000
78 73 -0.000030 0.000000
79 73 -0.000027 0.000000
80 73 -0.000023 0.000000
81 73 -0.000019 0.000000
82 73 -0.000017 0.000000
83 73 -0.000018 0.000000
84 73 -0.000019 0.000000
85 73 -0.000015 0.000000
86 73 -0.000012 0.000000
87 73 -0.000018 0.000000
88 73 -0.000026 0.000000
89 73 -0.000026 0.000000
90 73 -0.000014 0.000000
91 73 -0.000004 0.000000
92 73 -0.000002 0.000000
93 73 -0.000004 0.000000
94 73 -0.000017 0.000000
95 73 -0.000035 0.000000
96 73 -0.000053 0.000000
97 73 -0.000073 0.000000
98 73 -0.000073 0.000000
99 73 -0.000025 0.000000
0 74 -0.000071 0.000000
1 74 -0.000075 0.000000
2 74 -0.000113 0.000000
3 74 -0.000130 0.000000
4 74 -0.000120 0.000000
5 74 -0.000110 0.000000
6 74 -0.000105 0.000000
7 74 -0.000103 0.000000
8 74 -0.000105 0.000000
9 74 -0.000107 0.000000
10 74 -0.000108 0.000000
11 74 -0.000105 0.000000
12 74 -0.000098 0.000000
13 74 -0.000086 0.000000
14 74 -0.000071 0.000000
15 74 -0.000053 0.000000
16 74 -0.000036 0.000000
17 74 -0.000020 0.000000
18 74 -0.000008 0.000000
19 74 0.000000 0.000000
20 74 0.000005 0.000000
21 74 0.000007 0.000000
22 74 0.000006 0.000000
23 74 0.000004 0.000000
24 74 0.000002 0.000000
25 74 -0.000000 0.000000
26 74 -0.000003 0.000000
27 74 -0.000010 0.000000
28 74 -0.000013 0.000000
29 74 -0.000000 0.000000
30 74 0.000027 0.000000
31 74 0.000025 0.000001
32 74 -0.000070 0.000002
33 74 -0.000208 0.000004
34 74 -0.000155 0.000008
35 74 0.000252 0.000016
36 74 0.000738 0.000031
37 74 0.000282 0.000060
38 74 -0.001423 0.000110
39 74 -0.001440 0.000197
40 74 0.005326 0.000335
41 74 0.014022 0.000548
42 74 0.012021 0.000854
43 74 0.007674 0.001271
44 74 0.014245 0.001800
45 74 0.021138 0.002423
46 74 0.019656 0.003095
47 74 0.016339 0.003750
48 74 0.015222 0.004302
49 74 0.014969 0.004674
50 74 0.014137 0.004805
51 74 0.011178 0.004674
52 74 0.006149 0.004302
53 74 0.000859 0.003750
54 74 -0.002942 0.003095
55 74 -0.004437 0.002423
56 74 -0.003935 0.001800
57 74 -0.002398 0.001271
58 74 -0.000793 0.000854
59 74 0.000365 0.000548
60 74 0.001005 0.000335
61 74 0.001102 0.000197
62 74 0.000850 0.000110
63 74 0.000459 0.000060
64 74 0.000099 0.000031
65 74 -0.000071 0.000016
66 74 -0.000101 0.000008
67 74 -0.000064 0.000004
68 74 -0.000010 0.000002
69 74 0.000025 0.000001
70 74 0.000033 0.000000
71 74 0.000018 0.000000
72 74 -0.000005 0.000000
73 74 -0.000023 0.000000
74 74 -0.000032 0.000000
75 74 -0.000032 0.000000
76 74 -0.000027 0.000000
77 74 -0.000022 0.000000
78 74 -0.000018 0.000000
79 74 -0.000015 0.000000
80 74 -0.000014 0.000000
81 74 -0.000013 0.000000
82 74 -0.000013 0.000000
83 74 -0.000012 0.000000
84 74 -0.000010 0.000000
85 74 -0.000006 0.000000
86 74 -0.000003 0.000000
87 74 -0.000005 0.000000
88 74 -0.000007 0.000000
89 74 -0.000006 0.000000
90 74 -0.000001 0.000000
91 74 0.000002 0.000000
92 74 -0.000001 0.000000
93 74 -0.000006 0.000000
94 74 -0.000018 0.000000
95 74 -0.000032 0.000000
96 74 -0.000047 0.000000
97 74 -0.000071 0.000000
98 74 -0.000093 0.000000
99 74 -0.000093 0.000000
0 75 -0.000110 0.000000
1 75 -0.000115 0.000000
2 75 -0.000130 0.000000
3 75 -0.000131 0.000000
4 75 -0.000119 0.000000
5 75 -0.000108 0.000000
6 75 -0.000101 0.000000
7 75 -0.000096 0.000000
8 75 -0.000091 0.000000
9 75 -0.000086 0.000000
10 75 -0.000078 0.000000
11 75 -0.000068 0.000000
12 75 -0.000055 0.000000
13 75 -0.000041 0.000000
14 75 -0.000026 0.000000
15 75 -0.000013 0.000000
16 75 -0.000003 0.000000
17 75 0.000004 0.000000
18 75 0.000007 0.000000
19 75 0.000008 0.000000
20 75 0.000007 0.000000
21 75 0.000005 0.000000
22 75 0.000002 0.000000
23 75 -0.000000 0.000000
24 75 -0.000002 0.000000
25 75 -0.000003 0.000000
26 75 -0.000004 0.000000
27 75 -0.000009 0.000000
28 75 -0.000017 0.000000
29 75 -0.000019 0.000000
30 75 -0.000003 0.000000
31 75 0.000017 0.000000
32 75 -0.000011 0.000001
33 75 -0.000112 0.000001
34 75 -0.000189 0.000002
35 75 0.000016 0.000005
36 75 0.000664 0.000010
37 75 0.000788 0.000018
38 75 -0.000467 0.000033
39 75 -0.001634 0.000058
40 75 0.000437 0.000098
41 75 0.003212 0.000157
42 75 0.000002 0.000241
43 75 -0.003194 0.000353
44 75 0.000268 0.000494
45 75 0.002879 0.000657
46 75 0.000762 0.000832
47 75 -0.001663 0.001001
48 75 -0.002824 0.001143
49 75 -0.003408 0.001238
50 75 -0.003549 0.001271
51 75 -0.003867 0.001238
52 75 -0.004385 0.001143
53 75 -0.004535 0.001001
54 75 -0.004060 0.000832
55 75 -0.003044 0.000657
56 75 -0.001801 0.000494
57 75 -0.000677 0.000353
58 75 0.000098 0.000241
59 75 0.000468 0.000157
60 75 0.000531 0.000098
61 75 0.000358 0.000058
62 75 0.000126 0.000033
63 75 -0.000046 0.000018
64 75 -0.000131 0.000010
65 75 -0.000109 0.000005
66 75 -0.000053 0.000002
67 75 -0.000005 0.000001
68 75 0.000019 0.000001
69 75 0.000019 0.000000
70 75 0.000006 0.000000
71 75 -0.000012 0.000000
72 75 -0.000025 0.000000
73 75 -0.000029 0.000000
74 75 -0.000026 0.000000
75 75 -0.000022 0.000000
76 75 -0.000018 0.000000
77 75 -0.000015 0.000000
78 75 -0.000015 0.000000
79 75 -0.000015 0.000000
80 75 -0.000014 0.000000
81 75 -0.000014 0.000000
82 75 -0.000013 0.000000
83 75 -0.000011 0.000000
84 75 -0.000007 0.000000
85 75 -0.000003 0.000000
86 75 0.000000 0.000000
87 75 0.000000 0.000000
88 75 -0.000001 0.000000
89 75 -0.000000 0.000000
90 75 0.000002 0.000000
91 75 0.000001 0.000000
92 75 -0.000002 0.000000
93 75 -0.000007 0.000000
94 75 -0.000017 0.000000
95 75 -0.000027 0.000000
96 75 -0.000040 0.000000
97 75 -0.000061 0.000000
98 75 -0.000087 0.000000
99 75 -0.000107 0.000000
0 76 -0.000097 0.000000
1 76 -0.000103 0.000000
2 76 -0.000110 0.000000
3 76 -0.000107 0.000000
4 76 -0.000095 0.000000
5 76 -0.000085 0.000000
6 76 -0.000075 0.000000
7 76 -0.000067 0.000000
8 76 -0.000058 0.000000
9 76 -0.000049 0.000000
10 76 -0.000039 0.000000
11 76 -0.000028 0.000000
12 76 -0.000017 0.000000
13 76 -0.000007 0.000000
14 76 0.000001 0.000000
15 76 0.000007 0.000000
16 76 0.000010 0.000000
17 76 0.000010 0.000000
18 76 0.000009 0.000000
19 76 0.000006 0.000000
20 76 0.000004 0.000000
21 76 0.000002 0.000000
22 76 0.000000 0.000000
23 76 -0.000001 0.000000
24 76 -0.000002 0.000000
25 76 -0.000002 0.000000
26 76 -0.000002 0.000000
27 76 -0.000004 0.000000
28 76 -0.000011 0.000000
29 76 -0.000020 0.000000
30 76 -0.000021 0.000000
31 76 -0.000007 0.000000
32 76 -0.000002 0.000000
33 76 -0.000049 0.000000
34 76 -0.000142 0.000001
35 76 -0.000040 0.000002
36 76 0.000621 0.000003
37 76 0.000964 0.000006
38 76 -0.000011 0.000010
39 76 -0.001397 0.000017
40 76 -0.001242 0.000028
41 76 -0.000720 0.000045
42 76 -0.002983 0.000067
43 76 -0.004458 0.000098
44 76 -0.002650 0.000135
45 76 -0.002002 0.000178
46 76 -0.003394 0.000223
47 76 -0.004310 0.000266
48 76 -0.004677 0.000303
49 76 -0.004888 0.000327
50 76 -0.004683 0.000335
51 76 -0.004325 0.000327
52 76 -0.003852 0.000303
53 76 -0.003155 0.000266
54 76 -0.002337 0.000223
55 76 -0.001510 0.000178
56 76 -0.000788 0.000135
57 76 -0.000278 0.000098
58 76 -0.000009 0.000067
59 76 0.000058 0.000045
60 76 0.000019 0.000028
61 76 -0.000072 0.000017
62 76 -0.000129 0.000010
63 76 -0.000128 0.000006
64 76 -0.000097 0.000003
65 76 -0.000043 0.000002
66 76 -0.000004 0.000001
67 76 0.000013 0.000000
68 76 0.000010 0.000000
69 76 -0.000002 0.000000
70 76 -0.000013 0.000000
71 76 -0.000020 0.000000
72 76 -0.000023 0.000000
73 76 -0.000020 0.000000
74 76 -0.000017 0.000000
75 76 -0.000015 0.000000
76 76 -0.000014 0.000000
77 76 -0.000013 0.000000
78 76 -0.000014 0.000000
79 76 -0.000014 0.000000
80 76 -0.000014 0.000000
81 76 -0.000013 0.000000
82 76 -0.000011 0.000000
83 76 -0.000008 0.000000
84 76 -0.000005 0.000000
85 76 -0.000001 0.000000
86 76 0.000001 0.000000
87 76 0.000000 0.000000
88 76 -0.000000 0.000000
89 76 -0.000000 0.000000
90 76 0.000001 0.000000
91 76 -0.000000 0.000000
92 76 -0.000003 0.000000
93 76 -0.000007 0.000000
94 76 -0.000014 0.000000
95 76 -0.000022 0.000000
96 76 -0.000031 0.000000
97 76 -0.000046 0.000000
98 76 -0.000066 0.000000
99 76 -0.000086 0.000000
0 77 -0.000066 0.000000
1 77 -0.000069 0.000000
2 77 -0.000072 0.000000
3 77 -0.000067 0.000000
4 77 -0.000058 0.000000
5 77 -0.000049 0.000000
6 77 -0.000040 0.000000
7 77 -0.000032 0.000000
8 77 -0.000023 0.000000
9 77 -0.000015 0.000000
10 77 -0.000008 0.000000
11 77 -0.000001 0.000000
12 77 0.000005 0.000000
13 77 0.000009 0.000000
14 77 0.000011 0.000000
15 77 0.000011 0.000000
16 77 0.000010 0.000000
17 77 0.000008 0.000000
18 77 0.000005 0.000000
19 77 0.000003 0.000000
20 77 0.000001 0.000000
21 77 -0.000000 0.000000
22 77 -0.000001 0.000000
23 77 -0.000002 0.000000
24 77 -0.000002 0.000000
25 77 -0.000003 0.000000
26 77 -0.000002 0.000000
27 77 -0.000003 0.000000
28 77 -0.000007 0.000000
29 77 -0.000015 0.000000
30 77 -0.000022 0.000000
31 77 -0.000021 0.000000
32 77 -0.000011 0.000000
33 77 -0.000029 0.000000
34 77 -0.000111 0.000000
35 77 -0.000069 0.000000
36 77 0.000504 0.000001
37 77 0.000839 0.000002
38 77 0.000002 0.000003
39 77 -0.001285 0.000005
40 77 -0.001741 0.000008
41 77 -0.001892 0.000013
42 77 -0.003118 0.000019
43 77 -0.003556 0.000027
44 77 -0.002690 0.000037
45 77 -0.002740 0.000048
46 77 -0.003361 0.000060
47 77 -0.003427 0.000071
48 77 -0.003372 0.000080
49 77 -0.003322 0.000086
50 77 -0.002992 0.000088
51 77 -0.002588 0.000086
52 77 -0.002148 0.000080
53 77 -0.001645 0.000071
54 77 -0.001168 0.000060
55 77 -0.000763 0.000048
56 77 -0.000453 0.000037
57 77 -0.000261 0.000027
58 77 -0.000175 0.000019
59 77 -0.000158 0.000013
60 77 -0.000155 0.000008
61 77 -0.000152 0.000005
62 77 -0.000127 0.000003
63 77 -0.000082 0.000002
64 77 -0.000043 0.000001
65 77 -0.000011 0.000000
66 77 0.000002 0.000000
67 77 0.000002 0.000000
68 77 -0.000005 0.000000
69 77 -0.000012 0.000000
70 77 -0.000016 0.000000
71 77 -0.000016 0.000000
72 77 -0.000014 0.000000
73 77 -0.000012 0.000000
74 77 -0.000009 0.000000
75 77 -0.000010 0.000000
76 77 -0.000011 0.000000
77 77 -0.000011 0.000000
78 77 -0.000013 0.000000
79 77 -0.000014 0.000000
80 77 -0.000014 0.000000
81 77 -0.000012 0.000000
82 77 -0.000010 0.000000
83 77 -0.000006 0.000000
84 77 -0.000003 0.000000
85 77 -0.000001 0.000000
86 77 0.000000 0.000000
87 77 -0.000000 0.000000
88 77 -0.000001 0.000000
89 77 -0.000000 0.000000
90 77 0.000000 0.000000
91 77 -0.000000 0.000000
92 77 -0.000002 0.000000
93 77 -0.000006 0.000000
94 77 -0.000012 0.000000
95 77 -0.000017 0.000000
96 77 -0.000023 0.000000
97 77 -0.000031 0.000000
98 77 -0.000043 0.000000
99 77 -0.000057 0.000000
0 78 -0.000036 0.000000
1 78 -0.000037 0.000000
2 78 -0.000036 0.000000
3 78 -0.000032 0.000000
4 78 -0.000025 0.000000
5 78 -0.000019 0.000000
6 78 -0.000012 0.000000
7 78 -0.000006 0.000000
8 78 -0.000000 0.000000
9 78 0.000005 0.000000
10 78 0.000009 0.000000
11 78 0.000011 0.000000
12 78 0.000012 0.000000
13 78 0.000012 0.000000
14 78 0.000011 0.000000
15 78 0.000009 0.000000
16 78 0.000007 0.000000
17 78 0.000005 0.000000
18 78 0.000003 0.000000
19 78 0.000001 0.000000
20 78 0.000000 0.000000
21 78 -0.000000 0.000000
22 78 -0.000001 0.000000
23 78 -0.000001 0.000000
24 78 -0.000002 0.000000
25 78 -0.000002 0.000000
26 78 -0.000003 0.000000
27 78 -0.000004 0.000000
28 78 -0.000006 0.000000
29 78 -0.000012 0.000000
30 78 -0.000019 0.000000
31 78 -0.000023 0.000000
32 78 -0.000015 0.000000
33 78 -0.000020 0.000000
34 78 -0.000098 0.000000
35 78 -0.000117 0.000000
36 78 0.000308 0.000000
37 78 0.000550 0.000001
38 78 -0.000163 0.000001
39 78 -0.001238 0.000001
40 78 -0.001833 0.000002
41 78 -0.002209 0.000004
42 78 -0.002949 0.000005
43 78 -0.003083 0.000007
44 78 -0.002719 0.000010
45 78 -0.002860 0.000013
46 78 -0.002978 0.000016
47 78 -0.002687 0.000019
48 78 -0.002377 0.000021
49 78 -0.002030 0.000023
50 78 -0.001529 0.000023
51 78 -0.001122 0.000023
52 78 -0.000837 0.000021
53 78 -0.000629 0.000019
54 78 -0.000497 0.000016
55 78 -0.000403 0.000013
56 78 -0.000320 0.000010
57 78 -0.000259 0.000007
58 78 -0.000222 0.000005
59 78 -0.000195 0.000004
60 78 -0.000161 0.000002
61 78 -0.000125 0.000001
62 78 -0.000085 0.000001
63 78 -0.000047 0.000001
64 78 -0.000022 0.000000
65 78 -0.000008 0.000000
66 78 -0.000006 0.000000
67 78 -0.000008 0.000000
68 78 -0.000012 0.000000
69 78 -0.000013 0.000000
70 78 -0.000012 0.000000
71 78 -0.000009 0.000000
72 78 -0.000008 0.000000
73 78 -0.000005 0.000000
74 78 -0.000003 0.000000
75 78 -0.000004 0.000000
76 78 -0.000006 0.000000
77 78 -0.000008 0.000000
78 78 -0.000011 0.000000
79 78 -0.000014 0.000000
80 78 -0.000014 0.000000
81 78 -0.000012 0.000000
82 78 -0.000009 0.000000
83 78 -0.000005 0.000000
84 78 -0.000001 0.000000
85 78 0.000000 0.000000
86 78 0.000000 0.000000
87 78 -0.000000 0.000000
88 78 -0.000000 0.000000
89 78 0.000000 0.000000
90 78 0.000001 0.000000
91 78 0.000000 0.000000
92 78 -0.000001 0.000000
93 78 -0.000005 0.000000
94 78 -0.000010 0.000000
95 78 -0.000013 0.000000
96 78 -0.000016 0.000000
97 78 -0.000019 0.000000
98 78 -0.000024 0.000000
99 78 -0.000032 0.000000
0 79 -0.000016 0.000000
1 79 -0.000015 0.000000
2 79 -0.000013 0.000000
3 79 -0.000009 0.000000
4 79 -0.000004 0.000000
5 79 0.000001 0.000000
6 79 0.000005 0.000000
7 79 0.000008 0.000000
8 79 0.000011 0.000000
9 79 0.000012 0.000000
10 79 0.000013 0.000000
11 79 0.000012 0.000000
12 79 0.000011 0.000000
13 79 0.000010 0.000000
14 79 0.000008 0.000000
15 79 0.000006 0.000000
16 79 0.000004 0.000000
17 79 0.000003 0.000000
18 79 0.000001 0.000000
19 79 0.000001 0.000000
20 79 0.000000 0.000000
21 79 -0.000000 0.000000
22 79 -0.000001 0.000000
23 79 -0.000001 0.000000
24 79 -0.000001 0.000000
25 79 -0.000002 0.000000
26 79 -0.000002 0.000000
27 79 -0.000004 0.000000
28 79 -0.000007 0.000000
29 79 -0.000012 0.000000
30 79 -0.000017 0.000000
31 79 -0.000021 0.000000
32 79 -0.000011 0.000000
33 79 -0.000007 0.000000
34 79 -0.000084 0.000000
35 79 -0.000157 0.000000
36 79 0.000116 0.000000
37 79 0.000274 0.000000
38 79 -0.000271 0.000000
39 79 -0.001066 0.000000
40 79 -0.001607 0.000001
41 79 -0.002035 0.000001
42 79 -0.002555 0.000001
43 79 -0.002632 0.000002
44 79 -0.002488 0.000003
45 79 -0.002523 0.000003
46 79 -0.002327 0.000004
47 79 -0.001860 0.000005
48 79 -0.001397 0.000006
49 79 -0.000911 0.000006
50 79 -0.000427 0.000006
51 79 -0.000174 0.000006
52 79 -0.000124 0.000006
53 79 -0.000175 0.000005
54 79 -0.000253 0.000004
55 79 -0.000293 0.000003
56 79 -0.000280 0.000003
57 79 -0.000244 0.000002
58 79 -0.000204 0.000001
59 79 -0.000163 0.000001
60 79 -0.000120 0.000001
61 79 -0.000081 0.000000
62 79 -0.000049 0.000000
63 79 -0.000026 0.000000
64 79 -0.000015 0.000000
65 79 -0.000011 0.000000
66 79 -0.000012 0.000000
67 79 -0.000014 0.000000
68 79 -0.000014 0.000000
69 79 -0.000013 0.000000
70 79 -0.000009 0.000000
71 79 -0.000005 0.000000
72 79 -0.000004 0.000000
73 79 -0.000001 0.000000
74 79 0.000002 0.000000
75 79 0.000001 0.000000
76 79 -0.000001 0.000000
77 79 -0.000003 0.000000
78 79 -0.000009 0.000000
79 79 -0.000014 0.000000
80 79 -0.000015 0.000000
81 79 -0.000013 0.000000
82 79 -0.000009 0.000000
83 79 -0.000004 0.000000
84 79 -0.000001 0.000000
85 79 0.000000 0.000000
86 79 0.000000 0.000000
87 79 -0.000000 0.000000
88 79 0.000000 0.000000
89 79 0.000001 0.000000
90 79 0.000001 0.000000
91 79 0.000000 0.000000
92 79 -0.000002 0.000000
93 79 -0.000005 0.000000
94 79 -0.000008 0.000000
95 79 -0.000011 0.000000
96 79 -0.000012 0.000000
97 79 -0.000012 0.000000
98 79 -0.000013 0.000000
99 79 -0.000015 0.000000
0 80 -0.000006 0.000000
1 80 -0.000004 0.000000
2 80 -0.000001 0.000000
3 80 0.000002 0.000000
4 80 0.000005 0.000000
5 80 0.000007 0.000000
6 80 0.000009 0.000000
7 80 0.000011 0.000000
8 80 0.000011 0.000000
9 80 0.000011 0.000000
10 80 0.000010 0.000000
11 80 0.000009 0.000000
12 80 0.000008 0.000000
13 80 0.000007 0.000000
14 80 0.000005 0.000000
15 80 0.000004 0.000000
16 80 0.000002 0.000000
17 80 0.000001 0.000000
18 80 0.000001 0.000000
19 80 0.000000 0.000000
20 80 -0.000000 0.000000
21 80 -0.000000 0.000000
22 80 -0.000001 0.000000
23 80 -0.000001 0.000000
24 80 -0.000001 0.000000
25 80 -0.000001 0.000000
26 80 -0.000002 0.000000
27 80 -0.000004 0.000000
28 80 -0.000007 0.000000
29 80 -0.000012 0.000000
30 80 -0.000016 0.000000
31 80 -0.000020 0.000000
32 80 -0.000008 0.000000
33 80 0.000005 0.000000
34 80 -0.000067 0.000000
35 80 -0.000172 0.000000
36 80 -0.000022 0.000000
37 80 0.000082 0.000000
38 80 -0.000268 0.000000
39 80 -0.000763 0.000000
40 80 -0.001154 0.000000
41 80 -0.001522 0.000000
42 80 -0.001883 0.000000
43 80 -0.001923 0.000001
44 80 -0.001836 0.000001
45 80 -0.001746 0.000001
46 80 -0.001406 0.000001
47 80 -0.000922 0.000001
48 80 -0.000472 0.000001
49 80 -0.000053 0.000002
50 80 0.000247 0.000002
51 80 0.000278 0.000002
52 80 0.000142 0.000001
53 80 -0.000030 0.000001
54 80 -0.000157 0.000001
55 80 -0.000207 0.000001
56 80 -0.000195 0.000001
57 80 -0.000163 0.000001
58 80 -0.000128 0.000000
59 80 -0.000094 0.000000
60 80 -0.000063 0.000000
61 80 -0.000041 0.000000
62 80 -0.000027 0.000000
63 80 -0.000019 0.000000
64 80 -0.000017 0.000000
65 80 -0.000017 0.000000
66 80 -0.000018 0.000000
67 80 -0.000017 0.000000
68 80 -0.000015 0.000000
69 80 -0.000012 0.000000
70 80 -0.000008 0.000000
71 80 -0.000002 0.000000
72 80 -0.000002 0.000000
73 80 0.000000 0.000000
74 80 0.000005 0.000000
75 80 0.000004 0.000000
76 80 0.000003 0.000000
77 80 0.000003 0.000000
78 80 -0.000005 0.000000
79 80 -0.000013 0.000000
80 80 -0.000015 0.000000
81 80 -0.000013 0.000000
82 80 -0.000009 0.000000
83 80 -0.000004 0.000000
84 80 -0.000000 0.000000
85 80 0.000000 0.000000
86 80 0.000000 0.000000
87 80 0.000000 0.000000
88 80 0.000000 0.000000
89 80 0.000000 0.000000
90 80 0.000001 0.000000
91 80 -0.000000 0.000000
92 80 -0.000002 0.000000
93 80 -0.000004 0.000000
94 80 -0.000007 0.000000
95 80 -0.000009 0.000000
96 80 -0.000010 0.000000
97 80 -0.000009 0.000000
98 80 -0.000008 0.000000
99 80 -0.000007 0.000000
0 81 -0.000004 0.000000
1 81 -0.000001 0.000000
2 81 0.000001 0.000000
3 81 0.000003 0.000000
4 81 0.000005 0.000000
5 81 0.000006 0.000000
6 81 0.000007 0.000000
7 81 0.000008 0.000000
8 81 0.000008 0.000000
9 81 0.000008 0.000000
10 81 0.000007 0.000000
11 81 0.000006 0.000000
12 81 0.000005 0.000000
13 81 0.000004 0.000000
14 81 0.000003 0.000000
15 81 0.000002 0.000000
16 81 0.000001 0.000000
17 81 0.000001 0.000000
18 81 0.000000 0.000000
19 81 -0.000000 0.000000
20 81 -0.000000 0.000000
21 81 -0.000000 0.000000
22 81 -0.000001 0.000000
23 81 -0.000001 0.000000
24 81 -0.000001 0.000000
25 81 -0.000001 0.000000
26 81 -0.000001 0.000000
27 81 -0.000003 0.000000
28 81 -0.000007 0.000000
29 81 -0.000013 0.000000
30 81 -0.000016 0.000000
31 81 -0.000019 0.000000
32 81 -0.000005 0.000000
33 81 0.000014 0.000000
34 81 -0.000046 0.000000
35 81 -0.000159 0.000000
36 81 -0.000091 0.000000
37 81 -0.000019 0.000000
38 81 -0.000198 0.000000
39 81 -0.000432 0.000000
40 81 -0.000641 0.000000
41 81 -0.000879 0.000000
42 81 -0.001085 0.000000
43 81 -0.001078 0.000000
44 81 -0.000998 0.000000
45 81 -0.000856 0.000000
46 81 -0.000536 0.000000
47 81 -0.000168 0.000000
48 81 0.000150 0.000000
49 81 0.000403 0.000000
50 81 0.000502 0.000000
51 81 0.000383 0.000000
52 81 0.000184 0.000000
53 81 0.000015 0.000000
54 81 -0.000083 0.000000
55 81 -0.000113 0.000000
56 81 -0.000103 0.000000
57 81 -0.000084 0.000000
58 81 -0.000065 0.000000
59 81 -0.000049 0.000000
60 81 -0.000036 0.000000
61 81 -0.000028 0.000000
62 81 -0.000024 0.000000
63 81 -0.000022 0.000000
64 81 -0.000021 0.000000
65 81 -0.000020 0.000000
66 81 -0.000019 0.000000
67 81 -0.000016 0.000000
68 81 -0.000013 0.000000
69 81 -0.000011 0.000000
70 81 -0.000007 0.000000
71 81 -0.000001 0.000000
72 81 -0.000003 0.000000
73 81 -0.000002 0.000000
74 81 0.000005 0.000000
75 81 0.000005 0.000000
76 81 0.000005 0.000000
77 81 0.000008 0.000000
78 81 0.000000 0.000000
79 81 -0.000011 0.000000
80 81 -0.000015 0.000000
81 81 -0.000014 0.000000
82 81 -0.000009 0.000000
83 81 -0.000003 0.000000
84 81 -0.000000 0.000000
85 81 0.000000 0.000000
86 81 -0.000000 0.000000
87 81 -0.000000 0.000000
88 81 0.000000 0.000000
89 81 0.000000 0.000000
90 81 0.000000 0.000000
91 81 -0.000000 0.000000
92 81 -0.000002 0.000000
93 81 -0.000004 0.000000
94 81 -0.000006 0.000000
95 81 -0.000007 0.000000
96 81 -0.000008 0.000000
97 81 -0.000008 0.000000
98 81 -0.000006 0.000000
99 81 -0.000005 0.000000
0 82 -0.000003 0.000000
1 82 -0.000001 0.000000
2 82 0.000001 0.000000
3 82 0.000002 0.000000
4 82 0.000003 0.000000
5 82 0.000004 0.000000
6 82 0.000005 0.000000
7 82 0.000005 0.000000
8 82 0.000005 0.000000
9 82 0.000005 0.000000
10 82 0.000004 0.000000
11 82 0.000004 0.000000
12 82 0.000003 0.000000
13 82 0.000002 0.000000
14 82 0.000002 0.000000
15 82 0.000001 0.000000
16 82 0.000000 0.000000
17 82 0.000000 0.000000
18 82 -0.000000 0.000000
19 82 -0.000000 0.000000
20 82 -0.000000 0.000000
21 82 -0.000001 0.000000
22 82 -0.000001 0.000000
23 82 -0.000001 0.000000
24 82 -0.000001 0.000000
25 82 -0.000001 0.000000
26 82 -0.000002 0.000000
27 82 -0.000004 0.000000
28 82 -0.000008 0.000000
29 82 -0.000013 0.000000
30 82 -0.000016 0.000000
31 82 -0.000020 0.000000
32 82 -0.000006 0.000000
33 82 0.000019 0.000000
34 82 -0.000025 0.000000
35 82 -0.000130 0.000000
36 82 -0.000110 0.000000
37 82 -0.000064 0.000000
38 82 -0.000135 0.000000
39 82 -0.000199 0.000000
40 82 -0.000268 0.000000
41 82 -0.000381 0.000000
42 82 -0.000469 0.000000
43 82 -0.000440 0.000000
44 82 -0.000388 0.000000
45 82 -0.000287 0.000000
46 82 -0.000092 0.000000
47 82 0.000098 0.000000
48 82 0.000248 0.000000
49 82 0.000341 0.000000
50 82 0.000318 0.000000
51 82 0.000179 0.000000
52 82 0.000037 0.000000
53 82 -0.000054 0.000000
54 82 -0.000091 0.000000
55 82 -0.000092 0.000000
56 82 -0.000076 0.000000
57 82 -0.000061 0.000000
58 82 -0.000049 0.000000
59 82 -0.000039 0.000000
60 82 -0.000032 0.000000
61 82 -0.000027 0.000000
62 82 -0.000023 0.000000
63 82 -0.000021 0.000000
64 82 -0.000018 0.000000
65 82 -0.000017 0.000000
66 82 -0.000015 0.000000
67 82 -0.000013 0.000000
68 82 -0.000011 0.000000
69 82 -0.000010 0.000000
70 82 -0.000006 0.000000
71 82 -0.000001 0.000000
72 82 -0.000007 0.000000
73 82 -0.000008 0.000000
74 82 0.000000 0.000000
75 82 0.000001 0.000000
76 82 0.000004 0.000000
77 82 0.000012 0.000000
78 82 0.000006 0.000000
79 82 -0.000008 0.000000
80 82 -0.000014 0.000000
81 82 -0.000014 0.000000
82 82 -0.000009 0.000000
83 82 -0.000003 0.000000
84 82 -0.000000 0.000000
85 82 -0.000000 0.000000
86 82 -0.000000 0.000000
87 82 -0.000000 0.000000
88 82 -0.000000 0.000000
89 82 0.000000 0.000000
90 82 -0.000000 0.000000
91 82 -0.000000 0.000000
92 82 -0.000001 0.000000
93 82 -0.000003 0.000000
94 82 -0.000004 0.000000
95 82 -0.000005 0.000000
96 82 -0.000006 0.000000
97 82 -0.000006 0.000000
98 82 -0.000005 0.000000
99 82 -0.000004 0.000000
0 83 -0.000002 0.000000
1 83 -0.000001 0.000000
2 83 0.000000 0.000000
3 83 0.000001 0.000000
4 83 0.000002 0.000000
5 83 0.000003 0.000000
6 83 0.000003 0.000000
7 83 0.000003 0.000000
8 83 0.000003 0.000000
9 83 0.000003 0.000000
10 83 0.000002 0.000000
11 83 0.000002 0.000000
12 83 0.000001 0.000000
13 83 0.000001 0.000000
14 83 0.000000 0.000000
15 83 0.000000 0.000000
16 83 -0.000000 0.000000
17 83 -0.000000 0.000000
18 83 -0.000001 0.000000
19 83 -0.000001 0.000000
20 83 -0.000001 0.000000
21 83 -0.000001 0.000000
22 83 -0.000001 0.000000
23 83 -0.000001 0.000000
24 83 -0.000001 0.000000
25 83 -0.000001 0.000000
26 83 -0.000002 0.000000
27 83 -0.000004 0.000000
28 83 -0.000008 0.000000
29 83 -0.000013 0.000000
30 83 -0.000016 0.000000
31 83 -0.000020 0.000000
32 83 -0.000008 0.000000
33 83 0.000019 0.000000
34 83 -0.000008 0.000000
35 83 -0.000093 0.000000
36 83 -0.000098 0.000000
37 83 -0.000078 0.000000
38 83 -0.000107 0.000000
39 83 -0.000098 0.000000
40 83 -0.000101 0.000000
41 83 -0.000142 0.000000
42 83 -0.000170 0.000000
43 83 -0.000152 0.000000
44 83 -0.000145 0.000000
45 83 -0.000117 0.000000
46 83 -0.000057 0.000000
47 83 -0.000015 0.000000
48 83 0.000013 0.000000
49 83 0.000019 0.000000
50 83 -0.000021 0.000000
51 83 -0.000089 0.000000
52 83 -0.000126 0.000000
53 83 -0.000129 0.000000
54 83 -0.000112 0.000000
55 83 -0.000088 0.000000
56 83 -0.000064 0.000000
57 83 -0.000047 0.000000
58 83 -0.000036 0.000000
59 83 -0.000027 0.000000
60 83 -0.000021 0.000000
61 83 -0.000017 0.000000
62 83 -0.000014 0.000000
63 83 -0.000013 0.000000
64 83 -0.000012 0.000000
65 83 -0.000011 0.000000
66 83 -0.000011 0.000000
67 83 -0.000010 0.000000
68 83 -0.000009 0.000000
69 83 -0.000009 0.000000
70 83 -0.000006 0.000000
71 83 -0.000002 0.000000
72 83 -0.000014 0.000000
73 83 -0.000020 0.000000
74 83 -0.000010 0.000000
75 83 -0.000009 0.000000
76 83 -0.000004 0.000000
77 83 0.000011 0.000000
78 83 0.000010 0.000000
79 83 -0.000005 0.000000
80 83 -0.000013 0.000000
81 83 -0.000013 0.000000
82 83 -0.000009 0.000000
83 83 -0.000003 0.000000
84 83 -0.000001 0.000000
85 83 -0.000000 0.000000
86 83 -0.000000 0.000000
87 83 -0.000000 0.000000
88 83 -0.000000 0.000000
89 83 -0.000000 0.000000
90 83 -0.000000 0.000000
91 83 -0.000000 0.000000
92 83 -0.000001 0.000000
93 83 -0.000002 0.000000
94 83 -0.000003 0.000000
95 83 -0.000003 0.000000
96 83 -0.000004 0.000000
97 83 -0.000004 0.000000
98 83 -0.000003 0.000000
99 83 -0.000002 0.000000
0 84 -0.000001 0.000000
1 84 -0.000000 0.000000
2 84 0.000000 0.000000
3 84 0.000001 0.000000
4 84 0.000001 0.000000
5 84 0.000002 0.000000
6 84 0.000002 0.000000
7 84 0.000002 0.000000
8 84 0.000001 0.000000
9 84 0.000001 0.000000
10 84 0.000001 0.000000
11 84 0.000001 0.000000
12 84 0.000000 0.000000
13 84 -0.000000 0.000000
14 84 -0.000000 0.000000
15 84 -0.000001 0.000000
16 84 -0.000001 0.000000
17 84 -0.000001 0.000000
18 84 -0.000001 0.000000
19 84 -0.000001 0.000000
20 84 -0.000001 0.000000
21 84 -0.000001 0.000000
22 84 -0.000001 0.000000
23 84 -0.000001 0.000000
24 84 -0.000001 0.000000
25 84 -0.000001 0.000000
26 84 -0.000002 0.000000
27 84 -0.000004 0.000000
28 84 -0.000009 0.000000
29 84 -0.000013 0.000000
30 84 -0.000015 0.000000
31 84 -0.000019 0.000000
32 84 -0.000011 0.000000
33 84 0.000016 0.000000
34 84 0.000004 0.000000
35 84 -0.000056 0.000000
36 84 -0.000069 0.000000
37 84 -0.000069 0.000000
38 84 -0.000091 0.000000
39 84 -0.000073 0.000000
40 84 -0.000065 0.000000
41 84 -0.000081 0.000000
42 84 -0.000088 0.000000
43 84 -0.000085 0.000000
44 84 -0.000104 0.000000
45 84 -0.000116 0.000000
46 84 -0.000122 0.000000
47 84 -0.000140 0.000000
48 84 -0.000150 0.000000
49 84 -0.000155 0.000000
50 84 -0.000161 0.000000
51 84 -0.000162 0.000000
52 84 -0.000138 0.000000
53 84 -0.000105 0.000000
54 84 -0.000074 0.000000
55 84 -0.000051 0.000000
56 84 -0.000033 0.000000
57 84 -0.000022 0.000000
58 84 -0.000016 0.000000
59 84 -0.000012 0.000000
60 84 -0.000010 0.000000
61 84 -0.000008 0.000000
62 84 -0.000008 0.000000
63 84 -0.000008 0.000000
64 84 -0.000008 0.000000
65 84 -0.000008 0.000000
66 84 -0.000008 0.000000
67 84 -0.000008 0.000000
68 84 -0.000008 0.000000
69 84 -0.000009 0.000000
70 84 -0.000005 0.000000
71 84 -0.000004 0.000000
72 84 -0.000026 0.000000
73 84 -0.000038 0.000000
74 84 -0.000024 0.000000
75 84 -0.000025 0.000000
76 84 -0.000020 0.000000
77 84 0.000003 0.000000
78 84 0.000010 0.000000
79 84 -0.000004 0.000000
80 84 -0.000012 0.000000
81 84 -0.000013 0.000000
82 84 -0.000009 0.000000
83 84 -0.000003 0.000000
84 84 -0.000001 0.000000
85 84 -0.000001 0.000000
86 84 -0.000000 0.000000
87 84 -0.000000 0.000000
88 84 -0.000000 0.000000
89 84 -0.000000 0.000000
90 84 -0.000000 0.000000
91 84 -0.000000 0.000000
92 84 -0.000001 0.000000
93 84 -0.000001 0.000000
94 84 -0.000001 0.000000
95 84 -0.000002 0.000000
96 84 -0.000002 0.000000
97 84 -0.000002 0.000000
98 84 -0.000002 0.000000
99 84 -0.000001 0.000000
0 85 -0.000000 0.000000
1 85 -0.000000 0.000000
2 85 0.000000 0.000000
3 85 0.000000 0.000000
4 85 0.000000 0.000000
5 85 0.000000 0.000000
6 85 0.000000 0.000000
7 85 0.000000 0.000000
8 85 0.000000 0.000000
9 85 -0.000000 0.000000
10 85 -0.000000 0.000000
11 85 -0.000000 0.000000
12 85 -0.000001 0.000000
13 85 -0.000001 0.000000
14 85 -0.000001 0.000000
15 85 -0.000001 0.000000
16 85 -0.000001 0.000000
17 85 -0.000001 0.000000
18 85 -0.000001 0.000000
19 85 -0.000001 0.000000
20 85 -0.000001 0.000000
21 85 -0.000001 0.000000
22 85 -0.000001 0.000000
23 85 -0.000001 0.000000
24 85 -0.000001 0.000000
25 85 -0.000002 0.000000
26 85 -0.000002 0.000000
27 85 -0.000005 0.000000
28 85 -0.000010 0.000000
29 85 -0.000013 0.000000
30 85 -0.000015 0.000000
31 85 -0.000018 0.000000
32 85 -0.000013 0.000000
33 85 0.000011 0.000000
34 85 0.000011 0.000000
35 85 -0.000025 0.000000
36 85 -0.000034 0.000000
37 85 -0.000042 0.000000
38 85 -0.000066 0.000000
39 85 -0.000060 0.000000
40 85 -0.000062 0.000000
41 85 -0.000073 0.000000
42 85 -0.000076 0.000000
43 85 -0.000079 0.000000
44 85 -0.000095 0.000000
45 85 -0.000105 0.000000
46 85 -0.000117 0.000000
47 85 -0.000131 0.000000
48 85 -0.000132 0.000000
49 85 -0.000125 0.000000
50 85 -0.000112 0.000000
51 85 -0.000095 0.000000
52 85 -0.000069 0.000000
53 85 -0.000046 0.000000
54 85 -0.000030 0.000000
55 85 -0.000020 0.000000
56 85 -0.000014 0.000000
57 85 -0.000011 0.000000
58 85 -0.000010 0.000000
59 85 -0.000009 0.000000
60 85 -0.000009 0.000000
61 85 -0.000009 0.000000
62 85 -0.000009 0.000000
63 85 -0.000010 0.000000
64 85 -0.000009 0.000000
65 85 -0.000009 0.000000
66 85 -0.000009 0.000000
67 85 -0.000009 0.000000
68 85 -0.000009 0.000000
69 85 -0.000010 0.000000
70 85 -0.000007 0.000000
71 85 -0.000008 0.000000
72 85 -0.000042 0.000000
73 85 -0.000060 0.000000
74 85 -0.000041 0.000000
75 85 -0.000045 0.000000
76 85 -0.000044 0.000000
77 85 -0.000012 0.000000
78 85 0.000004 0.000000
79 85 -0.000005 0.000000
80 85 -0.000012 0.000000
81 85 -0.000012 0.000000
82 85 -0.000008 0.000000
83 85 -0.000003 0.000000
84 85 -0.000001 0.000000
85 85 -0.000001 0.000000
86 85 -0.000000 0.000000
87 85 -0.000000 0.000000
88 85 -0.000000 0.000000
89 85 -0.000000 0.000000
90 85 -0.000000 0.000000
91 85 -0.000000 0.000000
92 85 -0.000000 0.000000
93 85 -0.000001 0.000000
94 85 -0.000001 0.000000
95 85 -0.000001 0.000000
96 85 -0.000001 0.000000
97 85 -0.000001 0.000000
98 85 -0.000001 0.000000
99 85 -0.000001 0.000000
0 86 -0.000000 0.000000
1 86 -0.000000 0.000000
2 86 -0.000000 0.000000
3 86 -0.000000 0.000000
4 86 -0.000000 0.000000
5 86 -0.000000 0.000000
6 86 -0.000000 0.000000
7 86 -0.000001 0.000000
8 86 -0.000001 0.000000
9 86 -0.000001 0.000000
10 86 -0.000001 0.000000
11 86 -0.000001 0.000000
12 86 -0.000001 0.000000
13 86 -0.000001 0.000000
14 86 -0.000001 0.000000
15 86 -0.000001 0.000000
16 86 -0.000001 0.000000
17 86 -0.000001 0.000000
18 86 -0.000001 0.000000
19 86 -0.000002 0.000000
20 86 -0.000002 0.000000
21 86 -0.000001 0.000000
22 86 -0.000002 0.000000
23 86 -0.000001 0.000000
24 86 -0.000002 0.000000
25 86 -0.000002 0.000000
26 86 -0.000002 0.000000
27 86 -0.000005 0.000000
28 86 -0.000010 0.000000
29 86 -0.000014 0.000000
30 86 -0.000014 0.000000
31 86 -0.000017 0.000000
32 86 -0.000014 0.000000
33 86 0.000004 0.000000
34 86 0.000012 0.000000
35 86 -0.000003 0.000000
36 86 -0.000003 0.000000
37 86 -0.000010 0.000000
38 86 -0.000032 0.000000
39 86 -0.000034 0.000000
40 86 -0.000043 0.000000
41 86 -0.000055 0.000000
42 86 -0.000057 0.000000
43 86 -0.000059 0.000000
44 86 -0.000066 0.000000
45 86 -0.000065 0.000000
46 86 -0.000066 0.000000
47 86 -0.000067 0.000000
48 86 -0.000060 0.000000
49 86 -0.000052 0.000000
50 86 -0.000043 0.000000
51 86 -0.000035 0.000000
52 86 -0.000025 0.000000
53 86 -0.000020 0.000000
54 86 -0.000017 0.000000
55 86 -0.000017 0.000000
56 86 -0.000017 0.000000
57 86 -0.000017 0.000000
58 86 -0.000018 0.000000
59 86 -0.000018 0.000000
60 86 -0.000018 0.000000
61 86 -0.000018 0.000000
62 86 -0.000018 0.000000
63 86 -0.000018 0.000000
64 86 -0.000017 0.000000
65 86 -0.000017 0.000000
66 86 -0.000016 0.000000
67 86 -0.000016 0.000000
68 86 -0.000015 0.000000
69 86 -0.000015 0.000000
70 86 -0.000010 0.000000
71 86 -0.000015 0.000000
72 86 -0.000061 0.000000
73 86 -0.000083 0.000000
74 86 -0.000056 0.000000
75 86 -0.000063 0.000000
76 86 -0.000072 0.000000
77 86 -0.000035 0.000000
78 86 -0.000007 0.000000
79 86 -0.000010 0.000000
80 86 -0.000014 0.000000
81 86 -0.000011 0.000000
82 86 -0.000007 0.000000
83 86 -0.000003 0.000000
84 86 -0.000001 0.000000
85 86 -0.000001 0.000000
86 86 -0.000000 0.000000
87 86 -0.000000 0.000000
88 86 -0.000000 0.000000
89 86 -0.000000 0.000000
90 86 -0.000000 0.000000
91 86 -0.000000 0.000000
92 86 -0.000000 0.000000
93 86 -0.000000 0.000000
94 86 -0.000001 0.000000
95 86 -0.000001 0.000000
96 86 -0.000001 0.000000
97 86 -0.000001 0.000000
98 86 -0.000001 0.000000
99 86 -0.000000 0.000000
0 87 -0.000001 0.000000
1 87 -0.000001 0.000000
2 87 -0.000001 0.000000
3 87 -0.000001 0.000000
4 87 -0.000001 0.000000
5 87 -0.000001 0.000000
6 87 -0.000001 0.000000
7 87 -0.000001 0.000000
8 87 -0.000001 0.000000
9 87 -0.000001 0.000000
10 87 -0.000001 0.000000
11 87 -0.000001 0.000000
12 87 -0.000001 0.000000
13 87 -0.000001 0.000000
14 87 -0.000001 0.000000
15 87 -0.000001 0.000000
16 87 -0.000002 0.000000
17 87 -0.000002 0.000000
18 87 -0.000002 0.000000
19 87 -0.000002 0.000000
20 87 -0.000002 0.000000
21 87 -0.000002 0.000000
22 87 -0.000002 0.000000
23 87 -0.000002 0.000000
24 87 -0.000002 0.000000
25 87 -0.000002 0.000000
26 87 -0.000002 0.000000
27 87 -0.000005 0.000000
28 87 -0.000011 0.000000
29 87 -0.000014 0.000000
30 87 -0.000014 0.000000
31 87 -0.000015 0.000000
32 87 -0.000014 0.000000
33 87 -0.000001 0.000000
34 87 0.000010 0.000000
35 87 0.000007 0.000000
36 87 0.000016 0.000000
37 87 0.000015 0.000000
38 87 0.000000 0.000000
39 87 -0.000002 0.000000
40 87 -0.000012 0.000000
41 87 -0.000021 0.000000
42 87 -0.000023 0.000000
43 87 -0.000026 0.000000
44 87 -0.000027 0.000000
45 87 -0.000023 0.000000
46 87 -0.000022 0.000000
47 87 -0.000021 0.000000
48 87 -0.000018 0.000000
49 87 -0.000018 0.000000
50 87 -0.000018 0.000000
51 87 -0.000019 0.000000
52 87 -0.000019 0.000000
53 87 -0.000021 0.000000
54 87 -0.000023 0.000000
55 87 -0.000025 0.000000
56 87 -0.000026 0.000000
57 87 -0.000027 0.000000
58 87 -0.000028 0.000000
59 87 -0.000028 0.000000
60 87 -0.000028 0.000000
61 87 -0.000028 0.000000
62 87 -0.000028 0.000000
63 87 -0.000028 0.000000
64 87 -0.000028 0.000000
65 87 -0.000027 0.000000
66 87 -0.000027 0.000000
67 87 -0.000026 0.000000
68 87 -0.000024 0.000000
69 87 -0.000023 0.000000
70 87 -0.000016 0.000000
71 87 -0.000025 0.000000
72 87 -0.000084 0.000000
73 87 -0.000106 0.000000
74 87 -0.000062 0.000000
75 87 -0.000073 0.000000
76 87 -0.000100 0.000000
77 87 -0.000064 0.000000
78 87 -0.000026 0.000000
79 87 -0.000020 0.000000
80 87 -0.000018 0.000000
81 87 -0.000012 0.000000
82 87 -0.000006 0.000000
83 87 -0.000002 0.000000
84 87 -0.000001 0.000000
85 87 -0.000001 0.000000
86 87 -0.000000 0.000000
87 87 -0.000000 0.000000
88 87 -0.000000 0.000000
89 87 -0.000000 0.000000
90 87 -0.000000 0.000000
91 87 -0.000000 0.000000
92 87 -0.000000 0.000000
93 87 -0.000000 0.000000
94 87 -0.000000 0.000000
95 87 -0.000001 0.000000
96 87 -0.000001 0.000000
97 87 -0.000001 0.000000
98 87 -0.000001 0.000000
99 87 -0.000001 0.000000
0 88 -0.000001 0.000000
1 88 -0.000001 0.000000
2 88 -0.000001 0.000000
3 88 -0.000001 0.000000
4 88 -0.000001 0.000000
5 88 -0.000001 0.000000
6 88 -0.000001 0.000000
7 88 -0.000001 0.000000
8 88 -0.000001 0.000000
9 88 -0.000001 0.000000
10 88 -0.000001 0.000000
11 88 -0.000001 0.000000
12 88 -0.000001 0.000000
13 88 -0.000001 0.000000
14 88 -0.000001 0.000000
15 88 -0.000001 0.000000
16 88 -0.000001 0.000000
17 88 -0.000001 0.000000
18 88 -0.000002 0.000000
19 88 -0.000002 0.000000
20 88 -0.000002 0.000000
21 88 -0.000002 0.000000
22 88 -0.000002 0.000000
23 88 -0.000002 0.000000
24 88 -0.000002 0.000000
25 88 -0.000002 0.000000
26 88 -0.000002 0.000000
27 88 -0.000006 0.000000
28 88 -0.000011 0.000000
29 88 -0.000014 0.000000
30 88 -0.000014 0.000000
31 88 -0.000014 0.000000
32 88 -0.000013 0.000000
33 88 -0.000004 0.000000
34 88 0.000004 0.000000
35 88 0.000007 0.000000
36 88 0.000019 0.000000
37 88 0.000023 0.000000
38 88 0.000016 0.000000
39 88 0.000016 0.000000
40 88 0.000009 0.000000
41 88 0.000004 0.000000
42 88 0.000002 0.000000
43 88 -0.000002 0.000000
44 88 -0.000004 0.000000
45 88 -0.000004 0.000000
46 88 -0.000007 0.000000
47 88 -0.000010 0.000000
48 88 -0.000012 0.000000
49 88 -0.000016 0.000000
50 88 -0.000020 0.000000
51 88 -0.000023 0.000000
52 88 -0.000025 0.000000
53 88 -0.000028 0.000000
54 88 -0.000029 0.000000
55 88 -0.000030 0.000000
56 88 -0.000031 0.000000
57 88 -0.000031 0.000000
58 88 -0.000032 0.000000
59 88 -0.000032 0.000000
60 88 -0.000033 0.000000
61 88 -0.000033 0.000000
62 88 -0.000034 0.000000
63 88 -0.000034 0.000000
64 88 -0.000034 0.000000
65 88 -0.000035 0.000000
66 88 -0.000035 0.000000
67 88 -0.000034 0.000000
68 88 -0.000033 0.000000
69 88 -0.000030 0.000000
70 88 -0.000024 0.000000
71 88 -0.000040 0.000000
72 88 -0.000112 0.000000
73 88 -0.000126 0.000000
74 88 -0.000056 0.000000
75 88 -0.000070 0.000000
76 88 -0.000123 0.000000
77 88 -0.000096 0.000000
78 88 -0.000050 0.000000
79 88 -0.000035 0.000000
80 88 -0.000025 0.000000
81 88 -0.000013 0.000000
82 88 -0.000006 0.000000
83 88 -0.000002 0.000000
84 88 -0.000001 0.000000
85 88 -0.000000 0.000000
86 88 -0.000000 0.000000
87 88 -0.000000 0.000000
88 88 -0.000000 0.000000
89 88 -0.000000 0.000000
90 88 -0.000000 0.000000
91 88 -0.000000 0.000000
92 88 -0.000000 0.000000
93 88 -0.000000 0.000000
94 88 -0.000000 0.000000
95 88 -0.000000 0.000000
96 88 -0.000000 0.000000
97 88 -0.000001 0.000000
98 88 -0.000001 0.000000
99 88 -0.000001 0.000000
0 89 -0.000000 0.000000
1 89 -0.000000 0.000000
2 89 -0.000000 0.000000
3 89 -0.000000 0.000000
4 89 -0.000000 0.000000
5 89 -0.000000 0.000000
6 89 -0.000001 0.000000
7 89 -0.000001 0.000000
8 89 -0.000001 0.000000
9 89 -0.000001 0.000000
10 89 -0.000001 0.000000
11 89 -0.000001 0.000000
12 89 -0.000001 0.000000
13 89 -0.000001 0.000000
14 89 -0.000001 0.000000
15 89 -0.000001 0.000000
16 89 -0.000001 0.000000
17 89 -0.000001 0.000000
18 89 -0.000001 0.000000
19 89 -0.000001 0.000000
20 89 -0.000001 0.000000
21 89 -0.000001 0.000000
22 89 -0.000002 0.000000
23 89 -0.000002 0.000000
24 89 -0.000002 0.000000
25 89 -0.000001 0.000000
26 89 -0.000002 0.000000
27 89 -0.000006 0.000000
28 89 -0.000011 0.000000
29 89 -0.000014 0.000000
30 89 -0.000014 0.000000
31 89 -0.000013 0.000000
32 89 -0.000011 0.000000
33 89 -0.000006 0.000000
34 89 -0.000000 0.000000
35 89 0.000003 0.000000
36 89 0.000012 0.000000
37 89 0.000017 0.000000
38 89 0.000013 0.000000
39 89 0.000016 0.000000
40 89 0.000012 0.000000
41 89 0.000009 0.000000
42 89 0.000008 0.000000
43 89 0.000003 0.000000
44 89 -0.000001 0.000000
45 89 -0.000003 0.000000
46 89 -0.000008 0.000000
47 89 -0.000013 0.000000
48 89 -0.000016 0.000000
49 89 -0.000019 0.000000
50 89 -0.000021 0.000000
51 89 -0.000024 0.000000
52 89 -0.000024 0.000000
53 89 -0.000026 0.000000
54 89 -0.000026 0.000000
55 89 -0.000026 0.000000
56 89 -0.000026 0.000000
57 89 -0.000026 0.000000
58 89 -0.000026 0.000000
59 89 -0.000026 0.000000
60 89 -0.000026 0.000000
61 89 -0.000027 0.000000
62 89 -0.000028 0.000000
63 89 -0.000030 0.000000
64 89 -0.000031 0.000000
65 89 -0.000034 0.000000
66 89 -0.000036 0.000000
67 89 -0.000038 0.000000
68 89 -0.000037 0.000000
69 89 -0.000036 0.000000
70 89 -0.000033 0.000000
71 89 -0.000059 0.000000
72 89 -0.000142 0.000000
73 89 -0.000140 0.000000
74 89 -0.000034 0.000000
75 89 -0.000048 0.000000
76 89 -0.000134 0.000000
77 89 -0.000126 0.000000
78 89 -0.000078 0.000000
79 89 -0.000054 0.000000
80 89 -0.000037 0.000000
81 89 -0.000017 0.000000
82 89 -0.000005 0.000000
83 89 -0.000001 0.000000
84 89 -0.000000 0.000000
85 89 -0.000000 0.000000
86 89 -0.000000 0.000000
87 89 -0.000000 0.000000
88 89 -0.000000 0.000000
89 89 -0.000000 0.000000
90 89 -0.000000 0.000000
91 89 -0.000000 0.000000
92 89 -0.000000 0.000000
93 89 -0.000000 0.000000
94 89 -0.000000 0.000000
95 89 -0.000000 0.000000
96 89 -0.000000 0.000000
97 89 -0.000000 0.000000
98 89 -0.000000 0.000000
99 89 -0.000000 0.000000
0 90 -0.000000 0.000000
1 90 -0.000000 0.000000
2 90 -0.000000 0.000000
3 90 -0.000000 0.000000
4 90 -0.000000 0.000000
5 90 -0.000000 0.000000
6 90 -0.000000 0.000000
7 90 -0.000000 0.000000
8 90 -0.000000 0.000000
9 90 -0.000000 0.000000
10 90 -0.000000 0.000000
11 90 -0.000000 0.000000
12 90 -0.000001 0.000000
13 90 -0.000001 0.000000
14 90 -0.000001 0.000000
15 90 -0.000001 0.000000
16 90 -0.000001 0.000000
17 90 -0.000001 0.000000
18 90 -0.000001 0.000000
19 90 -0.000001 0.000000
20 90 -0.000001 0.000000
21 90 -0.000001 0.000000
22 90 -0.000001 0.000000
23 90 -0.000001 0.000000
24 90 -0.000001 0.000000
25 90 -0.000001 0.000000
26 90 -0.000001 0.000000
27 90 -0.000005 0.000000
28 90 -0.000011 0.000000
29 90 -0.000014 0.000000
30 90 -0.000014 0.000000
31 90 -0.000012 0.000000
32 90 -0.000010 0.000000
33 90 -0.000006 0.000000
34 90 -0.000002 0.000000
35 90 -0.000001 0.000000
36 90 0.000005 0.000000
37 90 0.000008 0.000000
38 90 0.000007 0.000000
39 90 0.000010 0.000000
40 90 0.000009 0.000000
41 90 0.000008 0.000000
42 90 0.000006 0.000000
43 90 0.000002 0.000000
44 90 -0.000002 0.000000
45 90 -0.000005 0.000000
46 90 -0.000010 0.000000
47 90 -0.000014 0.000000
48 90 -0.000016 0.000000
49 90 -0.000017 0.000000
50 90 -0.000019 0.000000
51 90 -0.000021 0.000000
52 90 -0.000021 0.000000
53 90 -0.000022 0.000000
54 90 -0.000021 0.000000
55 90 -0.000021 0.000000
56 90 -0.000020 0.000000
57 90 -0.000019 0.000000
58 90 -0.000018 0.000000
59 90 -0.000017 0.000000
60 90 -0.000016 0.000000
61 90 -0.000016 0.000000
62 90 -0.000017 0.000000
63 90 -0.000018 0.000000
64 90 -0.000021 0.000000
65 90 -0.000025 0.000000
66 90 -0.000030 0.000000
67 90 -0.000034 0.000000
68 90 -0.000037 0.000000
69 90 -0.000039 0.000000
70 90 -0.000043 0.000000
71 90 -0.000081 0.000000
72 90 -0.000171 0.000000
73 90 -0.000145 0.000000
74 90 0.000003 0.000000
75 90 -0.000008 0.000000
76 90 -0.000131 0.000000
77 90 -0.000150 0.000000
78 90 -0.000106 0.000000
79 90 -0.000077 0.000000
80 90 -0.000051 0.000000
81 90 -0.000023 0.000000
82 90 -0.000006 0.000000
83 90 -0.000001 0.000000
84 90 -0.000000 0.000000
85 90 -0.000000 0.000000
86 90 -0.000000 0.000000
87 90 -0.000000 0.000000
88 90 -0.000000 0.000000
89 90 -0.000000 0.000000
90 90 -0.000000 0.000000
91 90 -0.000000 0.000000
92 90 -0.000000 0.000000
93 90 -0.000000 0.000000
94 90 -0.000000 0.000000
95 90 -0.000000 0.000000
96 90 -0.000000 0.000000
97 90 -0.000000 0.000000
98 90 -0.000000 0.000000
99 90 -0.000000 0.000000
0 91 -0.000000 0.000000
1 91 -0.000000 0.000000
2 91 -0.000000 0.000000
3 91 -0.000000 0.000000
4 91 -0.000000 0.000000
5 91 -0.000000 0.000000
6 91 -0.000000 0.000000
7 91 -0.000000 0.000000
8 91 -0.000000 0.000000
9 91 -0.000000 0.000000
10 91 -0.000000 0.000000
11 91 -0.000000 0.000000
12 91 -0.000000 0.000000
13 91 -0.000000 0.000000
14 91 -0.000000 0.000000
15 91 -0.000000 0.000000
16 91 -0.000001 0.000000
17 91 -0.000001 0.000000
18 91 -0.000001 0.000000
19 91 -0.000001 0.000000
20 91 -0.000001 0.000000
21 91 -0.000001 0.000000
22 91 -0.000001 0.000000
23 91 -0.000001 0.000000
24 91 -0.000001 0.000000
25 91 -0.000000 0.000000
26 91 -0.000001 0.000000
27 91 -0.000005 0.000000
28 91 -0.000011 0.000000
29 91 -0.000014 0.000000
30 91 -0.000014 0.000000
31 91 -0.000013 0.000000
32 91 -0.000010 0.000000
33 91 -0.000005 0.000000
34 91 -0.000002 0.000000
35 91 -0.000002 0.000000
36 91 0.000001 0.000000
37 91 0.000003 0.000000
38 91 0.000003 0.000000
39 91 0.000007 0.000000
40 91 0.000007 0.000000
41 91 0.000007 0.000000
42 91 0.000007 0.000000
43 91 0.000003 0.000000
44 91 0.000001 0.000000
45 91 -0.000002 0.000000
46 91 -0.000007 0.000000
47 91 -0.000011 0.000000
48 91 -0.000014 0.000000
49 91 -0.000016 0.000000
50 91 -0.000020 0.000000
51 91 -0.000023 0.000000
52 91 -0.000024 0.000000
53 91 -0.000026 0.000000
54 91 -0.000028 0.000000
55 91 -0.000029 0.000000
56 91 -0.000029 0.000000
57 91 -0.000029 0.000000
58 91 -0.000028 0.000000
59 91 -0.000027 0.000000
60 91 -0.000025 0.000000
61 91 -0.000024 0.000000
62 91 -0.000022 0.000000
63 91 -0.000022 0.000000
64 91 -0.000022 0.000000
65 91 -0.000025 0.000000
66 91 -0.000030 0.000000
67 91 -0.000035 0.000000
68 91 -0.000040 0.000000
69 91 -0.000046 0.000000
70 91 -0.000059 0.000000
71 91 -0.000107 0.000000
72 91 -0.000198 0.000000
73 91 -0.000144 0.000000
74 91 0.000047 0.000000
75 91 0.000041 0.000000
76 91 -0.000115 0.000000
77 91 -0.000165 0.000000
78 91 -0.000131 0.000000
79 91 -0.000100 0.000000
80 91 -0.000068 0.000000
81 91 -0.000031 0.000000
82 91 -0.000008 0.000000
83 91 -0.000001 0.000000
84 91 0.000000 0.000000
85 91 -0.000000 0.000000
86 91 -0.000000 0.000000
87 91 -0.000000 0.000000
88 91 -0.000000 0.000000
89 91 -0.000000 0.000000
90 91 -0.000000 0.000000
91 91 -0.000000 0.000000
92 91 -0.000000 0.000000
93 91 -0.000000 0.000000
94 91 -0.000000 0.000000
95 91 -0.000000 0.000000
96 91 -0.000000 0.000000
97 91 -0.000000 0.000000
98 91 -0.000000 0.000000
99 91 -0.000000 0.000000
0 92 0.000000 0.000000
1 92 0.000000 0.000000
2 92 0.000000 0.000000
3 92 0.000000 0.000000
4 92 -0.000000 0.000000
5 92 -0.000000 0.000000
6 92 -0.000000 0.000000
7 92 -0.000000 0.000000
8 92 -0.000000 0.000000
9 92 -0.000000 0.000000
10 92 -0.000000 0.000000
11 92 -0.000000 0.000000
12 92 -0.000000 0.000000
13 92 -0.000000 0.000000
14 92 -0.000000 0.000000
15 92 -0.000000 0.000000
16 92 -0.000000 0.000000
17 92 -0.000000 0.000000
18 92 -0.000000 0.000000
19 92 -0.000001 0.000000
20 92 -0.000001 0.000000
21 92 -0.000001 0.000000
22 92 -0.000001 0.000000
23 92 -0.000001 0.000000
24 92 -0.000001 0.000000
25 92 0.000000 0.000000
26 92 -0.000000 0.000000
27 92 -0.000004 0.000000
28 92 -0.000010 0.000000
29 92 -0.000014 0.000000
30 92 -0.000014 0.000000
31 92 -0.000013 0.000000
32 92 -0.000010 0.000000
33 92 -0.000005 0.000000
34 92 -0.000002 0.000000
35 92 -0.000003 0.000000
36 92 -0.000001 0.000000
37 92 -0.000000 0.000000
38 92 0.000000 0.000000
39 92 0.000004 0.000000
40 92 0.000004 0.000000
41 92 0.000005 0.000000
42 92 0.000005 0.000000
43 92 0.000004 0.000000
44 92 0.000005 0.000000
45 92 0.000005 0.000000
46 92 0.000002 0.000000
47 92 -0.000002 0.000000
48 92 -0.000004 0.000000
49 92 -0.000006 0.000000
50 92 -0.000012 0.000000
51 92 -0.000016 0.000000
52 92 -0.000017 0.000000
53 92 -0.000022 0.000000
54 92 -0.000026 0.000000
55 92 -0.000029 0.000000
56 92 -0.000033 0.000000
57 92 -0.000037 0.000000
58 92 -0.000040 0.000000
59 92 -0.000042 0.000000
60 92 -0.000043 0.000000
61 92 -0.000044 0.000000
62 92 -0.000044 0.000000
63 92 -0.000044 0.000000
64 92 -0.000044 0.000000
65 92 -0.000046 0.000000
66 92 -0.000048 0.000000
67 92 -0.000052 0.000000
68 92 -0.000056 0.000000
69 92 -0.000064 0.000000
70 92 -0.000082 0.000000
71 92 -0.000135 0.000000
72 92 -0.000221 0.000000
73 92 -0.000141 0.000000
74 92 0.000080 0.000000
75 92 0.000079 0.000000
76 92 -0.000098 0.000000
77 92 -0.000173 0.000000
78 92 -0.000152 0.000000
79 92 -0.000123 0.000000
80 92 -0.000086 0.000000
81 92 -0.000041 0.000000
82 92 -0.000011 0.000000
83 92 -0.000001 0.000000
84 92 0.000000 0.000000
85 92 -0.000000 0.000000
86 92 -0.000000 0.000000
87 92 -0.000000 0.000000
88 92 -0.000000 0.000000
89 92 -0.000000 0.000000
90 92 -0.000000 0.000000
91 92 -0.000000 0.000000
92 92 -0.000000 0.000000
93 92 -0.000000 0.000000
94 92 -0.000000 0.000000
95 92 -0.000000 0.000000
96 92 -0.000000 0.000000
97 92 -0.000000 0.000000
98 92 -0.000000 0.000000
99 92 -0.000000 0.000000
0 93 -0.000000 0.000000
1 93 -0.000000 0.000000
2 93 -0.000000 0.000000
3 93 -0.000000 0.000000
4 93 -0.000000 0.000000
5 93 -0.000000 0.000000
6 93 -0.000000 0.000000
7 93 -0.000000 0.000000
8 93 -0.000000 0.000000
9 93 -0.000000 0.000000
10 93 -0.000000 0.000000
11 93 -0.000000 0.000000
12 93 -0.000000 0.000000
13 93 -0.000000 0.000000
14 93 -0.000000 0.000000
15 93 -0.000000 0.000000
16 93 -0.000000 0.000000
17 93 -0.000000 0.000000
18 93 -0.000000 0.000000
19 93 -0.000000 0.000000
20 93 -0.000000 0.000000
21 93 -0.000001 0.000000
22 93 -0.000001 0.000000
23 93 -0.000001 0.000000
24 93 -0.000000 0.000000
25 93 0.000001 0.000000
26 93 0.000001 0.000000
27 93 -0.000004 0.000000
28 93 -0.000010 0.000000
29 93 -0.000014 0.000000
30 93 -0.000014 0.000000
31 93 -0.000013 0.000000
32 93 -0.000010 0.000000
33 93 -0.000006 0.000000
34 93 -0.000003 0.000000
35 93 -0.000003 0.000000
36 93 -0.000003 0.000000
37 93 -0.000003 0.000000
38 93 -0.000003 0.000000
39 93 -0.000002 0.000000
40 93 -0.000005 0.000000
41 93 -0.000009 0.000000
42 93 -0.000012 0.000000
43 93 -0.000014 0.000000
44 93 -0.000011 0.000000
45 93 -0.000007 0.000000
46 93 -0.000005 0.000000
47 93 -0.000004 0.000000
48 93 0.000001 0.000000
49 93 0.000003 0.000000
50 93 -0.000004 0.000000
51 93 -0.000006 0.000000
52 93 -0.000004 0.000000
53 93 -0.000007 0.000000
54 93 -0.000009 0.000000
55 93 -0.000012 0.000000
56 93 -0.000016 0.000000
57 93 -0.000021 0.000000
58 93 -0.000026 0.000000
59 93 -0.000031 0.000000
60 93 -0.000037 0.000000
61 93 -0.000043 0.000000
62 93 -0.000048 0.000000
63 93 -0.000052 0.000000
64 93 -0.000056 0.000000
65 93 -0.000061 0.000000
66 93 -0.000066 0.000000
67 93 -0.000070 0.000000
68 93 -0.000075 0.000000
69 93 -0.000085 0.000000
70 93 -0.000105 0.000000
71 93 -0.000158 0.000000
72 93 -0.000235 0.000000
73 93 -0.000140 0.000000
74 93 0.000089 0.000000
75 93 0.000091 0.000000
76 93 -0.000089 0.000000
77 93 -0.000177 0.000000
78 93 -0.000167 0.000000
79 93 -0.000142 0.000000
80 93 -0.000104 0.000000
81 93 -0.000052 0.000000
82 93 -0.000016 0.000000
83 93 -0.000002 0.000000
84 93 0.000000 0.000000
85 93 0.000000 0.000000
86 93 -0.000000 0.000000
87 93 -0.000000 0.000000
88 93 -0.000000 0.000000
89 93 -0.000000 0.000000
90 93 -0.000000 0.000000
91 93 -0.000000 0.000000
92 93 -0.000000 0.000000
93 93 -0.000000 0.000000
94 93 -0.000000 0.000000
95 93 -0.000000 0.000000
96 93 -0.000000 0.000000
97 93 -0.000000 0.000000
98 93 -0.000000 0.000000
99 93 -0.000000 0.000000
0 94 -0.000000 0.000000
1 94 -0.000000 0.000000
2 94 -0.000000 0.000000
3 94 -0.000000 0.000000
4 94 -0.000000 0.000000
5 94 -0.000000 0.000000
6 94 -0.000000 0.000000
7 94 -0.000000 0.000000
8 94 -0.000000 0.000000
9 94 -0.000000 0.000000
10 94 -0.000000 0.000000
11 94 -0.000000 0.000000
12 94 -0.000000 0.000000
13 94 -0.000000 0.000000
14 94 -0.000000 0.000000
15 94 -0.000000 0.000000
16 94 -0.000000 0.000000
17 94 -0.000000 0.000000
18 94 -0.000000 0.000000
19 94 -0.000000 0.000000
20 94 -0.000000 0.000000
21 94 -0.000000 0.000000
22 94 -0.000001 0.000000
23 94 -0.000001 0.000000
24 94 -0.000000 0.000000
25 94 0.000001 0.000000
26 94 0.000001 0.000000
27 94 -0.000003 0.000000
28 94 -0.000010 0.000000
29 94 -0.000014 0.000000
30 94 -0.000014 0.000000
31 94 -0.000013 0.000000
32 94 -0.000011 0.000000
33 94 -0.000007 0.000000
34 94 -0.000003 0.000000
35 94 -0.000002 0.000000
36 94 -0.000003 0.000000
37 94 -0.000003 0.000000
38 94 -0.000005 0.000000
39 94 -0.000009 0.000000
40 94 -0.000019 0.000000
41 94 -0.000033 0.000000
42 94 -0.000048 0.000000
43 94 -0.000058 0.000000
44 94 -0.000058 0.000000
45 94 -0.000051 0.000000
46 94 -0.000043 0.000000
47 94 -0.000033 0.000000
48 94 -0.000014 0.000000
49 94 -0.000005 0.000000
50 94 -0.000015 0.000000
51 94 -0.000016 0.000000
52 94 -0.000009 0.000000
53 94 -0.000007 0.000000
54 94 -0.000005 0.000000
55 94 -0.000003 0.000000
56 94 -0.000003 0.000000
57 94 -0.000004 0.000000
58 94 -0.000007 0.000000
59 94 -0.000012 0.000000
60 94 -0.000017 0.000000
61 94 -0.000023 0.000000
62 94 -0.000030 0.000000
63 94 -0.000037 0.000000
64 94 -0.000045 0.000000
65 94 -0.000054 0.000000
66 94 -0.000063 0.000000
67 94 -0.000071 0.000000
68 94 -0.000079 0.000000
69 94 -0.000092 0.000000
70 94 -0.000113 0.000000
71 94 -0.000165 0.000000
72 94 -0.000232 0.000000
73 94 -0.000140 0.000000
74 94 0.000072 0.000000
75 94 0.000073 0.000000
76 94 -0.000092 0.000000
77 94 -0.000178 0.000000
78 94 -0.000176 0.000000
79 94 -0.000158 0.000000
80 94 -0.000120 0.000000
81 94 -0.000065 0.000000
82 94 -0.000022 0.000000
83 94 -0.000003 0.000000
84 94 0.000000 0.000000
85 94 0.000000 0.000000
86 94 -0.000000 0.000000
87 94 -0.000000 0.000000
88 94 -0.000000 0.000000
89 94 -0.000000 0.000000
90 94 -0.000000 0.000000
91 94 -0.000000 0.000000
92 94 -0.000000 0.000000
93 94 -0.000000 0.000000
94 94 -0.000000 0.000000
95 94 -0.000000 0.000000
96 94 -0.000000 0.000000
97 94 -0.000000 0.000000
98 94 -0.000000 0.000000
99 94 -0.000000 0.000000
0 95 -0.000000 0.000000
1 95 -0.000000 0.000000
2 95 -0.000000 0.000000
3 95 -0.000000 0.000000
4 95 -0.000000 0.000000
5 95 -0.000000 0.000000
6 95 -0.000000 0.000000
7 95 -0.000000 0.000000
8 95 -0.000000 0.000000
9 95 -0.000000 0.000000
10 95 -0.000000 0.000000
11 95 -0.000000 0.000000
12 95 -0.000000 0.000000
13 95 -0.000000 0.000000
14 95 -0.000000 0.000000
15 95 -0.000000 0.000000
16 95 -0.000000 0.000000
17 95 -0.000000 0.000000
18 95 -0.000000 0.000000
19 95 -0.000000 0.000000
20 95 -0.000000 0.000000
21 95 -0.000000 0.000000
22 95 -0.000001 0.000000
23 95 -0.000001 0.000000
24 95 -0.000000 0.000000
25 95 0.000001 0.000000
26 95 0.000000 0.000000
27 95 -0.000004 0.000000
28 95 -0.000010 0.000000
29 95 -0.000014 0.000000
30 95 -0.000014 0.000000
31 95 -0.000014 0.000000
32 95 -0.000012 0.000000
33 95 -0.000007 0.000000
34 95 -0.000003 0.000000
35 95 -0.000001 0.000000
36 95 -0.000001 0.000000
37 95 -0.000001 0.000000
38 95 -0.000004 0.000000
39 95 -0.000014 0.000000
40 95 -0.000036 0.000000
41 95 -0.000067 0.000000
42 95 -0.000100 0.000000
43 95 -0.000125 0.000000
44 95 -0.000132 0.000000
45 95 -0.000124 0.000000
46 95 -0.000110 0.000000
47 95 -0.000084 0.000000
48 95 -0.000039 0.000000
49 95 -0.000017 0.000000
50 95 -0.000035 0.000000
51 95 -0.000040 0.000000
52 95 -0.000028 0.000000
53 95 -0.000022 0.000000
54 95 -0.000015 0.000000
55 95 -0.000008 0.000000
56 95 -0.000004 0.000000
57 95 -0.000001 0.000000
58 95 -0.000001 0.000000
59 95 -0.000002 0.000000
60 95 -0.000005 0.000000
61 95 -0.000008 0.000000
62 95 -0.000012 0.000000
63 95 -0.000017 0.000000
64 95 -0.000024 0.000000
65 95 -0.000033 0.000000
66 95 -0.000044 0.000000
67 95 -0.000055 0.000000
68 95 -0.000067 0.000000
69 95 -0.000082 0.000000
70 95 -0.000105 0.000000
71 95 -0.000152 0.000000
72 95 -0.000211 0.000000
73 95 -0.000134 0.000000
74 95 0.000039 0.000000
75 95 0.000035 0.000000
76 95 -0.000103 0.000000
77 95 -0.000177 0.000000
78 95 -0.000181 0.000000
79 95 -0.000168 0.000000
80 95 -0.000134 0.000000
81 95 -0.000077 0.000000
82 95 -0.000029 0.000000
83 95 -0.000006 0.000000
84 95 0.000000 0.000000
85 95 0.000000 0.000000
86 95 0.000000 0.000000
87 95 -0.000000 0.000000
88 95 -0.000000 0.000000
89 95 -0.000000 0.000000
90 95 -0.000000 0.000000
91 95 -0.000000 0.000000
92 95 -0.000000 0.000000
93 95 -0.000000 0.000000
94 95 -0.000000 0.000000
95 95 -0.000000 0.000000
96 95 -0.000000 0.000000
97 95 -0.000000 0.000000
98 95 -0.000000 0.000000
99 95 -0.000000 0.000000
0 96 -0.000000 0.000000
1 96 -0.000000 0.000000
2 96 -0.000000 0.000000
3 96 -0.000000 0.000000
4 96 -0.000000 0.000000
5 96 -0.000000 0.000000
6 96 -0.000000 0.000000
7 96 -0.000000 0.000000
8 96 -0.000000 0.000000
9 96 -0.000000 0.000000
10 96 -0.000000 0.000000
11 96 -0.000000 0.000000
12 96 -0.000000 0.000000
13 96 -0.000000 0.000000
14 96 -0.000000 0.000000
15 96 -0.000000 0.000000
16 96 -0.000000 0.000000
17 96 -0.000000 0.000000
18 96 -0.000000 0.000000
19 96 -0.000000 0.000000
20 96 -0.000000 0.000000
21 96 -0.000000 0.000000
22 96 -0.000001 0.000000
23 96 -0.000001 0.000000
24 96 -0.000000 0.000000
25 96 0.000000 0.000000
26 96 -0.000000 0.000000
27 96 -0.000004 0.000000
28 96 -0.000010 0.000000
29 96 -0.000013 0.000000
30 96 -0.000014 0.000000
31 96 -0.000014 0.000000
32 96 -0.000012 0.000000
33 96 -0.000008 0.000000
34 96 -0.000003 0.000000
35 96 -0.000001 0.000000
36 96 0.000000 0.000000
37 96 -0.000001 0.000000
38 96 -0.000006 0.000000
39 96 -0.000023 0.000000
40 96 -0.000058 0.000000
41 96 -0.000110 0.000000
42 96 -0.000167 0.000000
43 96 -0.000210 0.000000
44 96 -0.000227 0.000000
45 96 -0.000220 0.000000
46 96 -0.000199 0.000000
47 96 -0.000145 0.000000
48 96 -0.000051 0.000000
49 96 -0.000007 0.000000
50 96 -0.000049 0.000000
51 96 -0.000070 0.000000
52 96 -0.000055 0.000000
53 96 -0.000044 0.000000
54 96 -0.000029 0.000000
55 96 -0.000017 0.000000
56 96 -0.000009 0.000000
57 96 -0.000003 0.000000
58 96 -0.000001 0.000000
59 96 -0.000001 0.000000
60 96 -0.000001 0.000000
61 96 -0.000002 0.000000
62 96 -0.000004 0.000000
63 96 -0.000006 0.000000
64 96 -0.000010 0.000000
65 96 -0.000016 0.000000
66 96 -0.000025 0.000000
67 96 -0.000036 0.000000
68 96 -0.000049 0.000000
69 96 -0.000066 0.000000
70 96 -0.000089 0.000000
71 96 -0.000129 0.000000
72 96 -0.000178 0.000000
73 96 -0.000123 0.000000
74 96 0.000002 0.000000
75 96 -0.000009 0.000000
76 96 -0.000116 0.000000
77 96 -0.000173 0.000000
78 96 -0.000181 0.000000
79 96 -0.000174 0.000000
80 96 -0.000142 0.000000
81 96 -0.000087 0.000000
82 96 -0.000037 0.000000
83 96 -0.000010 0.000000
84 96 -0.000001 0.000000
85 96 0.000000 0.000000
86 96 0.000000 0.000000
87 96 -0.000000 0.000000
88 96 -0.000000 0.000000
89 96 -0.000000 0.000000
90 96 -0.000000 0.000000
91 96 -0.000000 0.000000
92 96 -0.000000 0.000000
93 96 -0.000000 0.000000
94 96 -0.000000 0.000000
95 96 -0.000000 0.000000
96 96 -0.000000 0.000000
97 96 -0.000000 0.000000
98 96 -0.000000 0.000000
99 96 -0.000000 0.000000
0 97 -0.000000 0.000000
1 97 -0.000000 0.000000
2 97 -0.000000 0.000000
3 97 -0.000000 0.000000
4 97 -0.000000 0.000000
5 97 -0.000000 0.000000
6 97 -0.000000 0.000000
7 97 -0.000000 0.000000
8 97 -0.000000 0.000000
9 97 -0.000000 0.000000
10 97 -0.000000 0.000000
11 97 -0.000000 0.000000
12 97 -0.000000 0.000000
13 97 -0.000000 0.000000
14 97 -0.000000 0.000000
15 97 -0.000000 0.000000
16 97 -0.000000 0.000000
17 97 -0.000000 0.000000
18 97 -0.000000 0.000000
19 97 -0.000000 0.000000
20 97 -0.000000 0.000000
21 97 -0.000000 0.000000
22 97 -0.000000 0.000000
23 97 -0.000001 0.000000
24 97 -0.000000 0.000000
25 97 -0.000000 0.000000
26 97 -0.000001 0.000000
27 97 -0.000004 0.000000
28 97 -0.000010 0.000000
29 97 -0.000013 0.000000
30 97 -0.000014 0.000000
31 97 -0.000014 0.000000
32 97 -0.000013 0.000000
33 97 -0.000010 0.000000
34 97 -0.000005 0.000000
35 97 -0.000001 0.000000
36 97 -0.000000 0.000000
37 97 -0.000001 0.000000
38 97 -0.000009 0.000000
39 97 -0.000031 0.000000
40 97 -0.000077 0.000000
41 97 -0.000149 0.000000
42 97 -0.000229 0.000000
43 97 -0.000292 0.000000
44 97 -0.000318 0.000000
45 97 -0.000316 0.000000
46 97 -0.000289 0.000000
47 97 -0.000182 0.000000
48 97 0.000005 0.000000
49 97 0.000084 0.000000
50 97 -0.000017 0.000000
51 97 -0.000094 0.000000
52 97 -0.000090 0.000000
53 97 -0.000075 0.000000
54 97 -0.000050 0.000000
55 97 -0.000028 0.000000
56 97 -0.000013 0.000000
57 97 -0.000004 0.000000
58 97 -0.000000 0.000000
59 97 0.000001 0.000000
60 97 -0.000000 0.000000
61 97 -0.000001 0.000000
62 97 -0.000001 0.000000
63 97 -0.000001 0.000000
64 97 -0.000002 0.000000
65 97 -0.000005 0.000000
66 97 -0.000012 0.000000
67 97 -0.000023 0.000000
68 97 -0.000036 0.000000
69 97 -0.000053 0.000000
70 97 -0.000074 0.000000
71 97 -0.000106 0.000000
72 97 -0.000143 0.000000
73 97 -0.000109 0.000000
74 97 -0.000031 0.000000
75 97 -0.000049 0.000000
76 97 -0.000126 0.000000
77 97 -0.000168 0.000000
78 97 -0.000177 0.000000
79 97 -0.000174 0.000000
80 97 -0.000146 0.000000
81 97 -0.000095 0.000000
82 97 -0.000045 0.000000
83 97 -0.000014 0.000000
84 97 -0.000002 0.000000
85 97 0.000000 0.000000
86 97 0.000000 0.000000
87 97 0.000000 0.000000
88 97 -0.000000 0.000000
89 97 -0.000000 0.000000
90 97 -0.000000 0.000000
91 97 -0.000000 0.000000
92 97 -0.000000 0.000000
93 97 -0.000000 0.000000
94 97 -0.000000 0.000000
95 97 -0.000000 0.000000
96 97 -0.000000 0.000000
97 97 -0.000000 0.000000
98 97 -0.000000 0.000000
99 97 -0.000000 0.000000
0 98 -0.000000 0.000000
1 98 -0.000000 0.000000
2 98 -0.000000 0.000000
3 98 -0.000000 0.000000
4 98 -0.000000 0.000000
5 98 -0.000000 0.000000
6 98 -0.000000 0.000000
7 98 -0.000000 0.000000
8 98 -0.000000 0.000000
9 98 -0.000000 0.000000
10 98 -0.000000 0.000000
11 98 -0.000000 0.000000
12 98 -0.000000 0.000000
13 98 -0.000000 0.000000
14 98 -0.000000 0.000000
15 98 -0.000000 0.000000
16 98 -0.000000 0.000000
17 98 -0.000000 0.000000
18 98 -0.000000 0.000000
19 98 -0.000000 0.000000
20 98 -0.000000 0.000000
21 98 -0.000000 0.000000
22 98 -0.000000 0.000000
23 98 -0.000000 0.000000
24 98 -0.000001 0.000000
25 98 -0.000001 0.000000
26 98 -0.000001 0.000000
27 98 -0.000005 0.000000
28 98 -0.000009 0.000000
29 98 -0.000013 0.000000
30 98 -0.000014 0.000000
31 98 -0.000013 0.000000
32 98 -0.000013 0.000000
33 98 -0.000010 0.000000
34 98 -0.000006 0.000000
35 98 -0.000002 0.000000
36 98 -0.000001 0.000000
37 98 -0.000001 0.000000
38 98 -0.000009 0.000000
39 98 -0.000032 0.000000
40 98 -0.000085 0.000000
41 98 -0.000172 0.000000
42 98 -0.000275 0.000000
43 98 -0.000356 0.000000
44 98 -0.000392 0.000000
45 98 -0.000398 0.000000
46 98 -0.000353 0.000000
47 98 -0.000138 0.000000
48 98 0.000221 0.000000
49 98 0.000354 0.000000
50 98 0.000135 0.000000
51 98 -0.000070 0.000000
52 98 -0.000118 0.000000
53 98 -0.000111 0.000000
54 98 -0.000078 0.000000
55 98 -0.000044 0.000000
56 98 -0.000021 0.000000
57 98 -0.000005 0.000000
58 98 0.000002 0.000000
59 98 0.000004 0.000000
60 98 0.000002 0.000000
61 98 -0.000001 0.000000
62 98 -0.000001 0.000000
63 98 0.000000 0.000000
64 98 0.000002 0.000000
65 98 0.000002 0.000000
66 98 -0.000003 0.000000
67 98 -0.000012 0.000000
68 98 -0.000026 0.000000
69 98 -0.000042 0.000000
70 98 -0.000061 0.000000
71 98 -0.000084 0.000000
72 98 -0.000112 0.000000
73 98 -0.000094 0.000000
74 98 -0.000054 0.000000
75 98 -0.000075 0.000000
76 98 -0.000129 0.000000
77 98 -0.000160 0.000000
78 98 -0.000170 0.000000
79 98 -0.000168 0.000000
80 98 -0.000144 0.000000
81 98 -0.000098 0.000000
82 98 -0.000051 0.000000
83 98 -0.000019 0.000000
84 98 -0.000005 0.000000
85 98 -0.000000 0.000000
86 98 0.000000 0.000000
87 98 0.000000 0.000000
88 98 -0.000000 0.000000
89 98 -0.000000 0.000000
90 98 -0.000000 0.000000
91 98 -0.000000 0.000000
92 98 -0.000000 0.000000
93 98 -0.000000 0.000000
94 98 -0.000000 0.000000
95 98 -0.000000 0.000000
96 98 -0.000000 0.000000
97 98 -0.000000 0.000000
98 98 -0.000000 0.000000
99 98 -0.000000 0.000000
0 99 -0.000000 0.000000
1 99 -0.000000 0.000000
2 99 -0.000000 0.000000
3 99 -0.000000 0.000000
4 99 -0.000000 0.000000
5 99 -0.000000 0.000000
6 99 -0.000000 0.000000
7 99 -0.000000 0.000000
8 99 -0.000000 0.000000
9 99 -0.000000 0.000000
10 99 -0.000000 0.000000
11 99 -0.000000 0.000000
12 99 -0.000000 0.000000
13 99 -0.000000 0.000000
14 99 -0.000000 0.000000
15 99 -0.000000 0.000000
16 99 -0.000000 0.000000
17 99 0.000000 0.000000
18 99 0.000000 0.000000
19 99 -0.000000 0.000000
20 99 -0.000000 0.000000
21 99 -0.000000 0.000000
22 99 -0.000000 0.000000
23 99 -0.000000 0.000000
24 99 -0.000001 0.000000
25 99 -0.000001 0.000000
26 99 -0.000002 0.000000
27 99 -0.000004 0.000000
28 99 -0.000009 0.000000
29 99 -0.000012 0.000000
30 99 -0.000013 0.000000
31 99 -0.000013 0.000000
32 99 -0.000012 0.000000
33 99 -0.000011 0.000000
34 99 -0.000007 0.000000
35 99 -0.000003 0.000000
36 99 -0.000001 0.000000
37 99 -0.000001 0.000000
38 99 -0.000006 0.000000
39 99 -0.000026 0.000000
40 99 -0.000079 0.000000
41 99 -0.000176 0.000000
42 99 -0.000302 0.000000
43 99 -0.000405 0.000000
44 99 -0.000451 0.000000
45 99 -0.000462 0.000000
46 99 -0.000368 0.000000
47 99 0.000036 0.000000
48 99 0.000662 0.000000
49 99 0.000871 0.000000
50 99 0.000465 0.000000
51 99 0.000050 0.000000
52 99 -0.000103 0.000000
53 99 -0.000131 0.000000
54 99 -0.000100 0.000000
55 99 -0.000061 0.000000
56 99 -0.000030 0.000000
57 99 -0.000009 0.000000
58 99 0.000003 0.000000
59 99 0.000008 0.000000
60 99 0.000006 0.000000
61 99 0.000001 0.000000
62 99 -0.000002 0.000000
63 99 -0.000001 0.000000
64 99 0.000002 0.000000
65 99 0.000004 0.000000
66 99 0.000002 0.000000
67 99 -0.000006 0.000000
68 99 -0.000018 0.000000
69 99 -0.000033 0.000000
70 99 -0.000049 0.000000
71 99 -0.000066 0.000000
72 99 -0.000086 0.000000
73 99 -0.000080 0.000000
74 99 -0.000064 0.000000
75 99 -0.000085 0.000000
76 99 -0.000124 0.000000
77 99 -0.000148 0.000000
78 99 -0.000158 0.000000
79 99 -0.000156 0.000000
80 99 -0.000136 0.000000
81 99 -0.000097 0.000000
82 99 -0.000055 0.000000
83 99 -0.000024 0.000000
84 99 -0.000008 0.000000
85 99 -0.000002 0.000000
86 99 -0.000000 0.000000
87 99 0.000000 0.000000
88 99 0.000000 0.000000
89 99 -0.000000 0.000000
90 99 -0.000000 0.000000
91 99 -0.000000 0.000000
92 99 -0.000000 0.000000
93 99 -0.000000 0.000000
94 99 -0.000000 0.000000
95 99 -0.000000 0.000000
96 99 -0.000000 0.000000
97 99 -0.000000 0.000000
98 99 -0.000000 0.000000
99 99 -0.000000 0.000000
