# translate41  L0=100 R=25 xi=3 Pe=60 M=1.000000e-03 steps=50000 lat=D3Q27
# mid-z slice: x y phi_final phi_initial
0 0 -0.000025 0.000000
1 0 -0.000015 0.000000
2 0 -0.000028 0.000000
3 0 -0.000027 0.000000
4 0 -0.000016 0.000000
5 0 -0.000028 0.000000
6 0 -0.000031 0.000000
7 0 -0.000019 0.000000
8 0 -0.000029 0.000000
9 0 -0.000037 0.000000
10 0 -0.000024 0.000000
11 0 -0.000030 0.000000
12 0 -0.000041 0.000000
13 0 -0.000029 0.000000
14 0 -0.000033 0.000000
15 0 -0.000045 0.000000
16 0 -0.000037 0.000000
17 0 -0.000036 0.000000
18 0 -0.000052 0.000000
19 0 -0.000045 0.000000
20 0 -0.000041 0.000000
21 0 -0.000057 0.000000
22 0 -0.000054 0.000000
23 0 -0.000048 0.000000
24 0 -0.000062 0.000000
25 0 -0.000063 0.000000
26 0 -0.000053 0.000000
27 0 -0.000067 0.000000
28 0 -0.000072 0.000000
29 0 -0.000059 0.000000
30 0 -0.000072 0.000000
31 0 -0.000079 0.000000
32 0 -0.000066 0.000000
33 0 -0.000077 0.000000
34 0 -0.000085 0.000000
35 0 -0.000073 0.000000
36 0 -0.000079 0.000000
37 0 -0.000090 0.000000
38 0 -0.000080 0.000000
39 0 -0.000083 0.000000
40 0 -0.000095 0.000000
41 0 -0.000086 0.000000
42 0 -0.000085 0.000000
43 0 -0.000098 0.000000
44 0 -0.000090 0.000000
45 0 -0.000085 0.000000
46 0 -0.000098 0.000000
47 0 -0.000093 0.000000
48 0 -0.000084 0.000000
49 0 -0.000097 0.000000
50 0 -0.000094 0.000000
51 0 -0.000083 0.000000
52 0 -0.000093 0.000000
53 0 -0.000092 0.000000
54 0 -0.000080 0.000000
55 0 -0.000087 0.000000
56 0 -0.000090 0.000000
57 0 -0.000076 0.000000
58 0 -0.000082 0.000000
59 0 -0.000084 0.000000
60 0 -0.000072 0.000000
61 0 -0.000073 0.000000
62 0 -0.000080 0.000000
63 0 -0.000067 0.000000
64 0 -0.000066 0.000000
65 0 -0.000074 0.000000
66 0 -0.000063 0.000000
67 0 -0.000060 0.000000
68 0 -0.000068 0.000000
69 0 -0.000058 0.000000
70 0 -0.000052 0.000000
71 0 -0.000062 0.000000
72 0 -0.000054 0.000000
73 0 -0.000046 0.000000
74 0 -0.000053 0.000000
75 0 -0.000050 0.000000
76 0 -0.000041 0.000000
77 0 -0.000048 0.000000
78 0 -0.000046 0.000000
79 0 -0.000035 0.000000
80 0 -0.000042 0.000000
81 0 -0.000044 0.000000
82 0 -0.000030 0.000000
83 0 -0.000038 0.000000
84 0 -0.000040 0.000000
85 0 -0.000027 0.000000
86 0 -0.000032 0.000000
87 0 -0.000038 0.000000
88 0 -0.000026 0.000000
89 0 -0.000027 0.000000
90 0 -0.000035 0.000000
91 0 -0.000024 0.000000
92 0 -0.000021 0.000000
93 0 -0.000033 0.000000
94 0 -0.000024 0.000000
95 0 -0.000018 0.000000
96 0 -0.000030 0.000000
97 0 -0.000023 0.000000
98 0 -0.000016 0.000000
99 0 -0.000028 0.000000
0 1 -0.000035 0.000000
1 1 -0.000027 0.000000
2 1 -0.000037 0.000000
3 1 -0.000036 0.000000
4 1 -0.000027 0.000000
5 1 -0.000036 0.000000
6 1 -0.000039 0.000000
7 1 -0.000028 0.000000
8 1 -0.000036 0.000000
9 1 -0.000041 0.000000
10 1 -0.000030 0.000000
11 1 -0.000037 0.000000
12 1 -0.000046 0.000000
13 1 -0.000036 0.000000
14 1 -0.000039 0.000000
15 1 -0.000050 0.000000
16 1 -0.000041 0.000000
17 1 -0.000040 0.000000
18 1 -0.000054 0.000000
19 1 -0.000047 0.000000
20 1 -0.000043 0.000000
21 1 -0.000059 0.000000
22 1 -0.000053 0.000000
23 1 -0.000047 0.000000
24 1 -0.000062 0.000000
25 1 -0.000060 0.000000
26 1 -0.000051 0.000000
27 1 -0.000065 0.000000
28 1 -0.000068 0.000000
29 1 -0.000056 0.000000
30 1 -0.000067 0.000000
31 1 -0.000075 0.000000
32 1 -0.000062 0.000000
33 1 -0.000070 0.000000
34 1 -0.000080 0.000000
35 1 -0.000068 0.000000
36 1 -0.000073 0.000000
37 1 -0.000086 0.000000
38 1 -0.000073 0.000000
39 1 -0.000074 0.000000
40 1 -0.000087 0.000000
41 1 -0.000077 0.000000
42 1 -0.000075 0.000000
43 1 -0.000089 0.000000
44 1 -0.000081 0.000000
45 1 -0.000077 0.000000
46 1 -0.000088 0.000000
47 1 -0.000086 0.000000
48 1 -0.000076 0.000000
49 1 -0.000087 0.000000
50 1 -0.000085 0.000000
51 1 -0.000075 0.000000
52 1 -0.000083 0.000000
53 1 -0.000085 0.000000
54 1 -0.000073 0.000000
55 1 -0.000080 0.000000
56 1 -0.000083 0.000000
57 1 -0.000070 0.000000
58 1 -0.000075 0.000000
59 1 -0.000079 0.000000
60 1 -0.000067 0.000000
61 1 -0.000069 0.000000
62 1 -0.000075 0.000000
63 1 -0.000063 0.000000
64 1 -0.000062 0.000000
65 1 -0.000069 0.000000
66 1 -0.000058 0.000000
67 1 -0.000056 0.000000
68 1 -0.000065 0.000000
69 1 -0.000056 0.000000
70 1 -0.000051 0.000000
71 1 -0.000060 0.000000
72 1 -0.000054 0.000000
73 1 -0.000047 0.000000
74 1 -0.000055 0.000000
75 1 -0.000050 0.000000
76 1 -0.000043 0.000000
77 1 -0.000051 0.000000
78 1 -0.000049 0.000000
79 1 -0.000039 0.000000
80 1 -0.000047 0.000000
81 1 -0.000047 0.000000
82 1 -0.000037 0.000000
83 1 -0.000043 0.000000
84 1 -0.000045 0.000000
85 1 -0.000035 0.000000
86 1 -0.000039 0.000000
87 1 -0.000044 0.000000
88 1 -0.000033 0.000000
89 1 -0.000035 0.000000
90 1 -0.000042 0.000000
91 1 -0.000033 0.000000
92 1 -0.000033 0.000000
93 1 -0.000041 0.000000
94 1 -0.000032 0.000000
95 1 -0.000029 0.000000
96 1 -0.000040 0.000000
97 1 -0.000034 0.000000
98 1 -0.000028 0.000000
99 1 -0.000038 0.000000
0 2 -0.000024 0.000000
1 2 -0.000015 0.000000
2 2 -0.000029 0.000000
3 2 -0.000027 0.000000
4 2 -0.000017 0.000000
5 2 -0.000028 0.000000
6 2 -0.000031 0.000000
7 2 -0.000018 0.000000
8 2 -0.000029 0.000000
9 2 -0.000036 0.000000
10 2 -0.000023 0.000000
11 2 -0.000030 0.000000
12 2 -0.000040 0.000000
13 2 -0.000027 0.000000
14 2 -0.000032 0.000000
15 2 -0.000045 0.000000
16 2 -0.000035 0.000000
17 2 -0.000035 0.000000
18 2 -0.000051 0.000000
19 2 -0.000043 0.000000
20 2 -0.000039 0.000000
21 2 -0.000054 0.000000
22 2 -0.000050 0.000000
23 2 -0.000045 0.000000
24 2 -0.000059 0.000000
25 2 -0.000061 0.000000
26 2 -0.000051 0.000000
27 2 -0.000065 0.000000
28 2 -0.000068 0.000000
29 2 -0.000058 0.000000
30 2 -0.000068 0.000000
31 2 -0.000076 0.000000
32 2 -0.000065 0.000000
33 2 -0.000072 0.000000
34 2 -0.000081 0.000000
35 2 -0.000073 0.000000
36 2 -0.000073 0.000000
37 2 -0.000086 0.000000
38 2 -0.000075 0.000000
39 2 -0.000078 0.000000
40 2 -0.000088 0.000000
41 2 -0.000082 0.000000
42 2 -0.000078 0.000000
43 2 -0.000090 0.000000
44 2 -0.000083 0.000000
45 2 -0.000078 0.000000
46 2 -0.000090 0.000000
47 2 -0.000084 0.000000
48 2 -0.000079 0.000000
49 2 -0.000088 0.000000
50 2 -0.000086 0.000000
51 2 -0.000078 0.000000
52 2 -0.000086 0.000000
53 2 -0.000085 0.000000
54 2 -0.000075 0.000000
55 2 -0.000081 0.000000
56 2 -0.000084 0.000000
57 2 -0.000072 0.000000
58 2 -0.000077 0.000000
59 2 -0.000080 0.000000
60 2 -0.000068 0.000000
61 2 -0.000069 0.000000
62 2 -0.000076 0.000000
63 2 -0.000064 0.000000
64 2 -0.000064 0.000000
65 2 -0.000071 0.000000
66 2 -0.000059 0.000000
67 2 -0.000055 0.000000
68 2 -0.000062 0.000000
69 2 -0.000054 0.000000
70 2 -0.000048 0.000000
71 2 -0.000056 0.000000
72 2 -0.000047 0.000000
73 2 -0.000042 0.000000
74 2 -0.000050 0.000000
75 2 -0.000045 0.000000
76 2 -0.000034 0.000000
77 2 -0.000045 0.000000
78 2 -0.000041 0.000000
79 2 -0.000031 0.000000
80 2 -0.000040 0.000000
81 2 -0.000038 0.000000
82 2 -0.000027 0.000000
83 2 -0.000035 0.000000
84 2 -0.000036 0.000000
85 2 -0.000025 0.000000
86 2 -0.000029 0.000000
87 2 -0.000036 0.000000
88 2 -0.000023 0.000000
89 2 -0.000027 0.000000
90 2 -0.000034 0.000000
91 2 -0.000022 0.000000
92 2 -0.000023 0.000000
93 2 -0.000032 0.000000
94 2 -0.000022 0.000000
95 2 -0.000019 0.000000
96 2 -0.000031 0.000000
97 2 -0.000021 0.000000
98 2 -0.000017 0.000000
99 2 -0.000030 0.000000
0 3 -0.000023 0.000000
1 3 -0.000014 0.000000
2 3 -0.000027 0.000000
3 3 -0.000026 0.000000
4 3 -0.000014 0.000000
5 3 -0.000026 0.000000
6 3 -0.000031 0.000000
7 3 -0.000019 0.000000
8 3 -0.000029 0.000000
9 3 -0.000036 0.000000
10 3 -0.000023 0.000000
11 3 -0.000029 0.000000
12 3 -0.000040 0.000000
13 3 -0.000030 0.000000
14 3 -0.000034 0.000000
15 3 -0.000046 0.000000
16 3 -0.000038 0.000000
17 3 -0.000037 0.000000
18 3 -0.000053 0.000000
19 3 -0.000045 0.000000
20 3 -0.000043 0.000000
21 3 -0.000058 0.000000
22 3 -0.000055 0.000000
23 3 -0.000050 0.000000
24 3 -0.000063 0.000000
25 3 -0.000063 0.000000
26 3 -0.000055 0.000000
27 3 -0.000068 0.000000
28 3 -0.000071 0.000000
29 3 -0.000063 0.000000
30 3 -0.000072 0.000000
31 3 -0.000078 0.000000
32 3 -0.000068 0.000000
33 3 -0.000074 0.000000
34 3 -0.000083 0.000000
35 3 -0.000071 0.000000
36 3 -0.000076 0.000000
37 3 -0.000086 0.000000
38 3 -0.000076 0.000000
39 3 -0.000077 0.000000
40 3 -0.000089 0.000000
41 3 -0.000079 0.000000
42 3 -0.000079 0.000000
43 3 -0.000089 0.000000
44 3 -0.000084 0.000000
45 3 -0.000079 0.000000
46 3 -0.000090 0.000000
47 3 -0.000087 0.000000
48 3 -0.000078 0.000000
49 3 -0.000089 0.000000
50 3 -0.000086 0.000000
51 3 -0.000076 0.000000
52 3 -0.000085 0.000000
53 3 -0.000084 0.000000
54 3 -0.000073 0.000000
55 3 -0.000081 0.000000
56 3 -0.000081 0.000000
57 3 -0.000068 0.000000
58 3 -0.000074 0.000000
59 3 -0.000077 0.000000
60 3 -0.000065 0.000000
61 3 -0.000068 0.000000
62 3 -0.000072 0.000000
63 3 -0.000061 0.000000
64 3 -0.000060 0.000000
65 3 -0.000068 0.000000
66 3 -0.000058 0.000000
67 3 -0.000056 0.000000
68 3 -0.000063 0.000000
69 3 -0.000054 0.000000
70 3 -0.000051 0.000000
71 3 -0.000059 0.000000
72 3 -0.000051 0.000000
73 3 -0.000044 0.000000
74 3 -0.000052 0.000000
75 3 -0.000047 0.000000
76 3 -0.000038 0.000000
77 3 -0.000046 0.000000
78 3 -0.000042 0.000000
79 3 -0.000033 0.000000
80 3 -0.000041 0.000000
81 3 -0.000040 0.000000
82 3 -0.000029 0.000000
83 3 -0.000035 0.000000
84 3 -0.000038 0.000000
85 3 -0.000026 0.000000
86 3 -0.000029 0.000000
87 3 -0.000036 0.000000
88 3 -0.000023 0.000000
89 3 -0.000025 0.000000
90 3 -0.000032 0.000000
91 3 -0.000021 0.000000
92 3 -0.000021 0.000000
93 3 -0.000030 0.000000
94 3 -0.000022 0.000000
95 3 -0.000017 0.000000
96 3 -0.000028 0.000000
97 3 -0.000021 0.000000
98 3 -0.000015 0.000000
99 3 -0.000027 0.000000
0 4 -0.000035 0.000000
1 4 -0.000029 0.000000
2 4 -0.000039 0.000000
3 4 -0.000036 0.000000
4 4 -0.000029 0.000000
5 4 -0.000039 0.000000
6 4 -0.000040 0.000000
7 4 -0.000030 0.000000
8 4 -0.000038 0.000000
9 4 -0.000042 0.000000
10 4 -0.000033 0.000000
11 4 -0.000039 0.000000
12 4 -0.000049 0.000000
13 4 -0.000038 0.000000
14 4 -0.000041 0.000000
15 4 -0.000050 0.000000
16 4 -0.000043 0.000000
17 4 -0.000041 0.000000
18 4 -0.000054 0.000000
19 4 -0.000048 0.000000
20 4 -0.000046 0.000000
21 4 -0.000059 0.000000
22 4 -0.000055 0.000000
23 4 -0.000047 0.000000
24 4 -0.000062 0.000000
25 4 -0.000061 0.000000
26 4 -0.000052 0.000000
27 4 -0.000065 0.000000
28 4 -0.000068 0.000000
29 4 -0.000056 0.000000
30 4 -0.000067 0.000000
31 4 -0.000073 0.000000
32 4 -0.000062 0.000000
33 4 -0.000070 0.000000
34 4 -0.000079 0.000000
35 4 -0.000067 0.000000
36 4 -0.000072 0.000000
37 4 -0.000084 0.000000
38 4 -0.000072 0.000000
39 4 -0.000071 0.000000
40 4 -0.000082 0.000000
41 4 -0.000074 0.000000
42 4 -0.000070 0.000000
43 4 -0.000082 0.000000
44 4 -0.000075 0.000000
45 4 -0.000070 0.000000
46 4 -0.000080 0.000000
47 4 -0.000076 0.000000
48 4 -0.000067 0.000000
49 4 -0.000078 0.000000
50 4 -0.000076 0.000000
51 4 -0.000066 0.000000
52 4 -0.000075 0.000000
53 4 -0.000076 0.000000
54 4 -0.000065 0.000000
55 4 -0.000072 0.000000
56 4 -0.000076 0.000000
57 4 -0.000063 0.000000
58 4 -0.000070 0.000000
59 4 -0.000073 0.000000
60 4 -0.000060 0.000000
61 4 -0.000065 0.000000
62 4 -0.000072 0.000000
63 4 -0.000059 0.000000
64 4 -0.000059 0.000000
65 4 -0.000065 0.000000
66 4 -0.000053 0.000000
67 4 -0.000052 0.000000
68 4 -0.000061 0.000000
69 4 -0.000050 0.000000
70 4 -0.000046 0.000000
71 4 -0.000057 0.000000
72 4 -0.000050 0.000000
73 4 -0.000044 0.000000
74 4 -0.000051 0.000000
75 4 -0.000048 0.000000
76 4 -0.000041 0.000000
77 4 -0.000050 0.000000
78 4 -0.000047 0.000000
79 4 -0.000039 0.000000
80 4 -0.000046 0.000000
81 4 -0.000046 0.000000
82 4 -0.000036 0.000000
83 4 -0.000042 0.000000
84 4 -0.000044 0.000000
85 4 -0.000034 0.000000
86 4 -0.000038 0.000000
87 4 -0.000043 0.000000
88 4 -0.000032 0.000000
89 4 -0.000035 0.000000
90 4 -0.000042 0.000000
91 4 -0.000034 0.000000
92 4 -0.000033 0.000000
93 4 -0.000041 0.000000
94 4 -0.000033 0.000000
95 4 -0.000031 0.000000
96 4 -0.000040 0.000000
97 4 -0.000034 0.000000
98 4 -0.000029 0.000000
99 4 -0.000039 0.000000
0 5 -0.000027 0.000000
1 5 -0.000019 0.000000
2 5 -0.000031 0.000000
3 5 -0.000029 0.000000
4 5 -0.000021 0.000000
5 5 -0.000030 0.000000
6 5 -0.000032 0.000000
7 5 -0.000023 0.000000
8 5 -0.000032 0.000000
9 5 -0.000037 0.000000
10 5 -0.000027 0.000000
11 5 -0.000033 0.000000
12 5 -0.000042 0.000000
13 5 -0.000031 0.000000
14 5 -0.000035 0.000000
15 5 -0.000047 0.000000
16 5 -0.000038 0.000000
17 5 -0.000039 0.000000
18 5 -0.000053 0.000000
19 5 -0.000045 0.000000
20 5 -0.000042 0.000000
21 5 -0.000055 0.000000
22 5 -0.000052 0.000000
23 5 -0.000047 0.000000
24 5 -0.000061 0.000000
25 5 -0.000062 0.000000
26 5 -0.000053 0.000000
27 5 -0.000064 0.000000
28 5 -0.000069 0.000000
29 5 -0.000059 0.000000
30 5 -0.000068 0.000000
31 5 -0.000075 0.000000
32 5 -0.000065 0.000000
33 5 -0.000070 0.000000
34 5 -0.000079 0.000000
35 5 -0.000068 0.000000
36 5 -0.000071 0.000000
37 5 -0.000079 0.000000
38 5 -0.000070 0.000000
39 5 -0.000070 0.000000
40 5 -0.000081 0.000000
41 5 -0.000074 0.000000
42 5 -0.000070 0.000000
43 5 -0.000082 0.000000
44 5 -0.000076 0.000000
45 5 -0.000069 0.000000
46 5 -0.000080 0.000000
47 5 -0.000076 0.000000
48 5 -0.000070 0.000000
49 5 -0.000080 0.000000
50 5 -0.000078 0.000000
51 5 -0.000068 0.000000
52 5 -0.000076 0.000000
53 5 -0.000075 0.000000
54 5 -0.000067 0.000000
55 5 -0.000073 0.000000
56 5 -0.000074 0.000000
57 5 -0.000063 0.000000
58 5 -0.000068 0.000000
59 5 -0.000072 0.000000
60 5 -0.000061 0.000000
61 5 -0.000062 0.000000
62 5 -0.000066 0.000000
63 5 -0.000057 0.000000
64 5 -0.000058 0.000000
65 5 -0.000065 0.000000
66 5 -0.000055 0.000000
67 5 -0.000051 0.000000
68 5 -0.000061 0.000000
69 5 -0.000051 0.000000
70 5 -0.000047 0.000000
71 5 -0.000053 0.000000
72 5 -0.000046 0.000000
73 5 -0.000040 0.000000
74 5 -0.000049 0.000000
75 5 -0.000042 0.000000
76 5 -0.000034 0.000000
77 5 -0.000043 0.000000
78 5 -0.000040 0.000000
79 5 -0.000031 0.000000
80 5 -0.000039 0.000000
81 5 -0.000037 0.000000
82 5 -0.000029 0.000000
83 5 -0.000036 0.000000
84 5 -0.000037 0.000000
85 5 -0.000026 0.000000
86 5 -0.000032 0.000000
87 5 -0.000036 0.000000
88 5 -0.000024 0.000000
89 5 -0.000029 0.000000
90 5 -0.000034 0.000000
91 5 -0.000023 0.000000
92 5 -0.000025 0.000000
93 5 -0.000033 0.000000
94 5 -0.000024 0.000000
95 5 -0.000022 0.000000
96 5 -0.000032 0.000000
97 5 -0.000025 0.000000
98 5 -0.000020 0.000000
99 5 -0.000033 0.000000
0 6 -0.000022 0.000000
1 6 -0.000015 0.000000
2 6 -0.000027 0.000000
3 6 -0.000026 0.000000
4 6 -0.000017 0.000000
5 6 -0.000027 0.000000
6 6 -0.000032 0.000000
7 6 -0.000021 0.000000
8 6 -0.000028 0.000000
9 6 -0.000036 0.000000
10 6 -0.000027 0.000000
11 6 -0.000030 0.000000
12 6 -0.000041 0.000000
13 6 -0.000032 0.000000
14 6 -0.000035 0.000000
15 6 -0.000048 0.000000
16 6 -0.000039 0.000000
17 6 -0.000039 0.000000
18 6 -0.000051 0.000000
19 6 -0.000046 0.000000
20 6 -0.000044 0.000000
21 6 -0.000057 0.000000
22 6 -0.000056 0.000000
23 6 -0.000051 0.000000
24 6 -0.000063 0.000000
25 6 -0.000064 0.000000
26 6 -0.000056 0.000000
27 6 -0.000068 0.000000
28 6 -0.000071 0.000000
29 6 -0.000063 0.000000
30 6 -0.000072 0.000000
31 6 -0.000076 0.000000
32 6 -0.000068 0.000000
33 6 -0.000073 0.000000
34 6 -0.000081 0.000000
35 6 -0.000071 0.000000
36 6 -0.000076 0.000000
37 6 -0.000084 0.000000
38 6 -0.000076 0.000000
39 6 -0.000076 0.000000
40 6 -0.000086 0.000000
41 6 -0.000077 0.000000
42 6 -0.000074 0.000000
43 6 -0.000084 0.000000
44 6 -0.000078 0.000000
45 6 -0.000073 0.000000
46 6 -0.000083 0.000000
47 6 -0.000079 0.000000
48 6 -0.000071 0.000000
49 6 -0.000081 0.000000
50 6 -0.000077 0.000000
51 6 -0.000069 0.000000
52 6 -0.000078 0.000000
53 6 -0.000076 0.000000
54 6 -0.000066 0.000000
55 6 -0.000073 0.000000
56 6 -0.000075 0.000000
57 6 -0.000062 0.000000
58 6 -0.000067 0.000000
59 6 -0.000070 0.000000
60 6 -0.000060 0.000000
61 6 -0.000065 0.000000
62 6 -0.000069 0.000000
63 6 -0.000054 0.000000
64 6 -0.000055 0.000000
65 6 -0.000064 0.000000
66 6 -0.000053 0.000000
67 6 -0.000049 0.000000
68 6 -0.000057 0.000000
69 6 -0.000048 0.000000
70 6 -0.000045 0.000000
71 6 -0.000054 0.000000
72 6 -0.000046 0.000000
73 6 -0.000040 0.000000
74 6 -0.000050 0.000000
75 6 -0.000045 0.000000
76 6 -0.000036 0.000000
77 6 -0.000044 0.000000
78 6 -0.000041 0.000000
79 6 -0.000032 0.000000
80 6 -0.000039 0.000000
81 6 -0.000038 0.000000
82 6 -0.000028 0.000000
83 6 -0.000034 0.000000
84 6 -0.000035 0.000000
85 6 -0.000025 0.000000
86 6 -0.000029 0.000000
87 6 -0.000033 0.000000
88 6 -0.000022 0.000000
89 6 -0.000025 0.000000
90 6 -0.000031 0.000000
91 6 -0.000020 0.000000
92 6 -0.000021 0.000000
93 6 -0.000029 0.000000
94 6 -0.000020 0.000000
95 6 -0.000017 0.000000
96 6 -0.000028 0.000000
97 6 -0.000021 0.000000
98 6 -0.000016 0.000000
99 6 -0.000027 0.000000
0 7 -0.000036 0.000000
1 7 -0.000030 0.000000
2 7 -0.000039 0.000000
3 7 -0.000038 0.000000
4 7 -0.000031 0.000000
5 7 -0.000039 0.000000
6 7 -0.000041 0.000000
7 7 -0.000031 0.000000
8 7 -0.000040 0.000000
9 7 -0.000046 0.000000
10 7 -0.000035 0.000000
11 7 -0.000039 0.000000
12 7 -0.000049 0.000000
13 7 -0.000041 0.000000
14 7 -0.000043 0.000000
15 7 -0.000053 0.000000
16 7 -0.000045 0.000000
17 7 -0.000045 0.000000
18 7 -0.000055 0.000000
19 7 -0.000051 0.000000
20 7 -0.000050 0.000000
21 7 -0.000061 0.000000
22 7 -0.000057 0.000000
23 7 -0.000051 0.000000
24 7 -0.000062 0.000000
25 7 -0.000063 0.000000
26 7 -0.000054 0.000000
27 7 -0.000067 0.000000
28 7 -0.000070 0.000000
29 7 -0.000061 0.000000
30 7 -0.000068 0.000000
31 7 -0.000075 0.000000
32 7 -0.000065 0.000000
33 7 -0.000071 0.000000
34 7 -0.000078 0.000000
35 7 -0.000070 0.000000
36 7 -0.000069 0.000000
37 7 -0.000080 0.000000
38 7 -0.000070 0.000000
39 7 -0.000068 0.000000
40 7 -0.000076 0.000000
41 7 -0.000068 0.000000
42 7 -0.000065 0.000000
43 7 -0.000076 0.000000
44 7 -0.000068 0.000000
45 7 -0.000063 0.000000
46 7 -0.000074 0.000000
47 7 -0.000068 0.000000
48 7 -0.000060 0.000000
49 7 -0.000070 0.000000
50 7 -0.000068 0.000000
51 7 -0.000059 0.000000
52 7 -0.000069 0.000000
53 7 -0.000068 0.000000
54 7 -0.000057 0.000000
55 7 -0.000064 0.000000
56 7 -0.000068 0.000000
57 7 -0.000057 0.000000
58 7 -0.000062 0.000000
59 7 -0.000065 0.000000
60 7 -0.000054 0.000000
61 7 -0.000055 0.000000
62 7 -0.000062 0.000000
63 7 -0.000056 0.000000
64 7 -0.000053 0.000000
65 7 -0.000059 0.000000
66 7 -0.000052 0.000000
67 7 -0.000051 0.000000
68 7 -0.000059 0.000000
69 7 -0.000047 0.000000
70 7 -0.000046 0.000000
71 7 -0.000055 0.000000
72 7 -0.000048 0.000000
73 7 -0.000041 0.000000
74 7 -0.000050 0.000000
75 7 -0.000045 0.000000
76 7 -0.000041 0.000000
77 7 -0.000048 0.000000
78 7 -0.000045 0.000000
79 7 -0.000037 0.000000
80 7 -0.000046 0.000000
81 7 -0.000045 0.000000
82 7 -0.000037 0.000000
83 7 -0.000042 0.000000
84 7 -0.000044 0.000000
85 7 -0.000035 0.000000
86 7 -0.000038 0.000000
87 7 -0.000043 0.000000
88 7 -0.000034 0.000000
89 7 -0.000036 0.000000
90 7 -0.000042 0.000000
91 7 -0.000033 0.000000
92 7 -0.000034 0.000000
93 7 -0.000041 0.000000
94 7 -0.000033 0.000000
95 7 -0.000032 0.000000
96 7 -0.000041 0.000000
97 7 -0.000034 0.000000
98 7 -0.000031 0.000000
99 7 -0.000040 0.000000
0 8 -0.000031 0.000000
1 8 -0.000025 0.000000
2 8 -0.000035 0.000000
3 8 -0.000034 0.000000
4 8 -0.000026 0.000000
5 8 -0.000036 0.000000
6 8 -0.000035 0.000000
7 8 -0.000028 0.000000
8 8 -0.000038 0.000000
9 8 -0.000039 0.000000
10 8 -0.000030 0.000000
11 8 -0.000038 0.000000
12 8 -0.000045 0.000000
13 8 -0.000036 0.000000
14 8 -0.000038 0.000000
15 8 -0.000047 0.000000
16 8 -0.000040 0.000000
17 8 -0.000041 0.000000
18 8 -0.000055 0.000000
19 8 -0.000049 0.000000
20 8 -0.000045 0.000000
21 8 -0.000055 0.000000
22 8 -0.000053 0.000000
23 8 -0.000049 0.000000
24 8 -0.000062 0.000000
25 8 -0.000064 0.000000
26 8 -0.000056 0.000000
27 8 -0.000064 0.000000
28 8 -0.000067 0.000000
29 8 -0.000059 0.000000
30 8 -0.000067 0.000000
31 8 -0.000073 0.000000
32 8 -0.000065 0.000000
33 8 -0.000070 0.000000
34 8 -0.000077 0.000000
35 8 -0.000067 0.000000
36 8 -0.000069 0.000000
37 8 -0.000077 0.000000
38 8 -0.000069 0.000000
39 8 -0.000068 0.000000
40 8 -0.000078 0.000000
41 8 -0.000071 0.000000
42 8 -0.000068 0.000000
43 8 -0.000076 0.000000
44 8 -0.000068 0.000000
45 8 -0.000064 0.000000
46 8 -0.000071 0.000000
47 8 -0.000067 0.000000
48 8 -0.000061 0.000000
49 8 -0.000070 0.000000
50 8 -0.000070 0.000000
51 8 -0.000060 0.000000
52 8 -0.000067 0.000000
53 8 -0.000067 0.000000
54 8 -0.000058 0.000000
55 8 -0.000064 0.000000
56 8 -0.000065 0.000000
57 8 -0.000056 0.000000
58 8 -0.000062 0.000000
59 8 -0.000065 0.000000
60 8 -0.000055 0.000000
61 8 -0.000059 0.000000
62 8 -0.000059 0.000000
63 8 -0.000050 0.000000
64 8 -0.000054 0.000000
65 8 -0.000057 0.000000
66 8 -0.000044 0.000000
67 8 -0.000046 0.000000
68 8 -0.000054 0.000000
69 8 -0.000044 0.000000
70 8 -0.000040 0.000000
71 8 -0.000049 0.000000
72 8 -0.000044 0.000000
73 8 -0.000039 0.000000
74 8 -0.000046 0.000000
75 8 -0.000040 0.000000
76 8 -0.000034 0.000000
77 8 -0.000043 0.000000
78 8 -0.000041 0.000000
79 8 -0.000031 0.000000
80 8 -0.000040 0.000000
81 8 -0.000039 0.000000
82 8 -0.000030 0.000000
83 8 -0.000037 0.000000
84 8 -0.000038 0.000000
85 8 -0.000029 0.000000
86 8 -0.000034 0.000000
87 8 -0.000037 0.000000
88 8 -0.000028 0.000000
89 8 -0.000031 0.000000
90 8 -0.000037 0.000000
91 8 -0.000027 0.000000
92 8 -0.000029 0.000000
93 8 -0.000037 0.000000
94 8 -0.000027 0.000000
95 8 -0.000028 0.000000
96 8 -0.000035 0.000000
97 8 -0.000028 0.000000
98 8 -0.000026 0.000000
99 8 -0.000035 0.000000
0 9 -0.000024 0.000000
1 9 -0.000017 0.000000
2 9 -0.000029 0.000000
3 9 -0.000027 0.000000
4 9 -0.000019 0.000000
5 9 -0.000029 0.000000
6 9 -0.000032 0.000000
7 9 -0.000024 0.000000
8 9 -0.000030 0.000000
9 9 -0.000036 0.000000
10 9 -0.000028 0.000000
11 9 -0.000035 0.000000
12 9 -0.000042 0.000000
13 9 -0.000033 0.000000
14 9 -0.000036 0.000000
15 9 -0.000047 0.000000
16 9 -0.000043 0.000000
17 9 -0.000042 0.000000
18 9 -0.000052 0.000000
19 9 -0.000046 0.000000
20 9 -0.000044 0.000000
21 9 -0.000059 0.000000
22 9 -0.000057 0.000000
23 9 -0.000054 0.000000
24 9 -0.000065 0.000000
25 9 -0.000063 0.000000
26 9 -0.000057 0.000000
27 9 -0.000069 0.000000
28 9 -0.000072 0.000000
29 9 -0.000067 0.000000
30 9 -0.000074 0.000000
31 9 -0.000081 0.000000
32 9 -0.000069 0.000000
33 9 -0.000075 0.000000
34 9 -0.000080 0.000000
35 9 -0.000072 0.000000
36 9 -0.000075 0.000000
37 9 -0.000084 0.000000
38 9 -0.000073 0.000000
39 9 -0.000072 0.000000
40 9 -0.000081 0.000000
41 9 -0.000072 0.000000
42 9 -0.000068 0.000000
43 9 -0.000075 0.000000
44 9 -0.000070 0.000000
45 9 -0.000068 0.000000
46 9 -0.000075 0.000000
47 9 -0.000070 0.000000
48 9 -0.000065 0.000000
49 9 -0.000073 0.000000
50 9 -0.000069 0.000000
51 9 -0.000058 0.000000
52 9 -0.000067 0.000000
53 9 -0.000069 0.000000
54 9 -0.000062 0.000000
55 9 -0.000068 0.000000
56 9 -0.000065 0.000000
57 9 -0.000055 0.000000
58 9 -0.000060 0.000000
59 9 -0.000063 0.000000
60 9 -0.000053 0.000000
61 9 -0.000056 0.000000
62 9 -0.000061 0.000000
63 9 -0.000053 0.000000
64 9 -0.000054 0.000000
65 9 -0.000062 0.000000
66 9 -0.000050 0.000000
67 9 -0.000046 0.000000
68 9 -0.000055 0.000000
69 9 -0.000048 0.000000
70 9 -0.000045 0.000000
71 9 -0.000049 0.000000
72 9 -0.000042 0.000000
73 9 -0.000038 0.000000
74 9 -0.000047 0.000000
75 9 -0.000041 0.000000
76 9 -0.000033 0.000000
77 9 -0.000039 0.000000
78 9 -0.000039 0.000000
79 9 -0.000031 0.000000
80 9 -0.000036 0.000000
81 9 -0.000037 0.000000
82 9 -0.000027 0.000000
83 9 -0.000033 0.000000
84 9 -0.000034 0.000000
85 9 -0.000025 0.000000
86 9 -0.000029 0.000000
87 9 -0.000032 0.000000
88 9 -0.000022 0.000000
89 9 -0.000025 0.000000
90 9 -0.000031 0.000000
91 9 -0.000020 0.000000
92 9 -0.000022 0.000000
93 9 -0.000029 0.000000
94 9 -0.000020 0.000000
95 9 -0.000019 0.000000
96 9 -0.000028 0.000000
97 9 -0.000021 0.000000
98 9 -0.000018 0.000000
99 9 -0.000027 0.000000
0 10 -0.000038 0.000000
1 10 -0.000033 0.000000
2 10 -0.000042 0.000000
3 10 -0.000039 0.000000
4 10 -0.000034 0.000000
5 10 -0.000042 0.000000
6 10 -0.000044 0.000000
7 10 -0.000035 0.000000
8 10 -0.000041 0.000000
9 10 -0.000046 0.000000
10 10 -0.000041 0.000000
11 10 -0.000043 0.000000
12 10 -0.000047 0.000000
13 10 -0.000041 0.000000
14 10 -0.000046 0.000000
15 10 -0.000055 0.000000
16 10 -0.000048 0.000000
17 10 -0.000046 0.000000
18 10 -0.000055 0.000000
19 10 -0.000053 0.000000
20 10 -0.000052 0.000000
21 10 -0.000064 0.000000
22 10 -0.000058 0.000000
23 10 -0.000053 0.000000
24 10 -0.000062 0.000000
25 10 -0.000062 0.000000
26 10 -0.000060 0.000000
27 10 -0.000069 0.000000
28 10 -0.000072 0.000000
29 10 -0.000062 0.000000
30 10 -0.000069 0.000000
31 10 -0.000073 0.000000
32 10 -0.000065 0.000000
33 10 -0.000071 0.000000
34 10 -0.000078 0.000000
35 10 -0.000070 0.000000
36 10 -0.000072 0.000000
37 10 -0.000077 0.000000
38 10 -0.000068 0.000000
39 10 -0.000069 0.000000
40 10 -0.000075 0.000000
41 10 -0.000067 0.000000
42 10 -0.000064 0.000000
43 10 -0.000072 0.000000
44 10 -0.000068 0.000000
45 10 -0.000062 0.000000
46 10 -0.000066 0.000000
47 10 -0.000062 0.000000
48 10 -0.000056 0.000000
49 10 -0.000060 0.000000
50 10 -0.000059 0.000000
51 10 -0.000055 0.000000
52 10 -0.000064 0.000000
53 10 -0.000058 0.000000
54 10 -0.000047 0.000000
55 10 -0.000056 0.000000
56 10 -0.000062 0.000000
57 10 -0.000052 0.000000
58 10 -0.000056 0.000000
59 10 -0.000059 0.000000
60 10 -0.000049 0.000000
61 10 -0.000056 0.000000
62 10 -0.000057 0.000000
63 10 -0.000041 0.000000
64 10 -0.000045 0.000000
65 10 -0.000052 0.000000
66 10 -0.000044 0.000000
67 10 -0.000046 0.000000
68 10 -0.000049 0.000000
69 10 -0.000041 0.000000
70 10 -0.000043 0.000000
71 10 -0.000051 0.000000
72 10 -0.000043 0.000000
73 10 -0.000040 0.000000
74 10 -0.000047 0.000000
75 10 -0.000045 0.000000
76 10 -0.000041 0.000000
77 10 -0.000046 0.000000
78 10 -0.000043 0.000000
79 10 -0.000039 0.000000
80 10 -0.000045 0.000000
81 10 -0.000043 0.000000
82 10 -0.000037 0.000000
83 10 -0.000043 0.000000
84 10 -0.000043 0.000000
85 10 -0.000035 0.000000
86 10 -0.000040 0.000000
87 10 -0.000043 0.000000
88 10 -0.000035 0.000000
89 10 -0.000037 0.000000
90 10 -0.000042 0.000000
91 10 -0.000034 0.000000
92 10 -0.000036 0.000000
93 10 -0.000041 0.000000
94 10 -0.000035 0.000000
95 10 -0.000034 0.000000
96 10 -0.000041 0.000000
97 10 -0.000037 0.000000
98 10 -0.000033 0.000000
99 10 -0.000041 0.000000
0 11 -0.000035 0.000000
1 11 -0.000032 0.000000
2 11 -0.000040 0.000000
3 11 -0.000037 0.000000
4 11 -0.000033 0.000000
5 11 -0.000041 0.000000
6 11 -0.000040 0.000000
7 11 -0.000032 0.000000
8 11 -0.000042 0.000000
9 11 -0.000045 0.000000
10 11 -0.000036 0.000000
11 11 -0.000039 0.000000
12 11 -0.000047 0.000000
13 11 -0.000043 0.000000
14 11 -0.000045 0.000000
15 11 -0.000050 0.000000
16 11 -0.000041 0.000000
17 11 -0.000044 0.000000
18 11 -0.000057 0.000000
19 11 -0.000053 0.000000
20 11 -0.000048 0.000000
21 11 -0.000057 0.000000
22 11 -0.000051 0.000000
23 11 -0.000052 0.000000
24 11 -0.000064 0.000000
25 11 -0.000066 0.000000
26 11 -0.000061 0.000000
27 11 -0.000066 0.000000
28 11 -0.000067 0.000000
29 11 -0.000061 0.000000
30 11 -0.000071 0.000000
31 11 -0.000077 0.000000
32 11 -0.000069 0.000000
33 11 -0.000076 0.000000
34 11 -0.000079 0.000000
35 11 -0.000069 0.000000
36 11 -0.000072 0.000000
37 11 -0.000076 0.000000
38 11 -0.000069 0.000000
39 11 -0.000069 0.000000
40 11 -0.000073 0.000000
41 11 -0.000064 0.000000
42 11 -0.000062 0.000000
43 11 -0.000069 0.000000
44 11 -0.000061 0.000000
45 11 -0.000051 0.000000
46 11 -0.000058 0.000000
47 11 -0.000060 0.000000
48 11 -0.000053 0.000000
49 11 -0.000059 0.000000
50 11 -0.000059 0.000000
51 11 -0.000054 0.000000
52 11 -0.000061 0.000000
53 11 -0.000057 0.000000
54 11 -0.000048 0.000000
55 11 -0.000051 0.000000
56 11 -0.000052 0.000000
57 11 -0.000050 0.000000
58 11 -0.000053 0.000000
59 11 -0.000056 0.000000
60 11 -0.000041 0.000000
61 11 -0.000041 0.000000
62 11 -0.000059 0.000000
63 11 -0.000057 0.000000
64 11 -0.000046 0.000000
65 11 -0.000050 0.000000
66 11 -0.000045 0.000000
67 11 -0.000044 0.000000
68 11 -0.000053 0.000000
69 11 -0.000040 0.000000
70 11 -0.000036 0.000000
71 11 -0.000046 0.000000
72 11 -0.000041 0.000000
73 11 -0.000036 0.000000
74 11 -0.000043 0.000000
75 11 -0.000036 0.000000
76 11 -0.000035 0.000000
77 11 -0.000043 0.000000
78 11 -0.000038 0.000000
79 11 -0.000032 0.000000
80 11 -0.000042 0.000000
81 11 -0.000039 0.000000
82 11 -0.000031 0.000000
83 11 -0.000040 0.000000
84 11 -0.000040 0.000000
85 11 -0.000031 0.000000
86 11 -0.000038 0.000000
87 11 -0.000040 0.000000
88 11 -0.000032 0.000000
89 11 -0.000037 0.000000
90 11 -0.000040 0.000000
91 11 -0.000031 0.000000
92 11 -0.000034 0.000000
93 11 -0.000040 0.000000
94 11 -0.000032 0.000000
95 11 -0.000033 0.000000
96 11 -0.000039 0.000000
97 11 -0.000033 0.000000
98 11 -0.000032 0.000000
99 11 -0.000040 0.000000
0 12 -0.000025 0.000000
1 12 -0.000022 0.000000
2 12 -0.000031 0.000000
3 12 -0.000028 0.000000
4 12 -0.000025 0.000000
5 12 -0.000032 0.000000
6 12 -0.000033 0.000000
7 12 -0.000028 0.000000
8 12 -0.000036 0.000000
9 12 -0.000038 0.000000
10 12 -0.000029 0.000000
11 12 -0.000038 0.000000
12 12 -0.000046 0.000000
13 12 -0.000037 0.000000
14 12 -0.000038 0.000000
15 12 -0.000045 0.000000
16 12 -0.000043 0.000000
17 12 -0.000049 0.000000
18 12 -0.000054 0.000000
19 12 -0.000047 0.000000
20 12 -0.000044 0.000000
21 12 -0.000059 0.000000
22 12 -0.000060 0.000000
23 12 -0.000061 0.000000
24 12 -0.000068 0.000000
25 12 -0.000064 0.000000
26 12 -0.000058 0.000000
27 12 -0.000067 0.000000
28 12 -0.000074 0.000000
29 12 -0.000072 0.000000
30 12 -0.000079 0.000000
31 12 -0.000080 0.000000
32 12 -0.000071 0.000000
33 12 -0.000074 0.000000
34 12 -0.000077 0.000000
35 12 -0.000071 0.000000
36 12 -0.000075 0.000000
37 12 -0.000082 0.000000
38 12 -0.000073 0.000000
39 12 -0.000072 0.000000
40 12 -0.000077 0.000000
41 12 -0.000070 0.000000
42 12 -0.000068 0.000000
43 12 -0.000070 0.000000
44 12 -0.000063 0.000000
45 12 -0.000062 0.000000
46 12 -0.000075 0.000000
47 12 -0.000069 0.000000
48 12 -0.000059 0.000000
49 12 -0.000062 0.000000
50 12 -0.000058 0.000000
51 12 -0.000042 0.000000
52 12 -0.000043 0.000000
53 12 -0.000053 0.000000
54 12 -0.000063 0.000000
55 12 -0.000071 0.000000
56 12 -0.000061 0.000000
57 12 -0.000044 0.000000
58 12 -0.000051 0.000000
59 12 -0.000065 0.000000
60 12 -0.000061 0.000000
61 12 -0.000050 0.000000
62 12 -0.000034 0.000000
63 12 -0.000033 0.000000
64 12 -0.000054 0.000000
65 12 -0.000050 0.000000
66 12 -0.000037 0.000000
67 12 -0.000040 0.000000
68 12 -0.000048 0.000000
69 12 -0.000044 0.000000
70 12 -0.000038 0.000000
71 12 -0.000045 0.000000
72 12 -0.000041 0.000000
73 12 -0.000037 0.000000
74 12 -0.000046 0.000000
75 12 -0.000039 0.000000
76 12 -0.000029 0.000000
77 12 -0.000040 0.000000
78 12 -0.000037 0.000000
79 12 -0.000028 0.000000
80 12 -0.000036 0.000000
81 12 -0.000036 0.000000
82 12 -0.000027 0.000000
83 12 -0.000034 0.000000
84 12 -0.000034 0.000000
85 12 -0.000026 0.000000
86 12 -0.000031 0.000000
87 12 -0.000033 0.000000
88 12 -0.000023 0.000000
89 12 -0.000027 0.000000
90 12 -0.000032 0.000000
91 12 -0.000023 0.000000
92 12 -0.000025 0.000000
93 12 -0.000031 0.000000
94 12 -0.000023 0.000000
95 12 -0.000023 0.000000
96 12 -0.000030 0.000000
97 12 -0.000024 0.000000
98 12 -0.000022 0.000000
99 12 -0.000030 0.000000
0 13 -0.000039 0.000000
1 13 -0.000037 0.000000
2 13 -0.000043 0.000000
3 13 -0.000042 0.000000
4 13 -0.000037 0.000000
5 13 -0.000043 0.000000
6 13 -0.000044 0.000000
7 13 -0.000039 0.000000
8 13 -0.000045 0.000000
9 13 -0.000047 0.000000
10 13 -0.000041 0.000000
11 13 -0.000049 0.000000
12 13 -0.000051 0.000000
13 13 -0.000042 0.000000
14 13 -0.000047 0.000000
15 13 -0.000057 0.000000
16 13 -0.000053 0.000000
17 13 -0.000051 0.000000
18 13 -0.000053 0.000000
19 13 -0.000051 0.000000
20 13 -0.000057 0.000000
21 13 -0.000067 0.000000
22 13 -0.000062 0.000000
23 13 -0.000054 0.000000
24 13 -0.000060 0.000000
25 13 -0.000062 0.000000
26 13 -0.000066 0.000000
27 13 -0.000078 0.000000
28 13 -0.000079 0.000000
29 13 -0.000069 0.000000
30 13 -0.000072 0.000000
31 13 -0.000071 0.000000
32 13 -0.000070 0.000000
33 13 -0.000080 0.000000
34 13 -0.000086 0.000000
35 13 -0.000080 0.000000
36 13 -0.000081 0.000000
37 13 -0.000080 0.000000
38 13 -0.000071 0.000000
39 13 -0.000067 0.000000
40 13 -0.000072 0.000000
41 13 -0.000064 0.000000
42 13 -0.000062 0.000000
43 13 -0.000064 0.000000
44 13 -0.000057 0.000000
45 13 -0.000057 0.000000
46 13 -0.000060 0.000000
47 13 -0.000040 0.000000
48 13 -0.000029 0.000000
49 13 -0.000046 0.000000
50 13 -0.000048 0.000000
51 13 -0.000043 0.000000
52 13 -0.000050 0.000000
53 13 -0.000045 0.000000
54 13 -0.000027 0.000000
55 13 -0.000026 0.000000
56 13 -0.000035 0.000000
57 13 -0.000033 0.000000
58 13 -0.000023 0.000000
59 13 -0.000014 0.000000
60 13 -0.000016 0.000000
61 13 -0.000052 0.000000
62 13 -0.000057 0.000000
63 13 -0.000030 0.000000
64 13 -0.000027 0.000000
65 13 -0.000049 0.000000
66 13 -0.000047 0.000000
67 13 -0.000033 0.000000
68 13 -0.000041 0.000000
69 13 -0.000041 0.000000
70 13 -0.000039 0.000000
71 13 -0.000044 0.000000
72 13 -0.000039 0.000000
73 13 -0.000036 0.000000
74 13 -0.000045 0.000000
75 13 -0.000046 0.000000
76 13 -0.000039 0.000000
77 13 -0.000042 0.000000
78 13 -0.000044 0.000000
79 13 -0.000038 0.000000
80 13 -0.000043 0.000000
81 13 -0.000043 0.000000
82 13 -0.000038 0.000000
83 13 -0.000042 0.000000
84 13 -0.000043 0.000000
85 13 -0.000037 0.000000
86 13 -0.000041 0.000000
87 13 -0.000042 0.000000
88 13 -0.000037 0.000000
89 13 -0.000039 0.000000
90 13 -0.000042 0.000000
91 13 -0.000036 0.000000
92 13 -0.000037 0.000000
93 13 -0.000042 0.000000
94 13 -0.000036 0.000000
95 13 -0.000036 0.000000
96 13 -0.000043 0.000000
97 13 -0.000038 0.000000
98 13 -0.000036 0.000000
99 13 -0.000043 0.000000
0 14 -0.000041 0.000000
1 14 -0.000040 0.000000
2 14 -0.000046 0.000000
3 14 -0.000044 0.000000
4 14 -0.000040 0.000000
5 14 -0.000046 0.000000
6 14 -0.000046 0.000000
7 14 -0.000041 0.000000
8 14 -0.000046 0.000000
9 14 -0.000047 0.000000
10 14 -0.000043 0.000000
11 14 -0.000049 0.000000
12 14 -0.000049 0.000000
13 14 -0.000043 0.000000
14 14 -0.000051 0.000000
15 14 -0.000056 0.000000
16 14 -0.000046 0.000000
17 14 -0.000045 0.000000
18 14 -0.000055 0.000000
19 14 -0.000059 0.000000
20 14 -0.000058 0.000000
21 14 -0.000056 0.000000
22 14 -0.000050 0.000000
23 14 -0.000053 0.000000
24 14 -0.000071 0.000000
25 14 -0.000077 0.000000
26 14 -0.000071 0.000000
27 14 -0.000071 0.000000
28 14 -0.000064 0.000000
29 14 -0.000059 0.000000
30 14 -0.000077 0.000000
31 14 -0.000087 0.000000
32 14 -0.000085 0.000000
33 14 -0.000085 0.000000
34 14 -0.000080 0.000000
35 14 -0.000067 0.000000
36 14 -0.000065 0.000000
37 14 -0.000070 0.000000
38 14 -0.000067 0.000000
39 14 -0.000072 0.000000
40 14 -0.000076 0.000000
41 14 -0.000067 0.000000
42 14 -0.000060 0.000000
43 14 -0.000062 0.000000
44 14 -0.000052 0.000000
45 14 -0.000044 0.000000
46 14 -0.000036 0.000000
47 14 -0.000025 0.000000
48 14 -0.000041 0.000000
49 14 -0.000063 0.000000
50 14 -0.000054 0.000000
51 14 -0.000046 0.000000
52 14 -0.000066 0.000000
53 14 -0.000046 0.000000
54 14 0.000010 0.000000
55 14 0.000016 0.000000
56 14 -0.000028 0.000000
57 14 -0.000056 0.000000
58 14 -0.000070 0.000000
59 14 -0.000046 0.000000
60 14 0.000009 0.000000
61 14 -0.000003 0.000000
62 14 -0.000035 0.000000
63 14 -0.000041 0.000000
64 14 -0.000046 0.000000
65 14 -0.000030 0.000000
66 14 -0.000036 0.000000
67 14 -0.000050 0.000000
68 14 -0.000035 0.000000
69 14 -0.000031 0.000000
70 14 -0.000038 0.000000
71 14 -0.000045 0.000000
72 14 -0.000042 0.000000
73 14 -0.000037 0.000000
74 14 -0.000038 0.000000
75 14 -0.000037 0.000000
76 14 -0.000038 0.000000
77 14 -0.000040 0.000000
78 14 -0.000038 0.000000
79 14 -0.000036 0.000000
80 14 -0.000042 0.000000
81 14 -0.000039 0.000000
82 14 -0.000035 0.000000
83 14 -0.000042 0.000000
84 14 -0.000041 0.000000
85 14 -0.000036 0.000000
86 14 -0.000042 0.000000
87 14 -0.000043 0.000000
88 14 -0.000037 0.000000
89 14 -0.000041 0.000000
90 14 -0.000044 0.000000
91 14 -0.000037 0.000000
92 14 -0.000040 0.000000
93 14 -0.000045 0.000000
94 14 -0.000038 0.000000
95 14 -0.000039 0.000000
96 14 -0.000045 0.000000
97 14 -0.000039 0.000000
98 14 -0.000039 0.000000
99 14 -0.000045 0.000000
0 15 -0.000028 0.000000
1 15 -0.000027 0.000000
2 15 -0.000035 0.000000
3 15 -0.000032 0.000000
4 15 -0.000028 0.000000
5 15 -0.000037 0.000000
6 15 -0.000038 0.000000
7 15 -0.000033 0.000000
8 15 -0.000038 0.000000
9 15 -0.000042 0.000000
10 15 -0.000037 0.000000
11 15 -0.000041 0.000000
12 15 -0.000042 0.000000
13 15 -0.000042 0.000000
14 15 -0.000047 0.000000
15 15 -0.000047 0.000000
16 15 -0.000041 0.000000
17 15 -0.000048 0.000000
18 15 -0.000062 0.000000
19 15 -0.000054 0.000000
20 15 -0.000046 0.000000
21 15 -0.000054 0.000000
22 15 -0.000064 0.000000
23 15 -0.000076 0.000000
24 15 -0.000083 0.000000
25 15 -0.000068 0.000000
26 15 -0.000055 0.000000
27 15 -0.000065 0.000000
28 15 -0.000081 0.000000
29 15 -0.000095 0.000000
30 15 -0.000107 0.000000
31 15 -0.000095 0.000000
32 15 -0.000076 0.000000
33 15 -0.000072 0.000000
34 15 -0.000077 0.000000
35 15 -0.000085 0.000000
36 15 -0.000095 0.000000
37 15 -0.000106 0.000000
38 15 -0.000095 0.000000
39 15 -0.000083 0.000000
40 15 -0.000070 0.000000
41 15 -0.000050 0.000000
42 15 -0.000045 0.000000
43 15 -0.000054 0.000001
44 15 -0.000055 0.000001
45 15 -0.000050 0.000001
46 15 -0.000058 0.000001
47 15 -0.000064 0.000001
48 15 -0.000077 0.000002
49 15 -0.000014 0.000002
50 15 0.000108 0.000002
51 15 0.000147 0.000002
52 15 0.000072 0.000002
53 15 -0.000002 0.000001
54 15 -0.000020 0.000001
55 15 -0.000061 0.000001
56 15 -0.000076 0.000001
57 15 -0.000037 0.000001
58 15 -0.000018 0.000000
59 15 -0.000056 0.000000
60 15 -0.000062 0.000000
61 15 -0.000040 0.000000
62 15 -0.000040 0.000000
63 15 -0.000024 0.000000
64 15 -0.000016 0.000000
65 15 -0.000021 0.000000
66 15 -0.000006 0.000000
67 15 -0.000033 0.000000
68 15 -0.000056 0.000000
69 15 -0.000030 0.000000
70 15 -0.000029 0.000000
71 15 -0.000037 0.000000
72 15 -0.000035 0.000000
73 15 -0.000042 0.000000
74 15 -0.000041 0.000000
75 15 -0.000034 0.000000
76 15 -0.000035 0.000000
77 15 -0.000040 0.000000
78 15 -0.000035 0.000000
79 15 -0.000030 0.000000
80 15 -0.000037 0.000000
81 15 -0.000035 0.000000
82 15 -0.000029 0.000000
83 15 -0.000036 0.000000
84 15 -0.000035 0.000000
85 15 -0.000027 0.000000
86 15 -0.000033 0.000000
87 15 -0.000034 0.000000
88 15 -0.000027 0.000000
89 15 -0.000030 0.000000
90 15 -0.000035 0.000000
91 15 -0.000027 0.000000
92 15 -0.000029 0.000000
93 15 -0.000034 0.000000
94 15 -0.000027 0.000000
95 15 -0.000027 0.000000
96 15 -0.000034 0.000000
97 15 -0.000027 0.000000
98 15 -0.000027 0.000000
99 15 -0.000034 0.000000
0 16 -0.000042 0.000000
1 16 -0.000040 0.000000
2 16 -0.000046 0.000000
3 16 -0.000045 0.000000
4 16 -0.000041 0.000000
5 16 -0.000047 0.000000
6 16 -0.000047 0.000000
7 16 -0.000042 0.000000
8 16 -0.000047 0.000000
9 16 -0.000051 0.000000
10 16 -0.000045 0.000000
11 16 -0.000046 0.000000
12 16 -0.000053 0.000000
13 16 -0.000051 0.000000
14 16 -0.000050 0.000000
15 16 -0.000053 0.000000
16 16 -0.000053 0.000000
17 16 -0.000062 0.000000
18 16 -0.000062 0.000000
19 16 -0.000047 0.000000
20 16 -0.000054 0.000000
21 16 -0.000078 0.000000
22 16 -0.000083 0.000000
23 16 -0.000070 0.000000
24 16 -0.000055 0.000000
25 16 -0.000055 0.000000
26 16 -0.000075 0.000000
27 16 -0.000116 0.000000
28 16 -0.000121 0.000000
29 16 -0.000098 0.000000
30 16 -0.000076 0.000000
31 16 -0.000063 0.000000
32 16 -0.000075 0.000000
33 16 -0.000110 0.000000
34 16 -0.000135 0.000000
35 16 -0.000128 0.000000
36 16 -0.000113 0.000000
37 16 -0.000079 0.000000
38 16 -0.000045 0.000000
39 16 -0.000034 0.000001
40 16 -0.000050 0.000001
41 16 -0.000071 0.000001
42 16 -0.000089 0.000002
43 16 -0.000090 0.000002
44 16 -0.000053 0.000003
45 16 -0.000005 0.000004
46 16 0.000007 0.000004
47 16 -0.000004 0.000005
48 16 0.000031 0.000006
49 16 0.000189 0.000006
50 16 0.000447 0.000006
51 16 0.000536 0.000006
52 16 0.000380 0.000006
53 16 0.000154 0.000005
54 16 -0.000011 0.000004
55 16 -0.000088 0.000004
56 16 0.000041 0.000003
57 16 0.000309 0.000002
58 16 0.000360 0.000002
59 16 0.000194 0.000001
60 16 0.000028 0.000001
61 16 0.000046 0.000001
62 16 0.000098 0.000000
63 16 0.000022 0.000000
64 16 -0.000026 0.000000
65 16 0.000009 0.000000
66 16 0.000044 0.000000
67 16 0.000028 0.000000
68 16 -0.000025 0.000000
69 16 -0.000046 0.000000
70 16 -0.000041 0.000000
71 16 -0.000044 0.000000
72 16 -0.000029 0.000000
73 16 -0.000035 0.000000
74 16 -0.000049 0.000000
75 16 -0.000039 0.000000
76 16 -0.000037 0.000000
77 16 -0.000045 0.000000
78 16 -0.000043 0.000000
79 16 -0.000038 0.000000
80 16 -0.000044 0.000000
81 16 -0.000043 0.000000
82 16 -0.000038 0.000000
83 16 -0.000042 0.000000
84 16 -0.000044 0.000000
85 16 -0.000039 0.000000
86 16 -0.000041 0.000000
87 16 -0.000044 0.000000
88 16 -0.000039 0.000000
89 16 -0.000041 0.000000
90 16 -0.000044 0.000000
91 16 -0.000039 0.000000
92 16 -0.000039 0.000000
93 16 -0.000045 0.000000
94 16 -0.000039 0.000000
95 16 -0.000039 0.000000
96 16 -0.000045 0.000000
97 16 -0.000041 0.000000
98 16 -0.000039 0.000000
99 16 -0.000046 0.000000
0 17 -0.000047 0.000000
1 17 -0.000046 0.000000
2 17 -0.000052 0.000000
3 17 -0.000049 0.000000
4 17 -0.000046 0.000000
5 17 -0.000053 0.000000
6 17 -0.000051 0.000000
7 17 -0.000047 0.000000
8 17 -0.000053 0.000000
9 17 -0.000054 0.000000
10 17 -0.000047 0.000000
11 17 -0.000053 0.000000
12 17 -0.000059 0.000000
13 17 -0.000050 0.000000
14 17 -0.000049 0.000000
15 17 -0.000056 0.000000
16 17 -0.000059 0.000000
17 17 -0.000054 0.000000
18 17 -0.000051 0.000000
19 17 -0.000054 0.000000
20 17 -0.000078 0.000000
21 17 -0.000086 0.000000
22 17 -0.000059 0.000000
23 17 -0.000041 0.000000
24 17 -0.000068 0.000000
25 17 -0.000109 0.000000
26 17 -0.000133 0.000000
27 17 -0.000116 0.000000
28 17 -0.000067 0.000000
29 17 -0.000044 0.000000
30 17 -0.000076 0.000000
31 17 -0.000139 0.000000
32 17 -0.000180 0.000000
33 17 -0.000177 0.000000
34 17 -0.000126 0.000000
35 17 -0.000061 0.000000
36 17 -0.000028 0.000001
37 17 -0.000046 0.000001
38 17 -0.000098 0.000001
39 17 -0.000160 0.000002
40 17 -0.000180 0.000003
41 17 -0.000151 0.000005
42 17 -0.000088 0.000007
43 17 0.000012 0.000009
44 17 0.000143 0.000011
45 17 0.000258 0.000014
46 17 0.000303 0.000017
47 17 0.000294 0.000019
48 17 0.000304 0.000022
49 17 0.000433 0.000023
50 17 0.000647 0.000023
51 17 0.000749 0.000023
52 17 0.000623 0.000022
53 17 0.000422 0.000019
54 17 0.000239 0.000017
55 17 0.000183 0.000014
56 17 0.000429 0.000011
57 17 0.000911 0.000009
58 17 0.001033 0.000007
59 17 0.000627 0.000005
60 17 0.000214 0.000003
61 17 0.000066 0.000002
62 17 0.000130 0.000001
63 17 0.000103 0.000001
64 17 -0.000032 0.000001
65 17 -0.000137 0.000000
66 17 -0.000096 0.000000
67 17 0.000010 0.000000
68 17 0.000020 0.000000
69 17 -0.000007 0.000000
70 17 -0.000024 0.000000
71 17 -0.000051 0.000000
72 17 -0.000042 0.000000
73 17 -0.000027 0.000000
74 17 -0.000041 0.000000
75 17 -0.000043 0.000000
76 17 -0.000036 0.000000
77 17 -0.000042 0.000000
78 17 -0.000042 0.000000
79 17 -0.000040 0.000000
80 17 -0.000043 0.000000
81 17 -0.000043 0.000000
82 17 -0.000041 0.000000
83 17 -0.000044 0.000000
84 17 -0.000044 0.000000
85 17 -0.000043 0.000000
86 17 -0.000046 0.000000
87 17 -0.000046 0.000000
88 17 -0.000044 0.000000
89 17 -0.000046 0.000000
90 17 -0.000048 0.000000
91 17 -0.000044 0.000000
92 17 -0.000047 0.000000
93 17 -0.000050 0.000000
94 17 -0.000045 0.000000
95 17 -0.000047 0.000000
96 17 -0.000050 0.000000
97 17 -0.000046 0.000000
98 17 -0.000046 0.000000
99 17 -0.000051 0.000000
0 18 -0.000035 0.000000
1 18 -0.000035 0.000000
2 18 -0.000041 0.000000
3 18 -0.000038 0.000000
4 18 -0.000035 0.000000
5 18 -0.000044 0.000000
6 18 -0.000040 0.000000
7 18 -0.000038 0.000000
8 18 -0.000047 0.000000
9 18 -0.000044 0.000000
10 18 -0.000040 0.000000
11 18 -0.000049 0.000000
12 18 -0.000049 0.000000
13 18 -0.000039 0.000000
14 18 -0.000048 0.000000
15 18 -0.000060 0.000000
16 18 -0.000050 0.000000
17 18 -0.000044 0.000000
18 18 -0.000057 0.000000
19 18 -0.000076 0.000000
20 18 -0.000078 0.000000
21 18 -0.000053 0.000000
22 18 -0.000041 0.000000
23 18 -0.000083 0.000000
24 18 -0.000143 0.000000
25 18 -0.000142 0.000000
26 18 -0.000082 0.000000
27 18 -0.000037 0.000000
28 18 -0.000060 0.000000
29 18 -0.000152 0.000000
30 18 -0.000245 0.000000
31 18 -0.000240 0.000000
32 18 -0.000152 0.000000
33 18 -0.000054 0.000000
34 18 -0.000012 0.000001
35 18 -0.000071 0.000001
36 18 -0.000204 0.000002
37 18 -0.000299 0.000003
38 18 -0.000297 0.000005
39 18 -0.000200 0.000008
40 18 -0.000037 0.000012
41 18 0.000133 0.000017
42 18 0.000259 0.000024
43 18 0.000320 0.000032
44 18 0.000325 0.000042
45 18 0.000270 0.000053
46 18 0.000152 0.000063
47 18 0.000018 0.000073
48 18 -0.000098 0.000081
49 18 -0.000127 0.000087
50 18 -0.000058 0.000088
51 18 0.000008 0.000087
52 18 0.000029 0.000081
53 18 0.000064 0.000073
54 18 0.000131 0.000063
55 18 0.000244 0.000053
56 18 0.000589 0.000042
57 18 0.001120 0.000032
58 18 0.001373 0.000024
59 18 0.001023 0.000017
60 18 0.000475 0.000012
61 18 0.000092 0.000008
62 18 -0.000185 0.000005
63 18 -0.000243 0.000003
64 18 -0.000030 0.000002
65 18 0.000097 0.000001
66 18 -0.000093 0.000001
67 18 -0.000171 0.000000
68 18 -0.000061 0.000000
69 18 -0.000025 0.000000
70 18 -0.000005 0.000000
71 18 -0.000015 0.000000
72 18 -0.000047 0.000000
73 18 -0.000035 0.000000
74 18 -0.000031 0.000000
75 18 -0.000036 0.000000
76 18 -0.000036 0.000000
77 18 -0.000038 0.000000
78 18 -0.000035 0.000000
79 18 -0.000035 0.000000
80 18 -0.000039 0.000000
81 18 -0.000035 0.000000
82 18 -0.000035 0.000000
83 18 -0.000038 0.000000
84 18 -0.000037 0.000000
85 18 -0.000033 0.000000
86 18 -0.000038 0.000000
87 18 -0.000037 0.000000
88 18 -0.000033 0.000000
89 18 -0.000037 0.000000
90 18 -0.000037 0.000000
91 18 -0.000033 0.000000
92 18 -0.000036 0.000000
93 18 -0.000038 0.000000
94 18 -0.000033 0.000000
95 18 -0.000036 0.000000
96 18 -0.000038 0.000000
97 18 -0.000034 0.000000
98 18 -0.000034 0.000000
99 18 -0.000039 0.000000
0 19 -0.000045 0.000000
1 19 -0.000045 0.000000
2 19 -0.000049 0.000000
3 19 -0.000046 0.000000
4 19 -0.000045 0.000000
5 19 -0.000050 0.000000
6 19 -0.000047 0.000000
7 19 -0.000047 0.000000
8 19 -0.000053 0.000000
9 19 -0.000049 0.000000
10 19 -0.000049 0.000000
11 19 -0.000057 0.000000
12 19 -0.000051 0.000000
13 19 -0.000049 0.000000
14 19 -0.000062 0.000000
15 19 -0.000061 0.000000
16 19 -0.000046 0.000000
17 19 -0.000057 0.000000
18 19 -0.000084 0.000000
19 19 -0.000080 0.000000
20 19 -0.000050 0.000000
21 19 -0.000049 0.000000
22 19 -0.000100 0.000000
23 19 -0.000156 0.000000
24 19 -0.000133 0.000000
25 19 -0.000044 0.000000
26 19 -0.000024 0.000000
27 19 -0.000120 0.000000
28 19 -0.000262 0.000000
29 19 -0.000310 0.000000
30 19 -0.000200 0.000000
31 19 -0.000043 0.000000
32 19 0.000030 0.000001
33 19 -0.000083 0.000001
34 19 -0.000317 0.000002
35 19 -0.000474 0.000003
36 19 -0.000442 0.000006
37 19 -0.000222 0.000010
38 19 0.000071 0.000017
39 19 0.000287 0.000027
40 19 0.000331 0.000041
41 19 0.000179 0.000061
42 19 -0.000136 0.000087
43 19 -0.000495 0.000118
44 19 -0.000816 0.000156
45 19 -0.001057 0.000197
46 19 -0.001203 0.000238
47 19 -0.001247 0.000276
48 19 -0.001247 0.000308
49 19 -0.001239 0.000328
50 19 -0.001216 0.000335
51 19 -0.001220 0.000328
52 19 -0.001256 0.000308
53 19 -0.001243 0.000276
54 19 -0.001181 0.000238
55 19 -0.001071 0.000197
56 19 -0.000744 0.000156
57 19 -0.000134 0.000118
58 19 0.000462 0.000087
59 19 0.000754 0.000061
60 19 0.000701 0.000041
61 19 0.000443 0.000027
62 19 0.000106 0.000017
63 19 0.000050 0.000010
64 19 0.000423 0.000006
65 19 0.000753 0.000003
66 19 0.000662 0.000002
67 19 0.000213 0.000001
68 19 -0.000052 0.000001
69 19 -0.000068 0.000000
70 19 -0.000053 0.000000
71 19 -0.000011 0.000000
72 19 -0.000021 0.000000
73 19 -0.000051 0.000000
74 19 -0.000040 0.000000
75 19 -0.000036 0.000000
76 19 -0.000040 0.000000
77 19 -0.000045 0.000000
78 19 -0.000041 0.000000
79 19 -0.000041 0.000000
80 19 -0.000047 0.000000
81 19 -0.000044 0.000000
82 19 -0.000041 0.000000
83 19 -0.000046 0.000000
84 19 -0.000045 0.000000
85 19 -0.000041 0.000000
86 19 -0.000046 0.000000
87 19 -0.000046 0.000000
88 19 -0.000041 0.000000
89 19 -0.000045 0.000000
90 19 -0.000046 0.000000
91 19 -0.000042 0.000000
92 19 -0.000044 0.000000
93 19 -0.000046 0.000000
94 19 -0.000041 0.000000
95 19 -0.000044 0.000000
96 19 -0.000046 0.000000
97 19 -0.000044 0.000000
98 19 -0.000044 0.000000
99 19 -0.000048 0.000000
0 20 -0.000054 0.000000
1 20 -0.000055 0.000000
2 20 -0.000057 0.000000
3 20 -0.000055 0.000000
4 20 -0.000056 0.000000
5 20 -0.000058 0.000000
6 20 -0.000056 0.000000
7 20 -0.000057 0.000000
8 20 -0.000058 0.000000
9 20 -0.000056 0.000000
10 20 -0.000057 0.000000
11 20 -0.000058 0.000000
12 20 -0.000054 0.000000
13 20 -0.000059 0.000000
14 20 -0.000065 0.000000
15 20 -0.000053 0.000000
16 20 -0.000054 0.000000
17 20 -0.000081 0.000000
18 20 -0.000083 0.000000
19 20 -0.000048 0.000000
20 20 -0.000044 0.000000
21 20 -0.000111 0.000000
22 20 -0.000163 0.000000
23 20 -0.000112 0.000000
24 20 -0.000020 0.000000
25 20 -0.000034 0.000000
26 20 -0.000197 0.000000
27 20 -0.000349 0.000000
28 20 -0.000295 0.000000
29 20 -0.000077 0.000000
30 20 0.000068 0.000000
31 20 -0.000037 0.000001
32 20 -0.000374 0.000002
33 20 -0.000661 0.000003
34 20 -0.000614 0.000006
35 20 -0.000247 0.000011
36 20 0.000184 0.000020
37 20 0.000416 0.000035
38 20 0.000275 0.000058
39 20 -0.000233 0.000094
40 20 -0.000883 0.000146
41 20 -0.001406 0.000219
42 20 -0.001611 0.000314
43 20 -0.001419 0.000434
44 20 -0.000888 0.000576
45 20 -0.000153 0.000732
46 20 0.000641 0.000892
47 20 0.001396 0.001041
48 20 0.002000 0.001163
49 20 0.002375 0.001243
50 20 0.002506 0.001271
51 20 0.002377 0.001243
52 20 0.001990 0.001163
53 20 0.001410 0.001041
54 20 0.000704 0.000892
55 20 -0.000124 0.000732
56 20 -0.000912 0.000576
57 20 -0.001385 0.000434
58 20 -0.001437 0.000314
59 20 -0.001102 0.000219
60 20 -0.000445 0.000146
61 20 0.000162 0.000094
62 20 0.000550 0.000058
63 20 0.001074 0.000035
64 20 0.001875 0.000020
65 20 0.001965 0.000011
66 20 0.001257 0.000006
67 20 0.000680 0.000003
68 20 0.000279 0.000002
69 20 0.000028 0.000001
70 20 -0.000073 0.000000
71 20 -0.000056 0.000000
72 20 -0.000012 0.000000
73 20 -0.000028 0.000000
74 20 -0.000049 0.000000
75 20 -0.000035 0.000000
76 20 -0.000037 0.000000
77 20 -0.000045 0.000000
78 20 -0.000044 0.000000
79 20 -0.000041 0.000000
80 20 -0.000048 0.000000
81 20 -0.000048 0.000000
82 20 -0.000046 0.000000
83 20 -0.000050 0.000000
84 20 -0.000052 0.000000
85 20 -0.000047 0.000000
86 20 -0.000052 0.000000
87 20 -0.000052 0.000000
88 20 -0.000049 0.000000
89 20 -0.000052 0.000000
90 20 -0.000054 0.000000
91 20 -0.000051 0.000000
92 20 -0.000054 0.000000
93 20 -0.000056 0.000000
94 20 -0.000052 0.000000
95 20 -0.000055 0.000000
96 20 -0.000056 0.000000
97 20 -0.000054 0.000000
98 20 -0.000054 0.000000
99 20 -0.000057 0.000000
0 21 -0.000041 0.000000
1 21 -0.000044 0.000000
2 21 -0.000046 0.000000
3 21 -0.000044 0.000000
4 21 -0.000045 0.000000
5 21 -0.000048 0.000000
6 21 -0.000045 0.000000
7 21 -0.000048 0.000000
8 21 -0.000049 0.000000
9 21 -0.000050 0.000000
10 21 -0.000052 0.000000
11 21 -0.000051 0.000000
12 21 -0.000052 0.000000
13 21 -0.000057 0.000000
14 21 -0.000051 0.000000
15 21 -0.000048 0.000000
16 21 -0.000068 0.000000
17 21 -0.000081 0.000000
18 21 -0.000050 0.000000
19 21 -0.000040 0.000000
20 21 -0.000108 0.000000
21 21 -0.000167 0.000000
22 21 -0.000100 0.000000
23 21 -0.000001 0.000000
24 21 -0.000063 0.000000
25 21 -0.000272 0.000000
26 21 -0.000391 0.000000
27 21 -0.000222 0.000000
28 21 0.000052 0.000000
29 21 0.000075 0.000001
30 21 -0.000282 0.000001
31 21 -0.000755 0.000003
32 21 -0.000830 0.000005
33 21 -0.000380 0.000010
34 21 0.000238 0.000020
35 21 0.000533 0.000037
36 21 0.000181 0.000068
37 21 -0.000706 0.000118
38 21 -0.001646 0.000201
39 21 -0.002076 0.000328
40 21 -0.001663 0.000517
41 21 -0.000413 0.000782
42 21 0.001388 0.001138
43 21 0.003375 0.001588
44 21 0.005208 0.002124
45 21 0.006687 0.002722
46 21 0.007771 0.003337
47 21 0.008504 0.003912
48 21 0.008958 0.004385
49 21 0.009198 0.004696
50 21 0.009283 0.004805
51 21 0.009231 0.004696
52 21 0.009016 0.004385
53 21 0.008589 0.003912
54 21 0.007903 0.003337
55 21 0.006846 0.002722
56 21 0.005303 0.002124
57 21 0.003372 0.001588
58 21 0.001309 0.001138
59 21 -0.000469 0.000782
60 21 -0.001526 0.000517
61 21 -0.001635 0.000328
62 21 -0.000955 0.000201
63 21 0.000405 0.000118
64 21 0.002064 0.000068
65 21 0.002752 0.000037
66 21 0.001806 0.000020
67 21 0.000559 0.000010
68 21 0.000159 0.000005
69 21 0.000153 0.000003
70 21 0.000043 0.000001
71 21 -0.000075 0.000001
72 21 -0.000049 0.000000
73 21 -0.000019 0.000000
74 21 -0.000034 0.000000
75 21 -0.000041 0.000000
76 21 -0.000034 0.000000
77 21 -0.000038 0.000000
78 21 -0.000039 0.000000
79 21 -0.000038 0.000000
80 21 -0.000039 0.000000
81 21 -0.000040 0.000000
82 21 -0.000041 0.000000
83 21 -0.000041 0.000000
84 21 -0.000042 0.000000
85 21 -0.000041 0.000000
86 21 -0.000043 0.000000
87 21 -0.000042 0.000000
88 21 -0.000041 0.000000
89 21 -0.000044 0.000000
90 21 -0.000043 0.000000
91 21 -0.000041 0.000000
92 21 -0.000043 0.000000
93 21 -0.000042 0.000000
94 21 -0.000040 0.000000
95 21 -0.000042 0.000000
96 21 -0.000044 0.000000
97 21 -0.000041 0.000000
98 21 -0.000042 0.000000
99 21 -0.000046 0.000000
0 22 -0.000047 0.000000
1 22 -0.000049 0.000000
2 22 -0.000051 0.000000
3 22 -0.000050 0.000000
4 22 -0.000050 0.000000
5 22 -0.000053 0.000000
6 22 -0.000052 0.000000
7 22 -0.000053 0.000000
8 22 -0.000053 0.000000
9 22 -0.000055 0.000000
10 22 -0.000054 0.000000
11 22 -0.000053 0.000000
12 22 -0.000059 0.000000
13 22 -0.000060 0.000000
14 22 -0.000053 0.000000
15 22 -0.000066 0.000000
16 22 -0.000082 0.000000
17 22 -0.000063 0.000000
18 22 -0.000045 0.000000
19 22 -0.000101 0.000000
20 22 -0.000166 0.000000
21 22 -0.000105 0.000000
22 22 0.000006 0.000000
23 22 -0.000081 0.000000
24 22 -0.000321 0.000000
25 22 -0.000395 0.000000
26 22 -0.000128 0.000000
27 22 0.000141 0.000000
28 22 -0.000026 0.000001
29 22 -0.000600 0.000002
30 22 -0.001017 0.000004
31 22 -0.000697 0.000008
32 22 0.000117 0.000016
33 22 0.000636 0.000032
34 22 0.000260 0.000063
35 22 -0.000962 0.000121
36 22 -0.002222 0.000223
37 22 -0.002527 0.000398
38 22 -0.001362 0.000686
39 22 0.001056 0.001138
40 22 0.004005 0.001816
41 22 0.006671 0.002784
42 22 0.008520 0.004095
43 22 0.009485 0.005772
44 22 0.009804 0.007787
45 22 0.009838 0.010045
46 22 0.009903 0.012382
47 22 0.010124 0.014576
48 22 0.010452 0.016381
49 22 0.010735 0.017571
50 22 0.010843 0.017986
51 22 0.010732 0.017571
52 22 0.010483 0.016381
53 22 0.010227 0.014576
54 22 0.010078 0.012382
55 22 0.010087 0.010045
56 22 0.010084 0.007787
57 22 0.009727 0.005772
58 22 0.008617 0.004095
59 22 0.006567 0.002784
60 22 0.003758 0.001816
61 22 0.000782 0.001138
62 22 -0.001393 0.000686
63 22 -0.001741 0.000398
64 22 -0.000365 0.000223
65 22 0.001245 0.000121
66 22 0.001736 0.000063
67 22 0.000999 0.000032
68 22 0.000210 0.000016
69 22 0.000077 0.000008
70 22 0.000184 0.000004
71 22 0.000084 0.000002
72 22 -0.000055 0.000001
73 22 -0.000046 0.000000
74 22 -0.000028 0.000000
75 22 -0.000037 0.000000
76 22 -0.000045 0.000000
77 22 -0.000040 0.000000
78 22 -0.000041 0.000000
79 22 -0.000047 0.000000
80 22 -0.000048 0.000000
81 22 -0.000044 0.000000
82 22 -0.000048 0.000000
83 22 -0.000048 0.000000
84 22 -0.000047 0.000000
85 22 -0.000047 0.000000
86 22 -0.000051 0.000000
87 22 -0.000046 0.000000
88 22 -0.000048 0.000000
89 22 -0.000050 0.000000
90 22 -0.000048 0.000000
91 22 -0.000047 0.000000
92 22 -0.000049 0.000000
93 22 -0.000049 0.000000
94 22 -0.000047 0.000000
95 22 -0.000050 0.000000
96 22 -0.000050 0.000000
97 22 -0.000047 0.000000
98 22 -0.000049 0.000000
99 22 -0.000051 0.000000
0 23 -0.000060 0.000000
1 23 -0.000063 0.000000
2 23 -0.000064 0.000000
3 23 -0.000062 0.000000
4 23 -0.000061 0.000000
5 23 -0.000064 0.000000
6 23 -0.000062 0.000000
7 23 -0.000062 0.000000
8 23 -0.000064 0.000000
9 23 -0.000064 0.000000
10 23 -0.000061 0.000000
11 23 -0.000064 0.000000
12 23 -0.000069 0.000000
13 23 -0.000059 0.000000
14 23 -0.000062 0.000000
15 23 -0.000082 0.000000
16 23 -0.000073 0.000000
17 23 -0.000047 0.000000
18 23 -0.000086 0.000000
19 23 -0.000156 0.000000
20 23 -0.000114 0.000000
21 23 -0.000002 0.000000
22 23 -0.000079 0.000000
23 23 -0.000335 0.000000
24 23 -0.000388 0.000000
25 23 -0.000061 0.000000
26 23 0.000179 0.000000
27 23 -0.000166 0.000001
28 23 -0.000874 0.000002
29 23 -0.001070 0.000005
30 23 -0.000334 0.000010
31 23 0.000593 0.000023
32 23 0.000584 0.000049
33 23 -0.000721 0.000100
34 23 -0.002428 0.000201
35 23 -0.002992 0.000390
36 23 -0.001438 0.000732
37 23 0.001889 0.001329
38 23 0.005648 0.002324
39 23 0.008418 0.003912
40 23 0.009611 0.006328
41 23 0.009734 0.009815
42 23 0.009996 0.014576
43 23 0.011704 0.020697
44 23 0.015646 0.028063
45 23 0.021837 0.036308
46 23 0.029568 0.044805
47 23 0.037618 0.052740
48 23 0.044623 0.059229
49 23 0.049376 0.063486
50 23 0.051071 0.064969
51 23 0.049414 0.063486
52 23 0.044720 0.059229
53 23 0.037814 0.052740
54 23 0.029869 0.044805
55 23 0.022224 0.036308
56 23 0.016117 0.028063
57 23 0.012271 0.020697
58 23 0.010620 0.014576
59 23 0.010250 0.009815
60 23 0.009863 0.006328
61 23 0.008203 0.003912
62 23 0.004796 0.002324
63 23 0.000968 0.001329
64 23 -0.001208 0.000732
65 23 -0.001188 0.000390
66 23 -0.000063 0.000201
67 23 0.000856 0.000100
68 23 0.000918 0.000049
69 23 0.000477 0.000023
70 23 0.000227 0.000010
71 23 0.000208 0.000005
72 23 0.000082 0.000002
73 23 -0.000049 0.000001
74 23 -0.000042 0.000000
75 23 -0.000028 0.000000
76 23 -0.000044 0.000000
77 23 -0.000049 0.000000
78 23 -0.000041 0.000000
79 23 -0.000048 0.000000
80 23 -0.000054 0.000000
81 23 -0.000048 0.000000
82 23 -0.000052 0.000000
83 23 -0.000058 0.000000
84 23 -0.000055 0.000000
85 23 -0.000054 0.000000
86 23 -0.000061 0.000000
87 23 -0.000055 0.000000
88 23 -0.000057 0.000000
89 23 -0.000061 0.000000
90 23 -0.000058 0.000000
91 23 -0.000059 0.000000
92 23 -0.000062 0.000000
93 23 -0.000060 0.000000
94 23 -0.000059 0.000000
95 23 -0.000062 0.000000
96 23 -0.000061 0.000000
97 23 -0.000061 0.000000
98 23 -0.000061 0.000000
99 23 -0.000063 0.000000
0 24 -0.000049 0.000000
1 24 -0.000053 0.000000
2 24 -0.000052 0.000000
3 24 -0.000050 0.000000
4 24 -0.000053 0.000000
5 24 -0.000056 0.000000
6 24 -0.000052 0.000000
7 24 -0.000053 0.000000
8 24 -0.000058 0.000000
9 24 -0.000055 0.000000
10 24 -0.000054 0.000000
11 24 -0.000060 0.000000
12 24 -0.000060 0.000000
13 24 -0.000053 0.000000
14 24 -0.000067 0.000000
15 24 -0.000076 0.000000
16 24 -0.000047 0.000000
17 24 -0.000064 0.000000
18 24 -0.000138 0.000000
19 24 -0.000126 0.000000
20 24 -0.000017 0.000000
21 24 -0.000060 0.000000
22 24 -0.000317 0.000000
23 24 -0.000387 0.000000
24 24 -0.000041 0.000000
25 24 0.000181 0.000000
26 24 -0.000283 0.000001
27 24 -0.001046 0.000002
28 24 -0.001004 0.000006
29 24 0.000060 0.000013
30 24 0.000840 0.000030
31 24 0.000070 0.000068
32 24 -0.001958 0.000146
33 24 -0.003391 0.000308
34 24 -0.002291 0.000628
35 24 0.001445 0.001243
36 24 0.005952 0.002377
37 24 0.008986 0.004385
38 24 0.009764 0.007787
39 24 0.009787 0.013278
40 24 0.012158 0.021689
41 24 0.020119 0.033846
42 24 0.035666 0.050342
43 24 0.058869 0.071242
44 24 0.087958 0.095830
45 24 0.119964 0.122546
46 24 0.151515 0.149162
47 24 0.179445 0.173168
48 24 0.201200 0.192205
49 24 0.214986 0.204409
50 24 0.219782 0.208609
51 24 0.215262 0.204409
52 24 0.201756 0.192205
53 24 0.180287 0.173168
54 24 0.152592 0.149162
55 24 0.121160 0.122546
56 24 0.089141 0.095830
57 24 0.060005 0.071242
58 24 0.036850 0.050342
59 24 0.021436 0.033846
60 24 0.013492 0.021689
61 24 0.010865 0.013278
62 24 0.010065 0.007787
63 24 0.007983 0.004385
64 24 0.004136 0.002377
65 24 0.000445 0.001243
66 24 -0.001154 0.000628
67 24 -0.000695 0.000308
68 24 0.000431 0.000146
69 24 0.000953 0.000068
70 24 0.000579 0.000030
71 24 0.000182 0.000013
72 24 0.000134 0.000006
73 24 0.000039 0.000002
74 24 -0.000048 0.000001
75 24 -0.000032 0.000000
76 24 -0.000029 0.000000
77 24 -0.000044 0.000000
78 24 -0.000040 0.000000
79 24 -0.000039 0.000000
80 24 -0.000048 0.000000
81 24 -0.000044 0.000000
82 24 -0.000045 0.000000
83 24 -0.000050 0.000000
84 24 -0.000048 0.000000
85 24 -0.000047 0.000000
86 24 -0.000052 0.000000
87 24 -0.000050 0.000000
88 24 -0.000049 0.000000
89 24 -0.000053 0.000000
90 24 -0.000049 0.000000
91 24 -0.000049 0.000000
92 24 -0.000053 0.000000
93 24 -0.000049 0.000000
94 24 -0.000049 0.000000
95 24 -0.000053 0.000000
96 24 -0.000050 0.000000
97 24 -0.000049 0.000000
98 24 -0.000052 0.000000
99 24 -0.000051 0.000000
0 25 -0.000051 0.000000
1 25 -0.000056 0.000000
2 25 -0.000056 0.000000
3 25 -0.000053 0.000000
4 25 -0.000056 0.000000
5 25 -0.000058 0.000000
6 25 -0.000054 0.000000
7 25 -0.000058 0.000000
8 25 -0.000061 0.000000
9 25 -0.000055 0.000000
10 25 -0.000057 0.000000
11 25 -0.000065 0.000000
12 25 -0.000058 0.000000
13 25 -0.000060 0.000000
14 25 -0.000079 0.000000
15 25 -0.000066 0.000000
16 25 -0.000054 0.000000
17 25 -0.000113 0.000000
18 25 -0.000142 0.000000
19 25 -0.000045 0.000000
20 25 -0.000038 0.000000
21 25 -0.000274 0.000000
22 25 -0.000396 0.000000
23 25 -0.000064 0.000000
24 25 0.000178 0.000000
25 25 -0.000330 0.000001
26 25 -0.001116 0.000003
27 25 -0.000896 0.000006
28 25 0.000361 0.000016
29 25 0.000866 0.000037
30 25 -0.000611 0.000087
31 25 -0.002991 0.000197
32 25 -0.003494 0.000434
33 25 -0.000436 0.000933
34 25 0.004751 0.001942
35 25 0.008777 0.003912
36 25 0.009821 0.007609
37 25 0.009904 0.014240
38 25 0.014430 0.025553
39 25 0.029679 0.043772
40 25 0.059907 0.071242
41 25 0.105618 0.109660
42 25 0.163659 0.159081
43 25 0.228578 0.217208
44 25 0.294332 0.279577
45 25 0.355658 0.340710
46 25 0.408727 0.395567
47 25 0.451200 0.440498
48 25 0.481908 0.473401
49 25 0.500427 0.493336
50 25 0.506713 0.500000
51 25 0.500810 0.493336
52 25 0.482762 0.473401
53 25 0.452627 0.440498
54 25 0.410752 0.395567
55 25 0.358177 0.340710
56 25 0.297104 0.279577
57 25 0.231244 0.217208
58 25 0.165962 0.159081
59 25 0.107589 0.109660
60 25 0.061819 0.071242
61 25 0.031777 0.043772
62 25 0.016610 0.025553
63 25 0.011366 0.014240
64 25 0.009460 0.007609
65 25 0.006468 0.003912
66 25 0.002321 0.001942
67 25 -0.000512 0.000933
68 25 -0.000843 0.000434
69 25 0.000186 0.000197
70 25 0.000733 0.000087
71 25 0.000369 0.000037
72 25 0.000048 0.000016
73 25 0.000052 0.000006
74 25 -0.000003 0.000003
75 25 -0.000052 0.000001
76 25 -0.000034 0.000000
77 25 -0.000041 0.000000
78 25 -0.000051 0.000000
79 25 -0.000046 0.000000
80 25 -0.000049 0.000000
81 25 -0.000052 0.000000
82 25 -0.000051 0.000000
83 25 -0.000053 0.000000
84 25 -0.000053 0.000000
85 25 -0.000052 0.000000
86 25 -0.000054 0.000000
87 25 -0.000052 0.000000
88 25 -0.000052 0.000000
89 25 -0.000055 0.000000
90 25 -0.000053 0.000000
91 25 -0.000051 0.000000
92 25 -0.000057 0.000000
93 25 -0.000053 0.000000
94 25 -0.000051 0.000000
95 25 -0.000057 0.000000
96 25 -0.000052 0.000000
97 25 -0.000052 0.000000
98 25 -0.000055 0.000000
99 25 -0.000054 0.000000
0 26 -0.000066 0.000000
1 26 -0.000070 0.000000
2 26 -0.000068 0.000000
3 26 -0.000067 0.000000
4 26 -0.000069 0.000000
5 26 -0.000070 0.000000
6 26 -0.000065 0.000000
7 26 -0.000069 0.000000
8 26 -0.000071 0.000000
9 26 -0.000065 0.000000
10 26 -0.000072 0.000000
11 26 -0.000072 0.000000
12 26 -0.000064 0.000000
13 26 -0.000074 0.000000
14 26 -0.000081 0.000000
15 26 -0.000060 0.000000
16 26 -0.000080 0.000000
17 26 -0.000140 0.000000
18 26 -0.000085 0.000000
19 26 -0.000025 0.000000
20 26 -0.000202 0.000000
21 26 -0.000392 0.000000
22 26 -0.000127 0.000000
23 26 0.000177 0.000000
24 26 -0.000282 0.000001
25 26 -0.001114 0.000003
26 26 -0.000850 0.000007
27 26 0.000529 0.000017
28 26 0.000819 0.000042
29 26 -0.001166 0.000102
30 26 -0.003595 0.000243
31 26 -0.002979 0.000564
32 26 0.001731 0.001271
33 26 0.007322 0.002784
34 26 0.009847 0.005906
35 26 0.009732 0.012097
36 26 0.013614 0.023819
37 26 0.031469 0.044805
38 26 0.071456 0.079896
39 26 0.135871 0.133811
40 26 0.220374 0.208609
41 26 0.316155 0.300970
42 26 0.413317 0.401882
43 26 0.503620 0.500000
44 26 0.581815 0.586251
45 26 0.645625 0.656168
46 26 0.694988 0.709289
47 26 0.731064 0.747307
48 26 0.755404 0.772488
49 26 0.769411 0.786771
50 26 0.774036 0.791391
51 26 0.769634 0.786771
52 26 0.755954 0.772488
53 26 0.732131 0.747307
54 26 0.696769 0.709289
55 26 0.648268 0.656168
56 26 0.585346 0.586251
57 26 0.507797 0.500000
58 26 0.417543 0.401882
59 26 0.319706 0.300970
60 26 0.222856 0.208609
61 26 0.137665 0.133811
62 26 0.073511 0.079896
63 26 0.034339 0.044805
64 26 0.016445 0.023819
65 26 0.010584 0.012097
66 26 0.007587 0.005906
67 26 0.003585 0.002784
68 26 0.000227 0.001271
69 26 -0.000636 0.000564
70 26 0.000021 0.000243
71 26 0.000410 0.000102
72 26 0.000146 0.000042
73 26 -0.000032 0.000017
74 26 0.000017 0.000007
75 26 -0.000029 0.000003
76 26 -0.000056 0.000001
77 26 -0.000035 0.000000
78 26 -0.000048 0.000000
79 26 -0.000058 0.000000
80 26 -0.000053 0.000000
81 26 -0.000054 0.000000
82 26 -0.000065 0.000000
83 26 -0.000061 0.000000
84 26 -0.000061 0.000000
85 26 -0.000066 0.000000
86 26 -0.000065 0.000000
87 26 -0.000064 0.000000
88 26 -0.000066 0.000000
89 26 -0.000067 0.000000
90 26 -0.000066 0.000000
91 26 -0.000066 0.000000
92 26 -0.000069 0.000000
93 26 -0.000067 0.000000
94 26 -0.000065 0.000000
95 26 -0.000070 0.000000
96 26 -0.000067 0.000000
97 26 -0.000066 0.000000
98 26 -0.000071 0.000000
99 26 -0.000068 0.000000
0 27 -0.000057 0.000000
1 27 -0.000062 0.000000
2 27 -0.000058 0.000000
3 27 -0.000058 0.000000
4 27 -0.000062 0.000000
5 27 -0.000060 0.000000
6 27 -0.000059 0.000000
7 27 -0.000064 0.000000
8 27 -0.000062 0.000000
9 27 -0.000060 0.000000
10 27 -0.000066 0.000000
11 27 -0.000064 0.000000
12 27 -0.000059 0.000000
13 27 -0.000073 0.000000
14 27 -0.000069 0.000000
15 27 -0.000057 0.000000
16 27 -0.000110 0.000000
17 27 -0.000115 0.000000
18 27 -0.000032 0.000000
19 27 -0.000115 0.000000
20 27 -0.000347 0.000000
21 27 -0.000218 0.000000
22 27 0.000146 0.000000
23 27 -0.000166 0.000001
24 27 -0.001044 0.000002
25 27 -0.000892 0.000006
26 27 0.000529 0.000017
27 27 0.000785 0.000044
28 27 -0.001475 0.000111
29 27 -0.003877 0.000276
30 27 -0.002323 0.000671
31 27 0.003522 0.001588
32 27 0.008815 0.003654
33 27 0.009893 0.008155
34 27 0.010805 0.017571
35 27 0.023703 0.036308
36 27 0.062389 0.071242
37 27 0.134282 0.130912
38 27 0.236189 0.221607
39 27 0.356250 0.340710
40 27 0.479373 0.473401
41 27 0.592610 0.599271
42 27 0.688111 0.703609
43 27 0.763313 0.782079
44 27 0.819448 0.837584
45 27 0.859681 0.875490
46 27 0.887589 0.900819
47 27 0.906299 0.917352
48 27 0.918140 0.927637
49 27 0.924682 0.933249
50 27 0.926801 0.935031
51 27 0.924774 0.933249
52 27 0.918355 0.927637
53 27 0.906721 0.917352
54 27 0.888385 0.900819
55 27 0.861080 0.875490
56 27 0.821733 0.837584
57 27 0.766735 0.782079
58 27 0.692651 0.703609
59 27 0.597642 0.599271
60 27 0.483673 0.473401
61 27 0.358692 0.340710
62 27 0.236900 0.221607
63 27 0.134974 0.130912
64 27 0.064803 0.071242
65 27 0.027407 0.036308
66 27 0.013020 0.017571
67 27 0.008076 0.008155
68 27 0.004228 0.003654
69 27 0.000881 0.001588
70 27 -0.000349 0.000671
71 27 -0.000025 0.000276
72 27 0.000215 0.000111
73 27 0.000013 0.000044
74 27 -0.000038 0.000017
75 27 0.000008 0.000006
76 27 -0.000048 0.000002
77 27 -0.000048 0.000001
78 27 -0.000031 0.000000
79 27 -0.000054 0.000000
80 27 -0.000055 0.000000
81 27 -0.000045 0.000000
82 27 -0.000059 0.000000
83 27 -0.000058 0.000000
84 27 -0.000050 0.000000
85 27 -0.000061 0.000000
86 27 -0.000060 0.000000
87 27 -0.000055 0.000000
88 27 -0.000061 0.000000
89 27 -0.000062 0.000000
90 27 -0.000057 0.000000
91 27 -0.000059 0.000000
92 27 -0.000061 0.000000
93 27 -0.000058 0.000000
94 27 -0.000058 0.000000
95 27 -0.000062 0.000000
96 27 -0.000058 0.000000
97 27 -0.000058 0.000000
98 27 -0.000061 0.000000
99 27 -0.000058 0.000000
0 28 -0.000057 0.000000
1 28 -0.000062 0.000000
2 28 -0.000058 0.000000
3 28 -0.000057 0.000000
4 28 -0.000063 0.000000
5 28 -0.000060 0.000000
6 28 -0.000058 0.000000
7 28 -0.000064 0.000000
8 28 -0.000060 0.000000
9 28 -0.000061 0.000000
10 28 -0.000067 0.000000
11 28 -0.000064 0.000000
12 28 -0.000065 0.000000
13 28 -0.000076 0.000000
14 28 -0.000064 0.000000
15 28 -0.000077 0.000000
16 28 -0.000118 0.000000
17 28 -0.000070 0.000000
18 28 -0.000058 0.000000
19 28 -0.000261 0.000000
20 28 -0.000300 0.000000
21 28 0.000051 0.000000
22 28 -0.000025 0.000001
23 28 -0.000878 0.000002
24 28 -0.001006 0.000006
25 28 0.000362 0.000016
26 28 0.000814 0.000042
27 28 -0.001477 0.000111
28 28 -0.003943 0.000289
29 28 -0.001906 0.000732
30 28 0.004603 0.001816
31 28 0.009506 0.004385
32 28 0.009772 0.010281
33 28 0.013643 0.023267
34 28 0.038826 0.050342
35 28 0.101688 0.102532
36 28 0.206214 0.192205
37 28 0.341238 0.323335
38 28 0.486501 0.480035
39 28 0.621965 0.631270
40 28 0.734516 0.752479
41 28 0.819639 0.837584
42 28 0.879416 0.892908
43 28 0.919178 0.927637
44 28 0.944747 0.949245
45 28 0.960934 0.962744
46 28 0.971146 0.971226
47 28 0.977549 0.976536
48 28 0.981425 0.979748
49 28 0.983505 0.981471
50 28 0.984178 0.982014
51 28 0.983555 0.981471
52 28 0.981532 0.979748
53 28 0.977716 0.976536
54 28 0.971394 0.971226
55 28 0.961336 0.962744
56 28 0.945466 0.949245
57 28 0.920521 0.927637
58 28 0.881812 0.892908
59 28 0.823421 0.837584
60 28 0.739313 0.752479
61 28 0.626298 0.631270
62 28 0.488355 0.480035
63 28 0.340060 0.323335
64 28 0.204314 0.192205
65 28 0.102417 0.102532
66 28 0.042726 0.050342
67 28 0.017051 0.023267
68 28 0.008602 0.010281
69 28 0.004463 0.004385
70 28 0.001202 0.001816
71 28 -0.000114 0.000732
72 28 0.000016 0.000289
73 28 0.000094 0.000111
74 28 -0.000048 0.000042
75 28 -0.000025 0.000016
76 28 -0.000016 0.000006
77 28 -0.000065 0.000002
78 28 -0.000043 0.000001
79 28 -0.000048 0.000000
80 28 -0.000065 0.000000
81 28 -0.000051 0.000000
82 28 -0.000059 0.000000
83 28 -0.000066 0.000000
84 28 -0.000054 0.000000
85 28 -0.000061 0.000000
86 28 -0.000066 0.000000
87 28 -0.000055 0.000000
88 28 -0.000061 0.000000
89 28 -0.000063 0.000000
90 28 -0.000056 0.000000
91 28 -0.000061 0.000000
92 28 -0.000062 0.000000
93 28 -0.000057 0.000000
94 28 -0.000058 0.000000
95 28 -0.000062 0.000000
96 28 -0.000057 0.000000
97 28 -0.000057 0.000000
98 28 -0.000061 0.000000
99 28 -0.000057 0.000000
0 29 -0.000072 0.000000
1 29 -0.000076 0.000000
2 29 -0.000073 0.000000
3 29 -0.000072 0.000000
4 29 -0.000074 0.000000
5 29 -0.000073 0.000000
6 29 -0.000071 0.000000
7 29 -0.000076 0.000000
8 29 -0.000074 0.000000
9 29 -0.000074 0.000000
10 29 -0.000075 0.000000
11 29 -0.000073 0.000000
12 29 -0.000077 0.000000
13 29 -0.000077 0.000000
14 29 -0.000070 0.000000
15 29 -0.000099 0.000000
16 29 -0.000104 0.000000
17 29 -0.000052 0.000000
18 29 -0.000154 0.000000
19 29 -0.000312 0.000000
20 29 -0.000083 0.000000
21 29 0.000074 0.000001
22 29 -0.000599 0.000002
23 29 -0.001074 0.000005
24 29 0.000060 0.000013
25 29 0.000869 0.000037
26 29 -0.001168 0.000102
27 29 -0.003876 0.000276
28 29 -0.001902 0.000732
29 29 0.004979 0.001899
30 29 0.009748 0.004805
31 29 0.009784 0.011819
32 29 0.017126 0.028063
33 29 0.054752 0.063486
34 29 0.140682 0.133811
35 29 0.274032 0.254270
36 29 0.434604 0.421047
37 29 0.594327 0.599271
38 29 0.730411 0.747307
39 29 0.832252 0.848722
40 29 0.900617 0.910584
41 29 0.942680 0.946356
42 29 0.967040 0.966766
43 29 0.980751 0.978516
44 29 0.988488 0.985412
45 29 0.992940 0.989550
46 29 0.995542 0.992076
47 29 0.997048 0.993626
48 29 0.997881 0.994550
49 29 0.998287 0.995041
50 29 0.998404 0.995195
51 29 0.998274 0.995041
52 29 0.997891 0.994550
53 29 0.997107 0.993626
54 29 0.995645 0.992076
55 29 0.993084 0.989550
56 29 0.988664 0.985412
57 29 0.980974 0.978516
58 29 0.967461 0.966766
59 29 0.943767 0.946356
60 29 0.903052 0.910584
61 29 0.836150 0.848722
62 29 0.734292 0.747307
63 29 0.595330 0.599271
64 29 0.431240 0.421047
65 29 0.269026 0.254270
66 29 0.139223 0.133811
67 29 0.058548 0.063486
68 29 0.021601 0.028063
69 29 0.009136 0.011819
70 29 0.004301 0.004805
71 29 0.001207 0.001899
72 29 0.000032 0.000732
73 29 0.000069 0.000276
74 29 0.000026 0.000102
75 29 -0.000063 0.000037
76 29 -0.000017 0.000013
77 29 -0.000042 0.000005
78 29 -0.000068 0.000002
79 29 -0.000051 0.000001
80 29 -0.000065 0.000000
81 29 -0.000069 0.000000
82 29 -0.000065 0.000000
83 29 -0.000075 0.000000
84 29 -0.000071 0.000000
85 29 -0.000071 0.000000
86 29 -0.000080 0.000000
87 29 -0.000071 0.000000
88 29 -0.000075 0.000000
89 29 -0.000080 0.000000
90 29 -0.000072 0.000000
91 29 -0.000076 0.000000
92 29 -0.000078 0.000000
93 29 -0.000073 0.000000
94 29 -0.000075 0.000000
95 29 -0.000077 0.000000
96 29 -0.000075 0.000000
97 29 -0.000073 0.000000
98 29 -0.000077 0.000000
99 29 -0.000073 0.000000
0 30 -0.000065 0.000000
1 30 -0.000069 0.000000
2 30 -0.000065 0.000000
3 30 -0.000065 0.000000
4 30 -0.000069 0.000000
5 30 -0.000067 0.000000
6 30 -0.000065 0.000000
7 30 -0.000069 0.000000
8 30 -0.000068 0.000000
9 30 -0.000068 0.000000
10 30 -0.000068 0.000000
11 30 -0.000071 0.000000
12 30 -0.000073 0.000000
13 30 -0.000069 0.000000
14 30 -0.000076 0.000000
15 30 -0.000100 0.000000
16 30 -0.000072 0.000000
17 30 -0.000075 0.000000
18 30 -0.000239 0.000000
19 30 -0.000195 0.000000
20 30 0.000067 0.000000
21 30 -0.000277 0.000001
22 30 -0.001012 0.000004
23 30 -0.000335 0.000010
24 30 0.000842 0.000030
25 30 -0.000607 0.000087
26 30 -0.003596 0.000243
27 30 -0.002322 0.000671
28 30 0.004608 0.001816
29 30 0.009747 0.004805
30 30 0.009817 0.012382
31 30 0.019479 0.030819
32 30 0.066644 0.072898
33 30 0.171286 0.159081
34 30 0.327774 0.306473
35 30 0.507066 0.500000
36 30 0.674151 0.686223
37 30 0.805148 0.821768
38 30 0.893493 0.903342
39 30 0.945751 0.947818
40 30 0.973507 0.971226
41 30 0.987234 0.983553
42 30 0.993875 0.990170
43 30 0.997174 0.993822
44 30 0.998851 0.995899
45 30 0.999677 0.997117
46 30 1.000059 0.997847
47 30 1.000208 0.998288
48 30 1.000260 0.998548
49 30 1.000281 0.998686
50 30 1.000285 0.998729
51 30 1.000268 0.998686
52 30 1.000237 0.998548
53 30 1.000189 0.998288
54 30 1.000052 0.997847
55 30 0.999711 0.997117
56 30 0.998946 0.995899
57 30 0.997314 0.993822
58 30 0.993930 0.990170
59 30 0.987079 0.983553
60 30 0.973454 0.971226
61 30 0.946790 0.947818
62 30 0.896358 0.903342
63 30 0.808548 0.821768
64 30 0.674483 0.686223
65 30 0.501819 0.500000
66 30 0.320024 0.306473
67 30 0.168078 0.159081
68 30 0.070696 0.072898
69 30 0.024895 0.030819
70 30 0.009240 0.012382
71 30 0.003836 0.004805
72 30 0.001001 0.001816
73 30 0.000105 0.000671
74 30 0.000094 0.000243
75 30 -0.000030 0.000087
76 30 -0.000057 0.000030
77 30 -0.000016 0.000010
78 30 -0.000059 0.000004
79 30 -0.000064 0.000001
80 30 -0.000051 0.000000
81 30 -0.000067 0.000000
82 30 -0.000068 0.000000
83 30 -0.000064 0.000000
84 30 -0.000068 0.000000
85 30 -0.000069 0.000000
86 30 -0.000071 0.000000
87 30 -0.000069 0.000000
88 30 -0.000070 0.000000
89 30 -0.000074 0.000000
90 30 -0.000066 0.000000
91 30 -0.000072 0.000000
92 30 -0.000071 0.000000
93 30 -0.000066 0.000000
94 30 -0.000070 0.000000
95 30 -0.000069 0.000000
96 30 -0.000066 0.000000
97 30 -0.000066 0.000000
98 30 -0.000070 0.000000
99 30 -0.000066 0.000000
0 31 -0.000062 0.000000
1 31 -0.000066 0.000000
2 31 -0.000062 0.000000
3 31 -0.000061 0.000000
4 31 -0.000066 0.000000
5 31 -0.000064 0.000000
6 31 -0.000061 0.000000
7 31 -0.000067 0.000000
8 31 -0.000065 0.000000
9 31 -0.000067 0.000000
10 31 -0.000066 0.000000
11 31 -0.000072 0.000000
12 31 -0.000070 0.000000
13 31 -0.000066 0.000000
14 31 -0.000086 0.000000
15 31 -0.000089 0.000000
16 31 -0.000060 0.000000
17 31 -0.000141 0.000000
18 31 -0.000237 0.000000
19 31 -0.000041 0.000000
20 31 -0.000041 0.000001
21 31 -0.000754 0.000003
22 31 -0.000696 0.000008
23 31 0.000588 0.000023
24 31 0.000070 0.000068
25 31 -0.002990 0.000197
26 31 -0.002985 0.000564
27 31 0.003520 0.001588
28 31 0.009507 0.004385
29 31 0.009779 0.011819
30 31 0.019473 0.030819
31 31 0.071030 0.076321
32 31 0.187941 0.173168
33 31 0.361715 0.340710
34 31 0.555364 0.553302
35 31 0.727243 0.742069
36 31 0.852700 0.865941
37 31 0.929431 0.933249
38 31 0.969361 0.966766
39 31 0.987483 0.983055
40 31 0.995025 0.991035
41 31 0.998145 0.995041
42 31 0.999494 0.997117
43 31 1.000062 0.998231
44 31 1.000242 0.998850
45 31 1.000257 0.999206
46 31 1.000240 0.999416
47 31 1.000228 0.999541
48 31 1.000229 0.999614
49 31 1.000242 0.999653
50 31 1.000259 0.999665
51 31 1.000260 0.999653
52 31 1.000256 0.999614
53 31 1.000243 0.999541
54 31 1.000235 0.999416
55 31 1.000222 0.999206
56 31 1.000186 0.998850
57 31 1.000067 0.998231
58 31 0.999664 0.997117
59 31 0.998286 0.995041
60 31 0.994650 0.991035
61 31 0.986597 0.983055
62 31 0.969210 0.966766
63 31 0.931507 0.933249
64 31 0.856020 0.865941
65 31 0.727381 0.742069
66 31 0.548790 0.553302
67 31 0.352044 0.340710
68 31 0.184090 0.173168
69 31 0.076047 0.076321
70 31 0.025598 0.030819
71 31 0.008619 0.011819
72 31 0.003091 0.004385
73 31 0.000688 0.001588
74 31 0.000134 0.000564
75 31 0.000061 0.000197
76 31 -0.000078 0.000068
77 31 -0.000037 0.000023
78 31 -0.000036 0.000008
79 31 -0.000080 0.000003
80 31 -0.000057 0.000001
81 31 -0.000062 0.000000
82 31 -0.000078 0.000000
83 31 -0.000067 0.000000
84 31 -0.000069 0.000000
85 31 -0.000074 0.000000
86 31 -0.000070 0.000000
87 31 -0.000069 0.000000
88 31 -0.000070 0.000000
89 31 -0.000073 0.000000
90 31 -0.000064 0.000000
91 31 -0.000069 0.000000
92 31 -0.000072 0.000000
93 31 -0.000062 0.000000
94 31 -0.000068 0.000000
95 31 -0.000068 0.000000
96 31 -0.000063 0.000000
97 31 -0.000063 0.000000
98 31 -0.000067 0.000000
99 31 -0.000061 0.000000
0 32 -0.000077 0.000000
1 32 -0.000081 0.000000
2 32 -0.000077 0.000000
3 32 -0.000076 0.000000
4 32 -0.000078 0.000000
5 32 -0.000078 0.000000
6 32 -0.000074 0.000000
7 32 -0.000078 0.000000
8 32 -0.000078 0.000000
9 32 -0.000075 0.000000
10 32 -0.000077 0.000000
11 32 -0.000081 0.000000
12 32 -0.000075 0.000000
13 32 -0.000079 0.000000
14 32 -0.000095 0.000000
15 32 -0.000079 0.000000
16 32 -0.000081 0.000000
17 32 -0.000189 0.000000
18 32 -0.000154 0.000000
19 32 0.000028 0.000001
20 32 -0.000382 0.000002
21 32 -0.000831 0.000005
22 32 0.000118 0.000016
23 32 0.000578 0.000049
24 32 -0.001958 0.000146
25 32 -0.003490 0.000434
26 32 0.001727 0.001271
27 32 0.008814 0.003654
28 32 0.009778 0.010281
29 32 0.017124 0.028063
30 32 0.066643 0.072898
31 32 0.187947 0.173168
32 32 0.373266 0.352563
33 32 0.579270 0.579702
34 32 0.757122 0.772488
35 32 0.880133 0.890156
36 32 0.949302 0.949245
37 32 0.981223 0.976536
38 32 0.993574 0.988892
39 32 0.997876 0.994550
40 32 0.999426 0.997208
41 32 1.000021 0.998500
42 32 1.000206 0.999150
43 32 1.000220 0.999491
44 32 1.000201 0.999676
45 32 1.000182 0.999781
46 32 1.000198 0.999841
47 32 1.000202 0.999877
48 32 1.000201 0.999898
49 32 1.000191 0.999908
50 32 1.000190 0.999912
51 32 1.000187 0.999908
52 32 1.000198 0.999898
53 32 1.000212 0.999877
54 32 1.000224 0.999841
55 32 1.000242 0.999781
56 32 1.000205 0.999676
57 32 1.000107 0.999491
58 32 1.000064 0.999150
59 32 1.000172 0.998500
60 32 0.999721 0.997208
61 32 0.997496 0.994550
62 32 0.992083 0.988892
63 32 0.980129 0.976536
64 32 0.951062 0.949245
65 32 0.883938 0.890156
66 32 0.757449 0.772488
67 32 0.571695 0.579702
68 32 0.362543 0.352563
69 32 0.184866 0.173168
70 32 0.073408 0.072898
71 32 0.023400 0.028063
72 32 0.007217 0.010281
73 32 0.002169 0.003654
74 32 0.000397 0.001271
75 32 0.000122 0.000434
76 32 -0.000019 0.000146
77 32 -0.000088 0.000049
78 32 -0.000033 0.000016
79 32 -0.000080 0.000005
80 32 -0.000083 0.000002
81 32 -0.000064 0.000001
82 32 -0.000091 0.000000
83 32 -0.000082 0.000000
84 32 -0.000078 0.000000
85 32 -0.000091 0.000000
86 32 -0.000083 0.000000
87 32 -0.000085 0.000000
88 32 -0.000085 0.000000
89 32 -0.000088 0.000000
90 32 -0.000082 0.000000
91 32 -0.000084 0.000000
92 32 -0.000088 0.000000
93 32 -0.000079 0.000000
94 32 -0.000084 0.000000
95 32 -0.000084 0.000000
96 32 -0.000080 0.000000
97 32 -0.000079 0.000000
98 32 -0.000084 0.000000
99 32 -0.000077 0.000000
0 33 -0.000074 0.000000
1 33 -0.000077 0.000000
2 33 -0.000073 0.000000
3 33 -0.000071 0.000000
4 33 -0.000075 0.000000
5 33 -0.000073 0.000000
6 33 -0.000070 0.000000
7 33 -0.000076 0.000000
8 33 -0.000074 0.000000
9 33 -0.000072 0.000000
10 33 -0.000074 0.000000
11 33 -0.000079 0.000000
12 33 -0.000070 0.000000
13 33 -0.000079 0.000000
14 33 -0.000087 0.000000
15 33 -0.000067 0.000000
16 33 -0.000107 0.000000
17 33 -0.000180 0.000000
18 33 -0.000048 0.000000
19 33 -0.000078 0.000001
20 33 -0.000663 0.000003
21 33 -0.000376 0.000010
22 33 0.000642 0.000032
23 33 -0.000724 0.000100
24 33 -0.003388 0.000308
25 33 -0.000430 0.000933
26 33 0.007320 0.002784
27 33 0.009894 0.008155
28 33 0.013650 0.023267
29 33 0.054752 0.063486
30 33 0.171286 0.159081
31 33 0.361724 0.340710
32 33 0.579272 0.579702
33 33 0.766711 0.782079
34 33 0.892565 0.900819
35 33 0.959119 0.957081
36 33 0.986883 0.981471
37 33 0.996163 0.991827
38 33 0.998893 0.996273
39 33 0.999781 0.998231
40 33 1.000110 0.999121
41 33 1.000181 0.999541
42 33 1.000165 0.999747
43 33 1.000158 0.999852
44 33 1.000167 0.999908
45 33 1.000173 0.999939
46 33 1.000179 0.999957
47 33 1.000186 0.999967
48 33 1.000190 0.999973
49 33 1.000203 0.999976
50 33 1.000203 0.999977
51 33 1.000203 0.999976
52 33 1.000196 0.999973
53 33 1.000197 0.999967
54 33 1.000166 0.999957
55 33 1.000190 0.999939
56 33 1.000246 0.999908
57 33 1.000235 0.999852
58 33 1.000019 0.999747
59 33 0.999829 0.999541
60 33 1.000143 0.999121
61 33 1.000220 0.998231
62 33 0.998567 0.996273
63 33 0.994116 0.991827
64 33 0.985120 0.981471
65 33 0.961175 0.957081
66 33 0.897391 0.900819
67 33 0.767214 0.782079
68 33 0.570555 0.579702
69 33 0.350845 0.340710
70 33 0.170591 0.159081
71 33 0.063659 0.063486
72 33 0.018952 0.023267
73 33 0.005306 0.008155
74 33 0.001267 0.002784
75 33 0.000203 0.000933
76 33 0.000067 0.000308
77 33 -0.000074 0.000100
78 33 -0.000060 0.000032
79 33 -0.000055 0.000010
80 33 -0.000090 0.000003
81 33 -0.000066 0.000001
82 33 -0.000084 0.000000
83 33 -0.000086 0.000000
84 33 -0.000074 0.000000
85 33 -0.000092 0.000000
86 33 -0.000082 0.000000
87 33 -0.000082 0.000000
88 33 -0.000086 0.000000
89 33 -0.000085 0.000000
90 33 -0.000081 0.000000
91 33 -0.000082 0.000000
92 33 -0.000085 0.000000
93 33 -0.000076 0.000000
94 33 -0.000081 0.000000
95 33 -0.000080 0.000000
96 33 -0.000076 0.000000
97 33 -0.000075 0.000000
98 33 -0.000078 0.000000
99 33 -0.000074 0.000000
0 34 -0.000066 0.000000
1 34 -0.000069 0.000000
2 34 -0.000066 0.000000
3 34 -0.000065 0.000000
4 34 -0.000069 0.000000
5 34 -0.000067 0.000000
6 34 -0.000063 0.000000
7 34 -0.000069 0.000000
8 34 -0.000068 0.000000
9 34 -0.000065 0.000000
10 34 -0.000070 0.000000
11 34 -0.000074 0.000000
12 34 -0.000064 0.000000
13 34 -0.000080 0.000000
14 34 -0.000078 0.000000
15 34 -0.000069 0.000000
16 34 -0.000131 0.000000
17 34 -0.000129 0.000000
18 34 -0.000007 0.000001
19 34 -0.000313 0.000002
20 34 -0.000619 0.000006
21 34 0.000241 0.000020
22 34 0.000264 0.000063
23 34 -0.002434 0.000201
24 34 -0.002292 0.000628
25 34 0.004755 0.001942
26 34 0.009841 0.005906
27 34 0.010802 0.017571
28 34 0.038829 0.050342
29 34 0.140675 0.133811
30 34 0.327768 0.306473
31 34 0.555365 0.553302
32 34 0.757114 0.772488
33 34 0.892556 0.900819
34 34 0.962058 0.959435
35 34 0.989146 0.983553
36 34 0.997189 0.993215
37 34 0.999243 0.997117
38 34 0.999876 0.998729
39 34 1.000108 0.999416
40 34 1.000157 0.999719
41 34 1.000146 0.999858
42 34 1.000143 0.999924
43 34 1.000158 0.999957
44 34 1.000166 0.999974
45 34 1.000163 0.999983
46 34 1.000172 0.999988
47 34 1.000168 0.999991
48 34 1.000167 0.999993
49 34 1.000172 0.999994
50 34 1.000178 0.999994
51 34 1.000167 0.999994
52 34 1.000187 0.999993
53 34 1.000201 0.999991
54 34 1.000210 0.999988
55 34 1.000143 0.999983
56 34 1.000117 0.999974
57 34 1.000186 0.999957
58 34 1.000260 0.999924
59 34 0.999905 0.999858
60 34 0.999551 0.999719
61 34 1.000054 0.999416
62 34 1.000475 0.998729
63 34 0.998866 0.997117
64 34 0.994457 0.993215
65 34 0.987044 0.983553
66 34 0.965169 0.959435
67 34 0.898734 0.900819
68 34 0.757118 0.772488
69 34 0.545048 0.553302
70 34 0.318056 0.306473
71 34 0.143971 0.133811
72 34 0.049346 0.050342
73 34 0.013508 0.017571
74 34 0.003303 0.005906
75 34 0.000559 0.001942
76 34 0.000093 0.000628
77 34 -0.000015 0.000201
78 34 -0.000093 0.000063
79 34 -0.000055 0.000020
80 34 -0.000085 0.000006
81 34 -0.000080 0.000002
82 34 -0.000080 0.000001
83 34 -0.000091 0.000000
84 34 -0.000074 0.000000
85 34 -0.000090 0.000000
86 34 -0.000081 0.000000
87 34 -0.000077 0.000000
88 34 -0.000084 0.000000
89 34 -0.000079 0.000000
90 34 -0.000076 0.000000
91 34 -0.000077 0.000000
92 34 -0.000080 0.000000
93 34 -0.000070 0.000000
94 34 -0.000074 0.000000
95 34 -0.000075 0.000000
96 34 -0.000070 0.000000
97 34 -0.000069 0.000000
98 34 -0.000073 0.000000
99 34 -0.000066 0.000000
0 35 -0.000081 0.000000
1 35 -0.000085 0.000000
2 35 -0.000083 0.000000
3 35 -0.000077 0.000000
4 35 -0.000081 0.000000
5 35 -0.000079 0.000000
6 35 -0.000076 0.000000
7 35 -0.000082 0.000000
8 35 -0.000078 0.000000
9 35 -0.000076 0.000000
10 35 -0.000080 0.000000
11 35 -0.000080 0.000000
12 35 -0.000074 0.000000
13 35 -0.000088 0.000000
14 35 -0.000078 0.000000
15 35 -0.000087 0.000000
16 35 -0.000133 0.000000
17 35 -0.000071 0.000000
18 35 -0.000072 0.000001
19 35 -0.000475 0.000003
20 35 -0.000256 0.000011
21 35 0.000532 0.000037
22 35 -0.000960 0.000121
23 35 -0.002999 0.000390
24 35 0.001444 0.001243
25 35 0.008782 0.003912
26 35 0.009726 0.012097
27 35 0.023701 0.036308
28 35 0.101695 0.102532
29 35 0.274029 0.254270
30 35 0.507064 0.500000
31 35 0.727249 0.742069
32 35 0.880132 0.890156
33 35 0.959116 0.957081
34 35 0.989153 0.983553
35 35 0.997473 0.993626
36 35 0.999355 0.997467
37 35 0.999911 0.998960
38 35 1.000114 0.999557
39 35 1.000144 0.999803
40 35 1.000142 0.999908
41 35 1.000143 0.999955
42 35 1.000150 0.999977
43 35 1.000162 0.999987
44 35 1.000164 0.999992
45 35 1.000160 0.999995
46 35 1.000174 0.999997
47 35 1.000180 0.999998
48 35 1.000172 0.999998
49 35 1.000180 0.999998
50 35 1.000188 0.999998
51 35 1.000181 0.999998
52 35 1.000167 0.999998
53 35 1.000156 0.999998
54 35 1.000185 0.999997
55 35 1.000231 0.999995
56 35 1.000135 0.999992
57 35 1.000050 0.999987
58 35 1.000120 0.999977
59 35 1.000223 0.999955
60 35 0.999731 0.999908
61 35 0.999407 0.999803
62 35 1.000150 0.999557
63 35 1.000692 0.998960
64 35 0.998620 0.997467
65 35 0.993857 0.993626
66 35 0.987331 0.983553
67 35 0.964210 0.957081
68 35 0.887447 0.890156
69 35 0.725304 0.742069
70 35 0.495042 0.500000
71 35 0.267625 0.254270
72 35 0.109968 0.102532
73 35 0.033899 0.036308
74 35 0.008344 0.012097
75 35 0.001607 0.003912
76 35 0.000151 0.001243
77 35 0.000017 0.000390
78 35 -0.000093 0.000121
79 35 -0.000087 0.000037
80 35 -0.000083 0.000011
81 35 -0.000102 0.000003
82 35 -0.000091 0.000001
83 35 -0.000105 0.000000
84 35 -0.000092 0.000000
85 35 -0.000102 0.000000
86 35 -0.000101 0.000000
87 35 -0.000092 0.000000
88 35 -0.000101 0.000000
89 35 -0.000098 0.000000
90 35 -0.000092 0.000000
91 35 -0.000093 0.000000
92 35 -0.000097 0.000000
93 35 -0.000087 0.000000
94 35 -0.000091 0.000000
95 35 -0.000092 0.000000
96 35 -0.000086 0.000000
97 35 -0.000086 0.000000
98 35 -0.000089 0.000000
99 35 -0.000084 0.000000
0 36 -0.000080 0.000000
1 36 -0.000083 0.000000
2 36 -0.000079 0.000000
3 36 -0.000076 0.000000
4 36 -0.000081 0.000000
5 36 -0.000078 0.000000
6 36 -0.000075 0.000000
7 36 -0.000077 0.000000
8 36 -0.000077 0.000000
9 36 -0.000074 0.000000
10 36 -0.000076 0.000000
11 36 -0.000078 0.000000
12 36 -0.000072 0.000000
13 36 -0.000083 0.000000
14 36 -0.000070 0.000000
15 36 -0.000091 0.000000
16 36 -0.000111 0.000000
17 36 -0.000032 0.000001
18 36 -0.000199 0.000002
19 36 -0.000438 0.000006
20 36 0.000181 0.000020
21 36 0.000186 0.000068
22 36 -0.002215 0.000223
23 36 -0.001442 0.000732
24 36 0.005955 0.002377
25 36 0.009829 0.007609
26 36 0.013611 0.023819
27 36 0.062390 0.071242
28 36 0.206223 0.192205
29 36 0.434602 0.421047
30 36 0.674151 0.686223
31 36 0.852711 0.865941
32 36 0.949304 0.949245
33 36 0.986883 0.981471
34 36 0.997201 0.993215
35 36 0.999359 0.997467
36 36 0.999914 0.999028
37 36 1.000118 0.999614
38 36 1.000147 0.999841
39 36 1.000137 0.999932
40 36 1.000149 0.999969
41 36 1.000153 0.999986
42 36 1.000154 0.999993
43 36 1.000161 0.999996
44 36 1.000160 0.999998
45 36 1.000155 0.999999
46 36 1.000162 0.999999
47 36 1.000167 0.999999
48 36 1.000163 0.999999
49 36 1.000166 1.000000
50 36 1.000164 1.000000
51 36 1.000177 1.000000
52 36 1.000190 0.999999
53 36 1.000157 0.999999
54 36 1.000104 0.999999
55 36 1.000152 0.999999
56 36 1.000206 0.999998
57 36 1.000126 0.999996
58 36 1.000012 0.999993
59 36 1.000059 0.999986
60 36 1.000172 0.999969
61 36 0.999663 0.999932
62 36 0.999522 0.999841
63 36 1.000453 0.999614
64 36 1.000839 0.999028
65 36 0.997832 0.997467
66 36 0.992742 0.993215
67 36 0.986516 0.981471
68 36 0.957230 0.949245
69 36 0.859883 0.865941
70 36 0.668450 0.686223
71 36 0.422179 0.421047
72 36 0.205951 0.192205
73 36 0.074930 0.071242
74 36 0.020381 0.023819
75 36 0.004261 0.007609
76 36 0.000504 0.002377
77 36 0.000010 0.000732
78 36 -0.000064 0.000223
79 36 -0.000109 0.000068
80 36 -0.000079 0.000020
81 36 -0.000105 0.000006
82 36 -0.000097 0.000002
83 36 -0.000103 0.000001
84 36 -0.000096 0.000000
85 36 -0.000101 0.000000
86 36 -0.000103 0.000000
87 36 -0.000094 0.000000
88 36 -0.000101 0.000000
89 36 -0.000098 0.000000
90 36 -0.000094 0.000000
91 36 -0.000094 0.000000
92 36 -0.000096 0.000000
93 36 -0.000090 0.000000
94 36 -0.000091 0.000000
95 36 -0.000091 0.000000
96 36 -0.000086 0.000000
97 36 -0.000084 0.000000
98 36 -0.000087 0.000000
99 36 -0.000081 0.000000
0 37 -0.000071 0.000000
1 37 -0.000075 0.000000
2 37 -0.000070 0.000000
3 37 -0.000066 0.000000
4 37 -0.000074 0.000000
5 37 -0.000067 0.000000
6 37 -0.000065 0.000000
7 37 -0.000071 0.000000
8 37 -0.000068 0.000000
9 37 -0.000067 0.000000
10 37 -0.000069 0.000000
11 37 -0.000070 0.000000
12 37 -0.000068 0.000000
13 37 -0.000073 0.000000
14 37 -0.000068 0.000000
15 37 -0.000096 0.000000
16 37 -0.000074 0.000000
17 37 -0.000048 0.000001
18 37 -0.000293 0.000003
19 37 -0.000217 0.000010
20 37 0.000411 0.000035
21 37 -0.000703 0.000118
22 37 -0.002522 0.000398
23 37 0.001883 0.001329
24 37 0.008986 0.004385
25 37 0.009909 0.014240
26 37 0.031462 0.044805
27 37 0.134280 0.130912
28 37 0.341242 0.323335
29 37 0.594321 0.599271
30 37 0.805141 0.821768
31 37 0.929435 0.933249
32 37 0.981215 0.976536
33 37 0.996153 0.991827
34 37 0.999245 0.997117
35 37 0.999904 0.998960
36 37 1.000105 0.999614
37 37 1.000139 0.999852
38 37 1.000128 0.999941
39 37 1.000124 0.999976
40 37 1.000141 0.999990
41 37 1.000142 0.999995
42 37 1.000139 0.999998
43 37 1.000143 0.999999
44 37 1.000154 0.999999
45 37 1.000150 1.000000
46 37 1.000155 1.000000
47 37 1.000157 1.000000
48 37 1.000155 1.000000
49 37 1.000162 1.000000
50 37 1.000150 1.000000
51 37 1.000128 1.000000
52 37 1.000153 1.000000
53 37 1.000179 1.000000
54 37 1.000147 1.000000
55 37 1.000090 1.000000
56 37 1.000129 0.999999
57 37 1.000156 0.999999
58 37 1.000095 0.999998
59 37 0.999948 0.999995
60 37 1.000079 0.999990
61 37 1.000204 0.999976
62 37 0.999602 0.999941
63 37 0.999611 0.999852
64 37 1.000820 0.999614
65 37 1.000705 0.998960
66 37 0.996302 0.997117
67 37 0.991462 0.991827
68 37 0.984001 0.976536
69 37 0.940231 0.933249
70 37 0.809552 0.821768
71 37 0.583979 0.599271
72 37 0.332020 0.323335
73 37 0.142203 0.130912
74 37 0.044782 0.044805
75 37 0.010428 0.014240
76 37 0.001586 0.004385
77 37 0.000033 0.001329
78 37 -0.000059 0.000398
79 37 -0.000119 0.000118
80 37 -0.000086 0.000035
81 37 -0.000102 0.000010
82 37 -0.000104 0.000003
83 37 -0.000099 0.000001
84 37 -0.000097 0.000000
85 37 -0.000100 0.000000
86 37 -0.000099 0.000000
87 37 -0.000090 0.000000
88 37 -0.000098 0.000000
89 37 -0.000092 0.000000
90 37 -0.000086 0.000000
91 37 -0.000089 0.000000
92 37 -0.000087 0.000000
93 37 -0.000079 0.000000
94 37 -0.000084 0.000000
95 37 -0.000082 0.000000
96 37 -0.000077 0.000000
97 37 -0.000077 0.000000
98 37 -0.000079 0.000000
99 37 -0.000073 0.000000
0 38 -0.000084 0.000000
1 38 -0.000088 0.000000
2 38 -0.000082 0.000000
3 38 -0.000078 0.000000
4 38 -0.000085 0.000000
5 38 -0.000078 0.000000
6 38 -0.000076 0.000000
7 38 -0.000080 0.000000
8 38 -0.000078 0.000000
9 38 -0.000073 0.000000
10 38 -0.000076 0.000000
11 38 -0.000079 0.000000
12 38 -0.000074 0.000000
13 38 -0.000077 0.000000
14 38 -0.000077 0.000000
15 38 -0.000095 0.000000
16 38 -0.000048 0.000000
17 38 -0.000108 0.000001
18 38 -0.000297 0.000005
19 38 0.000071 0.000017
20 38 0.000265 0.000058
21 38 -0.001647 0.000201
22 38 -0.001360 0.000686
23 38 0.005639 0.002324
24 38 0.009762 0.007787
25 38 0.014435 0.025553
26 38 0.071448 0.079896
27 38 0.236187 0.221607
28 38 0.486508 0.480035
29 38 0.730405 0.747307
30 38 0.893489 0.903342
31 38 0.969369 0.966766
32 38 0.993571 0.988892
33 38 0.998887 0.996273
34 38 0.999884 0.998729
35 38 1.000112 0.999557
36 38 1.000139 0.999841
37 38 1.000136 0.999941
38 38 1.000138 0.999978
39 38 1.000139 0.999991
40 38 1.000149 0.999996
41 38 1.000146 0.999998
42 38 1.000146 0.999999
43 38 1.000154 1.000000
44 38 1.000151 1.000000
45 38 1.000150 1.000000
46 38 1.000154 1.000000
47 38 1.000155 1.000000
48 38 1.000145 1.000000
49 38 1.000159 1.000000
50 38 1.000172 1.000000
51 38 1.000151 1.000000
52 38 1.000131 1.000000
53 38 1.000142 1.000000
54 38 1.000158 1.000000
55 38 1.000140 1.000000
56 38 1.000101 1.000000
57 38 1.000117 1.000000
58 38 1.000126 0.999999
59 38 1.000059 0.999998
60 38 0.999933 0.999996
61 38 1.000209 0.999991
62 38 0.999999 0.999978
63 38 0.999185 0.999941
64 38 0.999681 0.999841
65 38 1.001264 0.999557
66 38 0.999771 0.998729
67 38 0.994023 0.996273
68 38 0.990279 0.988892
69 38 0.977045 0.966766
70 38 0.905309 0.903342
71 38 0.728694 0.747307
72 38 0.473645 0.480035
73 38 0.235321 0.221607
74 38 0.086184 0.079896
75 38 0.022939 0.025553
76 38 0.004210 0.007787
77 38 0.000281 0.002324
78 38 -0.000088 0.000686
79 38 -0.000126 0.000201
80 38 -0.000111 0.000058
81 38 -0.000112 0.000017
82 38 -0.000124 0.000005
83 38 -0.000114 0.000001
84 38 -0.000114 0.000000
85 38 -0.000114 0.000000
86 38 -0.000116 0.000000
87 38 -0.000104 0.000000
88 38 -0.000111 0.000000
89 38 -0.000109 0.000000
90 38 -0.000100 0.000000
91 38 -0.000104 0.000000
92 38 -0.000105 0.000000
93 38 -0.000096 0.000000
94 38 -0.000097 0.000000
95 38 -0.000098 0.000000
96 38 -0.000090 0.000000
97 38 -0.000090 0.000000
98 38 -0.000094 0.000000
99 38 -0.000086 0.000000
0 39 -0.000087 0.000000
1 39 -0.000089 0.000000
2 39 -0.000085 0.000000
3 39 -0.000080 0.000000
4 39 -0.000085 0.000000
5 39 -0.000079 0.000000
6 39 -0.000077 0.000000
7 39 -0.000080 0.000000
8 39 -0.000077 0.000000
9 39 -0.000072 0.000000
10 39 -0.000077 0.000000
11 39 -0.000077 0.000000
12 39 -0.000070 0.000000
13 39 -0.000071 0.000000
14 39 -0.000078 0.000000
15 39 -0.000080 0.000000
16 39 -0.000034 0.000001
17 39 -0.000166 0.000002
18 39 -0.000196 0.000008
19 39 0.000291 0.000027
20 39 -0.000238 0.000094
21 39 -0.002072 0.000328
22 39 0.001063 0.001138
23 39 0.008413 0.003912
24 39 0.009790 0.013278
25 39 0.029687 0.043772
26 39 0.135867 0.133811
27 39 0.356252 0.340710
28 39 0.621976 0.631270
29 39 0.832250 0.848722
30 39 0.945751 0.947818
31 39 0.987496 0.983055
32 39 0.997877 0.994550
33 39 0.999781 0.998231
34 39 1.000123 0.999416
35 39 1.000149 0.999803
36 39 1.000136 0.999932
37 39 1.000141 0.999976
38 39 1.000148 0.999991
39 39 1.000140 0.999997
40 39 1.000150 0.999999
41 39 1.000148 0.999999
42 39 1.000146 1.000000
43 39 1.000157 1.000000
44 39 1.000154 1.000000
45 39 1.000148 1.000000
46 39 1.000157 1.000000
47 39 1.000162 1.000000
48 39 1.000146 1.000000
49 39 1.000139 1.000000
50 39 1.000149 1.000000
51 39 1.000151 1.000000
52 39 1.000149 1.000000
53 39 1.000135 1.000000
54 39 1.000128 1.000000
55 39 1.000142 1.000000
56 39 1.000130 1.000000
57 39 1.000106 1.000000
58 39 1.000114 1.000000
59 39 1.000122 0.999999
60 39 1.000005 0.999999
61 39 0.999979 0.999997
62 39 1.000135 0.999991
63 39 0.999448 0.999976
64 39 0.998923 0.999932
65 39 1.000310 0.999803
66 39 1.001497 0.999416
67 39 0.997590 0.998231
68 39 0.991726 0.994550
69 39 0.988573 0.983055
70 39 0.958756 0.947818
71 39 0.840588 0.848722
72 39 0.612700 0.631270
73 39 0.347328 0.340710
74 39 0.146399 0.133811
75 39 0.044734 0.043772
76 39 0.009607 0.013278
77 39 0.001088 0.003912
78 39 -0.000099 0.001138
79 39 -0.000131 0.000328
80 39 -0.000124 0.000094
81 39 -0.000116 0.000027
82 39 -0.000131 0.000008
83 39 -0.000117 0.000002
84 39 -0.000119 0.000001
85 39 -0.000119 0.000000
86 39 -0.000120 0.000000
87 39 -0.000111 0.000000
88 39 -0.000116 0.000000
89 39 -0.000113 0.000000
90 39 -0.000106 0.000000
91 39 -0.000108 0.000000
92 39 -0.000107 0.000000
93 39 -0.000100 0.000000
94 39 -0.000101 0.000000
95 39 -0.000102 0.000000
96 39 -0.000094 0.000000
97 39 -0.000093 0.000000
98 39 -0.000096 0.000000
99 39 -0.000089 0.000000
0 40 -0.000075 0.000000
1 40 -0.000079 0.000000
2 40 -0.000073 0.000000
3 40 -0.000069 0.000000
4 40 -0.000074 0.000000
5 40 -0.000069 0.000000
6 40 -0.000067 0.000000
7 40 -0.000068 0.000000
8 40 -0.000069 0.000000
9 40 -0.000064 0.000000
10 40 -0.000068 0.000000
11 40 -0.000068 0.000000
12 40 -0.000062 0.000000
13 40 -0.000065 0.000000
14 40 -0.000075 0.000000
15 40 -0.000059 0.000000
16 40 -0.000045 0.000001
17 40 -0.000182 0.000003
18 40 -0.000030 0.000012
19 40 0.000336 0.000041
20 40 -0.000888 0.000146
21 40 -0.001659 0.000517
22 40 0.004011 0.001816
23 40 0.009605 0.006328
24 40 0.012159 0.021689
25 40 0.059914 0.071242
26 40 0.220367 0.208609
27 40 0.479371 0.473401
28 40 0.734522 0.752479
29 40 0.900609 0.910584
30 40 0.973502 0.971226
31 40 0.995031 0.991035
32 40 0.999418 0.997208
33 40 1.000101 0.999121
34 40 1.000161 0.999719
35 40 1.000134 0.999908
36 40 1.000136 0.999969
37 40 1.000143 0.999990
38 40 1.000142 0.999996
39 40 1.000135 0.999999
40 40 1.000146 0.999999
41 40 1.000142 1.000000
42 40 1.000133 1.000000
43 40 1.000143 1.000000
44 40 1.000144 1.000000
45 40 1.000137 1.000000
46 40 1.000138 1.000000
47 40 1.000146 1.000000
48 40 1.000140 1.000000
49 40 1.000145 1.000000
50 40 1.000136 1.000000
51 40 1.000125 1.000000
52 40 1.000133 1.000000
53 40 1.000139 1.000000
54 40 1.000118 1.000000
55 40 1.000118 1.000000
56 40 1.000126 1.000000
57 40 1.000099 1.000000
58 40 1.000106 1.000000
59 40 1.000105 1.000000
60 40 1.000109 0.999999
61 40 0.999957 0.999999
62 40 1.000019 0.999996
63 40 0.999918 0.999990
64 40 0.999162 0.999969
65 40 0.999368 0.999908
66 40 1.001317 0.999719
67 40 1.000611 0.999121
68 40 0.994252 0.997208
69 40 0.990413 0.991035
70 40 0.982165 0.971226
71 40 0.915602 0.910584
72 40 0.733884 0.752479
73 40 0.466957 0.473401
74 40 0.223320 0.208609
75 40 0.077708 0.071242
76 40 0.019172 0.021689
77 40 0.002897 0.006328
78 40 0.000003 0.001816
79 40 -0.000157 0.000517
80 40 -0.000133 0.000146
81 40 -0.000120 0.000041
82 40 -0.000135 0.000012
83 40 -0.000119 0.000003
84 40 -0.000116 0.000001
85 40 -0.000119 0.000000
86 40 -0.000114 0.000000
87 40 -0.000105 0.000000
88 40 -0.000110 0.000000
89 40 -0.000106 0.000000
90 40 -0.000096 0.000000
91 40 -0.000100 0.000000
92 40 -0.000097 0.000000
93 40 -0.000089 0.000000
94 40 -0.000090 0.000000
95 40 -0.000091 0.000000
96 40 -0.000083 0.000000
97 40 -0.000082 0.000000
98 40 -0.000084 0.000000
99 40 -0.000076 0.000000
0 41 -0.000086 0.000000
1 41 -0.000089 0.000000
2 41 -0.000085 0.000000
3 41 -0.000078 0.000000
4 41 -0.000084 0.000000
5 41 -0.000079 0.000000
6 41 -0.000074 0.000000
7 41 -0.000076 0.000000
8 41 -0.000076 0.000000
9 41 -0.000069 0.000000
10 41 -0.000074 0.000000
11 41 -0.000072 0.000000
12 41 -0.000068 0.000000
13 41 -0.000069 0.000000
14 41 -0.000076 0.000000
15 41 -0.000049 0.000000
16 41 -0.000074 0.000001
17 41 -0.000161 0.000005
18 41 0.000134 0.000017
19 41 0.000178 0.000061
20 41 -0.001416 0.000219
21 41 -0.000413 0.000782
22 41 0.006673 0.002784
23 41 0.009725 0.009815
24 41 0.020118 0.033846
25 41 0.105623 0.109660
26 41 0.316146 0.300970
27 41 0.592607 0.599271
28 41 0.819645 0.837584
29 41 0.942671 0.946356
30 41 0.987229 0.983553
31 41 0.998153 0.995041
32 41 1.000014 0.998500
33 41 1.000174 0.999541
34 41 1.000155 0.999858
35 41 1.000137 0.999955
36 41 1.000143 0.999986
37 41 1.000150 0.999995
38 41 1.000143 0.999998
39 41 1.000136 0.999999
40 41 1.000148 1.000000
41 41 1.000146 1.000000
42 41 1.000140 1.000000
43 41 1.000147 1.000000
44 41 1.000145 1.000000
45 41 1.000146 1.000000
46 41 1.000146 1.000000
47 41 1.000141 1.000000
48 41 1.000135 1.000000
49 41 1.000144 1.000000
50 41 1.000147 1.000000
51 41 1.000131 1.000000
52 41 1.000133 1.000000
53 41 1.000135 1.000000
54 41 1.000126 1.000000
55 41 1.000118 1.000000
56 41 1.000130 1.000000
57 41 1.000109 1.000000
58 41 1.000106 1.000000
59 41 1.000102 1.000000
60 41 1.000102 1.000000
61 41 1.000056 0.999999
62 41 0.999930 0.999998
63 41 1.000072 0.999995
64 41 0.999742 0.999986
65 41 0.999142 0.999955
66 41 1.000273 0.999858
67 41 1.001823 0.999541
68 41 0.997708 0.998500
69 41 0.991137 0.995041
70 41 0.989230 0.983553
71 41 0.958891 0.946356
72 41 0.828696 0.837584
73 41 0.582359 0.599271
74 41 0.311440 0.300970
75 41 0.121869 0.109660
76 41 0.034017 0.033846
77 41 0.006217 0.009815
78 41 0.000352 0.002784
79 41 -0.000204 0.000782
80 41 -0.000157 0.000219
81 41 -0.000138 0.000061
82 41 -0.000150 0.000017
83 41 -0.000136 0.000005
84 41 -0.000131 0.000001
85 41 -0.000133 0.000000
86 41 -0.000130 0.000000
87 41 -0.000119 0.000000
88 41 -0.000122 0.000000
89 41 -0.000122 0.000000
90 41 -0.000108 0.000000
91 41 -0.000112 0.000000
92 41 -0.000113 0.000000
93 41 -0.000101 0.000000
94 41 -0.000102 0.000000
95 41 -0.000105 0.000000
96 41 -0.000093 0.000000
97 41 -0.000095 0.000000
98 41 -0.000097 0.000000
99 41 -0.000089 0.000000
0 42 -0.000091 0.000000
1 42 -0.000093 0.000000
2 42 -0.000088 0.000000
3 42 -0.000083 0.000000
4 42 -0.000087 0.000000
5 42 -0.000082 0.000000
6 42 -0.000076 0.000000
7 42 -0.000080 0.000000
8 42 -0.000080 0.000000
9 42 -0.000069 0.000000
10 42 -0.000075 0.000000
11 42 -0.000072 0.000000
12 42 -0.000066 0.000000
13 42 -0.000068 0.000000
14 42 -0.000069 0.000000
15 42 -0.000042 0.000000
16 42 -0.000089 0.000002
17 42 -0.000095 0.000007
18 42 0.000263 0.000024
19 42 -0.000133 0.000087
20 42 -0.001618 0.000314
21 42 0.001392 0.001138
22 42 0.008526 0.004095
23 42 0.009990 0.014576
24 42 0.035669 0.050342
25 42 0.163667 0.159081
26 42 0.413311 0.401882
27 42 0.688113 0.703609
28 42 0.879427 0.892908
29 42 0.967037 0.966766
30 42 0.993876 0.990170
31 42 0.999508 0.997117
32 42 1.000205 0.999150
33 42 1.000166 0.999747
34 42 1.000160 0.999924
35 42 1.000155 0.999977
36 42 1.000155 0.999993
37 42 1.000156 0.999998
38 42 1.000153 0.999999
39 42 1.000147 1.000000
40 42 1.000149 1.000000
41 42 1.000150 1.000000
42 42 1.000143 1.000000
43 42 1.000149 1.000000
44 42 1.000142 1.000000
45 42 1.000143 1.000000
46 42 1.000147 1.000000
47 42 1.000147 1.000000
48 42 1.000138 1.000000
49 42 1.000139 1.000000
50 42 1.000139 1.000000
51 42 1.000136 1.000000
52 42 1.000135 1.000000
53 42 1.000132 1.000000
54 42 1.000127 1.000000
55 42 1.000122 1.000000
56 42 1.000121 1.000000
57 42 1.000115 1.000000
58 42 1.000108 1.000000
59 42 1.000112 1.000000
60 42 1.000096 1.000000
61 42 1.000092 1.000000
62 42 0.999962 0.999999
63 42 1.000008 0.999998
64 42 1.000075 0.999993
65 42 0.999454 0.999977
66 42 0.999472 0.999924
67 42 1.001503 0.999747
68 42 1.000483 0.999150
69 42 0.993269 0.997117
70 42 0.990106 0.990170
71 42 0.979891 0.966766
72 42 0.895828 0.892908
73 42 0.684311 0.703609
74 42 0.403487 0.401882
75 42 0.175184 0.159081
76 42 0.054529 0.050342
77 42 0.011507 0.014576
78 42 0.001131 0.004095
79 42 -0.000224 0.001138
80 42 -0.000188 0.000314
81 42 -0.000152 0.000087
82 42 -0.000159 0.000024
83 42 -0.000146 0.000007
84 42 -0.000137 0.000002
85 42 -0.000140 0.000000
86 42 -0.000136 0.000000
87 42 -0.000127 0.000000
88 42 -0.000129 0.000000
89 42 -0.000128 0.000000
90 42 -0.000118 0.000000
91 42 -0.000118 0.000000
92 42 -0.000118 0.000000
93 42 -0.000110 0.000000
94 42 -0.000106 0.000000
95 42 -0.000111 0.000000
96 42 -0.000101 0.000000
97 42 -0.000099 0.000000
98 42 -0.000102 0.000000
99 42 -0.000094 0.000000
0 43 -0.000079 0.000000
1 43 -0.000083 0.000000
2 43 -0.000076 0.000000
3 43 -0.000071 0.000000
4 43 -0.000077 0.000000
5 43 -0.000070 0.000000
6 43 -0.000066 0.000000
7 43 -0.000071 0.000000
8 43 -0.000067 0.000000
9 43 -0.000057 0.000000
10 43 -0.000067 0.000000
11 43 -0.000064 0.000000
12 43 -0.000055 0.000000
13 43 -0.000059 0.000000
14 43 -0.000061 0.000000
15 43 -0.000042 0.000001
16 43 -0.000086 0.000002
17 43 0.000009 0.000009
18 43 0.000329 0.000032
19 43 -0.000490 0.000118
20 43 -0.001424 0.000434
21 43 0.003381 0.001588
22 43 0.009491 0.005772
23 43 0.011697 0.020697
24 43 0.058872 0.071242
25 43 0.228585 0.217208
26 43 0.503613 0.500000
27 43 0.763312 0.782079
28 43 0.919186 0.927637
29 43 0.980743 0.978516
30 43 0.997170 0.993822
31 43 1.000070 0.998231
32 43 1.000211 0.999491
33 43 1.000151 0.999852
34 43 1.000164 0.999957
35 43 1.000153 0.999987
36 43 1.000150 0.999996
37 43 1.000149 0.999999
38 43 1.000146 1.000000
39 43 1.000145 1.000000
40 43 1.000146 1.000000
41 43 1.000141 1.000000
42 43 1.000135 1.000000
43 43 1.000146 1.000000
44 43 1.000139 1.000000
45 43 1.000131 1.000000
46 43 1.000135 1.000000
47 43 1.000136 1.000000
48 43 1.000134 1.000000
49 43 1.000132 1.000000
50 43 1.000129 1.000000
51 43 1.000126 1.000000
52 43 1.000127 1.000000
53 43 1.000120 1.000000
54 43 1.000119 1.000000
55 43 1.000121 1.000000
56 43 1.000110 1.000000
57 43 1.000110 1.000000
58 43 1.000103 1.000000
59 43 1.000103 1.000000
60 43 1.000093 1.000000
61 43 1.000103 1.000000
62 43 1.000033 1.000000
63 43 0.999937 0.999999
64 43 1.000132 0.999996
65 43 0.999848 0.999987
66 43 0.999265 0.999957
67 43 1.000611 0.999852
68 43 1.001794 0.999491
69 43 0.996234 0.998231
70 43 0.990152 0.993822
71 43 0.987934 0.978516
72 43 0.939073 0.927637
73 43 0.767745 0.782079
74 43 0.492306 0.500000
75 43 0.234035 0.217208
76 43 0.080091 0.071242
77 43 0.018948 0.020697
78 43 0.002471 0.005772
79 43 -0.000173 0.001588
80 43 -0.000221 0.000434
81 43 -0.000161 0.000118
82 43 -0.000161 0.000032
83 43 -0.000149 0.000009
84 43 -0.000136 0.000002
85 43 -0.000137 0.000001
86 43 -0.000130 0.000000
87 43 -0.000120 0.000000
88 43 -0.000122 0.000000
89 43 -0.000118 0.000000
90 43 -0.000107 0.000000
91 43 -0.000111 0.000000
92 43 -0.000107 0.000000
93 43 -0.000098 0.000000
94 43 -0.000098 0.000000
95 43 -0.000098 0.000000
96 43 -0.000089 0.000000
97 43 -0.000089 0.000000
98 43 -0.000089 0.000000
99 43 -0.000081 0.000000
0 44 -0.000086 0.000000
1 44 -0.000092 0.000000
2 44 -0.000082 0.000000
3 44 -0.000078 0.000000
4 44 -0.000084 0.000000
5 44 -0.000076 0.000000
6 44 -0.000071 0.000000
7 44 -0.000075 0.000000
8 44 -0.000071 0.000000
9 44 -0.000063 0.000000
10 44 -0.000073 0.000000
11 44 -0.000067 0.000000
12 44 -0.000058 0.000000
13 44 -0.000062 0.000000
14 44 -0.000060 0.000000
15 44 -0.000050 0.000001
16 44 -0.000056 0.000003
17 44 0.000132 0.000011
18 44 0.000327 0.000042
19 44 -0.000817 0.000156
20 44 -0.000899 0.000576
21 44 0.005210 0.002124
22 44 0.009805 0.007787
23 44 0.015635 0.028063
24 44 0.087958 0.095830
25 44 0.294335 0.279577
26 44 0.581804 0.586251
27 44 0.819446 0.837584
28 44 0.944752 0.949245
29 44 0.988478 0.985412
30 44 0.998848 0.995899
31 44 1.000248 0.998850
32 44 1.000192 0.999676
33 44 1.000160 0.999908
34 44 1.000173 0.999974
35 44 1.000155 0.999992
36 44 1.000152 0.999998
37 44 1.000159 0.999999
38 44 1.000145 1.000000
39 44 1.000143 1.000000
40 44 1.000148 1.000000
41 44 1.000141 1.000000
42 44 1.000132 1.000000
43 44 1.000143 1.000000
44 44 1.000140 1.000000
45 44 1.000134 1.000000
46 44 1.000140 1.000000
47 44 1.000137 1.000000
48 44 1.000129 1.000000
49 44 1.000135 1.000000
50 44 1.000133 1.000000
51 44 1.000128 1.000000
52 44 1.000128 1.000000
53 44 1.000126 1.000000
54 44 1.000119 1.000000
55 44 1.000122 1.000000
56 44 1.000111 1.000000
57 44 1.000113 1.000000
58 44 1.000108 1.000000
59 44 1.000099 1.000000
60 44 1.000095 1.000000
61 44 1.000091 1.000000
62 44 1.000095 1.000000
63 44 0.999963 0.999999
64 44 1.000058 0.999998
65 44 1.000079 0.999992
66 44 0.999475 0.999974
67 44 0.999855 0.999908
68 44 1.001881 0.999676
69 44 0.998877 0.998850
70 44 0.991108 0.995899
71 44 0.989937 0.985412
72 44 0.964495 0.949245
73 44 0.831657 0.837584
74 44 0.572305 0.586251
75 44 0.294079 0.279577
76 44 0.109147 0.095830
77 44 0.028325 0.028063
78 44 0.004403 0.007787
79 44 -0.000033 0.002124
80 44 -0.000269 0.000576
81 44 -0.000186 0.000156
82 44 -0.000179 0.000042
83 44 -0.000163 0.000011
84 44 -0.000150 0.000003
85 44 -0.000150 0.000001
86 44 -0.000142 0.000000
87 44 -0.000132 0.000000
88 44 -0.000134 0.000000
89 44 -0.000130 0.000000
90 44 -0.000115 0.000000
91 44 -0.000119 0.000000
92 44 -0.000118 0.000000
93 44 -0.000105 0.000000
94 44 -0.000106 0.000000
95 44 -0.000109 0.000000
96 44 -0.000095 0.000000
97 44 -0.000097 0.000000
98 44 -0.000099 0.000000
99 44 -0.000089 0.000000
0 45 -0.000093 0.000000
1 45 -0.000098 0.000000
2 45 -0.000088 0.000000
3 45 -0.000085 0.000000
4 45 -0.000090 0.000000
5 45 -0.000082 0.000000
6 45 -0.000077 0.000000
7 45 -0.000081 0.000000
8 45 -0.000076 0.000000
9 45 -0.000070 0.000000
10 45 -0.000076 0.000000
11 45 -0.000063 0.000000
12 45 -0.000061 0.000000
13 45 -0.000066 0.000000
14 45 -0.000054 0.000000
15 45 -0.000047 0.000001
16 45 -0.000010 0.000004
17 45 0.000247 0.000014
18 45 0.000274 0.000053
19 45 -0.001057 0.000197
20 45 -0.000161 0.000732
21 45 0.006693 0.002722
22 45 0.009842 0.010045
23 45 0.021829 0.036308
24 45 0.119969 0.122546
25 45 0.355665 0.340710
26 45 0.645617 0.656168
27 45 0.859685 0.875490
28 45 0.960945 0.962744
29 45 0.992934 0.989550
30 45 0.999681 0.997117
31 45 1.000271 0.999206
32 45 1.000180 0.999781
33 45 1.000176 0.999939
34 45 1.000179 0.999983
35 45 1.000163 0.999995
36 45 1.000158 0.999999
37 45 1.000169 1.000000
38 45 1.000154 1.000000
39 45 1.000150 1.000000
40 45 1.000153 1.000000
41 45 1.000153 1.000000
42 45 1.000143 1.000000
43 45 1.000146 1.000000
44 45 1.000142 1.000000
45 45 1.000136 1.000000
46 45 1.000143 1.000000
47 45 1.000140 1.000000
48 45 1.000130 1.000000
49 45 1.000137 1.000000
50 45 1.000135 1.000000
51 45 1.000126 1.000000
52 45 1.000127 1.000000
53 45 1.000131 1.000000
54 45 1.000122 1.000000
55 45 1.000121 1.000000
56 45 1.000117 1.000000
57 45 1.000114 1.000000
58 45 1.000112 1.000000
59 45 1.000105 1.000000
60 45 1.000107 1.000000
61 45 1.000086 1.000000
62 45 1.000106 1.000000
63 45 1.000042 1.000000
64 45 0.999995 0.999999
65 45 1.000139 0.999995
66 45 0.999771 0.999983
67 45 0.999496 0.999939
68 45 1.001375 0.999781
69 45 1.000615 0.999206
70 45 0.992852 0.997117
71 45 0.989944 0.989550
72 45 0.978157 0.962744
73 45 0.877892 0.875490
74 45 0.640096 0.656168
75 45 0.351109 0.340710
76 45 0.139510 0.122546
77 45 0.039041 0.036308
78 45 0.006872 0.010045
79 45 0.000229 0.002722
80 45 -0.000307 0.000732
81 45 -0.000204 0.000197
82 45 -0.000192 0.000053
83 45 -0.000175 0.000014
84 45 -0.000158 0.000004
85 45 -0.000160 0.000001
86 45 -0.000150 0.000000
87 45 -0.000139 0.000000
88 45 -0.000141 0.000000
89 45 -0.000138 0.000000
90 45 -0.000126 0.000000
91 45 -0.000128 0.000000
92 45 -0.000125 0.000000
93 45 -0.000116 0.000000
94 45 -0.000114 0.000000
95 45 -0.000116 0.000000
96 45 -0.000104 0.000000
97 45 -0.000103 0.000000
98 45 -0.000107 0.000000
99 45 -0.000096 0.000000
0 46 -0.000082 0.000000
1 46 -0.000086 0.000000
2 46 -0.000077 0.000000
3 46 -0.000073 0.000000
4 46 -0.000077 0.000000
5 46 -0.000070 0.000000
6 46 -0.000065 0.000000
7 46 -0.000071 0.000000
8 46 -0.000064 0.000000
9 46 -0.000058 0.000000
10 46 -0.000063 0.000000
11 46 -0.000054 0.000000
12 46 -0.000059 0.000000
13 46 -0.000056 0.000000
14 46 -0.000035 0.000000
15 46 -0.000045 0.000001
16 46 0.000010 0.000004
17 46 0.000298 0.000017
18 46 0.000163 0.000063
19 46 -0.001199 0.000238
20 46 0.000635 0.000892
21 46 0.007780 0.003337
22 46 0.009908 0.012382
23 46 0.029561 0.044805
24 46 0.151520 0.149162
25 46 0.408734 0.395567
26 46 0.694980 0.709289
27 46 0.887592 0.900819
28 46 0.971154 0.971226
29 46 0.995533 0.992076
30 46 1.000059 0.997847
31 46 1.000248 0.999416
32 46 1.000189 0.999841
33 46 1.000175 0.999957
34 46 1.000179 0.999988
35 46 1.000166 0.999997
36 46 1.000155 0.999999
37 46 1.000160 1.000000
38 46 1.000148 1.000000
39 46 1.000148 1.000000
40 46 1.000143 1.000000
41 46 1.000142 1.000000
42 46 1.000137 1.000000
43 46 1.000136 1.000000
44 46 1.000136 1.000000
45 46 1.000132 1.000000
46 46 1.000131 1.000000
47 46 1.000129 1.000000
48 46 1.000125 1.000000
49 46 1.000129 1.000000
50 46 1.000126 1.000000
51 46 1.000118 1.000000
52 46 1.000121 1.000000
53 46 1.000124 1.000000
54 46 1.000110 1.000000
55 46 1.000113 1.000000
56 46 1.000117 1.000000
57 46 1.000105 1.000000
58 46 1.000101 1.000000
59 46 1.000104 1.000000
60 46 1.000104 1.000000
61 46 1.000077 1.000000
62 46 1.000097 1.000000
63 46 1.000084 1.000000
64 46 0.999987 0.999999
65 46 1.000112 0.999997
66 46 0.999979 0.999988
67 46 0.999477 0.999957
68 46 1.000802 0.999841
69 46 1.001453 0.999416
70 46 0.994770 0.997847
71 46 0.989770 0.992076
72 46 0.984879 0.971226
73 46 0.909695 0.900819
74 46 0.694313 0.709289
75 46 0.401617 0.395567
76 46 0.168696 0.149162
77 46 0.050139 0.044805
78 46 0.009656 0.012382
79 46 0.000598 0.003337
80 46 -0.000329 0.000892
81 46 -0.000218 0.000238
82 46 -0.000192 0.000063
83 46 -0.000174 0.000017
84 46 -0.000155 0.000004
85 46 -0.000155 0.000001
86 46 -0.000143 0.000000
87 46 -0.000131 0.000000
88 46 -0.000134 0.000000
89 46 -0.000127 0.000000
90 46 -0.000114 0.000000
91 46 -0.000119 0.000000
92 46 -0.000113 0.000000
93 46 -0.000103 0.000000
94 46 -0.000104 0.000000
95 46 -0.000103 0.000000
96 46 -0.000092 0.000000
97 46 -0.000093 0.000000
98 46 -0.000093 0.000000
99 46 -0.000084 0.000000
0 47 -0.000085 0.000000
1 47 -0.000092 0.000000
2 47 -0.000079 0.000000
3 47 -0.000077 0.000000
4 47 -0.000082 0.000000
5 47 -0.000074 0.000000
6 47 -0.000069 0.000000
7 47 -0.000073 0.000000
8 47 -0.000067 0.000000
9 47 -0.000061 0.000000
10 47 -0.000066 0.000000
11 47 -0.000063 0.000000
12 47 -0.000061 0.000000
13 47 -0.000044 0.000000
14 47 -0.000031 0.000000
15 47 -0.000057 0.000001
16 47 -0.000008 0.000005
17 47 0.000285 0.000019
18 47 0.000023 0.000073
19 47 -0.001248 0.000276
20 47 0.001385 0.001041
21 47 0.008508 0.003912
22 47 0.010125 0.014576
23 47 0.037606 0.052740
24 47 0.179447 0.173168
25 47 0.451203 0.440498
26 47 0.731052 0.747307
27 47 0.906299 0.917352
28 47 0.977554 0.976536
29 47 0.997036 0.993626
30 47 1.000205 0.998288
31 47 1.000233 0.999541
32 47 1.000192 0.999877
33 47 1.000180 0.999967
34 47 1.000173 0.999991
35 47 1.000169 0.999998
36 47 1.000158 0.999999
37 47 1.000161 1.000000
38 47 1.000146 1.000000
39 47 1.000151 1.000000
40 47 1.000150 1.000000
41 47 1.000136 1.000000
42 47 1.000136 1.000000
43 47 1.000139 1.000000
44 47 1.000134 1.000000
45 47 1.000131 1.000000
46 47 1.000131 1.000000
47 47 1.000131 1.000000
48 47 1.000126 1.000000
49 47 1.000126 1.000000
50 47 1.000125 1.000000
51 47 1.000121 1.000000
52 47 1.000125 1.000000
53 47 1.000122 1.000000
54 47 1.000110 1.000000
55 47 1.000114 1.000000
56 47 1.000118 1.000000
57 47 1.000104 1.000000
58 47 1.000102 1.000000
59 47 1.000111 1.000000
60 47 1.000096 1.000000
61 47 1.000082 1.000000
62 47 1.000095 1.000000
63 47 1.000094 1.000000
64 47 1.000010 0.999999
65 47 1.000086 0.999998
66 47 1.000072 0.999991
67 47 0.999598 0.999967
68 47 1.000389 0.999877
69 47 1.001686 0.999541
70 47 0.996384 0.998288
71 47 0.989911 0.993626
72 47 0.987904 0.976536
73 47 0.930510 0.917352
74 47 0.735066 0.747307
75 47 0.443039 0.440498
76 47 0.194311 0.173168
77 47 0.060474 0.052740
78 47 0.012412 0.014576
79 47 0.001004 0.003912
80 47 -0.000345 0.001041
81 47 -0.000243 0.000276
82 47 -0.000208 0.000073
83 47 -0.000186 0.000019
84 47 -0.000164 0.000005
85 47 -0.000163 0.000001
86 47 -0.000151 0.000000
87 47 -0.000138 0.000000
88 47 -0.000141 0.000000
89 47 -0.000136 0.000000
90 47 -0.000119 0.000000
91 47 -0.000124 0.000000
92 47 -0.000122 0.000000
93 47 -0.000107 0.000000
94 47 -0.000108 0.000000
95 47 -0.000110 0.000000
96 47 -0.000096 0.000000
97 47 -0.000096 0.000000
98 47 -0.000100 0.000000
99 47 -0.000088 0.000000
0 48 -0.000093 0.000000
1 48 -0.000099 0.000000
2 48 -0.000089 0.000000
3 48 -0.000084 0.000000
4 48 -0.000089 0.000000
5 48 -0.000083 0.000000
6 48 -0.000076 0.000000
7 48 -0.000079 0.000000
8 48 -0.000074 0.000000
9 48 -0.000067 0.000000
10 48 -0.000070 0.000000
11 48 -0.000066 0.000000
12 48 -0.000058 0.000000
13 48 -0.000040 0.000000
14 48 -0.000053 0.000000
15 48 -0.000074 0.000002
16 48 0.000025 0.000006
17 48 0.000294 0.000022
18 48 -0.000093 0.000081
19 48 -0.001248 0.000308
20 48 0.001991 0.001163
21 48 0.008964 0.004385
22 48 0.010455 0.016381
23 48 0.044613 0.059229
24 48 0.201205 0.192205
25 48 0.481913 0.473401
26 48 0.755396 0.772488
27 48 0.918145 0.927637
28 48 0.981434 0.979748
29 48 0.997875 0.994550
30 48 1.000265 0.998548
31 48 1.000241 0.999614
32 48 1.000198 0.999898
33 48 1.000194 0.999973
34 48 1.000182 0.999993
35 48 1.000174 0.999998
36 48 1.000166 0.999999
37 48 1.000172 1.000000
38 48 1.000149 1.000000
39 48 1.000147 1.000000
40 48 1.000155 1.000000
41 48 1.000140 1.000000
42 48 1.000139 1.000000
43 48 1.000148 1.000000
44 48 1.000136 1.000000
45 48 1.000131 1.000000
46 48 1.000136 1.000000
47 48 1.000134 1.000000
48 48 1.000130 1.000000
49 48 1.000129 1.000000
50 48 1.000126 1.000000
51 48 1.000126 1.000000
52 48 1.000123 1.000000
53 48 1.000120 1.000000
54 48 1.000120 1.000000
55 48 1.000122 1.000000
56 48 1.000115 1.000000
57 48 1.000106 1.000000
58 48 1.000110 1.000000
59 48 1.000113 1.000000
60 48 1.000087 1.000000
61 48 1.000095 1.000000
62 48 1.000100 1.000000
63 48 1.000080 1.000000
64 48 1.000050 0.999999
65 48 1.000087 0.999998
66 48 1.000100 0.999993
67 48 0.999760 0.999973
68 48 1.000192 0.999898
69 48 1.001637 0.999614
70 48 0.997540 0.998548
71 48 0.990291 0.994550
72 48 0.989161 0.979748
73 48 0.943309 0.927637
74 48 0.763227 0.772488
75 48 0.473723 0.473401
76 48 0.214309 0.192205
77 48 0.068918 0.059229
78 48 0.014774 0.016381
79 48 0.001387 0.004385
80 48 -0.000348 0.001163
81 48 -0.000260 0.000308
82 48 -0.000216 0.000081
83 48 -0.000196 0.000022
84 48 -0.000174 0.000006
85 48 -0.000171 0.000002
86 48 -0.000161 0.000000
87 48 -0.000148 0.000000
88 48 -0.000146 0.000000
89 48 -0.000144 0.000000
90 48 -0.000130 0.000000
91 48 -0.000131 0.000000
92 48 -0.000130 0.000000
93 48 -0.000118 0.000000
94 48 -0.000117 0.000000
95 48 -0.000118 0.000000
96 48 -0.000107 0.000000
97 48 -0.000105 0.000000
98 48 -0.000107 0.000000
99 48 -0.000098 0.000000
0 49 -0.000084 0.000000
1 49 -0.000087 0.000000
2 49 -0.000076 0.000000
3 49 -0.000074 0.000000
4 49 -0.000078 0.000000
5 49 -0.000071 0.000000
6 49 -0.000065 0.000000
7 49 -0.000069 0.000000
8 49 -0.000064 0.000000
9 49 -0.000058 0.000000
10 49 -0.000058 0.000000
11 49 -0.000056 0.000000
12 49 -0.000048 0.000000
13 49 -0.000044 0.000000
14 49 -0.000063 0.000000
15 49 -0.000002 0.000002
16 49 0.000191 0.000006
17 49 0.000430 0.000023
18 49 -0.000115 0.000087
19 49 -0.001235 0.000328
20 49 0.002370 0.001243
21 49 0.009208 0.004696
22 49 0.010739 0.017571
23 49 0.049370 0.063486
24 49 0.214994 0.204409
25 49 0.500434 0.493336
26 49 0.769403 0.786771
27 49 0.924687 0.933249
28 49 0.983512 0.981471
29 49 0.998279 0.995041
30 49 1.000283 0.998686
31 49 1.000250 0.999653
32 49 1.000183 0.999908
33 49 1.000201 0.999976
34 49 1.000180 0.999994
35 49 1.000173 0.999998
36 49 1.000161 1.000000
37 49 1.000170 1.000000
38 49 1.000153 1.000000
39 49 1.000133 1.000000
40 49 1.000151 1.000000
41 49 1.000141 1.000000
42 49 1.000131 1.000000
43 49 1.000136 1.000000
44 49 1.000131 1.000000
45 49 1.000128 1.000000
46 49 1.000132 1.000000
47 49 1.000123 1.000000
48 49 1.000120 1.000000
49 49 1.000125 1.000000
50 49 1.000123 1.000000
51 49 1.000121 1.000000
52 49 1.000117 1.000000
53 49 1.000115 1.000000
54 49 1.000116 1.000000
55 49 1.000114 1.000000
56 49 1.000103 1.000000
57 49 1.000105 1.000000
58 49 1.000111 1.000000
59 49 1.000098 1.000000
60 49 1.000080 1.000000
61 49 1.000108 1.000000
62 49 1.000090 1.000000
63 49 1.000057 1.000000
64 49 1.000087 1.000000
65 49 1.000087 0.999998
66 49 1.000097 0.999994
67 49 0.999908 0.999976
68 49 1.000117 0.999908
69 49 1.001517 0.999653
70 49 0.998239 0.998686
71 49 0.990685 0.995041
72 49 0.989638 0.981471
73 49 0.950247 0.933249
74 49 0.779850 0.786771
75 49 0.492724 0.493336
76 49 0.227147 0.204409
77 49 0.074513 0.063486
78 49 0.016395 0.017571
79 49 0.001669 0.004696
80 49 -0.000339 0.001243
81 49 -0.000265 0.000328
82 49 -0.000211 0.000087
83 49 -0.000188 0.000023
84 49 -0.000167 0.000006
85 49 -0.000163 0.000002
86 49 -0.000149 0.000000
87 49 -0.000138 0.000000
88 49 -0.000138 0.000000
89 49 -0.000132 0.000000
90 49 -0.000119 0.000000
91 49 -0.000122 0.000000
92 49 -0.000116 0.000000
93 49 -0.000105 0.000000
94 49 -0.000108 0.000000
95 49 -0.000105 0.000000
96 49 -0.000093 0.000000
97 49 -0.000095 0.000000
98 49 -0.000095 0.000000
99 49 -0.000085 0.000000
0 50 -0.000084 0.000000
1 50 -0.000089 0.000000
2 50 -0.000077 0.000000
3 50 -0.000074 0.000000
4 50 -0.000079 0.000000
5 50 -0.000071 0.000000
6 50 -0.000064 0.000000
7 50 -0.000071 0.000000
8 50 -0.000067 0.000000
9 50 -0.000057 0.000000
10 50 -0.000062 0.000000
11 50 -0.000059 0.000000
12 50 -0.000047 0.000000
13 50 -0.000050 0.000000
14 50 -0.000058 0.000000
15 50 0.000115 0.000002
16 50 0.000442 0.000006
17 50 0.000639 0.000023
18 50 -0.000052 0.000088
19 50 -0.001217 0.000335
20 50 0.002496 0.001271
21 50 0.009288 0.004805
22 50 0.010842 0.017986
23 50 0.051059 0.064969
24 50 0.219785 0.208609
25 50 0.506714 0.500000
26 50 0.774024 0.791391
27 50 0.926802 0.935031
28 50 0.984181 0.982014
29 50 0.998392 0.995195
30 50 1.000282 0.998729
31 50 1.000263 0.999665
32 50 1.000179 0.999912
33 50 1.000197 0.999977
34 50 1.000182 0.999994
35 50 1.000176 0.999998
36 50 1.000156 1.000000
37 50 1.000152 1.000000
38 50 1.000163 1.000000
39 50 1.000138 1.000000
40 50 1.000139 1.000000
41 50 1.000139 1.000000
42 50 1.000129 1.000000
43 50 1.000132 1.000000
44 50 1.000129 1.000000
45 50 1.000126 1.000000
46 50 1.000128 1.000000
47 50 1.000123 1.000000
48 50 1.000118 1.000000
49 50 1.000124 1.000000
50 50 1.000120 1.000000
51 50 1.000114 1.000000
52 50 1.000116 1.000000
53 50 1.000120 1.000000
54 50 1.000111 1.000000
55 50 1.000107 1.000000
56 50 1.000106 1.000000
57 50 1.000114 1.000000
58 50 1.000101 1.000000
59 50 1.000084 1.000000
60 50 1.000093 1.000000
61 50 1.000112 1.000000
62 50 1.000061 1.000000
63 50 1.000064 1.000000
64 50 1.000124 1.000000
65 50 1.000063 0.999998
66 50 1.000109 0.999994
67 50 1.000015 0.999977
68 50 1.000082 0.999912
69 50 1.001456 0.999665
70 50 0.998547 0.998729
71 50 0.990880 0.995195
72 50 0.989755 0.982014
73 50 0.952582 0.935031
74 50 0.785695 0.791391
75 50 0.499553 0.500000
76 50 0.231836 0.208609
77 50 0.076582 0.064969
78 50 0.017001 0.017986
79 50 0.001774 0.004805
80 50 -0.000339 0.001271
81 50 -0.000272 0.000335
82 50 -0.000218 0.000088
83 50 -0.000194 0.000023
84 50 -0.000170 0.000006
85 50 -0.000167 0.000002
86 50 -0.000153 0.000000
87 50 -0.000140 0.000000
88 50 -0.000140 0.000000
89 50 -0.000135 0.000000
90 50 -0.000119 0.000000
91 50 -0.000123 0.000000
92 50 -0.000120 0.000000
93 50 -0.000105 0.000000
94 50 -0.000108 0.000000
95 50 -0.000108 0.000000
96 50 -0.000095 0.000000
97 50 -0.000096 0.000000
98 50 -0.000097 0.000000
99 50 -0.000086 0.000000
0 51 -0.000093 0.000000
1 51 -0.000097 0.000000
2 51 -0.000088 0.000000
3 51 -0.000084 0.000000
4 51 -0.000087 0.000000
5 51 -0.000080 0.000000
6 51 -0.000075 0.000000
7 51 -0.000078 0.000000
8 51 -0.000072 0.000000
9 51 -0.000062 0.000000
10 51 -0.000070 0.000000
11 51 -0.000067 0.000000
12 51 -0.000043 0.000000
13 51 -0.000054 0.000000
14 51 -0.000057 0.000000
15 51 0.000148 0.000002
16 51 0.000527 0.000006
17 51 0.000738 0.000023
18 51 0.000012 0.000087
19 51 -0.001223 0.000328
20 51 0.002368 0.001243
21 51 0.009236 0.004696
22 51 0.010733 0.017571
23 51 0.049405 0.063486
24 51 0.215267 0.204409
25 51 0.500814 0.493336
26 51 0.769626 0.786771
27 51 0.924779 0.933249
28 51 0.983563 0.981471
29 51 0.998268 0.995041
30 51 1.000271 0.998686
31 51 1.000271 0.999653
32 51 1.000183 0.999908
33 51 1.000207 0.999976
34 51 1.000181 0.999994
35 51 1.000181 0.999998
36 51 1.000180 1.000000
37 51 1.000143 1.000000
38 51 1.000153 1.000000
39 51 1.000153 1.000000
40 51 1.000140 1.000000
41 51 1.000136 1.000000
42 51 1.000137 1.000000
43 51 1.000139 1.000000
44 51 1.000134 1.000000
45 51 1.000125 1.000000
46 51 1.000129 1.000000
47 51 1.000128 1.000000
48 51 1.000125 1.000000
49 51 1.000131 1.000000
50 51 1.000122 1.000000
51 51 1.000114 1.000000
52 51 1.000125 1.000000
53 51 1.000125 1.000000
54 51 1.000110 1.000000
55 51 1.000112 1.000000
56 51 1.000120 1.000000
57 51 1.000110 1.000000
58 51 1.000087 1.000000
59 51 1.000095 1.000000
60 51 1.000119 1.000000
61 51 1.000089 1.000000
62 51 1.000035 1.000000
63 51 1.000116 1.000000
64 51 1.000131 1.000000
65 51 1.000010 0.999998
66 51 1.000175 0.999994
67 51 1.000051 0.999976
68 51 1.000034 0.999908
69 51 1.001517 0.999653
70 51 0.998491 0.998686
71 51 0.990794 0.995041
72 51 0.989645 0.981471
73 51 0.950767 0.933249
74 51 0.781042 0.786771
75 51 0.494022 0.493336
76 51 0.228010 0.204409
77 51 0.074887 0.063486
78 51 0.016500 0.017571
79 51 0.001683 0.004696
80 51 -0.000343 0.001243
81 51 -0.000271 0.000328
82 51 -0.000221 0.000087
83 51 -0.000199 0.000023
84 51 -0.000176 0.000006
85 51 -0.000173 0.000002
86 51 -0.000160 0.000000
87 51 -0.000149 0.000000
88 51 -0.000147 0.000000
89 51 -0.000143 0.000000
90 51 -0.000130 0.000000
91 51 -0.000131 0.000000
92 51 -0.000128 0.000000
93 51 -0.000117 0.000000
94 51 -0.000117 0.000000
95 51 -0.000116 0.000000
96 51 -0.000106 0.000000
97 51 -0.000105 0.000000
98 51 -0.000105 0.000000
99 51 -0.000097 0.000000
0 52 -0.000084 0.000000
1 52 -0.000085 0.000000
2 52 -0.000077 0.000000
3 52 -0.000075 0.000000
4 52 -0.000076 0.000000
5 52 -0.000069 0.000000
6 52 -0.000066 0.000000
7 52 -0.000069 0.000000
8 52 -0.000062 0.000000
9 52 -0.000055 0.000000
10 52 -0.000064 0.000000
11 52 -0.000059 0.000000
12 52 -0.000031 0.000000
13 52 -0.000049 0.000000
14 52 -0.000066 0.000000
15 52 0.000083 0.000002
16 52 0.000380 0.000006
17 52 0.000621 0.000022
18 52 0.000040 0.000081
19 52 -0.001253 0.000308
20 52 0.001986 0.001163
21 52 0.009026 0.004385
22 52 0.010487 0.016381
23 52 0.044715 0.059229
24 52 0.201763 0.192205
25 52 0.482767 0.473401
26 52 0.755948 0.772488
27 52 0.918361 0.927637
28 52 0.981539 0.979748
29 52 0.997885 0.994550
30 52 1.000239 0.998548
31 52 1.000265 0.999614
32 52 1.000191 0.999898
33 52 1.000195 0.999973
34 52 1.000196 0.999993
35 52 1.000161 0.999998
36 52 1.000186 0.999999
37 52 1.000162 1.000000
38 52 1.000126 1.000000
39 52 1.000144 1.000000
40 52 1.000140 1.000000
41 52 1.000130 1.000000
42 52 1.000128 1.000000
43 52 1.000133 1.000000
44 52 1.000127 1.000000
45 52 1.000119 1.000000
46 52 1.000125 1.000000
47 52 1.000124 1.000000
48 52 1.000115 1.000000
49 52 1.000118 1.000000
50 52 1.000116 1.000000
51 52 1.000116 1.000000
52 52 1.000119 1.000000
53 52 1.000110 1.000000
54 52 1.000098 1.000000
55 52 1.000115 1.000000
56 52 1.000114 1.000000
57 52 1.000087 1.000000
58 52 1.000080 1.000000
59 52 1.000119 1.000000
60 52 1.000108 1.000000
61 52 1.000030 1.000000
62 52 1.000056 1.000000
63 52 1.000182 1.000000
64 52 1.000058 0.999999
65 52 0.999979 0.999998
66 52 1.000303 0.999993
67 52 0.999973 0.999973
68 52 1.000036 0.999898
69 52 1.001725 0.999614
70 52 0.998009 0.998548
71 52 0.990436 0.994550
72 52 0.989213 0.979748
73 52 0.944420 0.927637
74 52 0.765569 0.772488
75 52 0.476193 0.473401
76 52 0.215921 0.192205
77 52 0.069618 0.059229
78 52 0.014984 0.016381
79 52 0.001428 0.004385
80 52 -0.000342 0.001163
81 52 -0.000256 0.000308
82 52 -0.000209 0.000081
83 52 -0.000185 0.000022
84 52 -0.000165 0.000006
85 52 -0.000162 0.000002
86 52 -0.000147 0.000000
87 52 -0.000136 0.000000
88 52 -0.000136 0.000000
89 52 -0.000130 0.000000
90 52 -0.000119 0.000000
91 52 -0.000120 0.000000
92 52 -0.000116 0.000000
93 52 -0.000106 0.000000
94 52 -0.000107 0.000000
95 52 -0.000104 0.000000
96 52 -0.000093 0.000000
97 52 -0.000095 0.000000
98 52 -0.000093 0.000000
99 52 -0.000086 0.000000
0 53 -0.000081 0.000000
1 53 -0.000084 0.000000
2 53 -0.000074 0.000000
3 53 -0.000072 0.000000
4 53 -0.000076 0.000000
5 53 -0.000066 0.000000
6 53 -0.000063 0.000000
7 53 -0.000067 0.000000
8 53 -0.000060 0.000000
9 53 -0.000056 0.000000
10 53 -0.000058 0.000000
11 53 -0.000054 0.000000
12 53 -0.000042 0.000000
13 53 -0.000045 0.000000
14 53 -0.000047 0.000000
15 53 0.000006 0.000001
16 53 0.000153 0.000005
17 53 0.000418 0.000019
18 53 0.000071 0.000073
19 53 -0.001243 0.000276
20 53 0.001403 0.001041
21 53 0.008593 0.003912
22 53 0.010227 0.014576
23 53 0.037805 0.052740
24 53 0.180289 0.173168
25 53 0.452628 0.440498
26 53 0.732120 0.747307
27 53 0.906720 0.917352
28 53 0.977718 0.976536
29 53 0.997096 0.993626
30 53 1.000185 0.998288
31 53 1.000246 0.999541
32 53 1.000201 0.999877
33 53 1.000191 0.999967
34 53 1.000204 0.999991
35 53 1.000144 0.999998
36 53 1.000148 0.999999
37 53 1.000181 1.000000
38 53 1.000132 1.000000
39 53 1.000124 1.000000
40 53 1.000141 1.000000
41 53 1.000127 1.000000
42 53 1.000121 1.000000
43 53 1.000123 1.000000
44 53 1.000121 1.000000
45 53 1.000120 1.000000
46 53 1.000126 1.000000
47 53 1.000120 1.000000
48 53 1.000110 1.000000
49 53 1.000115 1.000000
50 53 1.000119 1.000000
51 53 1.000115 1.000000
52 53 1.000110 1.000000
53 53 1.000105 1.000000
54 53 1.000111 1.000000
55 53 1.000118 1.000000
56 53 1.000094 1.000000
57 53 1.000073 1.000000
58 53 1.000105 1.000000
59 53 1.000124 1.000000
60 53 1.000042 1.000000
61 53 0.999998 1.000000
62 53 1.000146 1.000000
63 53 1.000179 1.000000
64 53 0.999913 0.999999
65 53 1.000079 0.999998
66 53 1.000426 0.999991
67 53 0.999737 0.999967
68 53 1.000216 0.999877
69 53 1.001997 0.999541
70 53 0.996969 0.998288
71 53 0.989946 0.993626
72 53 0.988063 0.976536
73 53 0.932280 0.917352
74 53 0.738419 0.747307
75 53 0.446398 0.440498
76 53 0.196429 0.173168
77 53 0.061362 0.052740
78 53 0.012667 0.014576
79 53 0.001052 0.003912
80 53 -0.000341 0.001041
81 53 -0.000243 0.000276
82 53 -0.000205 0.000073
83 53 -0.000182 0.000019
84 53 -0.000162 0.000005
85 53 -0.000160 0.000001
86 53 -0.000145 0.000000
87 53 -0.000134 0.000000
88 53 -0.000133 0.000000
89 53 -0.000127 0.000000
90 53 -0.000115 0.000000
91 53 -0.000118 0.000000
92 53 -0.000113 0.000000
93 53 -0.000102 0.000000
94 53 -0.000103 0.000000
95 53 -0.000103 0.000000
96 53 -0.000091 0.000000
97 53 -0.000093 0.000000
98 53 -0.000092 0.000000
99 53 -0.000082 0.000000
0 54 -0.000090 0.000000
1 54 -0.000093 0.000000
2 54 -0.000085 0.000000
3 54 -0.000081 0.000000
4 54 -0.000085 0.000000
5 54 -0.000078 0.000000
6 54 -0.000072 0.000000
7 54 -0.000075 0.000000
8 54 -0.000069 0.000000
9 54 -0.000066 0.000000
10 54 -0.000062 0.000000
11 54 -0.000059 0.000000
12 54 -0.000066 0.000000
13 54 -0.000038 0.000000
14 54 -0.000001 0.000000
15 54 -0.000019 0.000001
16 54 -0.000018 0.000004
17 54 0.000230 0.000017
18 54 0.000133 0.000063
19 54 -0.001184 0.000238
20 54 0.000695 0.000892
21 54 0.007906 0.003337
22 54 0.010078 0.012382
23 54 0.029861 0.044805
24 54 0.152595 0.149162
25 54 0.410756 0.395567
26 54 0.696762 0.709289
27 54 0.888389 0.900819
28 54 0.971401 0.971226
29 54 0.995640 0.992076
30 54 1.000054 0.997847
31 54 1.000245 0.999416
32 54 1.000221 0.999841
33 54 1.000169 0.999957
34 54 1.000222 0.999988
35 54 1.000185 0.999997
36 54 1.000107 0.999999
37 54 1.000160 1.000000
38 54 1.000160 1.000000
39 54 1.000130 1.000000
40 54 1.000131 1.000000
41 54 1.000131 1.000000
42 54 1.000128 1.000000
43 54 1.000131 1.000000
44 54 1.000125 1.000000
45 54 1.000120 1.000000
46 54 1.000120 1.000000
47 54 1.000116 1.000000
48 54 1.000119 1.000000
49 54 1.000126 1.000000
50 54 1.000119 1.000000
51 54 1.000110 1.000000
52 54 1.000106 1.000000
53 54 1.000120 1.000000
54 54 1.000116 1.000000
55 54 1.000099 1.000000
56 54 1.000077 1.000000
57 54 1.000102 1.000000
58 54 1.000136 1.000000
59 54 1.000072 1.000000
60 54 0.999981 1.000000
61 54 1.000075 1.000000
62 54 1.000239 1.000000
63 54 1.000032 1.000000
64 54 0.999832 0.999999
65 54 1.000361 0.999997
66 54 1.000381 0.999988
67 54 0.999415 0.999957
68 54 1.000777 0.999841
69 54 1.002062 0.999416
70 54 0.995258 0.997847
71 54 0.989595 0.992076
72 54 0.985294 0.971226
73 54 0.912192 0.900819
74 54 0.698465 0.709289
75 54 0.405513 0.395567
76 54 0.171036 0.149162
77 54 0.051081 0.044805
78 54 0.009905 0.012382
79 54 0.000635 0.003337
80 54 -0.000335 0.000892
81 54 -0.000229 0.000238
82 54 -0.000199 0.000063
83 54 -0.000182 0.000017
84 54 -0.000166 0.000004
85 54 -0.000161 0.000001
86 54 -0.000150 0.000000
87 54 -0.000140 0.000000
88 54 -0.000140 0.000000
89 54 -0.000136 0.000000
90 54 -0.000125 0.000000
91 54 -0.000126 0.000000
92 54 -0.000123 0.000000
93 54 -0.000114 0.000000
94 54 -0.000113 0.000000
95 54 -0.000112 0.000000
96 54 -0.000101 0.000000
97 54 -0.000102 0.000000
98 54 -0.000102 0.000000
99 54 -0.000093 0.000000
0 55 -0.000083 0.000000
1 55 -0.000083 0.000000
2 55 -0.000075 0.000000
3 55 -0.000074 0.000000
4 55 -0.000074 0.000000
5 55 -0.000068 0.000000
6 55 -0.000066 0.000000
7 55 -0.000067 0.000000
8 55 -0.000061 0.000000
9 55 -0.000059 0.000000
10 55 -0.000057 0.000000
11 55 -0.000049 0.000000
12 55 -0.000062 0.000000
13 55 -0.000026 0.000000
14 55 0.000017 0.000000
15 55 -0.000052 0.000001
16 55 -0.000086 0.000004
17 55 0.000182 0.000014
18 55 0.000252 0.000053
19 55 -0.001067 0.000197
20 55 -0.000127 0.000732
21 55 0.006853 0.002722
22 55 0.010092 0.010045
23 55 0.022221 0.036308
24 55 0.121167 0.122546
25 55 0.358184 0.340710
26 55 0.648264 0.656168
27 55 0.861084 0.875490
28 55 0.961344 0.962744
29 55 0.993080 0.989550
30 55 0.999714 0.997117
31 55 1.000231 0.999206
32 55 1.000238 0.999781
33 55 1.000190 0.999939
34 55 1.000151 0.999983
35 55 1.000228 0.999995
36 55 1.000150 0.999999
37 55 1.000099 1.000000
38 55 1.000137 1.000000
39 55 1.000138 1.000000
40 55 1.000126 1.000000
41 55 1.000116 1.000000
42 55 1.000117 1.000000
43 55 1.000128 1.000000
44 55 1.000122 1.000000
45 55 1.000114 1.000000
46 55 1.000118 1.000000
47 55 1.000115 1.000000
48 55 1.000115 1.000000
49 55 1.000117 1.000000
50 55 1.000108 1.000000
51 55 1.000104 1.000000
52 55 1.000116 1.000000
53 55 1.000120 1.000000
54 55 1.000091 1.000000
55 55 1.000078 1.000000
56 55 1.000101 1.000000
57 55 1.000128 1.000000
58 55 1.000079 1.000000
59 55 0.999970 1.000000
60 55 1.000006 1.000000
61 55 1.000214 1.000000
62 55 1.000170 1.000000
63 55 0.999790 1.000000
64 55 1.000011 0.999999
65 55 1.000673 0.999995
66 55 0.999990 0.999983
67 55 0.999299 0.999939
68 55 1.001773 0.999781
69 55 1.001436 0.999206
70 55 0.992975 0.997117
71 55 0.989594 0.989550
72 55 0.979066 0.962744
73 55 0.881128 0.875490
74 55 0.644737 0.656168
75 55 0.355149 0.340710
76 55 0.141810 0.122546
77 55 0.039932 0.036308
78 55 0.007106 0.010045
79 55 0.000271 0.002722
80 55 -0.000302 0.000732
81 55 -0.000202 0.000197
82 55 -0.000183 0.000053
83 55 -0.000166 0.000014
84 55 -0.000152 0.000004
85 55 -0.000149 0.000001
86 55 -0.000136 0.000000
87 55 -0.000129 0.000000
88 55 -0.000128 0.000000
89 55 -0.000122 0.000000
90 55 -0.000115 0.000000
91 55 -0.000115 0.000000
92 55 -0.000111 0.000000
93 55 -0.000103 0.000000
94 55 -0.000102 0.000000
95 55 -0.000101 0.000000
96 55 -0.000091 0.000000
97 55 -0.000093 0.000000
98 55 -0.000092 0.000000
99 55 -0.000083 0.000000
0 56 -0.000078 0.000000
1 56 -0.000078 0.000000
2 56 -0.000070 0.000000
3 56 -0.000068 0.000000
4 56 -0.000071 0.000000
5 56 -0.000063 0.000000
6 56 -0.000062 0.000000
7 56 -0.000063 0.000000
8 56 -0.000057 0.000000
9 56 -0.000052 0.000000
10 56 -0.000059 0.000000
11 56 -0.000048 0.000000
12 56 -0.000051 0.000000
13 56 -0.000033 0.000000
14 56 -0.000027 0.000000
15 56 -0.000068 0.000001
16 56 0.000042 0.000003
17 56 0.000426 0.000011
18 56 0.000595 0.000042
19 56 -0.000742 0.000156
20 56 -0.000917 0.000576
21 56 0.005307 0.002124
22 56 0.010085 0.007787
23 56 0.016110 0.028063
24 56 0.089142 0.095830
25 56 0.297105 0.279577
26 56 0.585336 0.586251
27 56 0.821732 0.837584
28 56 0.945467 0.949245
29 56 0.988654 0.985412
30 56 0.998942 0.995899
31 56 1.000187 0.998850
32 56 1.000195 0.999676
33 56 1.000239 0.999908
34 56 1.000119 0.999974
35 56 1.000125 0.999992
36 56 1.000196 0.999998
37 56 1.000130 0.999999
38 56 1.000092 1.000000
39 56 1.000118 1.000000
40 56 1.000126 1.000000
41 56 1.000122 1.000000
42 56 1.000110 1.000000
43 56 1.000110 1.000000
44 56 1.000107 1.000000
45 56 1.000106 1.000000
46 56 1.000118 1.000000
47 56 1.000116 1.000000
48 56 1.000105 1.000000
49 56 1.000103 1.000000
50 56 1.000106 1.000000
51 56 1.000110 1.000000
52 56 1.000112 1.000000
53 56 1.000093 1.000000
54 56 1.000067 1.000000
55 56 1.000097 1.000000
56 56 1.000132 1.000000
57 56 1.000080 1.000000
58 56 0.999973 1.000000
59 56 0.999973 1.000000
60 56 1.000170 1.000000
61 56 1.000239 1.000000
62 56 0.999886 1.000000
63 56 0.999729 0.999999
64 56 1.000487 0.999998
65 56 1.000654 0.999992
66 56 0.999329 0.999974
67 56 0.999866 0.999908
68 56 1.002855 0.999676
69 56 0.999552 0.998850
70 56 0.990645 0.995899
71 56 0.989660 0.985412
72 56 0.966114 0.949245
73 56 0.835472 0.837584
74 56 0.577056 0.586251
75 56 0.297890 0.279577
76 56 0.111182 0.095830
77 56 0.029074 0.028063
78 56 0.004591 0.007787
79 56 -0.000000 0.002124
80 56 -0.000264 0.000576
81 56 -0.000181 0.000156
82 56 -0.000173 0.000042
83 56 -0.000156 0.000011
84 56 -0.000142 0.000003
85 56 -0.000141 0.000001
86 56 -0.000131 0.000000
87 56 -0.000121 0.000000
88 56 -0.000123 0.000000
89 56 -0.000115 0.000000
90 56 -0.000106 0.000000
91 56 -0.000109 0.000000
92 56 -0.000104 0.000000
93 56 -0.000096 0.000000
94 56 -0.000096 0.000000
95 56 -0.000096 0.000000
96 56 -0.000086 0.000000
97 56 -0.000087 0.000000
98 56 -0.000087 0.000000
99 56 -0.000078 0.000000
0 57 -0.000087 0.000000
1 57 -0.000087 0.000000
2 57 -0.000081 0.000000
3 57 -0.000077 0.000000
4 57 -0.000080 0.000000
5 57 -0.000073 0.000000
6 57 -0.000069 0.000000
7 57 -0.000072 0.000000
8 57 -0.000066 0.000000
9 57 -0.000061 0.000000
10 57 -0.000065 0.000000
11 57 -0.000060 0.000000
12 57 -0.000047 0.000000
13 57 -0.000042 0.000000
14 57 -0.000066 0.000000
15 57 -0.000039 0.000001
16 57 0.000303 0.000002
17 57 0.000902 0.000009
18 57 0.001119 0.000032
19 57 -0.000137 0.000118
20 57 -0.001393 0.000434
21 57 0.003372 0.001588
22 57 0.009727 0.005772
23 57 0.012264 0.020697
24 57 0.060006 0.071242
25 57 0.231247 0.217208
26 57 0.507792 0.500000
27 57 0.766737 0.782079
28 57 0.920525 0.927637
29 57 0.980970 0.978516
30 57 0.997316 0.993822
31 57 1.000075 0.998231
32 57 1.000106 0.999491
33 57 1.000235 0.999852
34 57 1.000196 0.999957
35 57 1.000051 0.999987
36 57 1.000127 0.999996
37 57 1.000168 0.999999
38 57 1.000119 1.000000
39 57 1.000107 1.000000
40 57 1.000112 1.000000
41 57 1.000114 1.000000
42 57 1.000115 1.000000
43 57 1.000121 1.000000
44 57 1.000118 1.000000
45 57 1.000112 1.000000
46 57 1.000114 1.000000
47 57 1.000110 1.000000
48 57 1.000104 1.000000
49 57 1.000113 1.000000
50 57 1.000121 1.000000
51 57 1.000109 1.000000
52 57 1.000094 1.000000
53 57 1.000082 1.000000
54 57 1.000101 1.000000
55 57 1.000136 1.000000
56 57 1.000089 1.000000
57 57 0.999974 1.000000
58 57 0.999965 1.000000
59 57 1.000143 1.000000
60 57 1.000271 1.000000
61 57 0.999965 1.000000
62 57 0.999637 1.000000
63 57 1.000145 0.999999
64 57 1.000911 0.999996
65 57 1.000028 0.999987
66 57 0.998957 0.999957
67 57 1.001378 0.999852
68 57 1.003120 0.999491
69 57 0.996195 0.998231
70 57 0.989183 0.993822
71 57 0.988167 0.978516
72 57 0.941484 0.927637
73 57 0.771818 0.782079
74 57 0.496762 0.500000
75 57 0.237335 0.217208
76 57 0.081737 0.071242
77 57 0.019509 0.020697
78 57 0.002598 0.005772
79 57 -0.000163 0.001588
80 57 -0.000228 0.000434
81 57 -0.000170 0.000118
82 57 -0.000169 0.000032
83 57 -0.000153 0.000009
84 57 -0.000144 0.000002
85 57 -0.000142 0.000001
86 57 -0.000133 0.000000
87 57 -0.000126 0.000000
88 57 -0.000128 0.000000
89 57 -0.000124 0.000000
90 57 -0.000115 0.000000
91 57 -0.000117 0.000000
92 57 -0.000113 0.000000
93 57 -0.000106 0.000000
94 57 -0.000105 0.000000
95 57 -0.000104 0.000000
96 57 -0.000096 0.000000
97 57 -0.000096 0.000000
98 57 -0.000095 0.000000
99 57 -0.000087 0.000000
0 58 -0.000081 0.000000
1 58 -0.000079 0.000000
2 58 -0.000074 0.000000
3 58 -0.000072 0.000000
4 58 -0.000073 0.000000
5 58 -0.000067 0.000000
6 58 -0.000064 0.000000
7 58 -0.000065 0.000000
8 58 -0.000061 0.000000
9 58 -0.000055 0.000000
10 58 -0.000058 0.000000
11 58 -0.000053 0.000000
12 58 -0.000046 0.000000
13 58 -0.000024 0.000000
14 58 -0.000071 0.000000
15 58 -0.000012 0.000000
16 58 0.000361 0.000002
17 58 0.001031 0.000007
18 58 0.001380 0.000024
19 58 0.000466 0.000087
20 58 -0.001438 0.000314
21 58 0.001315 0.001138
22 58 0.008622 0.004095
23 58 0.010618 0.014576
24 58 0.036855 0.050342
25 58 0.165968 0.159081
26 58 0.417541 0.401882
27 58 0.692656 0.703609
28 58 0.881819 0.892908
29 58 0.967459 0.966766
30 58 0.993933 0.990170
31 58 0.999673 0.997117
32 58 1.000063 0.999150
33 58 1.000020 0.999747
34 58 1.000268 0.999924
35 58 1.000120 0.999977
36 58 1.000012 0.999993
37 58 1.000104 0.999998
38 58 1.000127 0.999999
39 58 1.000112 1.000000
40 58 1.000113 1.000000
41 58 1.000108 1.000000
42 58 1.000104 1.000000
43 58 1.000111 1.000000
44 58 1.000111 1.000000
45 58 1.000108 1.000000
46 58 1.000106 1.000000
47 58 1.000105 1.000000
48 58 1.000105 1.000000
49 58 1.000114 1.000000
50 58 1.000105 1.000000
51 58 1.000081 1.000000
52 58 1.000081 1.000000
53 58 1.000109 1.000000
54 58 1.000131 1.000000
55 58 1.000080 1.000000
56 58 0.999977 1.000000
57 58 0.999959 1.000000
58 58 1.000126 1.000000
59 58 1.000275 1.000000
60 58 1.000011 1.000000
61 58 0.999602 1.000000
62 58 0.999878 0.999999
63 58 1.000840 0.999998
64 58 1.000637 0.999993
65 58 0.999066 0.999977
66 58 0.999756 0.999924
67 58 1.003225 0.999747
68 58 1.001349 0.999150
69 58 0.992138 0.997117
70 58 0.989166 0.990170
71 58 0.981078 0.966766
72 58 0.898833 0.892908
73 58 0.688219 0.703609
74 58 0.407354 0.401882
75 58 0.177841 0.159081
76 58 0.055768 0.050342
77 58 0.011913 0.014576
78 58 0.001228 0.004095
79 58 -0.000210 0.001138
80 58 -0.000181 0.000314
81 58 -0.000146 0.000087
82 58 -0.000151 0.000024
83 58 -0.000136 0.000007
84 58 -0.000130 0.000002
85 58 -0.000130 0.000000
86 58 -0.000121 0.000000
87 58 -0.000114 0.000000
88 58 -0.000119 0.000000
89 58 -0.000112 0.000000
90 58 -0.000106 0.000000
91 58 -0.000108 0.000000
92 58 -0.000103 0.000000
93 58 -0.000098 0.000000
94 58 -0.000098 0.000000
95 58 -0.000095 0.000000
96 58 -0.000088 0.000000
97 58 -0.000089 0.000000
98 58 -0.000088 0.000000
99 58 -0.000081 0.000000
0 59 -0.000072 0.000000
1 59 -0.000071 0.000000
2 59 -0.000067 0.000000
3 59 -0.000064 0.000000
4 59 -0.000065 0.000000
5 59 -0.000060 0.000000
6 59 -0.000057 0.000000
7 59 -0.000058 0.000000
8 59 -0.000054 0.000000
9 59 -0.000051 0.000000
10 59 -0.000052 0.000000
11 59 -0.000049 0.000000
12 59 -0.000054 0.000000
13 59 -0.000010 0.000000
14 59 -0.000043 0.000000
15 59 -0.000048 0.000000
16 59 0.000197 0.000001
17 59 0.000626 0.000005
18 59 0.001029 0.000017
19 59 0.000756 0.000061
20 59 -0.001105 0.000219
21 59 -0.000466 0.000782
22 59 0.006569 0.002784
23 59 0.010245 0.009815
24 59 0.021437 0.033846
25 59 0.107590 0.109660
26 59 0.319699 0.300970
27 59 0.597639 0.599271
28 59 0.823422 0.837584
29 59 0.943759 0.946356
30 59 0.987074 0.983553
31 59 0.998286 0.995041
32 59 1.000164 0.998500
33 59 0.999822 0.999541
34 59 0.999905 0.999858
35 59 1.000214 0.999955
36 59 1.000049 0.999986
37 59 0.999946 0.999995
38 59 1.000051 0.999998
39 59 1.000110 0.999999
40 59 1.000103 1.000000
41 59 1.000095 1.000000
42 59 1.000099 1.000000
43 59 1.000100 1.000000
44 59 1.000094 1.000000
45 59 1.000094 1.000000
46 59 1.000103 1.000000
47 59 1.000109 1.000000
48 59 1.000102 1.000000
49 59 1.000096 1.000000
50 59 1.000083 1.000000
51 59 1.000085 1.000000
52 59 1.000116 1.000000
53 59 1.000122 1.000000
54 59 1.000062 1.000000
55 59 0.999966 1.000000
56 59 0.999972 1.000000
57 59 1.000132 1.000000
58 59 1.000271 1.000000
59 59 1.000022 1.000000
60 59 0.999591 1.000000
61 59 0.999723 0.999999
62 59 1.000661 0.999998
63 59 1.000973 0.999995
64 59 0.999499 0.999986
65 59 0.998903 0.999955
66 59 1.001917 0.999858
67 59 1.003745 0.999541
68 59 0.997070 0.998500
69 59 0.989216 0.995041
70 59 0.989171 0.983553
71 59 0.961110 0.946356
72 59 0.831722 0.837584
73 59 0.585692 0.599271
74 59 0.314548 0.300970
75 59 0.123866 0.109660
76 59 0.034884 0.033846
77 59 0.006486 0.009815
78 59 0.000421 0.002784
79 59 -0.000196 0.000782
80 59 -0.000147 0.000219
81 59 -0.000131 0.000061
82 59 -0.000138 0.000017
83 59 -0.000121 0.000005
84 59 -0.000118 0.000001
85 59 -0.000117 0.000000
86 59 -0.000112 0.000000
87 59 -0.000105 0.000000
88 59 -0.000108 0.000000
89 59 -0.000101 0.000000
90 59 -0.000096 0.000000
91 59 -0.000098 0.000000
92 59 -0.000093 0.000000
93 59 -0.000088 0.000000
94 59 -0.000089 0.000000
95 59 -0.000086 0.000000
96 59 -0.000080 0.000000
97 59 -0.000080 0.000000
98 59 -0.000079 0.000000
99 59 -0.000072 0.000000
0 60 -0.000082 0.000000
1 60 -0.000081 0.000000
2 60 -0.000076 0.000000
3 60 -0.000073 0.000000
4 60 -0.000073 0.000000
5 60 -0.000069 0.000000
6 60 -0.000067 0.000000
7 60 -0.000066 0.000000
8 60 -0.000064 0.000000
9 60 -0.000059 0.000000
10 60 -0.000060 0.000000
11 60 -0.000050 0.000000
12 60 -0.000065 0.000000
13 60 -0.000024 0.000000
14 60 0.000001 0.000000
15 60 -0.000065 0.000000
16 60 0.000023 0.000001
17 60 0.000206 0.000003
18 60 0.000474 0.000012
19 60 0.000698 0.000041
20 60 -0.000452 0.000146
21 60 -0.001526 0.000517
22 60 0.003757 0.001816
23 60 0.009856 0.006328
24 60 0.013492 0.021689
25 60 0.061820 0.071242
26 60 0.222851 0.208609
27 60 0.483673 0.473401
28 60 0.739316 0.752479
29 60 0.903048 0.910584
30 60 0.973454 0.971226
31 60 0.994655 0.991035
32 60 0.999720 0.997208
33 60 1.000144 0.999121
34 60 0.999558 0.999719
35 60 0.999731 0.999908
36 60 1.000172 0.999969
37 60 1.000088 0.999990
38 60 0.999935 0.999996
39 60 1.000006 0.999999
40 60 1.000119 0.999999
41 60 1.000106 1.000000
42 60 1.000095 1.000000
43 60 1.000101 1.000000
44 60 1.000100 1.000000
45 60 1.000106 1.000000
46 60 1.000110 1.000000
47 60 1.000102 1.000000
48 60 1.000085 1.000000
49 60 1.000086 1.000000
50 60 1.000099 1.000000
51 60 1.000118 1.000000
52 60 1.000113 1.000000
53 60 1.000051 1.000000
54 60 0.999982 1.000000
55 60 1.000012 1.000000
56 60 1.000179 1.000000
57 60 1.000273 1.000000
58 60 1.000017 1.000000
59 60 0.999602 1.000000
60 60 0.999672 0.999999
61 60 1.000536 0.999999
62 60 1.001098 0.999996
63 60 0.999882 0.999990
64 60 0.998664 0.999969
65 60 1.000656 0.999908
66 60 1.004057 0.999719
67 60 1.001053 0.999121
68 60 0.991763 0.997208
69 60 0.988879 0.991035
70 60 0.983637 0.971226
71 60 0.918249 0.910584
72 60 0.736222 0.752479
73 60 0.469476 0.473401
74 60 0.225662 0.208609
75 60 0.079110 0.071242
76 60 0.019723 0.021689
77 60 0.003062 0.006328
78 60 0.000035 0.001816
79 60 -0.000164 0.000517
80 60 -0.000129 0.000146
81 60 -0.000126 0.000041
82 60 -0.000134 0.000012
83 60 -0.000119 0.000003
84 60 -0.000122 0.000001
85 60 -0.000119 0.000000
86 60 -0.000115 0.000000
87 60 -0.000111 0.000000
88 60 -0.000114 0.000000
89 60 -0.000108 0.000000
90 60 -0.000104 0.000000
91 60 -0.000106 0.000000
92 60 -0.000102 0.000000
93 60 -0.000097 0.000000
94 60 -0.000097 0.000000
95 60 -0.000094 0.000000
96 60 -0.000089 0.000000
97 60 -0.000088 0.000000
98 60 -0.000088 0.000000
99 60 -0.000082 0.000000
0 61 -0.000076 0.000000
1 61 -0.000075 0.000000
2 61 -0.000070 0.000000
3 61 -0.000069 0.000000
4 61 -0.000070 0.000000
5 61 -0.000064 0.000000
6 61 -0.000066 0.000000
7 61 -0.000059 0.000000
8 61 -0.000061 0.000000
9 61 -0.000055 0.000000
10 61 -0.000059 0.000000
11 61 -0.000043 0.000000
12 61 -0.000048 0.000000
13 61 -0.000054 0.000000
14 61 -0.000005 0.000000
15 61 -0.000037 0.000000
16 61 0.000046 0.000001
17 61 0.000064 0.000002
18 61 0.000096 0.000008
19 61 0.000445 0.000027
20 61 0.000160 0.000094
21 61 -0.001631 0.000328
22 61 0.000787 0.001138
23 61 0.008202 0.003912
24 61 0.010869 0.013278
25 61 0.031783 0.043772
26 61 0.137666 0.133811
27 61 0.358695 0.340710
28 61 0.626305 0.631270
29 61 0.836151 0.848722
30 61 0.946793 0.947818
31 61 0.986605 0.983055
32 61 0.997498 0.994550
33 61 1.000222 0.998231
34 61 1.000063 0.999416
35 61 0.999409 0.999803
36 61 0.999664 0.999932
37 61 1.000212 0.999976
38 61 1.000213 0.999991
39 61 0.999979 0.999997
40 61 0.999965 0.999999
41 61 1.000061 0.999999
42 61 1.000092 1.000000
43 61 1.000110 1.000000
44 61 1.000096 1.000000
45 61 1.000083 1.000000
46 61 1.000082 1.000000
47 61 1.000086 1.000000
48 61 1.000092 1.000000
49 61 1.000112 1.000000
50 61 1.000117 1.000000
51 61 1.000086 1.000000
52 61 1.000032 1.000000
53 61 1.000002 1.000000
54 61 1.000072 1.000000
55 61 1.000215 1.000000
56 61 1.000245 1.000000
57 61 0.999964 1.000000
58 61 0.999605 1.000000
59 61 0.999731 0.999999
60 61 1.000535 0.999999
61 61 1.001117 0.999997
62 61 1.000084 0.999991
63 61 0.998638 0.999976
64 61 0.999853 0.999932
65 61 1.003548 0.999803
66 61 1.003285 0.999416
67 61 0.995158 0.998231
68 61 0.988669 0.994550
69 61 0.988914 0.983055
70 61 0.961468 0.947818
71 61 0.842491 0.848722
72 61 0.613912 0.631270
73 61 0.349109 0.340710
74 61 0.148107 0.133811
75 61 0.045661 0.043772
76 61 0.009937 0.013278
77 61 0.001202 0.003912
78 61 -0.000082 0.001138
79 61 -0.000126 0.000328
80 61 -0.000110 0.000094
81 61 -0.000111 0.000027
82 61 -0.000117 0.000008
83 61 -0.000107 0.000002
84 61 -0.000109 0.000001
85 61 -0.000109 0.000000
86 61 -0.000105 0.000000
87 61 -0.000100 0.000000
88 61 -0.000105 0.000000
89 61 -0.000099 0.000000
90 61 -0.000098 0.000000
91 61 -0.000097 0.000000
92 61 -0.000094 0.000000
93 61 -0.000090 0.000000
94 61 -0.000090 0.000000
95 61 -0.000088 0.000000
96 61 -0.000084 0.000000
97 61 -0.000083 0.000000
98 61 -0.000082 0.000000
99 61 -0.000077 0.000000
0 62 -0.000068 0.000000
1 62 -0.000066 0.000000
2 62 -0.000063 0.000000
3 62 -0.000059 0.000000
4 62 -0.000062 0.000000
5 62 -0.000053 0.000000
6 62 -0.000056 0.000000
7 62 -0.000053 0.000000
8 62 -0.000049 0.000000
9 62 -0.000048 0.000000
10 62 -0.000049 0.000000
11 62 -0.000051 0.000000
12 62 -0.000023 0.000000
13 62 -0.000051 0.000000
14 62 -0.000030 0.000000
15 62 -0.000032 0.000000
16 62 0.000103 0.000000
17 62 0.000131 0.000001
18 62 -0.000180 0.000005
19 62 0.000109 0.000017
20 62 0.000549 0.000058
21 62 -0.000952 0.000201
22 62 -0.001391 0.000686
23 62 0.004793 0.002324
24 62 0.010065 0.007787
25 62 0.016611 0.025553
26 62 0.073506 0.079896
27 62 0.236897 0.221607
28 62 0.488355 0.480035
29 62 0.734286 0.747307
30 62 0.896353 0.903342
31 62 0.969209 0.966766
32 62 0.992076 0.988892
33 62 0.998559 0.996273
34 62 1.000473 0.998729
35 62 1.000142 0.999557
36 62 0.999512 0.999841
37 62 0.999598 0.999941
38 62 0.999991 0.999978
39 62 1.000124 0.999991
40 62 1.000014 0.999996
41 62 0.999923 0.999998
42 62 0.999951 0.999999
43 62 1.000029 1.000000
44 62 1.000090 1.000000
45 62 1.000096 1.000000
46 62 1.000094 1.000000
47 62 1.000092 1.000000
48 62 1.000092 1.000000
49 62 1.000086 1.000000
50 62 1.000059 1.000000
51 62 1.000026 1.000000
52 62 1.000051 1.000000
53 62 1.000144 1.000000
54 62 1.000230 1.000000
55 62 1.000163 1.000000
56 62 0.999883 1.000000
57 62 0.999628 1.000000
58 62 0.999872 0.999999
59 62 1.000660 0.999998
60 62 1.001089 0.999996
61 62 1.000076 0.999991
62 62 0.998642 0.999978
63 62 0.999481 0.999941
64 62 1.002997 0.999841
65 62 1.004224 0.999557
66 62 0.997871 0.998729
67 62 0.989633 0.996273
68 62 0.989074 0.988892
69 62 0.979727 0.966766
70 62 0.907659 0.903342
71 62 0.728787 0.747307
72 62 0.473872 0.480035
73 62 0.236629 0.221607
74 62 0.087396 0.079896
75 62 0.023484 0.025553
76 62 0.004399 0.007787
77 62 0.000360 0.002324
78 62 -0.000085 0.000686
79 62 -0.000103 0.000201
80 62 -0.000093 0.000058
81 62 -0.000100 0.000017
82 62 -0.000101 0.000005
83 62 -0.000096 0.000001
84 62 -0.000097 0.000000
85 62 -0.000094 0.000000
86 62 -0.000096 0.000000
87 62 -0.000089 0.000000
88 62 -0.000093 0.000000
89 62 -0.000088 0.000000
90 62 -0.000085 0.000000
91 62 -0.000086 0.000000
92 62 -0.000084 0.000000
93 62 -0.000078 0.000000
94 62 -0.000081 0.000000
95 62 -0.000078 0.000000
96 62 -0.000074 0.000000
97 62 -0.000074 0.000000
98 62 -0.000073 0.000000
99 62 -0.000067 0.000000
0 63 -0.000074 0.000000
1 63 -0.000073 0.000000
2 63 -0.000070 0.000000
3 63 -0.000067 0.000000
4 63 -0.000069 0.000000
5 63 -0.000065 0.000000
6 63 -0.000060 0.000000
7 63 -0.000065 0.000000
8 63 -0.000057 0.000000
9 63 -0.000058 0.000000
10 63 -0.000049 0.000000
11 63 -0.000065 0.000000
12 63 -0.000037 0.000000
13 63 -0.000036 0.000000
14 63 -0.000048 0.000000
15 63 -0.000027 0.000000
16 63 0.000017 0.000000
17 63 0.000096 0.000001
18 63 -0.000245 0.000003
19 63 0.000047 0.000010
20 63 0.001068 0.000035
21 63 0.000403 0.000118
22 63 -0.001743 0.000398
23 63 0.000963 0.001329
24 63 0.007981 0.004385
25 63 0.011366 0.014240
26 63 0.034334 0.044805
27 63 0.134972 0.130912
28 63 0.340061 0.323335
29 63 0.595327 0.599271
30 63 0.808546 0.821768
31 63 0.931509 0.933249
32 63 0.980128 0.976536
33 63 0.994115 0.991827
34 63 0.998870 0.997117
35 63 1.000693 0.998960
36 63 1.000452 0.999614
37 63 0.999616 0.999852
38 63 0.999186 0.999941
39 63 0.999446 0.999976
40 63 0.999922 0.999990
41 63 1.000075 0.999995
42 63 1.000006 0.999998
43 63 0.999942 0.999999
44 63 0.999967 0.999999
45 63 1.000041 1.000000
46 63 1.000087 1.000000
47 63 1.000098 1.000000
48 63 1.000079 1.000000
49 63 1.000059 1.000000
50 63 1.000069 1.000000
51 63 1.000117 1.000000
52 63 1.000185 1.000000
53 63 1.000186 1.000000
54 63 1.000033 1.000000
55 63 0.999793 1.000000
56 63 0.999737 0.999999
57 63 1.000147 0.999999
58 63 1.000842 0.999998
59 63 1.000979 0.999995
60 63 0.999882 0.999990
61 63 0.998637 0.999976
62 63 0.999486 0.999941
63 63 1.002788 0.999852
64 63 1.004510 0.999614
65 63 0.999483 0.998960
66 63 0.990898 0.997117
67 63 0.988552 0.991827
68 63 0.986305 0.976536
69 63 0.943587 0.933249
70 63 0.809448 0.821768
71 63 0.582247 0.599271
72 63 0.331933 0.323335
73 63 0.143294 0.130912
74 63 0.045558 0.044805
75 63 0.010676 0.014240
76 63 0.001696 0.004385
77 63 0.000055 0.001329
78 63 -0.000075 0.000398
79 63 -0.000101 0.000118
80 63 -0.000089 0.000035
81 63 -0.000100 0.000010
82 63 -0.000100 0.000003
83 63 -0.000099 0.000001
84 63 -0.000099 0.000000
85 63 -0.000101 0.000000
86 63 -0.000100 0.000000
87 63 -0.000095 0.000000
88 63 -0.000098 0.000000
89 63 -0.000095 0.000000
90 63 -0.000093 0.000000
91 63 -0.000092 0.000000
92 63 -0.000092 0.000000
93 63 -0.000085 0.000000
94 63 -0.000086 0.000000
95 63 -0.000085 0.000000
96 63 -0.000079 0.000000
97 63 -0.000080 0.000000
98 63 -0.000080 0.000000
99 63 -0.000074 0.000000
0 64 -0.000071 0.000000
1 64 -0.000070 0.000000
2 64 -0.000068 0.000000
3 64 -0.000064 0.000000
4 64 -0.000066 0.000000
5 64 -0.000063 0.000000
6 64 -0.000058 0.000000
7 64 -0.000060 0.000000
8 64 -0.000058 0.000000
9 64 -0.000055 0.000000
10 64 -0.000050 0.000000
11 64 -0.000050 0.000000
12 64 -0.000054 0.000000
13 64 -0.000029 0.000000
14 64 -0.000049 0.000000
15 64 -0.000015 0.000000
16 64 -0.000027 0.000000
17 64 -0.000034 0.000001
18 64 -0.000028 0.000002
19 64 0.000425 0.000006
20 64 0.001875 0.000020
21 64 0.002067 0.000068
22 64 -0.000361 0.000223
23 64 -0.001208 0.000732
24 64 0.004140 0.002377
25 64 0.009465 0.007609
26 64 0.016447 0.023819
27 64 0.064807 0.071242
28 64 0.204320 0.192205
29 64 0.431243 0.421047
30 64 0.674487 0.686223
31 64 0.856028 0.865941
32 64 0.951066 0.949245
33 64 0.985124 0.981471
34 64 0.994465 0.993215
35 64 0.998624 0.997467
36 64 1.000842 0.999028
37 64 1.000827 0.999614
38 64 0.999685 0.999841
39 64 0.998924 0.999932
40 64 0.999167 0.999969
41 64 0.999747 0.999986
42 64 1.000076 0.999993
43 64 1.000139 0.999996
44 64 1.000063 0.999998
45 64 0.999996 0.999999
46 64 0.999991 0.999999
47 64 1.000015 0.999999
48 64 1.000050 0.999999
49 64 1.000090 1.000000
50 64 1.000129 1.000000
51 64 1.000131 1.000000
52 64 1.000060 0.999999
53 64 0.999918 0.999999
54 64 0.999833 0.999999
55 64 1.000012 0.999999
56 64 1.000492 0.999998
57 64 1.000912 0.999996
58 64 1.000638 0.999993
59 64 0.999504 0.999986
60 64 0.998664 0.999969
61 64 0.999852 0.999932
62 64 1.003003 0.999841
63 64 1.004513 0.999614
64 64 0.999985 0.999028
65 64 0.991694 0.997467
66 64 0.988308 0.993215
67 64 0.988306 0.981471
68 64 0.961753 0.949245
69 64 0.860616 0.865941
70 64 0.665202 0.686223
71 64 0.419946 0.421047
72 64 0.206284 0.192205
73 64 0.075879 0.071242
74 64 0.020756 0.023819
75 64 0.004347 0.007609
76 64 0.000581 0.002377
77 64 -0.000008 0.000732
78 64 -0.000063 0.000223
79 64 -0.000089 0.000068
80 64 -0.000081 0.000020
81 64 -0.000091 0.000006
82 64 -0.000089 0.000002
83 64 -0.000093 0.000001
84 64 -0.000087 0.000000
85 64 -0.000093 0.000000
86 64 -0.000092 0.000000
87 64 -0.000087 0.000000
88 64 -0.000093 0.000000
89 64 -0.000089 0.000000
90 64 -0.000088 0.000000
91 64 -0.000086 0.000000
92 64 -0.000087 0.000000
93 64 -0.000082 0.000000
94 64 -0.000084 0.000000
95 64 -0.000082 0.000000
96 64 -0.000079 0.000000
97 64 -0.000078 0.000000
98 64 -0.000077 0.000000
99 64 -0.000072 0.000000
0 65 -0.000060 0.000000
1 65 -0.000060 0.000000
2 65 -0.000059 0.000000
3 65 -0.000054 0.000000
4 65 -0.000055 0.000000
5 65 -0.000053 0.000000
6 65 -0.000050 0.000000
7 65 -0.000049 0.000000
8 65 -0.000046 0.000000
9 65 -0.000049 0.000000
10 65 -0.000043 0.000000
11 65 -0.000041 0.000000
12 65 -0.000039 0.000000
13 65 -0.000042 0.000000
14 65 -0.000024 0.000000
15 65 -0.000013 0.000000
16 65 0.000015 0.000000
17 65 -0.000134 0.000000
18 65 0.000103 0.000001
19 65 0.000758 0.000003
20 65 0.001967 0.000011
21 65 0.002755 0.000037
22 65 0.001247 0.000121
23 65 -0.001189 0.000390
24 65 0.000446 0.001243
25 65 0.006469 0.003912
26 65 0.010581 0.012097
27 65 0.027405 0.036308
28 65 0.102415 0.102532
29 65 0.269022 0.254270
30 65 0.501815 0.500000
31 65 0.727378 0.742069
32 65 0.883932 0.890156
33 65 0.961167 0.957081
34 65 0.987039 0.983553
35 65 0.993851 0.993626
36 65 0.997824 0.997467
37 65 1.000699 0.998960
38 65 1.001258 0.999557
39 65 1.000300 0.999803
40 65 0.999361 0.999908
41 65 0.999135 0.999955
42 65 0.999444 0.999977
43 65 0.999841 0.999987
44 65 1.000074 0.999992
45 65 1.000130 0.999995
46 65 1.000106 0.999997
47 65 1.000083 0.999998
48 65 1.000080 0.999998
49 65 1.000082 0.999998
50 65 1.000060 0.999998
51 65 1.000003 0.999998
52 65 0.999972 0.999998
53 65 1.000075 0.999998
54 65 1.000353 0.999997
55 65 1.000664 0.999995
56 65 1.000650 0.999992
57 65 1.000021 0.999987
58 65 0.999057 0.999977
59 65 0.998899 0.999955
60 65 1.000650 0.999908
61 65 1.003540 0.999803
62 65 1.004222 0.999557
63 65 0.999479 0.998960
64 65 0.991688 0.997467
65 65 0.988256 0.993626
66 65 0.988786 0.983553
67 65 0.969940 0.957081
68 65 0.889654 0.890156
69 65 0.721409 0.742069
70 65 0.490513 0.500000
71 65 0.266563 0.254270
72 65 0.110905 0.102532
73 65 0.034528 0.036308
74 65 0.008377 0.012097
75 65 0.001659 0.003912
76 65 0.000182 0.001243
77 65 -0.000018 0.000390
78 65 -0.000063 0.000121
79 65 -0.000074 0.000037
80 65 -0.000070 0.000011
81 65 -0.000079 0.000003
82 65 -0.000076 0.000001
83 65 -0.000083 0.000000
84 65 -0.000076 0.000000
85 65 -0.000081 0.000000
86 65 -0.000080 0.000000
87 65 -0.000076 0.000000
88 65 -0.000078 0.000000
89 65 -0.000076 0.000000
90 65 -0.000074 0.000000
91 65 -0.000073 0.000000
92 65 -0.000076 0.000000
93 65 -0.000069 0.000000
94 65 -0.000070 0.000000
95 65 -0.000069 0.000000
96 65 -0.000066 0.000000
97 65 -0.000065 0.000000
98 65 -0.000066 0.000000
99 65 -0.000062 0.000000
0 66 -0.000066 0.000000
1 66 -0.000066 0.000000
2 66 -0.000064 0.000000
3 66 -0.000061 0.000000
4 66 -0.000061 0.000000
5 66 -0.000061 0.000000
6 66 -0.000057 0.000000
7 66 -0.000060 0.000000
8 66 -0.000051 0.000000
9 66 -0.000054 0.000000
10 66 -0.000050 0.000000
11 66 -0.000051 0.000000
12 66 -0.000040 0.000000
13 66 -0.000052 0.000000
14 66 -0.000042 0.000000
15 66 -0.000009 0.000000
16 66 0.000041 0.000000
17 66 -0.000102 0.000000
18 66 -0.000096 0.000001
19 66 0.000659 0.000002
20 66 0.001252 0.000006
21 66 0.001804 0.000020
22 66 0.001733 0.000063
23 66 -0.000068 0.000201
24 66 -0.001158 0.000628
25 66 0.002319 0.001942
26 66 0.007583 0.005906
27 66 0.013017 0.017571
28 66 0.042725 0.050342
29 66 0.139220 0.133811
30 66 0.320021 0.306473
31 66 0.548790 0.553302
32 66 0.757446 0.772488
33 66 0.897389 0.900819
34 66 0.965170 0.959435
35 66 0.987331 0.983553
36 66 0.992741 0.993215
37 66 0.996304 0.997117
38 66 0.999773 0.998729
39 66 1.001496 0.999416
40 66 1.001319 0.999719
41 66 1.000275 0.999858
42 66 0.999471 0.999924
43 66 0.999266 0.999957
44 66 0.999477 0.999974
45 66 0.999770 0.999983
46 66 0.999979 0.999988
47 66 1.000075 0.999991
48 66 1.000099 0.999993
49 66 1.000097 0.999994
50 66 1.000112 0.999994
51 66 1.000176 0.999994
52 66 1.000304 0.999993
53 66 1.000432 0.999991
54 66 1.000384 0.999988
55 66 0.999991 0.999983
56 66 0.999334 0.999974
57 66 0.998960 0.999957
58 66 0.999757 0.999924
59 66 1.001922 0.999858
60 66 1.004060 0.999719
61 66 1.003284 0.999416
62 66 0.997874 0.998729
63 66 0.990899 0.997117
64 66 0.988305 0.993215
65 66 0.988786 0.983553
66 66 0.972255 0.959435
67 66 0.902585 0.900819
68 66 0.753278 0.772488
69 66 0.538615 0.553302
70 66 0.315341 0.306473
71 66 0.144727 0.133811
72 66 0.050379 0.050342
73 66 0.013580 0.017571
74 66 0.003194 0.005906
75 66 0.000613 0.001942
76 66 0.000039 0.000628
77 66 -0.000035 0.000201
78 66 -0.000072 0.000063
79 66 -0.000071 0.000020
80 66 -0.000075 0.000006
81 66 -0.000080 0.000002
82 66 -0.000081 0.000001
83 66 -0.000085 0.000000
84 66 -0.000079 0.000000
85 66 -0.000086 0.000000
86 66 -0.000082 0.000000
87 66 -0.000083 0.000000
88 66 -0.000083 0.000000
89 66 -0.000082 0.000000
90 66 -0.000081 0.000000
91 66 -0.000079 0.000000
92 66 -0.000081 0.000000
93 66 -0.000076 0.000000
94 66 -0.000076 0.000000
95 66 -0.000076 0.000000
96 66 -0.000073 0.000000
97 66 -0.000070 0.000000
98 66 -0.000072 0.000000
99 66 -0.000068 0.000000
0 67 -0.000066 0.000000
1 67 -0.000066 0.000000
2 67 -0.000063 0.000000
3 67 -0.000062 0.000000
4 67 -0.000061 0.000000
5 67 -0.000059 0.000000
6 67 -0.000054 0.000000
7 67 -0.000058 0.000000
8 67 -0.000053 0.000000
9 67 -0.000051 0.000000
10 67 -0.000052 0.000000
11 67 -0.000051 0.000000
12 67 -0.000044 0.000000
13 67 -0.000037 0.000000
14 67 -0.000055 0.000000
15 67 -0.000034 0.000000
16 67 0.000027 0.000000
17 67 0.000007 0.000000
18 67 -0.000171 0.000000
19 67 0.000214 0.000001
20 67 0.000679 0.000003
21 67 0.000560 0.000010
22 67 0.001001 0.000032
23 67 0.000857 0.000100
24 67 -0.000692 0.000308
25 67 -0.000508 0.000933
26 67 0.003589 0.002784
27 67 0.008079 0.008155
28 67 0.017056 0.023267
29 67 0.058553 0.063486
30 67 0.168082 0.159081
31 67 0.352051 0.340710
32 67 0.571701 0.579702
33 67 0.767218 0.782079
34 67 0.898741 0.900819
35 67 0.964217 0.957081
36 67 0.986520 0.981471
37 67 0.991468 0.991827
38 67 0.994030 0.996273
39 67 0.997594 0.998231
40 67 1.000616 0.999121
41 67 1.001831 0.999541
42 67 1.001508 0.999747
43 67 1.000616 0.999852
44 67 0.999862 0.999908
45 67 0.999500 0.999939
46 67 0.999481 0.999957
47 67 0.999604 0.999967
48 67 0.999764 0.999973
49 67 0.999910 0.999976
50 67 1.000021 0.999977
51 67 1.000055 0.999976
52 67 0.999974 0.999973
53 67 0.999742 0.999967
54 67 0.999419 0.999957
55 67 0.999300 0.999939
56 67 0.999871 0.999908
57 67 1.001382 0.999852
58 67 1.003226 0.999747
59 67 1.003750 0.999541
60 67 1.001058 0.999121
61 67 0.995159 0.998231
62 67 0.989638 0.996273
63 67 0.988557 0.991827
64 67 0.988306 0.981471
65 67 0.969943 0.957081
66 67 0.902590 0.900819
67 67 0.763542 0.782079
68 67 0.562731 0.579702
69 67 0.346656 0.340710
70 67 0.171209 0.159081
71 67 0.065320 0.063486
72 67 0.019280 0.023267
73 67 0.004976 0.008155
74 67 0.001249 0.002784
75 67 0.000200 0.000933
76 67 -0.000008 0.000308
77 67 -0.000046 0.000100
78 67 -0.000066 0.000032
79 67 -0.000062 0.000010
80 67 -0.000073 0.000003
81 67 -0.000072 0.000001
82 67 -0.000075 0.000000
83 67 -0.000081 0.000000
84 67 -0.000074 0.000000
85 67 -0.000081 0.000000
86 67 -0.000080 0.000000
87 67 -0.000079 0.000000
88 67 -0.000079 0.000000
89 67 -0.000080 0.000000
90 67 -0.000077 0.000000
91 67 -0.000075 0.000000
92 67 -0.000078 0.000000
93 67 -0.000074 0.000000
94 67 -0.000075 0.000000
95 67 -0.000074 0.000000
96 67 -0.000073 0.000000
97 67 -0.000069 0.000000
98 67 -0.000071 0.000000
99 67 -0.000068 0.000000
0 68 -0.000054 0.000000
1 68 -0.000055 0.000000
2 68 -0.000052 0.000000
3 68 -0.000050 0.000000
4 68 -0.000050 0.000000
5 68 -0.000051 0.000000
6 68 -0.000043 0.000000
7 68 -0.000048 0.000000
8 68 -0.000045 0.000000
9 68 -0.000042 0.000000
10 68 -0.000038 0.000000
11 68 -0.000045 0.000000
12 68 -0.000038 0.000000
13 68 -0.000033 0.000000
14 68 -0.000029 0.000000
15 68 -0.000048 0.000000
16 68 -0.000018 0.000000
17 68 0.000024 0.000000
18 68 -0.000056 0.000000
19 68 -0.000047 0.000001
20 68 0.000281 0.000002
21 68 0.000161 0.000005
22 68 0.000213 0.000016
23 68 0.000919 0.000049
24 68 0.000431 0.000146
25 68 -0.000842 0.000434
26 68 0.000227 0.001271
27 68 0.004226 0.003654
28 68 0.008601 0.010281
29 68 0.021599 0.028063
30 68 0.070691 0.072898
31 68 0.184087 0.173168
32 68 0.362539 0.352563
33 68 0.570548 0.579702
34 68 0.757112 0.772488
35 68 0.887442 0.890156
36 68 0.957222 0.949245
37 68 0.983994 0.976536
38 68 0.990274 0.988892
39 68 0.991718 0.994550
40 68 0.994245 0.997208
41 68 0.997704 0.998500
42 68 1.000475 0.999150
43 68 1.001786 0.999491
44 68 1.001877 0.999676
45 68 1.001368 0.999781
46 68 1.000795 0.999841
47 68 1.000386 0.999877
48 68 1.000186 0.999898
49 68 1.000110 0.999908
50 68 1.000078 0.999912
51 68 1.000029 0.999908
52 68 1.000028 0.999898
53 68 1.000211 0.999877
54 68 1.000771 0.999841
55 68 1.001763 0.999781
56 68 1.002849 0.999676
57 68 1.003116 0.999491
58 68 1.001339 0.999150
59 68 0.997064 0.998500
60 68 0.991760 0.997208
61 68 0.988661 0.994550
62 68 0.989069 0.988892
63 68 0.986304 0.976536
64 68 0.961747 0.949245
65 68 0.889651 0.890156
66 68 0.753279 0.772488
67 68 0.562729 0.579702
68 68 0.357398 0.352563
69 68 0.185670 0.173168
70 68 0.075995 0.072898
71 68 0.024254 0.028063
72 68 0.006693 0.010281
73 68 0.001934 0.003654
74 68 0.000456 0.001271
75 68 0.000030 0.000434
76 68 -0.000027 0.000146
77 68 -0.000053 0.000049
78 68 -0.000051 0.000016
79 68 -0.000054 0.000005
80 68 -0.000065 0.000002
81 68 -0.000060 0.000001
82 68 -0.000063 0.000000
83 68 -0.000068 0.000000
84 68 -0.000065 0.000000
85 68 -0.000066 0.000000
86 68 -0.000067 0.000000
87 68 -0.000067 0.000000
88 68 -0.000065 0.000000
89 68 -0.000068 0.000000
90 68 -0.000065 0.000000
91 68 -0.000062 0.000000
92 68 -0.000067 0.000000
93 68 -0.000062 0.000000
94 68 -0.000060 0.000000
95 68 -0.000061 0.000000
96 68 -0.000059 0.000000
97 68 -0.000056 0.000000
98 68 -0.000059 0.000000
99 68 -0.000056 0.000000
0 69 -0.000058 0.000000
1 69 -0.000059 0.000000
2 69 -0.000058 0.000000
3 69 -0.000054 0.000000
4 69 -0.000053 0.000000
5 69 -0.000056 0.000000
6 69 -0.000050 0.000000
7 69 -0.000050 0.000000
8 69 -0.000050 0.000000
9 69 -0.000050 0.000000
10 69 -0.000044 0.000000
11 69 -0.000045 0.000000
12 69 -0.000046 0.000000
13 69 -0.000043 0.000000
14 69 -0.000037 0.000000
15 69 -0.000033 0.000000
16 69 -0.000048 0.000000
17 69 -0.000011 0.000000
18 69 -0.000028 0.000000
19 69 -0.000070 0.000000
20 69 0.000024 0.000001
21 69 0.000149 0.000003
22 69 0.000074 0.000008
23 69 0.000474 0.000023
24 69 0.000949 0.000068
25 69 0.000183 0.000197
26 69 -0.000639 0.000564
27 69 0.000877 0.001588
28 69 0.004461 0.004385
29 69 0.009133 0.011819
30 69 0.024891 0.030819
31 69 0.076044 0.076321
32 69 0.184864 0.173168
33 69 0.350841 0.340710
34 69 0.545045 0.553302
35 69 0.725304 0.742069
36 69 0.859880 0.865941
37 69 0.940230 0.933249
38 69 0.977046 0.966766
39 69 0.988571 0.983055
40 69 0.990410 0.991035
41 69 0.991138 0.995041
42 69 0.993267 0.997117
43 69 0.996232 0.998231
44 69 0.998878 0.998850
45 69 1.000615 0.999206
46 69 1.001449 0.999416
47 69 1.001688 0.999541
48 69 1.001637 0.999614
49 69 1.001515 0.999653
50 69 1.001457 0.999665
51 69 1.001519 0.999653
52 69 1.001723 0.999614
53 69 1.002001 0.999541
54 69 1.002066 0.999416
55 69 1.001436 0.999206
56 69 0.999555 0.998850
57 69 0.996200 0.998231
58 69 0.992137 0.997117
59 69 0.989218 0.995041
60 69 0.988883 0.991035
61 69 0.988912 0.983055
62 69 0.979726 0.966766
63 69 0.943589 0.933249
64 69 0.860611 0.865941
65 69 0.721404 0.742069
66 69 0.538614 0.553302
67 69 0.346650 0.340710
68 69 0.185664 0.173168
69 69 0.079862 0.076321
70 69 0.027166 0.030819
71 69 0.007946 0.011819
72 69 0.002486 0.004385
73 69 0.000735 0.001588
74 69 0.000083 0.000564
75 69 -0.000028 0.000197
76 69 -0.000040 0.000068
77 69 -0.000055 0.000023
78 69 -0.000053 0.000008
79 69 -0.000060 0.000003
80 69 -0.000068 0.000001
81 69 -0.000063 0.000000
82 69 -0.000068 0.000000
83 69 -0.000071 0.000000
84 69 -0.000068 0.000000
85 69 -0.000070 0.000000
86 69 -0.000071 0.000000
87 69 -0.000071 0.000000
88 69 -0.000069 0.000000
89 69 -0.000072 0.000000
90 69 -0.000070 0.000000
91 69 -0.000067 0.000000
92 69 -0.000070 0.000000
93 69 -0.000067 0.000000
94 69 -0.000066 0.000000
95 69 -0.000066 0.000000
96 69 -0.000066 0.000000
97 69 -0.000061 0.000000
98 69 -0.000064 0.000000
99 69 -0.000061 0.000000
0 70 -0.000060 0.000000
1 70 -0.000061 0.000000
2 70 -0.000061 0.000000
3 70 -0.000058 0.000000
4 70 -0.000055 0.000000
5 70 -0.000059 0.000000
6 70 -0.000053 0.000000
7 70 -0.000053 0.000000
8 70 -0.000050 0.000000
9 70 -0.000051 0.000000
10 70 -0.000049 0.000000
11 70 -0.000045 0.000000
12 70 -0.000044 0.000000
13 70 -0.000043 0.000000
14 70 -0.000045 0.000000
15 70 -0.000034 0.000000
16 70 -0.000043 0.000000
17 70 -0.000028 0.000000
18 70 -0.000007 0.000000
19 70 -0.000053 0.000000
20 70 -0.000074 0.000000
21 70 0.000042 0.000001
22 70 0.000186 0.000004
23 70 0.000229 0.000010
24 70 0.000580 0.000030
25 70 0.000737 0.000087
26 70 0.000026 0.000243
27 70 -0.000347 0.000671
28 70 0.001206 0.001816
29 70 0.004308 0.004805
30 70 0.009244 0.012382
31 70 0.025604 0.030819
32 70 0.073416 0.072898
33 70 0.170596 0.159081
34 70 0.318062 0.306473
35 70 0.495051 0.500000
36 70 0.668455 0.686223
37 70 0.809558 0.821768
38 70 0.905319 0.903342
39 70 0.958762 0.947818
40 70 0.982170 0.971226
41 70 0.989240 0.983553
42 70 0.990112 0.990170
43 70 0.990157 0.993822
44 70 0.991117 0.995899
45 70 0.992859 0.997117
46 70 0.994774 0.997847
47 70 0.996392 0.998288
48 70 0.997547 0.998548
49 70 0.998241 0.998686
50 70 0.998553 0.998729
51 70 0.998498 0.998686
52 70 0.998011 0.998548
53 70 0.996975 0.998288
54 70 0.995265 0.997847
55 70 0.992977 0.997117
56 70 0.990650 0.995899
57 70 0.989191 0.993822
58 70 0.989167 0.990170
59 70 0.989175 0.983553
60 70 0.983645 0.971226
61 70 0.961470 0.947818
62 70 0.907662 0.903342
63 70 0.809455 0.821768
64 70 0.665202 0.686223
65 70 0.490511 0.500000
66 70 0.315346 0.306473
67 70 0.171209 0.159081
68 70 0.075993 0.072898
69 70 0.027171 0.030819
70 70 0.008417 0.012382
71 70 0.002797 0.004805
72 70 0.000957 0.001816
73 70 0.000169 0.000671
74 70 -0.000034 0.000243
75 70 -0.000029 0.000087
76 70 -0.000042 0.000030
77 70 -0.000054 0.000010
78 70 -0.000051 0.000004
79 70 -0.000059 0.000001
80 70 -0.000064 0.000000
81 70 -0.000061 0.000000
82 70 -0.000065 0.000000
83 70 -0.000069 0.000000
84 70 -0.000067 0.000000
85 70 -0.000068 0.000000
86 70 -0.000072 0.000000
87 70 -0.000069 0.000000
88 70 -0.000068 0.000000
89 70 -0.000073 0.000000
90 70 -0.000069 0.000000
91 70 -0.000068 0.000000
92 70 -0.000071 0.000000
93 70 -0.000068 0.000000
94 70 -0.000067 0.000000
95 70 -0.000069 0.000000
96 70 -0.000067 0.000000
97 70 -0.000063 0.000000
98 70 -0.000066 0.000000
99 70 -0.000064 0.000000
0 71 -0.000048 0.000000
1 71 -0.000049 0.000000
2 71 -0.000049 0.000000
3 71 -0.000046 0.000000
4 71 -0.000045 0.000000
5 71 -0.000046 0.000000
6 71 -0.000042 0.000000
7 71 -0.000042 0.000000
8 71 -0.000042 0.000000
9 71 -0.000038 0.000000
10 71 -0.000040 0.000000
11 71 -0.000040 0.000000
12 71 -0.000036 0.000000
13 71 -0.000034 0.000000
14 71 -0.000039 0.000000
15 71 -0.000031 0.000000
16 71 -0.000036 0.000000
17 71 -0.000046 0.000000
18 71 -0.000011 0.000000
19 71 -0.000005 0.000000
20 71 -0.000052 0.000000
21 71 -0.000073 0.000001
22 71 0.000088 0.000002
23 71 0.000211 0.000005
24 71 0.000182 0.000013
25 71 0.000371 0.000037
26 71 0.000411 0.000102
27 71 -0.000027 0.000276
28 71 -0.000114 0.000732
29 71 0.001207 0.001899
30 71 0.003832 0.004805
31 71 0.008615 0.011819
32 71 0.023399 0.028063
33 71 0.063653 0.063486
34 71 0.143965 0.133811
35 71 0.267622 0.254270
36 71 0.422172 0.421047
37 71 0.583970 0.599271
38 71 0.728690 0.747307
39 71 0.840580 0.848722
40 71 0.915593 0.910584
41 71 0.958887 0.946356
42 71 0.979885 0.966766
43 71 0.987925 0.978516
44 71 0.989935 0.985412
45 71 0.989940 0.989550
46 71 0.989762 0.992076
47 71 0.989908 0.993626
48 71 0.990288 0.994550
49 71 0.990677 0.995041
50 71 0.990877 0.995195
51 71 0.990791 0.995041
52 71 0.990428 0.994550
53 71 0.989941 0.993626
54 71 0.989592 0.992076
55 71 0.989584 0.989550
56 71 0.989653 0.985412
57 71 0.988164 0.978516
58 71 0.981069 0.966766
59 71 0.961103 0.946356
60 71 0.918248 0.910584
61 71 0.842483 0.848722
62 71 0.728779 0.747307
63 71 0.582246 0.599271
64 71 0.419940 0.421047
65 71 0.266556 0.254270
66 71 0.144730 0.133811
67 71 0.065319 0.063486
68 71 0.024251 0.028063
69 71 0.007953 0.011819
70 71 0.002801 0.004805
71 71 0.001037 0.001899
72 71 0.000232 0.000732
73 71 -0.000027 0.000276
74 71 -0.000032 0.000102
75 71 -0.000024 0.000037
76 71 -0.000040 0.000013
77 71 -0.000047 0.000005
78 71 -0.000045 0.000002
79 71 -0.000048 0.000001
80 71 -0.000052 0.000000
81 71 -0.000053 0.000000
82 71 -0.000053 0.000000
83 71 -0.000057 0.000000
84 71 -0.000057 0.000000
85 71 -0.000054 0.000000
86 71 -0.000060 0.000000
87 71 -0.000057 0.000000
88 71 -0.000054 0.000000
89 71 -0.000060 0.000000
90 71 -0.000057 0.000000
91 71 -0.000054 0.000000
92 71 -0.000058 0.000000
93 71 -0.000056 0.000000
94 71 -0.000052 0.000000
95 71 -0.000054 0.000000
96 71 -0.000055 0.000000
97 71 -0.000050 0.000000
98 71 -0.000052 0.000000
99 71 -0.000052 0.000000
0 72 -0.000050 0.000000
1 72 -0.000051 0.000000
2 72 -0.000051 0.000000
3 72 -0.000048 0.000000
4 72 -0.000048 0.000000
5 72 -0.000050 0.000000
6 72 -0.000045 0.000000
7 72 -0.000046 0.000000
8 72 -0.000048 0.000000
9 72 -0.000043 0.000000
10 72 -0.000041 0.000000
11 72 -0.000044 0.000000
12 72 -0.000042 0.000000
13 72 -0.000037 0.000000
14 72 -0.000045 0.000000
15 72 -0.000038 0.000000
16 72 -0.000028 0.000000
17 72 -0.000045 0.000000
18 72 -0.000052 0.000000
19 72 -0.000021 0.000000
20 72 -0.000015 0.000000
21 72 -0.000055 0.000000
22 72 -0.000056 0.000001
23 72 0.000079 0.000002
24 72 0.000128 0.000006
25 72 0.000045 0.000016
26 72 0.000144 0.000042
27 72 0.000209 0.000111
28 72 0.000013 0.000289
29 72 0.000030 0.000732
30 72 0.000995 0.001816
31 72 0.003087 0.004385
32 72 0.007216 0.010281
33 72 0.018947 0.023267
34 72 0.049341 0.050342
35 72 0.109968 0.102532
36 72 0.205946 0.192205
37 72 0.332015 0.323335
38 72 0.473645 0.480035
39 72 0.612696 0.631270
40 72 0.733878 0.752479
41 72 0.828697 0.837584
42 72 0.895826 0.892908
43 72 0.939067 0.927637
44 72 0.964494 0.949245
45 72 0.978155 0.962744
46 72 0.984872 0.971226
47 72 0.987903 0.976536
48 72 0.989161 0.979748
49 72 0.989632 0.981471
50 72 0.989755 0.982014
51 72 0.989646 0.981471
52 72 0.989208 0.979748
53 72 0.988063 0.976536
54 72 0.985298 0.971226
55 72 0.979063 0.962744
56 72 0.966115 0.949245
57 72 0.941489 0.927637
58 72 0.898830 0.892908
59 72 0.831720 0.837584
60 72 0.736226 0.752479
61 72 0.613908 0.631270
62 72 0.473866 0.480035
63 72 0.331936 0.323335
64 72 0.206279 0.192205
65 72 0.110898 0.102532
66 72 0.050381 0.050342
67 72 0.019276 0.023267
68 72 0.006684 0.010281
69 72 0.002487 0.004385
70 72 0.000953 0.001816
71 72 0.000223 0.000732
72 72 -0.000031 0.000289
73 72 -0.000039 0.000111
74 72 -0.000026 0.000042
75 72 -0.000037 0.000016
76 72 -0.000045 0.000006
77 72 -0.000050 0.000002
78 72 -0.000049 0.000001
79 72 -0.000051 0.000000
80 72 -0.000058 0.000000
81 72 -0.000057 0.000000
82 72 -0.000057 0.000000
83 72 -0.000062 0.000000
84 72 -0.000060 0.000000
85 72 -0.000058 0.000000
86 72 -0.000063 0.000000
87 72 -0.000060 0.000000
88 72 -0.000060 0.000000
89 72 -0.000062 0.000000
90 72 -0.000060 0.000000
91 72 -0.000059 0.000000
92 72 -0.000059 0.000000
93 72 -0.000061 0.000000
94 72 -0.000056 0.000000
95 72 -0.000058 0.000000
96 72 -0.000058 0.000000
97 72 -0.000053 0.000000
98 72 -0.000054 0.000000
99 72 -0.000056 0.000000
0 73 -0.000055 0.000000
1 73 -0.000056 0.000000
2 73 -0.000058 0.000000
3 73 -0.000053 0.000000
4 73 -0.000052 0.000000
5 73 -0.000055 0.000000
6 73 -0.000049 0.000000
7 73 -0.000047 0.000000
8 73 -0.000052 0.000000
9 73 -0.000047 0.000000
10 73 -0.000045 0.000000
11 73 -0.000047 0.000000
12 73 -0.000046 0.000000
13 73 -0.000039 0.000000
14 73 -0.000045 0.000000
15 73 -0.000049 0.000000
16 73 -0.000036 0.000000
17 73 -0.000031 0.000000
18 73 -0.000041 0.000000
19 73 -0.000049 0.000000
20 73 -0.000030 0.000000
21 73 -0.000022 0.000000
22 73 -0.000043 0.000000
23 73 -0.000047 0.000001
24 73 0.000038 0.000002
25 73 0.000055 0.000006
26 73 -0.000028 0.000017
27 73 0.000014 0.000044
28 73 0.000099 0.000111
29 73 0.000077 0.000276
30 73 0.000109 0.000671
31 73 0.000694 0.001588
32 73 0.002180 0.003654
33 73 0.005311 0.008155
34 73 0.013514 0.017571
35 73 0.033911 0.036308
36 73 0.074937 0.071242
37 73 0.142209 0.130912
38 73 0.235332 0.221607
39 73 0.347335 0.340710
40 73 0.466961 0.473401
41 73 0.582369 0.599271
42 73 0.684318 0.703609
43 73 0.767748 0.782079
44 73 0.831667 0.837584
45 73 0.877901 0.875490
46 73 0.909698 0.900819
47 73 0.930519 0.917352
48 73 0.943318 0.927637
49 73 0.950249 0.933249
50 73 0.952589 0.935031
51 73 0.950777 0.933249
52 73 0.944422 0.927637
53 73 0.932286 0.917352
54 73 0.912202 0.900819
55 73 0.881129 0.875490
56 73 0.835476 0.837584
57 73 0.771828 0.782079
58 73 0.688220 0.703609
59 73 0.585695 0.599271
60 73 0.469486 0.473401
61 73 0.349111 0.340710
62 73 0.236630 0.221607
63 73 0.143304 0.130912
64 73 0.075881 0.071242
65 73 0.034526 0.036308
66 73 0.013588 0.017571
67 73 0.004978 0.008155
68 73 0.001929 0.003654
69 73 0.000740 0.001588
70 73 0.000170 0.000671
71 73 -0.000034 0.000276
72 73 -0.000036 0.000111
73 73 -0.000020 0.000044
74 73 -0.000036 0.000017
75 73 -0.000043 0.000006
76 73 -0.000047 0.000002
77 73 -0.000052 0.000001
78 73 -0.000051 0.000000
79 73 -0.000053 0.000000
80 73 -0.000059 0.000000
81 73 -0.000055 0.000000
82 73 -0.000056 0.000000
83 73 -0.000063 0.000000
84 73 -0.000061 0.000000
85 73 -0.000059 0.000000
86 73 -0.000067 0.000000
87 73 -0.000063 0.000000
88 73 -0.000062 0.000000
89 73 -0.000066 0.000000
90 73 -0.000064 0.000000
91 73 -0.000062 0.000000
92 73 -0.000065 0.000000
93 73 -0.000064 0.000000
94 73 -0.000060 0.000000
95 73 -0.000062 0.000000
96 73 -0.000062 0.000000
97 73 -0.000057 0.000000
98 73 -0.000059 0.000000
99 73 -0.000061 0.000000
0 74 -0.000042 0.000000
1 74 -0.000043 0.000000
2 74 -0.000046 0.000000
3 74 -0.000042 0.000000
4 74 -0.000039 0.000000
5 74 -0.000044 0.000000
6 74 -0.000041 0.000000
7 74 -0.000037 0.000000
8 74 -0.000041 0.000000
9 74 -0.000039 0.000000
10 74 -0.000034 0.000000
11 74 -0.000039 0.000000
12 74 -0.000041 0.000000
13 74 -0.000033 0.000000
14 74 -0.000033 0.000000
15 74 -0.000038 0.000000
16 74 -0.000039 0.000000
17 74 -0.000036 0.000000
18 74 -0.000030 0.000000
19 74 -0.000032 0.000000
20 74 -0.000044 0.000000
21 74 -0.000034 0.000000
22 74 -0.000022 0.000000
23 74 -0.000038 0.000000
24 74 -0.000050 0.000001
25 74 0.000000 0.000003
26 74 0.000021 0.000007
27 74 -0.000041 0.000017
28 74 -0.000047 0.000042
29 74 0.000030 0.000102
30 74 0.000090 0.000243
31 74 0.000132 0.000564
32 74 0.000398 0.001271
33 74 0.001262 0.002784
34 74 0.003299 0.005906
35 74 0.008344 0.012097
36 74 0.020375 0.023819
37 74 0.044775 0.044805
38 74 0.086183 0.079896
39 74 0.146393 0.133811
40 74 0.223311 0.208609
41 74 0.311439 0.300970
42 74 0.403482 0.401882
43 74 0.492297 0.500000
44 74 0.572304 0.586251
45 74 0.640093 0.656168
46 74 0.694305 0.709289
47 74 0.735064 0.747307
48 74 0.763226 0.772488
49 74 0.779841 0.786771
50 74 0.785693 0.791391
51 74 0.781041 0.786771
52 74 0.765560 0.772488
53 74 0.738414 0.747307
54 74 0.698464 0.709289
55 74 0.644727 0.656168
56 74 0.577048 0.586251
57 74 0.496761 0.500000
58 74 0.407344 0.401882
59 74 0.314539 0.300970
60 74 0.225664 0.208609
61 74 0.148101 0.133811
62 74 0.087388 0.079896
63 74 0.045562 0.044805
64 74 0.020753 0.023819
65 74 0.008371 0.012097
66 74 0.003200 0.005906
67 74 0.001251 0.002784
68 74 0.000452 0.001271
69 74 0.000092 0.000564
70 74 -0.000028 0.000243
71 74 -0.000033 0.000102
72 74 -0.000017 0.000042
73 74 -0.000026 0.000017
74 74 -0.000044 0.000007
75 74 -0.000039 0.000003
76 74 -0.000036 0.000001
77 74 -0.000046 0.000000
78 74 -0.000043 0.000000
79 74 -0.000042 0.000000
80 74 -0.000050 0.000000
81 74 -0.000047 0.000000
82 74 -0.000048 0.000000
83 74 -0.000053 0.000000
84 74 -0.000050 0.000000
85 74 -0.000047 0.000000
86 74 -0.000053 0.000000
87 74 -0.000051 0.000000
88 74 -0.000048 0.000000
89 74 -0.000052 0.000000
90 74 -0.000053 0.000000
91 74 -0.000048 0.000000
92 74 -0.000051 0.000000
93 74 -0.000052 0.000000
94 74 -0.000045 0.000000
95 74 -0.000050 0.000000
96 74 -0.000051 0.000000
97 74 -0.000045 0.000000
98 74 -0.000047 0.000000
99 74 -0.000050 0.000000
0 75 -0.000043 0.000000
1 75 -0.000043 0.000000
2 75 -0.000047 0.000000
3 75 -0.000043 0.000000
4 75 -0.000040 0.000000
5 75 -0.000044 0.000000
6 75 -0.000043 0.000000
7 75 -0.000038 0.000000
8 75 -0.000042 0.000000
9 75 -0.000042 0.000000
10 75 -0.000038 0.000000
11 75 -0.000038 0.000000
12 75 -0.000042 0.000000
13 75 -0.000040 0.000000
14 75 -0.000039 0.000000
15 75 -0.000038 0.000000
16 75 -0.000034 0.000000
17 75 -0.000043 0.000000
18 75 -0.000042 0.000000
19 75 -0.000033 0.000000
20 75 -0.000036 0.000000
21 75 -0.000048 0.000000
22 75 -0.000037 0.000000
23 75 -0.000029 0.000000
24 75 -0.000039 0.000000
25 75 -0.000055 0.000001
26 75 -0.000031 0.000003
27 75 -0.000000 0.000006
28 75 -0.000030 0.000016
29 75 -0.000065 0.000037
30 75 -0.000039 0.000087
31 75 0.000055 0.000197
32 75 0.000121 0.000434
33 75 0.000195 0.000933
34 75 0.000552 0.001942
35 75 0.001606 0.003912
36 75 0.004255 0.007609
37 75 0.010420 0.014240
38 75 0.022939 0.025553
39 75 0.044730 0.043772
40 75 0.077699 0.071242
41 75 0.121869 0.109660
42 75 0.175181 0.159081
43 75 0.234026 0.217208
44 75 0.294077 0.279577
45 75 0.351106 0.340710
46 75 0.401607 0.395567
47 75 0.443036 0.440498
48 75 0.473722 0.473401
49 75 0.492715 0.493336
50 75 0.499550 0.500000
51 75 0.494024 0.493336
52 75 0.476185 0.473401
53 75 0.446396 0.440498
54 75 0.405517 0.395567
55 75 0.355143 0.340710
56 75 0.297887 0.279577
57 75 0.237341 0.217208
58 75 0.177837 0.159081
59 75 0.123861 0.109660
60 75 0.079115 0.071242
61 75 0.045657 0.043772
62 75 0.023477 0.025553
63 75 0.010680 0.014240
64 75 0.004344 0.007609
65 75 0.001651 0.003912
66 75 0.000616 0.001942
67 75 0.000197 0.000933
68 75 0.000020 0.000434
69 75 -0.000026 0.000197
70 75 -0.000030 0.000087
71 75 -0.000035 0.000037
72 75 -0.000036 0.000016
73 75 -0.000043 0.000006
74 75 -0.000050 0.000003
75 75 -0.000040 0.000001
76 75 -0.000044 0.000000
77 75 -0.000052 0.000000
78 75 -0.000048 0.000000
79 75 -0.000046 0.000000
80 75 -0.000054 0.000000
81 75 -0.000050 0.000000
82 75 -0.000048 0.000000
83 75 -0.000053 0.000000
84 75 -0.000053 0.000000
85 75 -0.000050 0.000000
86 75 -0.000056 0.000000
87 75 -0.000055 0.000000
88 75 -0.000050 0.000000
89 75 -0.000054 0.000000
90 75 -0.000055 0.000000
91 75 -0.000049 0.000000
92 75 -0.000051 0.000000
93 75 -0.000054 0.000000
94 75 -0.000047 0.000000
95 75 -0.000049 0.000000
96 75 -0.000052 0.000000
97 75 -0.000046 0.000000
98 75 -0.000045 0.000000
99 75 -0.000049 0.000000
0 76 -0.000051 0.000000
1 76 -0.000050 0.000000
2 76 -0.000052 0.000000
3 76 -0.000050 0.000000
4 76 -0.000047 0.000000
5 76 -0.000050 0.000000
6 76 -0.000048 0.000000
7 76 -0.000044 0.000000
8 76 -0.000048 0.000000
9 76 -0.000046 0.000000
10 76 -0.000044 0.000000
11 76 -0.000046 0.000000
12 76 -0.000042 0.000000
13 76 -0.000041 0.000000
14 76 -0.000046 0.000000
15 76 -0.000047 0.000000
16 76 -0.000037 0.000000
17 76 -0.000040 0.000000
18 76 -0.000046 0.000000
19 76 -0.000039 0.000000
20 76 -0.000037 0.000000
21 76 -0.000042 0.000000
22 76 -0.000042 0.000000
23 76 -0.000040 0.000000
24 76 -0.000033 0.000000
25 76 -0.000031 0.000000
26 76 -0.000049 0.000001
27 76 -0.000049 0.000002
28 76 -0.000012 0.000006
29 76 -0.000008 0.000013
30 76 -0.000056 0.000030
31 76 -0.000073 0.000068
32 76 -0.000007 0.000146
33 76 0.000072 0.000308
34 76 0.000098 0.000628
35 76 0.000164 0.001243
36 76 0.000511 0.002377
37 76 0.001592 0.004385
38 76 0.004224 0.007787
39 76 0.009616 0.013278
40 76 0.019176 0.021689
41 76 0.034030 0.033846
42 76 0.054538 0.050342
43 76 0.080093 0.071242
44 76 0.109158 0.095830
45 76 0.139520 0.122546
46 76 0.168698 0.149162
47 76 0.194321 0.173168
48 76 0.214320 0.192205
49 76 0.227149 0.204409
50 76 0.231844 0.208609
51 76 0.228022 0.204409
52 76 0.215922 0.192205
53 76 0.196434 0.173168
54 76 0.171048 0.149162
55 76 0.141811 0.122546
56 76 0.111186 0.095830
57 76 0.081749 0.071242
58 76 0.055770 0.050342
59 76 0.034886 0.033846
60 76 0.019736 0.021689
61 76 0.009941 0.013278
62 76 0.004400 0.007787
63 76 0.001708 0.004385
64 76 0.000584 0.002377
65 76 0.000180 0.001243
66 76 0.000048 0.000628
67 76 -0.000006 0.000308
68 76 -0.000034 0.000146
69 76 -0.000035 0.000068
70 76 -0.000040 0.000030
71 76 -0.000050 0.000013
72 76 -0.000044 0.000006
73 76 -0.000046 0.000002
74 76 -0.000049 0.000001
75 76 -0.000046 0.000000
76 76 -0.000047 0.000000
77 76 -0.000055 0.000000
78 76 -0.000050 0.000000
79 76 -0.000049 0.000000
80 76 -0.000058 0.000000
81 76 -0.000053 0.000000
82 76 -0.000052 0.000000
83 76 -0.000059 0.000000
84 76 -0.000059 0.000000
85 76 -0.000054 0.000000
86 76 -0.000060 0.000000
87 76 -0.000059 0.000000
88 76 -0.000055 0.000000
89 76 -0.000059 0.000000
90 76 -0.000060 0.000000
91 76 -0.000055 0.000000
92 76 -0.000058 0.000000
93 76 -0.000061 0.000000
94 76 -0.000053 0.000000
95 76 -0.000057 0.000000
96 76 -0.000058 0.000000
97 76 -0.000053 0.000000
98 76 -0.000053 0.000000
99 76 -0.000057 0.000000
0 77 -0.000039 0.000000
1 77 -0.000039 0.000000
2 77 -0.000044 0.000000
3 77 -0.000039 0.000000
4 77 -0.000037 0.000000
5 77 -0.000042 0.000000
6 77 -0.000038 0.000000
7 77 -0.000034 0.000000
8 77 -0.000040 0.000000
9 77 -0.000036 0.000000
10 77 -0.000032 0.000000
11 77 -0.000039 0.000000
12 77 -0.000039 0.000000
13 77 -0.000029 0.000000
14 77 -0.000035 0.000000
15 77 -0.000041 0.000000
16 77 -0.000034 0.000000
17 77 -0.000036 0.000000
18 77 -0.000040 0.000000
19 77 -0.000037 0.000000
20 77 -0.000038 0.000000
21 77 -0.000041 0.000000
22 77 -0.000034 0.000000
23 77 -0.000041 0.000000
24 77 -0.000047 0.000000
25 77 -0.000037 0.000000
26 77 -0.000028 0.000000
27 77 -0.000051 0.000001
28 77 -0.000063 0.000002
29 77 -0.000036 0.000005
30 77 -0.000019 0.000010
31 77 -0.000039 0.000023
32 77 -0.000083 0.000049
33 77 -0.000078 0.000100
34 77 -0.000019 0.000201
35 77 0.000021 0.000390
36 77 0.000005 0.000732
37 77 0.000026 0.001329
38 77 0.000283 0.002324
39 77 0.001084 0.003912
40 77 0.002889 0.006328
41 77 0.006218 0.009815
42 77 0.011506 0.014576
43 77 0.018940 0.020697
44 77 0.028326 0.028063
45 77 0.039042 0.036308
46 77 0.050131 0.044805
47 77 0.060474 0.052740
48 77 0.068921 0.059229
49 77 0.074504 0.063486
50 77 0.076580 0.064969
51 77 0.074889 0.063486
52 77 0.069609 0.059229
53 77 0.061358 0.052740
54 77 0.051083 0.044805
55 77 0.039923 0.036308
56 77 0.029066 0.028063
57 77 0.019511 0.020697
58 77 0.011904 0.014576
59 77 0.006477 0.009815
60 77 0.003065 0.006328
61 77 0.001197 0.003912
62 77 0.000352 0.002324
63 77 0.000061 0.001329
64 77 -0.000010 0.000732
65 77 -0.000025 0.000390
66 77 -0.000028 0.000201
67 77 -0.000043 0.000100
68 77 -0.000057 0.000049
69 77 -0.000046 0.000023
70 77 -0.000046 0.000010
71 77 -0.000050 0.000005
72 77 -0.000040 0.000002
73 77 -0.000041 0.000001
74 77 -0.000047 0.000000
75 77 -0.000043 0.000000
76 77 -0.000041 0.000000
77 77 -0.000045 0.000000
78 77 -0.000044 0.000000
79 77 -0.000040 0.000000
80 77 -0.000049 0.000000
81 77 -0.000046 0.000000
82 77 -0.000043 0.000000
83 77 -0.000049 0.000000
84 77 -0.000048 0.000000
85 77 -0.000041 0.000000
86 77 -0.000049 0.000000
87 77 -0.000050 0.000000
88 77 -0.000043 0.000000
89 77 -0.000048 0.000000
90 77 -0.000050 0.000000
91 77 -0.000042 0.000000
92 77 -0.000046 0.000000
93 77 -0.000049 0.000000
94 77 -0.000042 0.000000
95 77 -0.000045 0.000000
96 77 -0.000048 0.000000
97 77 -0.000043 0.000000
98 77 -0.000042 0.000000
99 77 -0.000047 0.000000
0 78 -0.000038 0.000000
1 78 -0.000037 0.000000
2 78 -0.000042 0.000000
3 78 -0.000037 0.000000
4 78 -0.000033 0.000000
5 78 -0.000040 0.000000
6 78 -0.000038 0.000000
7 78 -0.000032 0.000000
8 78 -0.000040 0.000000
9 78 -0.000040 0.000000
10 78 -0.000031 0.000000
11 78 -0.000037 0.000000
12 78 -0.000041 0.000000
13 78 -0.000035 0.000000
14 78 -0.000036 0.000000
15 78 -0.000041 0.000000
16 78 -0.000036 0.000000
17 78 -0.000039 0.000000
18 78 -0.000043 0.000000
19 78 -0.000037 0.000000
20 78 -0.000041 0.000000
21 78 -0.000048 0.000000
22 78 -0.000041 0.000000
23 78 -0.000039 0.000000
24 78 -0.000051 0.000000
25 78 -0.000054 0.000000
26 78 -0.000047 0.000000
27 78 -0.000042 0.000000
28 78 -0.000049 0.000001
29 78 -0.000068 0.000002
30 78 -0.000069 0.000004
31 78 -0.000044 0.000008
32 78 -0.000034 0.000016
33 78 -0.000069 0.000032
34 78 -0.000103 0.000063
35 78 -0.000094 0.000121
36 78 -0.000073 0.000223
37 78 -0.000070 0.000398
38 78 -0.000089 0.000686
39 78 -0.000104 0.001138
40 78 -0.000009 0.001816
41 78 0.000352 0.002784
42 78 0.001127 0.004095
43 78 0.002458 0.005772
44 78 0.004400 0.007787
45 78 0.006869 0.010045
46 78 0.009643 0.012382
47 78 0.012408 0.014576
48 78 0.014773 0.016381
49 78 0.016382 0.017571
50 78 0.016996 0.017986
51 78 0.016502 0.017571
52 78 0.014974 0.016381
53 78 0.012662 0.014576
54 78 0.009910 0.012382
55 78 0.007099 0.010045
56 78 0.004586 0.007787
57 78 0.002603 0.005772
58 78 0.001222 0.004095
59 78 0.000414 0.002784
60 78 0.000040 0.001816
61 78 -0.000087 0.001138
62 78 -0.000094 0.000686
63 78 -0.000071 0.000398
64 78 -0.000066 0.000223
65 78 -0.000074 0.000121
66 78 -0.000069 0.000063
67 78 -0.000067 0.000032
68 78 -0.000063 0.000016
69 78 -0.000051 0.000008
70 78 -0.000050 0.000004
71 78 -0.000057 0.000002
72 78 -0.000048 0.000001
73 78 -0.000047 0.000000
74 78 -0.000053 0.000000
75 78 -0.000047 0.000000
76 78 -0.000045 0.000000
77 78 -0.000051 0.000000
78 78 -0.000049 0.000000
79 78 -0.000043 0.000000
80 78 -0.000051 0.000000
81 78 -0.000047 0.000000
82 78 -0.000043 0.000000
83 78 -0.000048 0.000000
84 78 -0.000049 0.000000
85 78 -0.000044 0.000000
86 78 -0.000049 0.000000
87 78 -0.000049 0.000000
88 78 -0.000042 0.000000
89 78 -0.000046 0.000000
90 78 -0.000049 0.000000
91 78 -0.000042 0.000000
92 78 -0.000044 0.000000
93 78 -0.000048 0.000000
94 78 -0.000040 0.000000
95 78 -0.000042 0.000000
96 78 -0.000045 0.000000
97 78 -0.000040 0.000000
98 78 -0.000038 0.000000
99 78 -0.000044 0.000000
0 79 -0.000047 0.000000
1 79 -0.000045 0.000000
2 79 -0.000051 0.000000
3 79 -0.000047 0.000000
4 79 -0.000042 0.000000
5 79 -0.000049 0.000000
6 79 -0.000047 0.000000
7 79 -0.000039 0.000000
8 79 -0.000046 0.000000
9 79 -0.000047 0.000000
10 79 -0.000040 0.000000
11 79 -0.000043 0.000000
12 79 -0.000044 0.000000
13 79 -0.000039 0.000000
14 79 -0.000043 0.000000
15 79 -0.000045 0.000000
16 79 -0.000038 0.000000
17 79 -0.000042 0.000000
18 79 -0.000048 0.000000
19 79 -0.000041 0.000000
20 79 -0.000040 0.000000
21 79 -0.000048 0.000000
22 79 -0.000046 0.000000
23 79 -0.000043 0.000000
24 79 -0.000046 0.000000
25 79 -0.000044 0.000000
26 79 -0.000050 0.000000
27 79 -0.000057 0.000000
28 79 -0.000045 0.000000
29 79 -0.000039 0.000001
30 79 -0.000064 0.000001
31 79 -0.000078 0.000003
32 79 -0.000066 0.000005
33 79 -0.000051 0.000010
34 79 -0.000052 0.000020
35 79 -0.000072 0.000037
36 79 -0.000102 0.000068
37 79 -0.000115 0.000118
38 79 -0.000111 0.000201
39 79 -0.000122 0.000328
40 79 -0.000155 0.000517
41 79 -0.000190 0.000782
42 79 -0.000213 0.001138
43 79 -0.000172 0.001588
44 79 -0.000022 0.002124
45 79 0.000241 0.002722
46 79 0.000598 0.003337
47 79 0.001014 0.003912
48 79 0.001400 0.004385
49 79 0.001669 0.004696
50 79 0.001782 0.004805
51 79 0.001697 0.004696
52 79 0.001429 0.004385
53 79 0.001057 0.003912
54 79 0.000649 0.003337
55 79 0.000273 0.002722
56 79 0.000003 0.002124
57 79 -0.000148 0.001588
58 79 -0.000207 0.001138
59 79 -0.000195 0.000782
60 79 -0.000150 0.000517
61 79 -0.000122 0.000328
62 79 -0.000104 0.000201
63 79 -0.000089 0.000118
64 79 -0.000085 0.000068
65 79 -0.000079 0.000037
66 79 -0.000062 0.000020
67 79 -0.000059 0.000010
68 79 -0.000063 0.000005
69 79 -0.000056 0.000003
70 79 -0.000057 0.000001
71 79 -0.000060 0.000001
72 79 -0.000052 0.000000
73 79 -0.000051 0.000000
74 79 -0.000056 0.000000
75 79 -0.000051 0.000000
76 79 -0.000048 0.000000
77 79 -0.000055 0.000000
78 79 -0.000052 0.000000
79 79 -0.000048 0.000000
80 79 -0.000056 0.000000
81 79 -0.000053 0.000000
82 79 -0.000049 0.000000
83 79 -0.000056 0.000000
84 79 -0.000056 0.000000
85 79 -0.000050 0.000000
86 79 -0.000055 0.000000
87 79 -0.000056 0.000000
88 79 -0.000050 0.000000
89 79 -0.000054 0.000000
90 79 -0.000057 0.000000
91 79 -0.000050 0.000000
92 79 -0.000053 0.000000
93 79 -0.000056 0.000000
94 79 -0.000049 0.000000
95 79 -0.000050 0.000000
96 79 -0.000054 0.000000
97 79 -0.000049 0.000000
98 79 -0.000047 0.000000
99 79 -0.000054 0.000000
0 80 -0.000037 0.000000
1 80 -0.000035 0.000000
2 80 -0.000043 0.000000
3 80 -0.000038 0.000000
4 80 -0.000033 0.000000
5 80 -0.000040 0.000000
6 80 -0.000038 0.000000
7 80 -0.000032 0.000000
8 80 -0.000038 0.000000
9 80 -0.000037 0.000000
10 80 -0.000031 0.000000
11 80 -0.000038 0.000000
12 80 -0.000039 0.000000
13 80 -0.000031 0.000000
14 80 -0.000037 0.000000
15 80 -0.000042 0.000000
16 80 -0.000034 0.000000
17 80 -0.000036 0.000000
18 80 -0.000044 0.000000
19 80 -0.000039 0.000000
20 80 -0.000039 0.000000
21 80 -0.000045 0.000000
22 80 -0.000042 0.000000
23 80 -0.000044 0.000000
24 80 -0.000052 0.000000
25 80 -0.000046 0.000000
26 80 -0.000042 0.000000
27 80 -0.000058 0.000000
28 80 -0.000064 0.000000
29 80 -0.000055 0.000000
30 80 -0.000054 0.000000
31 80 -0.000059 0.000001
32 80 -0.000073 0.000002
33 80 -0.000093 0.000003
34 80 -0.000090 0.000006
35 80 -0.000076 0.000011
36 80 -0.000081 0.000020
37 80 -0.000094 0.000035
38 80 -0.000106 0.000058
39 80 -0.000124 0.000094
40 80 -0.000141 0.000146
41 80 -0.000153 0.000219
42 80 -0.000186 0.000314
43 80 -0.000230 0.000434
44 80 -0.000266 0.000576
45 80 -0.000303 0.000732
46 80 -0.000336 0.000892
47 80 -0.000344 0.001041
48 80 -0.000342 0.001163
49 80 -0.000347 0.001243
50 80 -0.000340 0.001271
51 80 -0.000337 0.001243
52 80 -0.000350 0.001163
53 80 -0.000345 0.001041
54 80 -0.000329 0.000892
55 80 -0.000310 0.000732
56 80 -0.000272 0.000576
57 80 -0.000224 0.000434
58 80 -0.000189 0.000314
59 80 -0.000156 0.000219
60 80 -0.000124 0.000146
61 80 -0.000114 0.000094
62 80 -0.000102 0.000058
63 80 -0.000083 0.000035
64 80 -0.000080 0.000020
65 80 -0.000078 0.000011
66 80 -0.000067 0.000006
67 80 -0.000067 0.000003
68 80 -0.000070 0.000002
69 80 -0.000058 0.000001
70 80 -0.000055 0.000000
71 80 -0.000056 0.000000
72 80 -0.000050 0.000000
73 80 -0.000047 0.000000
74 80 -0.000052 0.000000
75 80 -0.000048 0.000000
76 80 -0.000044 0.000000
77 80 -0.000050 0.000000
78 80 -0.000047 0.000000
79 80 -0.000041 0.000000
80 80 -0.000049 0.000000
81 80 -0.000046 0.000000
82 80 -0.000040 0.000000
83 80 -0.000047 0.000000
84 80 -0.000047 0.000000
85 80 -0.000039 0.000000
86 80 -0.000046 0.000000
87 80 -0.000048 0.000000
88 80 -0.000039 0.000000
89 80 -0.000044 0.000000
90 80 -0.000047 0.000000
91 80 -0.000039 0.000000
92 80 -0.000042 0.000000
93 80 -0.000047 0.000000
94 80 -0.000039 0.000000
95 80 -0.000041 0.000000
96 80 -0.000045 0.000000
97 80 -0.000039 0.000000
98 80 -0.000036 0.000000
99 80 -0.000045 0.000000
0 81 -0.000035 0.000000
1 81 -0.000029 0.000000
2 81 -0.000038 0.000000
3 81 -0.000034 0.000000
4 81 -0.000029 0.000000
5 81 -0.000036 0.000000
6 81 -0.000035 0.000000
7 81 -0.000028 0.000000
8 81 -0.000036 0.000000
9 81 -0.000037 0.000000
10 81 -0.000029 0.000000
11 81 -0.000034 0.000000
12 81 -0.000040 0.000000
13 81 -0.000031 0.000000
14 81 -0.000034 0.000000
15 81 -0.000042 0.000000
16 81 -0.000035 0.000000
17 81 -0.000037 0.000000
18 81 -0.000043 0.000000
19 81 -0.000039 0.000000
20 81 -0.000041 0.000000
21 81 -0.000050 0.000000
22 81 -0.000044 0.000000
23 81 -0.000043 0.000000
24 81 -0.000056 0.000000
25 81 -0.000056 0.000000
26 81 -0.000051 0.000000
27 81 -0.000057 0.000000
28 81 -0.000060 0.000000
29 81 -0.000066 0.000000
30 81 -0.000079 0.000000
31 81 -0.000074 0.000000
32 81 -0.000063 0.000001
33 81 -0.000076 0.000001
34 81 -0.000094 0.000002
35 81 -0.000101 0.000003
36 81 -0.000113 0.000006
37 81 -0.000117 0.000010
38 81 -0.000112 0.000017
39 81 -0.000122 0.000027
40 81 -0.000135 0.000041
41 81 -0.000140 0.000061
42 81 -0.000156 0.000087
43 81 -0.000178 0.000118
44 81 -0.000190 0.000156
45 81 -0.000207 0.000197
46 81 -0.000235 0.000238
47 81 -0.000249 0.000276
48 81 -0.000261 0.000308
49 81 -0.000280 0.000328
50 81 -0.000280 0.000335
51 81 -0.000269 0.000328
52 81 -0.000268 0.000308
53 81 -0.000250 0.000276
54 81 -0.000225 0.000238
55 81 -0.000211 0.000197
56 81 -0.000190 0.000156
57 81 -0.000164 0.000118
58 81 -0.000153 0.000087
59 81 -0.000141 0.000061
60 81 -0.000121 0.000041
61 81 -0.000116 0.000027
62 81 -0.000112 0.000017
63 81 -0.000096 0.000010
64 81 -0.000094 0.000006
65 81 -0.000091 0.000003
66 81 -0.000077 0.000002
67 81 -0.000072 0.000001
68 81 -0.000073 0.000001
69 81 -0.000061 0.000000
70 81 -0.000057 0.000000
71 81 -0.000065 0.000000
72 81 -0.000055 0.000000
73 81 -0.000049 0.000000
74 81 -0.000057 0.000000
75 81 -0.000050 0.000000
76 81 -0.000044 0.000000
77 81 -0.000052 0.000000
78 81 -0.000047 0.000000
79 81 -0.000040 0.000000
80 81 -0.000048 0.000000
81 81 -0.000047 0.000000
82 81 -0.000039 0.000000
83 81 -0.000046 0.000000
84 81 -0.000046 0.000000
85 81 -0.000038 0.000000
86 81 -0.000044 0.000000
87 81 -0.000045 0.000000
88 81 -0.000036 0.000000
89 81 -0.000040 0.000000
90 81 -0.000045 0.000000
91 81 -0.000036 0.000000
92 81 -0.000037 0.000000
93 81 -0.000045 0.000000
94 81 -0.000035 0.000000
95 81 -0.000035 0.000000
96 81 -0.000042 0.000000
97 81 -0.000035 0.000000
98 81 -0.000032 0.000000
99 81 -0.000041 0.000000
0 82 -0.000043 0.000000
1 82 -0.000040 0.000000
2 82 -0.000047 0.000000
3 82 -0.000043 0.000000
4 82 -0.000038 0.000000
5 82 -0.000045 0.000000
6 82 -0.000044 0.000000
7 82 -0.000037 0.000000
8 82 -0.000043 0.000000
9 82 -0.000045 0.000000
10 82 -0.000037 0.000000
11 82 -0.000040 0.000000
12 82 -0.000045 0.000000
13 82 -0.000039 0.000000
14 82 -0.000041 0.000000
15 82 -0.000046 0.000000
16 82 -0.000039 0.000000
17 82 -0.000042 0.000000
18 82 -0.000050 0.000000
19 82 -0.000042 0.000000
20 82 -0.000043 0.000000
21 82 -0.000053 0.000000
22 82 -0.000049 0.000000
23 82 -0.000046 0.000000
24 82 -0.000054 0.000000
25 82 -0.000052 0.000000
26 82 -0.000054 0.000000
27 82 -0.000063 0.000000
28 82 -0.000059 0.000000
29 82 -0.000052 0.000000
30 82 -0.000068 0.000000
31 82 -0.000079 0.000000
32 82 -0.000075 0.000000
33 82 -0.000081 0.000000
34 82 -0.000080 0.000001
35 82 -0.000075 0.000001
36 82 -0.000090 0.000002
37 82 -0.000104 0.000003
38 82 -0.000109 0.000005
39 82 -0.000121 0.000008
40 82 -0.000137 0.000012
41 82 -0.000137 0.000017
42 82 -0.000147 0.000024
43 82 -0.000162 0.000032
44 82 -0.000168 0.000042
45 82 -0.000178 0.000053
46 82 -0.000194 0.000063
47 82 -0.000199 0.000073
48 82 -0.000201 0.000081
49 82 -0.000213 0.000087
50 82 -0.000212 0.000088
51 82 -0.000206 0.000087
52 82 -0.000209 0.000081
53 82 -0.000201 0.000073
54 82 -0.000184 0.000063
55 82 -0.000182 0.000053
56 82 -0.000171 0.000042
57 82 -0.000153 0.000032
58 82 -0.000147 0.000024
59 82 -0.000139 0.000017
60 82 -0.000118 0.000012
61 82 -0.000112 0.000008
62 82 -0.000104 0.000005
63 82 -0.000087 0.000003
64 82 -0.000084 0.000002
65 82 -0.000083 0.000001
66 82 -0.000073 0.000001
67 82 -0.000071 0.000000
68 82 -0.000074 0.000000
69 82 -0.000066 0.000000
70 82 -0.000062 0.000000
71 82 -0.000067 0.000000
72 82 -0.000059 0.000000
73 82 -0.000053 0.000000
74 82 -0.000063 0.000000
75 82 -0.000055 0.000000
76 82 -0.000050 0.000000
77 82 -0.000059 0.000000
78 82 -0.000054 0.000000
79 82 -0.000048 0.000000
80 82 -0.000056 0.000000
81 82 -0.000053 0.000000
82 82 -0.000047 0.000000
83 82 -0.000053 0.000000
84 82 -0.000054 0.000000
85 82 -0.000045 0.000000
86 82 -0.000052 0.000000
87 82 -0.000053 0.000000
88 82 -0.000045 0.000000
89 82 -0.000050 0.000000
90 82 -0.000053 0.000000
91 82 -0.000045 0.000000
92 82 -0.000047 0.000000
93 82 -0.000052 0.000000
94 82 -0.000044 0.000000
95 82 -0.000044 0.000000
96 82 -0.000050 0.000000
97 82 -0.000045 0.000000
98 82 -0.000041 0.000000
99 82 -0.000048 0.000000
0 83 -0.000037 0.000000
1 83 -0.000032 0.000000
2 83 -0.000042 0.000000
3 83 -0.000036 0.000000
4 83 -0.000031 0.000000
5 83 -0.000039 0.000000
6 83 -0.000037 0.000000
7 83 -0.000030 0.000000
8 83 -0.000037 0.000000
9 83 -0.000038 0.000000
10 83 -0.000031 0.000000
11 83 -0.000037 0.000000
12 83 -0.000040 0.000000
13 83 -0.000031 0.000000
14 83 -0.000036 0.000000
15 83 -0.000043 0.000000
16 83 -0.000033 0.000000
17 83 -0.000036 0.000000
18 83 -0.000046 0.000000
19 83 -0.000040 0.000000
20 83 -0.000039 0.000000
21 83 -0.000048 0.000000
22 83 -0.000045 0.000000
23 83 -0.000044 0.000000
24 83 -0.000054 0.000000
25 83 -0.000051 0.000000
26 83 -0.000045 0.000000
27 83 -0.000060 0.000000
28 83 -0.000066 0.000000
29 83 -0.000060 0.000000
30 83 -0.000065 0.000000
31 83 -0.000070 0.000000
32 83 -0.000069 0.000000
33 83 -0.000086 0.000000
34 83 -0.000098 0.000000
35 83 -0.000094 0.000000
36 83 -0.000101 0.000001
37 83 -0.000108 0.000001
38 83 -0.000105 0.000001
39 83 -0.000112 0.000002
40 83 -0.000128 0.000003
41 83 -0.000129 0.000005
42 83 -0.000140 0.000007
43 83 -0.000157 0.000009
44 83 -0.000158 0.000011
45 83 -0.000166 0.000014
46 83 -0.000181 0.000017
47 83 -0.000183 0.000019
48 83 -0.000186 0.000022
49 83 -0.000195 0.000023
50 83 -0.000194 0.000023
51 83 -0.000189 0.000023
52 83 -0.000193 0.000022
53 83 -0.000187 0.000019
54 83 -0.000173 0.000017
55 83 -0.000172 0.000014
56 83 -0.000163 0.000011
57 83 -0.000145 0.000009
58 83 -0.000141 0.000007
59 83 -0.000131 0.000005
60 83 -0.000112 0.000003
61 83 -0.000109 0.000002
62 83 -0.000106 0.000001
63 83 -0.000091 0.000001
64 83 -0.000090 0.000001
65 83 -0.000092 0.000000
66 83 -0.000076 0.000000
67 83 -0.000073 0.000000
68 83 -0.000075 0.000000
69 83 -0.000062 0.000000
70 83 -0.000058 0.000000
71 83 -0.000063 0.000000
72 83 -0.000054 0.000000
73 83 -0.000050 0.000000
74 83 -0.000058 0.000000
75 83 -0.000049 0.000000
76 83 -0.000045 0.000000
77 83 -0.000052 0.000000
78 83 -0.000047 0.000000
79 83 -0.000042 0.000000
80 83 -0.000049 0.000000
81 83 -0.000046 0.000000
82 83 -0.000039 0.000000
83 83 -0.000046 0.000000
84 83 -0.000046 0.000000
85 83 -0.000037 0.000000
86 83 -0.000045 0.000000
87 83 -0.000046 0.000000
88 83 -0.000037 0.000000
89 83 -0.000043 0.000000
90 83 -0.000045 0.000000
91 83 -0.000037 0.000000
92 83 -0.000040 0.000000
93 83 -0.000045 0.000000
94 83 -0.000037 0.000000
95 83 -0.000038 0.000000
96 83 -0.000045 0.000000
97 83 -0.000037 0.000000
98 83 -0.000035 0.000000
99 83 -0.000043 0.000000
0 84 -0.000030 0.000000
1 84 -0.000024 0.000000
2 84 -0.000033 0.000000
3 84 -0.000032 0.000000
4 84 -0.000023 0.000000
5 84 -0.000033 0.000000
6 84 -0.000032 0.000000
7 84 -0.000024 0.000000
8 84 -0.000032 0.000000
9 84 -0.000035 0.000000
10 84 -0.000026 0.000000
11 84 -0.000032 0.000000
12 84 -0.000038 0.000000
13 84 -0.000029 0.000000
14 84 -0.000032 0.000000
15 84 -0.000042 0.000000
16 84 -0.000035 0.000000
17 84 -0.000035 0.000000
18 84 -0.000046 0.000000
19 84 -0.000041 0.000000
20 84 -0.000042 0.000000
21 84 -0.000051 0.000000
22 84 -0.000047 0.000000
23 84 -0.000046 0.000000
24 84 -0.000059 0.000000
25 84 -0.000060 0.000000
26 84 -0.000055 0.000000
27 84 -0.000062 0.000000
28 84 -0.000067 0.000000
29 84 -0.000066 0.000000
30 84 -0.000080 0.000000
31 84 -0.000084 0.000000
32 84 -0.000076 0.000000
33 84 -0.000083 0.000000
34 84 -0.000091 0.000000
35 84 -0.000090 0.000000
36 84 -0.000103 0.000000
37 84 -0.000115 0.000000
38 84 -0.000114 0.000000
39 84 -0.000123 0.000001
40 84 -0.000135 0.000001
41 84 -0.000134 0.000001
42 84 -0.000139 0.000002
43 84 -0.000156 0.000002
44 84 -0.000154 0.000003
45 84 -0.000159 0.000004
46 84 -0.000175 0.000004
47 84 -0.000172 0.000005
48 84 -0.000174 0.000006
49 84 -0.000184 0.000006
50 84 -0.000180 0.000006
51 84 -0.000174 0.000006
52 84 -0.000179 0.000006
53 84 -0.000173 0.000005
54 84 -0.000161 0.000004
55 84 -0.000162 0.000004
56 84 -0.000154 0.000003
57 84 -0.000138 0.000002
58 84 -0.000137 0.000002
59 84 -0.000131 0.000001
60 84 -0.000116 0.000001
61 84 -0.000113 0.000001
62 84 -0.000111 0.000000
63 84 -0.000095 0.000000
64 84 -0.000089 0.000000
65 84 -0.000091 0.000000
66 84 -0.000076 0.000000
67 84 -0.000072 0.000000
68 84 -0.000078 0.000000
69 84 -0.000066 0.000000
70 84 -0.000061 0.000000
71 84 -0.000069 0.000000
72 84 -0.000058 0.000000
73 84 -0.000052 0.000000
74 84 -0.000059 0.000000
75 84 -0.000051 0.000000
76 84 -0.000046 0.000000
77 84 -0.000052 0.000000
78 84 -0.000047 0.000000
79 84 -0.000040 0.000000
80 84 -0.000047 0.000000
81 84 -0.000045 0.000000
82 84 -0.000037 0.000000
83 84 -0.000043 0.000000
84 84 -0.000045 0.000000
85 84 -0.000033 0.000000
86 84 -0.000040 0.000000
87 84 -0.000042 0.000000
88 84 -0.000032 0.000000
89 84 -0.000036 0.000000
90 84 -0.000041 0.000000
91 84 -0.000031 0.000000
92 84 -0.000031 0.000000
93 84 -0.000040 0.000000
94 84 -0.000030 0.000000
95 84 -0.000028 0.000000
96 84 -0.000038 0.000000
97 84 -0.000029 0.000000
98 84 -0.000026 0.000000
99 84 -0.000036 0.000000
0 85 -0.000040 0.000000
1 85 -0.000035 0.000000
2 85 -0.000043 0.000000
3 85 -0.000040 0.000000
4 85 -0.000034 0.000000
5 85 -0.000041 0.000000
6 85 -0.000042 0.000000
7 85 -0.000033 0.000000
8 85 -0.000040 0.000000
9 85 -0.000043 0.000000
10 85 -0.000034 0.000000
11 85 -0.000039 0.000000
12 85 -0.000045 0.000000
13 85 -0.000037 0.000000
14 85 -0.000039 0.000000
15 85 -0.000046 0.000000
16 85 -0.000039 0.000000
17 85 -0.000041 0.000000
18 85 -0.000050 0.000000
19 85 -0.000043 0.000000
20 85 -0.000042 0.000000
21 85 -0.000055 0.000000
22 85 -0.000051 0.000000
23 85 -0.000046 0.000000
24 85 -0.000057 0.000000
25 85 -0.000057 0.000000
26 85 -0.000054 0.000000
27 85 -0.000066 0.000000
28 85 -0.000066 0.000000
29 85 -0.000058 0.000000
30 85 -0.000069 0.000000
31 85 -0.000079 0.000000
32 85 -0.000075 0.000000
33 85 -0.000088 0.000000
34 85 -0.000095 0.000000
35 85 -0.000087 0.000000
36 85 -0.000095 0.000000
37 85 -0.000105 0.000000
38 85 -0.000101 0.000000
39 85 -0.000109 0.000000
40 85 -0.000124 0.000000
41 85 -0.000122 0.000000
42 85 -0.000127 0.000000
43 85 -0.000142 0.000001
44 85 -0.000141 0.000001
45 85 -0.000144 0.000001
46 85 -0.000159 0.000001
47 85 -0.000156 0.000001
48 85 -0.000154 0.000002
49 85 -0.000166 0.000002
50 85 -0.000163 0.000002
51 85 -0.000156 0.000002
52 85 -0.000163 0.000002
53 85 -0.000158 0.000001
54 85 -0.000144 0.000001
55 85 -0.000148 0.000001
56 85 -0.000141 0.000001
57 85 -0.000126 0.000001
58 85 -0.000125 0.000000
59 85 -0.000120 0.000000
60 85 -0.000104 0.000000
61 85 -0.000103 0.000000
62 85 -0.000100 0.000000
63 85 -0.000089 0.000000
64 85 -0.000087 0.000000
65 85 -0.000091 0.000000
66 85 -0.000078 0.000000
67 85 -0.000077 0.000000
68 85 -0.000079 0.000000
69 85 -0.000068 0.000000
70 85 -0.000064 0.000000
71 85 -0.000070 0.000000
72 85 -0.000061 0.000000
73 85 -0.000056 0.000000
74 85 -0.000063 0.000000
75 85 -0.000057 0.000000
76 85 -0.000051 0.000000
77 85 -0.000057 0.000000
78 85 -0.000055 0.000000
79 85 -0.000047 0.000000
80 85 -0.000054 0.000000
81 85 -0.000052 0.000000
82 85 -0.000044 0.000000
83 85 -0.000051 0.000000
84 85 -0.000051 0.000000
85 85 -0.000042 0.000000
86 85 -0.000047 0.000000
87 85 -0.000051 0.000000
88 85 -0.000042 0.000000
89 85 -0.000044 0.000000
90 85 -0.000051 0.000000
91 85 -0.000041 0.000000
92 85 -0.000042 0.000000
93 85 -0.000050 0.000000
94 85 -0.000040 0.000000
95 85 -0.000039 0.000000
96 85 -0.000048 0.000000
97 85 -0.000040 0.000000
98 85 -0.000037 0.000000
99 85 -0.000045 0.000000
0 86 -0.000036 0.000000
1 86 -0.000030 0.000000
2 86 -0.000039 0.000000
3 86 -0.000036 0.000000
4 86 -0.000028 0.000000
5 86 -0.000038 0.000000
6 86 -0.000037 0.000000
7 86 -0.000027 0.000000
8 86 -0.000036 0.000000
9 86 -0.000038 0.000000
10 86 -0.000029 0.000000
11 86 -0.000036 0.000000
12 86 -0.000041 0.000000
13 86 -0.000032 0.000000
14 86 -0.000036 0.000000
15 86 -0.000044 0.000000
16 86 -0.000035 0.000000
17 86 -0.000037 0.000000
18 86 -0.000048 0.000000
19 86 -0.000042 0.000000
20 86 -0.000040 0.000000
21 86 -0.000051 0.000000
22 86 -0.000049 0.000000
23 86 -0.000045 0.000000
24 86 -0.000057 0.000000
25 86 -0.000054 0.000000
26 86 -0.000048 0.000000
27 86 -0.000061 0.000000
28 86 -0.000068 0.000000
29 86 -0.000062 0.000000
30 86 -0.000070 0.000000
31 86 -0.000076 0.000000
32 86 -0.000068 0.000000
33 86 -0.000078 0.000000
34 86 -0.000090 0.000000
35 86 -0.000088 0.000000
36 86 -0.000096 0.000000
37 86 -0.000109 0.000000
38 86 -0.000104 0.000000
39 86 -0.000110 0.000000
40 86 -0.000123 0.000000
41 86 -0.000120 0.000000
42 86 -0.000124 0.000000
43 86 -0.000139 0.000000
44 86 -0.000135 0.000000
45 86 -0.000135 0.000000
46 86 -0.000150 0.000000
47 86 -0.000148 0.000000
48 86 -0.000145 0.000000
49 86 -0.000155 0.000000
50 86 -0.000153 0.000000
51 86 -0.000145 0.000000
52 86 -0.000152 0.000000
53 86 -0.000149 0.000000
54 86 -0.000137 0.000000
55 86 -0.000140 0.000000
56 86 -0.000138 0.000000
57 86 -0.000122 0.000000
58 86 -0.000124 0.000000
59 86 -0.000122 0.000000
60 86 -0.000106 0.000000
61 86 -0.000105 0.000000
62 86 -0.000107 0.000000
63 86 -0.000091 0.000000
64 86 -0.000087 0.000000
65 86 -0.000090 0.000000
66 86 -0.000073 0.000000
67 86 -0.000070 0.000000
68 86 -0.000075 0.000000
69 86 -0.000062 0.000000
70 86 -0.000060 0.000000
71 86 -0.000067 0.000000
72 86 -0.000057 0.000000
73 86 -0.000053 0.000000
74 86 -0.000060 0.000000
75 86 -0.000053 0.000000
76 86 -0.000046 0.000000
77 86 -0.000055 0.000000
78 86 -0.000050 0.000000
79 86 -0.000042 0.000000
80 86 -0.000050 0.000000
81 86 -0.000048 0.000000
82 86 -0.000039 0.000000
83 86 -0.000047 0.000000
84 86 -0.000047 0.000000
85 86 -0.000036 0.000000
86 86 -0.000044 0.000000
87 86 -0.000046 0.000000
88 86 -0.000035 0.000000
89 86 -0.000040 0.000000
90 86 -0.000045 0.000000
91 86 -0.000034 0.000000
92 86 -0.000038 0.000000
93 86 -0.000045 0.000000
94 86 -0.000034 0.000000
95 86 -0.000035 0.000000
96 86 -0.000044 0.000000
97 86 -0.000035 0.000000
98 86 -0.000032 0.000000
99 86 -0.000042 0.000000
0 87 -0.000027 0.000000
1 87 -0.000021 0.000000
2 87 -0.000032 0.000000
3 87 -0.000029 0.000000
4 87 -0.000020 0.000000
5 87 -0.000030 0.000000
6 87 -0.000030 0.000000
7 87 -0.000021 0.000000
8 87 -0.000030 0.000000
9 87 -0.000034 0.000000
10 87 -0.000023 0.000000
11 87 -0.000030 0.000000
12 87 -0.000037 0.000000
13 87 -0.000027 0.000000
14 87 -0.000031 0.000000
15 87 -0.000041 0.000000
16 87 -0.000034 0.000000
17 87 -0.000034 0.000000
18 87 -0.000046 0.000000
19 87 -0.000041 0.000000
20 87 -0.000039 0.000000
21 87 -0.000052 0.000000
22 87 -0.000048 0.000000
23 87 -0.000044 0.000000
24 87 -0.000060 0.000000
25 87 -0.000061 0.000000
26 87 -0.000055 0.000000
27 87 -0.000065 0.000000
28 87 -0.000068 0.000000
29 87 -0.000065 0.000000
30 87 -0.000078 0.000000
31 87 -0.000086 0.000000
32 87 -0.000081 0.000000
33 87 -0.000089 0.000000
34 87 -0.000096 0.000000
35 87 -0.000090 0.000000
36 87 -0.000098 0.000000
37 87 -0.000110 0.000000
38 87 -0.000104 0.000000
39 87 -0.000113 0.000000
40 87 -0.000126 0.000000
41 87 -0.000122 0.000000
42 87 -0.000126 0.000000
43 87 -0.000142 0.000000
44 87 -0.000139 0.000000
45 87 -0.000137 0.000000
46 87 -0.000152 0.000000
47 87 -0.000148 0.000000
48 87 -0.000145 0.000000
49 87 -0.000157 0.000000
50 87 -0.000152 0.000000
51 87 -0.000145 0.000000
52 87 -0.000151 0.000000
53 87 -0.000147 0.000000
54 87 -0.000135 0.000000
55 87 -0.000139 0.000000
56 87 -0.000135 0.000000
57 87 -0.000121 0.000000
58 87 -0.000121 0.000000
59 87 -0.000121 0.000000
60 87 -0.000105 0.000000
61 87 -0.000103 0.000000
62 87 -0.000105 0.000000
63 87 -0.000090 0.000000
64 87 -0.000087 0.000000
65 87 -0.000092 0.000000
66 87 -0.000078 0.000000
67 87 -0.000075 0.000000
68 87 -0.000080 0.000000
69 87 -0.000068 0.000000
70 87 -0.000062 0.000000
71 87 -0.000069 0.000000
72 87 -0.000058 0.000000
73 87 -0.000052 0.000000
74 87 -0.000059 0.000000
75 87 -0.000052 0.000000
76 87 -0.000043 0.000000
77 87 -0.000053 0.000000
78 87 -0.000046 0.000000
79 87 -0.000038 0.000000
80 87 -0.000047 0.000000
81 87 -0.000044 0.000000
82 87 -0.000034 0.000000
83 87 -0.000041 0.000000
84 87 -0.000042 0.000000
85 87 -0.000031 0.000000
86 87 -0.000037 0.000000
87 87 -0.000039 0.000000
88 87 -0.000029 0.000000
89 87 -0.000033 0.000000
90 87 -0.000039 0.000000
91 87 -0.000027 0.000000
92 87 -0.000029 0.000000
93 87 -0.000036 0.000000
94 87 -0.000026 0.000000
95 87 -0.000026 0.000000
96 87 -0.000034 0.000000
97 87 -0.000026 0.000000
98 87 -0.000023 0.000000
99 87 -0.000033 0.000000
0 88 -0.000037 0.000000
1 88 -0.000029 0.000000
2 88 -0.000040 0.000000
3 88 -0.000038 0.000000
4 88 -0.000029 0.000000
5 88 -0.000038 0.000000
6 88 -0.000039 0.000000
7 88 -0.000030 0.000000
8 88 -0.000037 0.000000
9 88 -0.000041 0.000000
10 88 -0.000032 0.000000
11 88 -0.000037 0.000000
12 88 -0.000044 0.000000
13 88 -0.000035 0.000000
14 88 -0.000038 0.000000
15 88 -0.000047 0.000000
16 88 -0.000040 0.000000
17 88 -0.000040 0.000000
18 88 -0.000051 0.000000
19 88 -0.000045 0.000000
20 88 -0.000042 0.000000
21 88 -0.000057 0.000000
22 88 -0.000053 0.000000
23 88 -0.000047 0.000000
24 88 -0.000060 0.000000
25 88 -0.000060 0.000000
26 88 -0.000054 0.000000
27 88 -0.000068 0.000000
28 88 -0.000070 0.000000
29 88 -0.000061 0.000000
30 88 -0.000071 0.000000
31 88 -0.000079 0.000000
32 88 -0.000071 0.000000
33 88 -0.000083 0.000000
34 88 -0.000094 0.000000
35 88 -0.000087 0.000000
36 88 -0.000093 0.000000
37 88 -0.000108 0.000000
38 88 -0.000100 0.000000
39 88 -0.000105 0.000000
40 88 -0.000121 0.000000
41 88 -0.000113 0.000000
42 88 -0.000115 0.000000
43 88 -0.000131 0.000000
44 88 -0.000127 0.000000
45 88 -0.000125 0.000000
46 88 -0.000141 0.000000
47 88 -0.000137 0.000000
48 88 -0.000129 0.000000
49 88 -0.000143 0.000000
50 88 -0.000140 0.000000
51 88 -0.000129 0.000000
52 88 -0.000139 0.000000
53 88 -0.000135 0.000000
54 88 -0.000123 0.000000
55 88 -0.000128 0.000000
56 88 -0.000127 0.000000
57 88 -0.000111 0.000000
58 88 -0.000115 0.000000
59 88 -0.000114 0.000000
60 88 -0.000099 0.000000
61 88 -0.000099 0.000000
62 88 -0.000101 0.000000
63 88 -0.000087 0.000000
64 88 -0.000087 0.000000
65 88 -0.000090 0.000000
66 88 -0.000077 0.000000
67 88 -0.000074 0.000000
68 88 -0.000079 0.000000
69 88 -0.000068 0.000000
70 88 -0.000063 0.000000
71 88 -0.000071 0.000000
72 88 -0.000063 0.000000
73 88 -0.000056 0.000000
74 88 -0.000064 0.000000
75 88 -0.000058 0.000000
76 88 -0.000050 0.000000
77 88 -0.000058 0.000000
78 88 -0.000054 0.000000
79 88 -0.000046 0.000000
80 88 -0.000054 0.000000
81 88 -0.000051 0.000000
82 88 -0.000042 0.000000
83 88 -0.000048 0.000000
84 88 -0.000050 0.000000
85 88 -0.000040 0.000000
86 88 -0.000044 0.000000
87 88 -0.000049 0.000000
88 88 -0.000038 0.000000
89 88 -0.000041 0.000000
90 88 -0.000046 0.000000
91 88 -0.000037 0.000000
92 88 -0.000038 0.000000
93 88 -0.000044 0.000000
94 88 -0.000037 0.000000
95 88 -0.000034 0.000000
96 88 -0.000042 0.000000
97 88 -0.000036 0.000000
98 88 -0.000031 0.000000
99 88 -0.000041 0.000000
0 89 -0.000035 0.000000
1 89 -0.000029 0.000000
2 89 -0.000040 0.000000
3 89 -0.000036 0.000000
4 89 -0.000027 0.000000
5 89 -0.000038 0.000000
6 89 -0.000037 0.000000
7 89 -0.000027 0.000000
8 89 -0.000035 0.000000
9 89 -0.000039 0.000000
10 89 -0.000029 0.000000
11 89 -0.000036 0.000000
12 89 -0.000042 0.000000
13 89 -0.000031 0.000000
14 89 -0.000036 0.000000
15 89 -0.000044 0.000000
16 89 -0.000036 0.000000
17 89 -0.000036 0.000000
18 89 -0.000049 0.000000
19 89 -0.000043 0.000000
20 89 -0.000039 0.000000
21 89 -0.000053 0.000000
22 89 -0.000050 0.000000
23 89 -0.000044 0.000000
24 89 -0.000058 0.000000
25 89 -0.000056 0.000000
26 89 -0.000048 0.000000
27 89 -0.000062 0.000000
28 89 -0.000067 0.000000
29 89 -0.000060 0.000000
30 89 -0.000071 0.000000
31 89 -0.000080 0.000000
32 89 -0.000070 0.000000
33 89 -0.000078 0.000000
34 89 -0.000088 0.000000
35 89 -0.000082 0.000000
36 89 -0.000087 0.000000
37 89 -0.000102 0.000000
38 89 -0.000096 0.000000
39 89 -0.000099 0.000000
40 89 -0.000116 0.000000
41 89 -0.000111 0.000000
42 89 -0.000111 0.000000
43 89 -0.000126 0.000000
44 89 -0.000122 0.000000
45 89 -0.000119 0.000000
46 89 -0.000133 0.000000
47 89 -0.000131 0.000000
48 89 -0.000125 0.000000
49 89 -0.000136 0.000000
50 89 -0.000134 0.000000
51 89 -0.000125 0.000000
52 89 -0.000132 0.000000
53 89 -0.000131 0.000000
54 89 -0.000119 0.000000
55 89 -0.000124 0.000000
56 89 -0.000123 0.000000
57 89 -0.000109 0.000000
58 89 -0.000112 0.000000
59 89 -0.000112 0.000000
60 89 -0.000096 0.000000
61 89 -0.000097 0.000000
62 89 -0.000099 0.000000
63 89 -0.000084 0.000000
64 89 -0.000083 0.000000
65 89 -0.000086 0.000000
66 89 -0.000072 0.000000
67 89 -0.000069 0.000000
68 89 -0.000077 0.000000
69 89 -0.000064 0.000000
70 89 -0.000061 0.000000
71 89 -0.000068 0.000000
72 89 -0.000058 0.000000
73 89 -0.000052 0.000000
74 89 -0.000060 0.000000
75 89 -0.000054 0.000000
76 89 -0.000046 0.000000
77 89 -0.000055 0.000000
78 89 -0.000050 0.000000
79 89 -0.000042 0.000000
80 89 -0.000050 0.000000
81 89 -0.000048 0.000000
82 89 -0.000039 0.000000
83 89 -0.000047 0.000000
84 89 -0.000046 0.000000
85 89 -0.000035 0.000000
86 89 -0.000042 0.000000
87 89 -0.000046 0.000000
88 89 -0.000034 0.000000
89 89 -0.000039 0.000000
90 89 -0.000045 0.000000
91 89 -0.000034 0.000000
92 89 -0.000036 0.000000
93 89 -0.000043 0.000000
94 89 -0.000034 0.000000
95 89 -0.000033 0.000000
96 89 -0.000042 0.000000
97 89 -0.000035 0.000000
98 89 -0.000031 0.000000
99 89 -0.000041 0.000000
0 90 -0.000025 0.000000
1 90 -0.000017 0.000000
2 90 -0.000029 0.000000
3 90 -0.000025 0.000000
4 90 -0.000017 0.000000
5 90 -0.000028 0.000000
6 90 -0.000029 0.000000
7 90 -0.000019 0.000000
8 90 -0.000027 0.000000
9 90 -0.000033 0.000000
10 90 -0.000021 0.000000
11 90 -0.000027 0.000000
12 90 -0.000037 0.000000
13 90 -0.000026 0.000000
14 90 -0.000030 0.000000
15 90 -0.000042 0.000000
16 90 -0.000033 0.000000
17 90 -0.000033 0.000000
18 90 -0.000046 0.000000
19 90 -0.000042 0.000000
20 90 -0.000039 0.000000
21 90 -0.000053 0.000000
22 90 -0.000050 0.000000
23 90 -0.000044 0.000000
24 90 -0.000059 0.000000
25 90 -0.000062 0.000000
26 90 -0.000054 0.000000
27 90 -0.000066 0.000000
28 90 -0.000071 0.000000
29 90 -0.000063 0.000000
30 90 -0.000074 0.000000
31 90 -0.000083 0.000000
32 90 -0.000075 0.000000
33 90 -0.000086 0.000000
34 90 -0.000097 0.000000
35 90 -0.000088 0.000000
36 90 -0.000096 0.000000
37 90 -0.000108 0.000000
38 90 -0.000099 0.000000
39 90 -0.000104 0.000000
40 90 -0.000117 0.000000
41 90 -0.000112 0.000000
42 90 -0.000115 0.000000
43 90 -0.000129 0.000000
44 90 -0.000123 0.000000
45 90 -0.000122 0.000000
46 90 -0.000135 0.000000
47 90 -0.000131 0.000000
48 90 -0.000126 0.000000
49 90 -0.000138 0.000000
50 90 -0.000133 0.000000
51 90 -0.000124 0.000000
52 90 -0.000133 0.000000
53 90 -0.000130 0.000000
54 90 -0.000119 0.000000
55 90 -0.000125 0.000000
56 90 -0.000122 0.000000
57 90 -0.000108 0.000000
58 90 -0.000112 0.000000
59 90 -0.000113 0.000000
60 90 -0.000098 0.000000
61 90 -0.000100 0.000000
62 90 -0.000101 0.000000
63 90 -0.000087 0.000000
64 90 -0.000086 0.000000
65 90 -0.000090 0.000000
66 90 -0.000077 0.000000
67 90 -0.000072 0.000000
68 90 -0.000079 0.000000
69 90 -0.000066 0.000000
70 90 -0.000059 0.000000
71 90 -0.000067 0.000000
72 90 -0.000057 0.000000
73 90 -0.000050 0.000000
74 90 -0.000059 0.000000
75 90 -0.000052 0.000000
76 90 -0.000042 0.000000
77 90 -0.000051 0.000000
78 90 -0.000046 0.000000
79 90 -0.000037 0.000000
80 90 -0.000045 0.000000
81 90 -0.000043 0.000000
82 90 -0.000032 0.000000
83 90 -0.000038 0.000000
84 90 -0.000040 0.000000
85 90 -0.000029 0.000000
86 90 -0.000034 0.000000
87 90 -0.000039 0.000000
88 90 -0.000025 0.000000
89 90 -0.000030 0.000000
90 90 -0.000035 0.000000
91 90 -0.000023 0.000000
92 90 -0.000025 0.000000
93 90 -0.000035 0.000000
94 90 -0.000023 0.000000
95 90 -0.000021 0.000000
96 90 -0.000033 0.000000
97 90 -0.000023 0.000000
98 90 -0.000018 0.000000
99 90 -0.000030 0.000000
0 91 -0.000033 0.000000
1 91 -0.000025 0.000000
2 91 -0.000036 0.000000
3 91 -0.000034 0.000000
4 91 -0.000027 0.000000
5 91 -0.000034 0.000000
6 91 -0.000037 0.000000
7 91 -0.000026 0.000000
8 91 -0.000033 0.000000
9 91 -0.000039 0.000000
10 91 -0.000029 0.000000
11 91 -0.000034 0.000000
12 91 -0.000043 0.000000
13 91 -0.000033 0.000000
14 91 -0.000035 0.000000
15 91 -0.000047 0.000000
16 91 -0.000039 0.000000
17 91 -0.000039 0.000000
18 91 -0.000051 0.000000
19 91 -0.000045 0.000000
20 91 -0.000042 0.000000
21 91 -0.000057 0.000000
22 91 -0.000053 0.000000
23 91 -0.000048 0.000000
24 91 -0.000061 0.000000
25 91 -0.000061 0.000000
26 91 -0.000053 0.000000
27 91 -0.000068 0.000000
28 91 -0.000073 0.000000
29 91 -0.000062 0.000000
30 91 -0.000074 0.000000
31 91 -0.000081 0.000000
32 91 -0.000071 0.000000
33 91 -0.000079 0.000000
34 91 -0.000090 0.000000
35 91 -0.000081 0.000000
36 91 -0.000087 0.000000
37 91 -0.000104 0.000000
38 91 -0.000095 0.000000
39 91 -0.000098 0.000000
40 91 -0.000115 0.000000
41 91 -0.000106 0.000000
42 91 -0.000105 0.000000
43 91 -0.000124 0.000000
44 91 -0.000116 0.000000
45 91 -0.000113 0.000000
46 91 -0.000129 0.000000
47 91 -0.000123 0.000000
48 91 -0.000114 0.000000
49 91 -0.000129 0.000000
50 91 -0.000126 0.000000
51 91 -0.000114 0.000000
52 91 -0.000125 0.000000
53 91 -0.000123 0.000000
54 91 -0.000109 0.000000
55 91 -0.000116 0.000000
56 91 -0.000116 0.000000
57 91 -0.000100 0.000000
58 91 -0.000106 0.000000
59 91 -0.000106 0.000000
60 91 -0.000091 0.000000
61 91 -0.000093 0.000000
62 91 -0.000096 0.000000
63 91 -0.000081 0.000000
64 91 -0.000080 0.000000
65 91 -0.000086 0.000000
66 91 -0.000074 0.000000
67 91 -0.000069 0.000000
68 91 -0.000078 0.000000
69 91 -0.000067 0.000000
70 91 -0.000062 0.000000
71 91 -0.000071 0.000000
72 91 -0.000063 0.000000
73 91 -0.000055 0.000000
74 91 -0.000063 0.000000
75 91 -0.000057 0.000000
76 91 -0.000048 0.000000
77 91 -0.000057 0.000000
78 91 -0.000054 0.000000
79 91 -0.000044 0.000000
80 91 -0.000051 0.000000
81 91 -0.000051 0.000000
82 91 -0.000040 0.000000
83 91 -0.000047 0.000000
84 91 -0.000048 0.000000
85 91 -0.000037 0.000000
86 91 -0.000041 0.000000
87 91 -0.000046 0.000000
88 91 -0.000035 0.000000
89 91 -0.000037 0.000000
90 91 -0.000043 0.000000
91 91 -0.000033 0.000000
92 91 -0.000034 0.000000
93 91 -0.000041 0.000000
94 91 -0.000031 0.000000
95 91 -0.000029 0.000000
96 91 -0.000040 0.000000
97 91 -0.000032 0.000000
98 91 -0.000026 0.000000
99 91 -0.000038 0.000000
0 92 -0.000033 0.000000
1 92 -0.000028 0.000000
2 92 -0.000038 0.000000
3 92 -0.000036 0.000000
4 92 -0.000026 0.000000
5 92 -0.000036 0.000000
6 92 -0.000038 0.000000
7 92 -0.000027 0.000000
8 92 -0.000036 0.000000
9 92 -0.000040 0.000000
10 92 -0.000029 0.000000
11 92 -0.000035 0.000000
12 92 -0.000043 0.000000
13 92 -0.000031 0.000000
14 92 -0.000035 0.000000
15 92 -0.000046 0.000000
16 92 -0.000037 0.000000
17 92 -0.000037 0.000000
18 92 -0.000050 0.000000
19 92 -0.000043 0.000000
20 92 -0.000040 0.000000
21 92 -0.000053 0.000000
22 92 -0.000050 0.000000
23 92 -0.000043 0.000000
24 92 -0.000059 0.000000
25 92 -0.000059 0.000000
26 92 -0.000048 0.000000
27 92 -0.000062 0.000000
28 92 -0.000067 0.000000
29 92 -0.000056 0.000000
30 92 -0.000068 0.000000
31 92 -0.000079 0.000000
32 92 -0.000068 0.000000
33 92 -0.000077 0.000000
34 92 -0.000089 0.000000
35 92 -0.000080 0.000000
36 92 -0.000084 0.000000
37 92 -0.000098 0.000000
38 92 -0.000090 0.000000
39 92 -0.000092 0.000000
40 92 -0.000106 0.000000
41 92 -0.000102 0.000000
42 92 -0.000098 0.000000
43 92 -0.000114 0.000000
44 92 -0.000109 0.000000
45 92 -0.000103 0.000000
46 92 -0.000118 0.000000
47 92 -0.000116 0.000000
48 92 -0.000108 0.000000
49 92 -0.000119 0.000000
50 92 -0.000119 0.000000
51 92 -0.000107 0.000000
52 92 -0.000116 0.000000
53 92 -0.000116 0.000000
54 92 -0.000104 0.000000
55 92 -0.000110 0.000000
56 92 -0.000111 0.000000
57 92 -0.000097 0.000000
58 92 -0.000101 0.000000
59 92 -0.000103 0.000000
60 92 -0.000089 0.000000
61 92 -0.000090 0.000000
62 92 -0.000094 0.000000
63 92 -0.000080 0.000000
64 92 -0.000080 0.000000
65 92 -0.000086 0.000000
66 92 -0.000072 0.000000
67 92 -0.000068 0.000000
68 92 -0.000076 0.000000
69 92 -0.000064 0.000000
70 92 -0.000059 0.000000
71 92 -0.000066 0.000000
72 92 -0.000057 0.000000
73 92 -0.000052 0.000000
74 92 -0.000060 0.000000
75 92 -0.000054 0.000000
76 92 -0.000047 0.000000
77 92 -0.000054 0.000000
78 92 -0.000052 0.000000
79 92 -0.000042 0.000000
80 92 -0.000049 0.000000
81 92 -0.000048 0.000000
82 92 -0.000038 0.000000
83 92 -0.000046 0.000000
84 92 -0.000046 0.000000
85 92 -0.000035 0.000000
86 92 -0.000042 0.000000
87 92 -0.000045 0.000000
88 92 -0.000034 0.000000
89 92 -0.000037 0.000000
90 92 -0.000044 0.000000
91 92 -0.000034 0.000000
92 92 -0.000035 0.000000
93 92 -0.000042 0.000000
94 92 -0.000033 0.000000
95 92 -0.000033 0.000000
96 92 -0.000042 0.000000
97 92 -0.000032 0.000000
98 92 -0.000030 0.000000
99 92 -0.000039 0.000000
0 93 -0.000023 0.000000
1 93 -0.000014 0.000000
2 93 -0.000027 0.000000
3 93 -0.000025 0.000000
4 93 -0.000014 0.000000
5 93 -0.000026 0.000000
6 93 -0.000029 0.000000
7 93 -0.000016 0.000000
8 93 -0.000026 0.000000
9 93 -0.000032 0.000000
10 93 -0.000019 0.000000
11 93 -0.000027 0.000000
12 93 -0.000037 0.000000
13 93 -0.000025 0.000000
14 93 -0.000029 0.000000
15 93 -0.000043 0.000000
16 93 -0.000033 0.000000
17 93 -0.000032 0.000000
18 93 -0.000048 0.000000
19 93 -0.000041 0.000000
20 93 -0.000039 0.000000
21 93 -0.000053 0.000000
22 93 -0.000051 0.000000
23 93 -0.000044 0.000000
24 93 -0.000058 0.000000
25 93 -0.000061 0.000000
26 93 -0.000052 0.000000
27 93 -0.000067 0.000000
28 93 -0.000071 0.000000
29 93 -0.000063 0.000000
30 93 -0.000072 0.000000
31 93 -0.000080 0.000000
32 93 -0.000071 0.000000
33 93 -0.000079 0.000000
34 93 -0.000091 0.000000
35 93 -0.000082 0.000000
36 93 -0.000089 0.000000
37 93 -0.000100 0.000000
38 93 -0.000094 0.000000
39 93 -0.000096 0.000000
40 93 -0.000111 0.000000
41 93 -0.000104 0.000000
42 93 -0.000105 0.000000
43 93 -0.000120 0.000000
44 93 -0.000112 0.000000
45 93 -0.000111 0.000000
46 93 -0.000124 0.000000
47 93 -0.000118 0.000000
48 93 -0.000113 0.000000
49 93 -0.000124 0.000000
50 93 -0.000119 0.000000
51 93 -0.000111 0.000000
52 93 -0.000120 0.000000
53 93 -0.000118 0.000000
54 93 -0.000107 0.000000
55 93 -0.000113 0.000000
56 93 -0.000112 0.000000
57 93 -0.000099 0.000000
58 93 -0.000103 0.000000
59 93 -0.000104 0.000000
60 93 -0.000091 0.000000
61 93 -0.000092 0.000000
62 93 -0.000095 0.000000
63 93 -0.000080 0.000000
64 93 -0.000079 0.000000
65 93 -0.000084 0.000000
66 93 -0.000071 0.000000
67 93 -0.000067 0.000000
68 93 -0.000074 0.000000
69 93 -0.000063 0.000000
70 93 -0.000057 0.000000
71 93 -0.000065 0.000000
72 93 -0.000057 0.000000
73 93 -0.000048 0.000000
74 93 -0.000057 0.000000
75 93 -0.000051 0.000000
76 93 -0.000042 0.000000
77 93 -0.000050 0.000000
78 93 -0.000046 0.000000
79 93 -0.000034 0.000000
80 93 -0.000044 0.000000
81 93 -0.000043 0.000000
82 93 -0.000030 0.000000
83 93 -0.000037 0.000000
84 93 -0.000039 0.000000
85 93 -0.000027 0.000000
86 93 -0.000032 0.000000
87 93 -0.000036 0.000000
88 93 -0.000023 0.000000
89 93 -0.000027 0.000000
90 93 -0.000035 0.000000
91 93 -0.000022 0.000000
92 93 -0.000021 0.000000
93 93 -0.000033 0.000000
94 93 -0.000022 0.000000
95 93 -0.000018 0.000000
96 93 -0.000030 0.000000
97 93 -0.000021 0.000000
98 93 -0.000017 0.000000
99 93 -0.000029 0.000000
0 94 -0.000031 0.000000
1 94 -0.000021 0.000000
2 94 -0.000033 0.000000
3 94 -0.000033 0.000000
4 94 -0.000022 0.000000
5 94 -0.000032 0.000000
6 94 -0.000035 0.000000
7 94 -0.000023 0.000000
8 94 -0.000031 0.000000
9 94 -0.000038 0.000000
10 94 -0.000027 0.000000
11 94 -0.000032 0.000000
12 94 -0.000043 0.000000
13 94 -0.000031 0.000000
14 94 -0.000034 0.000000
15 94 -0.000047 0.000000
16 94 -0.000037 0.000000
17 94 -0.000037 0.000000
18 94 -0.000052 0.000000
19 94 -0.000045 0.000000
20 94 -0.000042 0.000000
21 94 -0.000057 0.000000
22 94 -0.000054 0.000000
23 94 -0.000047 0.000000
24 94 -0.000062 0.000000
25 94 -0.000062 0.000000
26 94 -0.000052 0.000000
27 94 -0.000068 0.000000
28 94 -0.000071 0.000000
29 94 -0.000062 0.000000
30 94 -0.000074 0.000000
31 94 -0.000083 0.000000
32 94 -0.000071 0.000000
33 94 -0.000081 0.000000
34 94 -0.000090 0.000000
35 94 -0.000080 0.000000
36 94 -0.000086 0.000000
37 94 -0.000100 0.000000
38 94 -0.000090 0.000000
39 94 -0.000093 0.000000
40 94 -0.000107 0.000000
41 94 -0.000099 0.000000
42 94 -0.000096 0.000000
43 94 -0.000113 0.000000
44 94 -0.000106 0.000000
45 94 -0.000101 0.000000
46 94 -0.000117 0.000000
47 94 -0.000110 0.000000
48 94 -0.000103 0.000000
49 94 -0.000117 0.000000
50 94 -0.000113 0.000000
51 94 -0.000102 0.000000
52 94 -0.000113 0.000000
53 94 -0.000110 0.000000
54 94 -0.000097 0.000000
55 94 -0.000105 0.000000
56 94 -0.000105 0.000000
57 94 -0.000090 0.000000
58 94 -0.000097 0.000000
59 94 -0.000098 0.000000
60 94 -0.000084 0.000000
61 94 -0.000086 0.000000
62 94 -0.000092 0.000000
63 94 -0.000077 0.000000
64 94 -0.000078 0.000000
65 94 -0.000083 0.000000
66 94 -0.000072 0.000000
67 94 -0.000069 0.000000
68 94 -0.000075 0.000000
69 94 -0.000067 0.000000
70 94 -0.000061 0.000000
71 94 -0.000067 0.000000
72 94 -0.000060 0.000000
73 94 -0.000053 0.000000
74 94 -0.000059 0.000000
75 94 -0.000055 0.000000
76 94 -0.000045 0.000000
77 94 -0.000054 0.000000
78 94 -0.000051 0.000000
79 94 -0.000041 0.000000
80 94 -0.000048 0.000000
81 94 -0.000049 0.000000
82 94 -0.000036 0.000000
83 94 -0.000043 0.000000
84 94 -0.000046 0.000000
85 94 -0.000033 0.000000
86 94 -0.000037 0.000000
87 94 -0.000043 0.000000
88 94 -0.000032 0.000000
89 94 -0.000034 0.000000
90 94 -0.000041 0.000000
91 94 -0.000028 0.000000
92 94 -0.000029 0.000000
93 94 -0.000039 0.000000
94 94 -0.000028 0.000000
95 94 -0.000024 0.000000
96 94 -0.000036 0.000000
97 94 -0.000029 0.000000
98 94 -0.000022 0.000000
99 94 -0.000034 0.000000
0 95 -0.000034 0.000000
1 95 -0.000026 0.000000
2 95 -0.000038 0.000000
3 95 -0.000035 0.000000
4 95 -0.000025 0.000000
5 95 -0.000036 0.000000
6 95 -0.000038 0.000000
7 95 -0.000027 0.000000
8 95 -0.000036 0.000000
9 95 -0.000040 0.000000
10 95 -0.000029 0.000000
11 95 -0.000035 0.000000
12 95 -0.000044 0.000000
13 95 -0.000032 0.000000
14 95 -0.000035 0.000000
15 95 -0.000048 0.000000
16 95 -0.000037 0.000000
17 95 -0.000038 0.000000
18 95 -0.000053 0.000000
19 95 -0.000044 0.000000
20 95 -0.000041 0.000000
21 95 -0.000055 0.000000
22 95 -0.000051 0.000000
23 95 -0.000043 0.000000
24 95 -0.000060 0.000000
25 95 -0.000060 0.000000
26 95 -0.000050 0.000000
27 95 -0.000063 0.000000
28 95 -0.000068 0.000000
29 95 -0.000055 0.000000
30 95 -0.000066 0.000000
31 95 -0.000076 0.000000
32 95 -0.000063 0.000000
33 95 -0.000073 0.000000
34 95 -0.000085 0.000000
35 95 -0.000073 0.000000
36 95 -0.000079 0.000000
37 95 -0.000092 0.000000
38 95 -0.000083 0.000000
39 95 -0.000086 0.000000
40 95 -0.000100 0.000000
41 95 -0.000093 0.000000
42 95 -0.000091 0.000000
43 95 -0.000105 0.000000
44 95 -0.000099 0.000000
45 95 -0.000094 0.000000
46 95 -0.000107 0.000000
47 95 -0.000104 0.000000
48 95 -0.000095 0.000000
49 95 -0.000107 0.000000
50 95 -0.000105 0.000000
51 95 -0.000094 0.000000
52 95 -0.000104 0.000000
53 95 -0.000104 0.000000
54 95 -0.000092 0.000000
55 95 -0.000099 0.000000
56 95 -0.000101 0.000000
57 95 -0.000088 0.000000
58 95 -0.000092 0.000000
59 95 -0.000095 0.000000
60 95 -0.000081 0.000000
61 95 -0.000082 0.000000
62 95 -0.000089 0.000000
63 95 -0.000074 0.000000
64 95 -0.000073 0.000000
65 95 -0.000079 0.000000
66 95 -0.000067 0.000000
67 95 -0.000062 0.000000
68 95 -0.000071 0.000000
69 95 -0.000061 0.000000
70 95 -0.000056 0.000000
71 95 -0.000064 0.000000
72 95 -0.000057 0.000000
73 95 -0.000050 0.000000
74 95 -0.000059 0.000000
75 95 -0.000054 0.000000
76 95 -0.000046 0.000000
77 95 -0.000054 0.000000
78 95 -0.000051 0.000000
79 95 -0.000041 0.000000
80 95 -0.000049 0.000000
81 95 -0.000049 0.000000
82 95 -0.000037 0.000000
83 95 -0.000046 0.000000
84 95 -0.000046 0.000000
85 95 -0.000035 0.000000
86 95 -0.000041 0.000000
87 95 -0.000046 0.000000
88 95 -0.000033 0.000000
89 95 -0.000036 0.000000
90 95 -0.000044 0.000000
91 95 -0.000032 0.000000
92 95 -0.000034 0.000000
93 95 -0.000042 0.000000
94 95 -0.000032 0.000000
95 95 -0.000031 0.000000
96 95 -0.000041 0.000000
97 95 -0.000033 0.000000
98 95 -0.000028 0.000000
99 95 -0.000040 0.000000
0 96 -0.000021 0.000000
1 96 -0.000013 0.000000
2 96 -0.000027 0.000000
3 96 -0.000024 0.000000
4 96 -0.000014 0.000000
5 96 -0.000026 0.000000
6 96 -0.000028 0.000000
7 96 -0.000016 0.000000
8 96 -0.000026 0.000000
9 96 -0.000032 0.000000
10 96 -0.000020 0.000000
11 96 -0.000026 0.000000
12 96 -0.000038 0.000000
13 96 -0.000025 0.000000
14 96 -0.000029 0.000000
15 96 -0.000043 0.000000
16 96 -0.000033 0.000000
17 96 -0.000032 0.000000
18 96 -0.000047 0.000000
19 96 -0.000041 0.000000
20 96 -0.000037 0.000000
21 96 -0.000054 0.000000
22 96 -0.000051 0.000000
23 96 -0.000043 0.000000
24 96 -0.000059 0.000000
25 96 -0.000060 0.000000
26 96 -0.000051 0.000000
27 96 -0.000066 0.000000
28 96 -0.000070 0.000000
29 96 -0.000062 0.000000
30 96 -0.000072 0.000000
31 96 -0.000081 0.000000
32 96 -0.000070 0.000000
33 96 -0.000078 0.000000
34 96 -0.000089 0.000000
35 96 -0.000079 0.000000
36 96 -0.000084 0.000000
37 96 -0.000097 0.000000
38 96 -0.000086 0.000000
39 96 -0.000089 0.000000
40 96 -0.000103 0.000000
41 96 -0.000094 0.000000
42 96 -0.000094 0.000000
43 96 -0.000109 0.000000
44 96 -0.000100 0.000000
45 96 -0.000098 0.000000
46 96 -0.000111 0.000000
47 96 -0.000107 0.000000
48 96 -0.000100 0.000000
49 96 -0.000110 0.000000
50 96 -0.000108 0.000000
51 96 -0.000099 0.000000
52 96 -0.000107 0.000000
53 96 -0.000106 0.000000
54 96 -0.000095 0.000000
55 96 -0.000100 0.000000
56 96 -0.000101 0.000000
57 96 -0.000089 0.000000
58 96 -0.000093 0.000000
59 96 -0.000095 0.000000
60 96 -0.000083 0.000000
61 96 -0.000084 0.000000
62 96 -0.000089 0.000000
63 96 -0.000075 0.000000
64 96 -0.000075 0.000000
65 96 -0.000081 0.000000
66 96 -0.000069 0.000000
67 96 -0.000065 0.000000
68 96 -0.000071 0.000000
69 96 -0.000062 0.000000
70 96 -0.000054 0.000000
71 96 -0.000063 0.000000
72 96 -0.000055 0.000000
73 96 -0.000045 0.000000
74 96 -0.000054 0.000000
75 96 -0.000048 0.000000
76 96 -0.000038 0.000000
77 96 -0.000047 0.000000
78 96 -0.000043 0.000000
79 96 -0.000033 0.000000
80 96 -0.000041 0.000000
81 96 -0.000041 0.000000
82 96 -0.000028 0.000000
83 96 -0.000036 0.000000
84 96 -0.000038 0.000000
85 96 -0.000025 0.000000
86 96 -0.000031 0.000000
87 96 -0.000036 0.000000
88 96 -0.000022 0.000000
89 96 -0.000026 0.000000
90 96 -0.000034 0.000000
91 96 -0.000022 0.000000
92 96 -0.000021 0.000000
93 96 -0.000031 0.000000
94 96 -0.000020 0.000000
95 96 -0.000017 0.000000
96 96 -0.000030 0.000000
97 96 -0.000020 0.000000
98 96 -0.000015 0.000000
99 96 -0.000028 0.000000
0 97 -0.000027 0.000000
1 97 -0.000018 0.000000
2 97 -0.000029 0.000000
3 97 -0.000029 0.000000
4 97 -0.000019 0.000000
5 97 -0.000029 0.000000
6 97 -0.000033 0.000000
7 97 -0.000020 0.000000
8 97 -0.000029 0.000000
9 97 -0.000037 0.000000
10 97 -0.000026 0.000000
11 97 -0.000030 0.000000
12 97 -0.000042 0.000000
13 97 -0.000030 0.000000
14 97 -0.000032 0.000000
15 97 -0.000046 0.000000
16 97 -0.000038 0.000000
17 97 -0.000037 0.000000
18 97 -0.000052 0.000000
19 97 -0.000046 0.000000
20 97 -0.000042 0.000000
21 97 -0.000058 0.000000
22 97 -0.000054 0.000000
23 97 -0.000048 0.000000
24 97 -0.000063 0.000000
25 97 -0.000063 0.000000
26 97 -0.000052 0.000000
27 97 -0.000068 0.000000
28 97 -0.000072 0.000000
29 97 -0.000060 0.000000
30 97 -0.000072 0.000000
31 97 -0.000080 0.000000
32 97 -0.000067 0.000000
33 97 -0.000077 0.000000
34 97 -0.000087 0.000000
35 97 -0.000076 0.000000
36 97 -0.000081 0.000000
37 97 -0.000095 0.000000
38 97 -0.000084 0.000000
39 97 -0.000088 0.000000
40 97 -0.000100 0.000000
41 97 -0.000093 0.000000
42 97 -0.000091 0.000000
43 97 -0.000106 0.000000
44 97 -0.000099 0.000000
45 97 -0.000092 0.000000
46 97 -0.000107 0.000000
47 97 -0.000101 0.000000
48 97 -0.000093 0.000000
49 97 -0.000107 0.000000
50 97 -0.000103 0.000000
51 97 -0.000093 0.000000
52 97 -0.000103 0.000000
53 97 -0.000101 0.000000
54 97 -0.000089 0.000000
55 97 -0.000096 0.000000
56 97 -0.000098 0.000000
57 97 -0.000084 0.000000
58 97 -0.000089 0.000000
59 97 -0.000091 0.000000
60 97 -0.000077 0.000000
61 97 -0.000079 0.000000
62 97 -0.000086 0.000000
63 97 -0.000072 0.000000
64 97 -0.000072 0.000000
65 97 -0.000079 0.000000
66 97 -0.000067 0.000000
67 97 -0.000063 0.000000
68 97 -0.000072 0.000000
69 97 -0.000062 0.000000
70 97 -0.000056 0.000000
71 97 -0.000064 0.000000
72 97 -0.000058 0.000000
73 97 -0.000049 0.000000
74 97 -0.000058 0.000000
75 97 -0.000053 0.000000
76 97 -0.000043 0.000000
77 97 -0.000052 0.000000
78 97 -0.000049 0.000000
79 97 -0.000039 0.000000
80 97 -0.000046 0.000000
81 97 -0.000047 0.000000
82 97 -0.000035 0.000000
83 97 -0.000040 0.000000
84 97 -0.000043 0.000000
85 97 -0.000031 0.000000
86 97 -0.000034 0.000000
87 97 -0.000041 0.000000
88 97 -0.000028 0.000000
89 97 -0.000030 0.000000
90 97 -0.000038 0.000000
91 97 -0.000026 0.000000
92 97 -0.000024 0.000000
93 97 -0.000035 0.000000
94 97 -0.000026 0.000000
95 97 -0.000021 0.000000
96 97 -0.000033 0.000000
97 97 -0.000025 0.000000
98 97 -0.000018 0.000000
99 97 -0.000030 0.000000
0 98 -0.000034 0.000000
1 98 -0.000027 0.000000
2 98 -0.000037 0.000000
3 98 -0.000035 0.000000
4 98 -0.000026 0.000000
5 98 -0.000036 0.000000
6 98 -0.000039 0.000000
7 98 -0.000027 0.000000
8 98 -0.000036 0.000000
9 98 -0.000041 0.000000
10 98 -0.000030 0.000000
11 98 -0.000035 0.000000
12 98 -0.000046 0.000000
13 98 -0.000033 0.000000
14 98 -0.000037 0.000000
15 98 -0.000048 0.000000
16 98 -0.000038 0.000000
17 98 -0.000038 0.000000
18 98 -0.000053 0.000000
19 98 -0.000045 0.000000
20 98 -0.000041 0.000000
21 98 -0.000056 0.000000
22 98 -0.000052 0.000000
23 98 -0.000044 0.000000
24 98 -0.000061 0.000000
25 98 -0.000059 0.000000
26 98 -0.000050 0.000000
27 98 -0.000064 0.000000
28 98 -0.000068 0.000000
29 98 -0.000055 0.000000
30 98 -0.000067 0.000000
31 98 -0.000076 0.000000
32 98 -0.000064 0.000000
33 98 -0.000071 0.000000
34 98 -0.000083 0.000000
35 98 -0.000071 0.000000
36 98 -0.000075 0.000000
37 98 -0.000089 0.000000
38 98 -0.000078 0.000000
39 98 -0.000080 0.000000
40 98 -0.000093 0.000000
41 98 -0.000084 0.000000
42 98 -0.000083 0.000000
43 98 -0.000095 0.000000
44 98 -0.000089 0.000000
45 98 -0.000085 0.000000
46 98 -0.000096 0.000000
47 98 -0.000094 0.000000
48 98 -0.000084 0.000000
49 98 -0.000095 0.000000
50 98 -0.000094 0.000000
51 98 -0.000083 0.000000
52 98 -0.000092 0.000000
53 98 -0.000093 0.000000
54 98 -0.000082 0.000000
55 98 -0.000088 0.000000
56 98 -0.000091 0.000000
57 98 -0.000078 0.000000
58 98 -0.000083 0.000000
59 98 -0.000088 0.000000
60 98 -0.000075 0.000000
61 98 -0.000076 0.000000
62 98 -0.000083 0.000000
63 98 -0.000069 0.000000
64 98 -0.000068 0.000000
65 98 -0.000076 0.000000
66 98 -0.000064 0.000000
67 98 -0.000060 0.000000
68 98 -0.000069 0.000000
69 98 -0.000060 0.000000
70 98 -0.000054 0.000000
71 98 -0.000063 0.000000
72 98 -0.000055 0.000000
73 98 -0.000048 0.000000
74 98 -0.000057 0.000000
75 98 -0.000051 0.000000
76 98 -0.000044 0.000000
77 98 -0.000052 0.000000
78 98 -0.000049 0.000000
79 98 -0.000040 0.000000
80 98 -0.000047 0.000000
81 98 -0.000048 0.000000
82 98 -0.000036 0.000000
83 98 -0.000044 0.000000
84 98 -0.000046 0.000000
85 98 -0.000035 0.000000
86 98 -0.000040 0.000000
87 98 -0.000045 0.000000
88 98 -0.000033 0.000000
89 98 -0.000036 0.000000
90 98 -0.000043 0.000000
91 98 -0.000032 0.000000
92 98 -0.000033 0.000000
93 98 -0.000043 0.000000
94 98 -0.000032 0.000000
95 98 -0.000030 0.000000
96 98 -0.000042 0.000000
97 98 -0.000033 0.000000
98 98 -0.000028 0.000000
99 98 -0.000040 0.000000
0 99 -0.000021 0.000000
1 99 -0.000012 0.000000
2 99 -0.000028 0.000000
3 99 -0.000025 0.000000
4 99 -0.000014 0.000000
5 99 -0.000027 0.000000
6 99 -0.000029 0.000000
7 99 -0.000016 0.000000
8 99 -0.000027 0.000000
9 99 -0.000033 0.000000
10 99 -0.000021 0.000000
11 99 -0.000028 0.000000
12 99 -0.000039 0.000000
13 99 -0.000026 0.000000
14 99 -0.000030 0.000000
15 99 -0.000044 0.000000
16 99 -0.000034 0.000000
17 99 -0.000033 0.000000
18 99 -0.000049 0.000000
19 99 -0.000042 0.000000
20 99 -0.000038 0.000000
21 99 -0.000056 0.000000
22 99 -0.000051 0.000000
23 99 -0.000044 0.000000
24 99 -0.000060 0.000000
25 99 -0.000061 0.000000
26 99 -0.000050 0.000000
27 99 -0.000066 0.000000
28 99 -0.000069 0.000000
29 99 -0.000059 0.000000
30 99 -0.000071 0.000000
31 99 -0.000077 0.000000
32 99 -0.000065 0.000000
33 99 -0.000075 0.000000
34 99 -0.000084 0.000000
35 99 -0.000075 0.000000
36 99 -0.000078 0.000000
37 99 -0.000091 0.000000
38 99 -0.000081 0.000000
39 99 -0.000083 0.000000
40 99 -0.000094 0.000000
41 99 -0.000087 0.000000
42 99 -0.000085 0.000000
43 99 -0.000099 0.000000
44 99 -0.000092 0.000000
45 99 -0.000088 0.000000
46 99 -0.000100 0.000000
47 99 -0.000096 0.000000
48 99 -0.000090 0.000000
49 99 -0.000100 0.000000
50 99 -0.000097 0.000000
51 99 -0.000089 0.000000
52 99 -0.000098 0.000000
53 99 -0.000095 0.000000
54 99 -0.000085 0.000000
55 99 -0.000091 0.000000
56 99 -0.000092 0.000000
57 99 -0.000079 0.000000
58 99 -0.000085 0.000000
59 99 -0.000086 0.000000
60 99 -0.000075 0.000000
61 99 -0.000076 0.000000
62 99 -0.000082 0.000000
63 99 -0.000069 0.000000
64 99 -0.000068 0.000000
65 99 -0.000075 0.000000
66 99 -0.000064 0.000000
67 99 -0.000059 0.000000
68 99 -0.000067 0.000000
69 99 -0.000057 0.000000
70 99 -0.000051 0.000000
71 99 -0.000059 0.000000
72 99 -0.000052 0.000000
73 99 -0.000044 0.000000
74 99 -0.000053 0.000000
75 99 -0.000046 0.000000
76 99 -0.000038 0.000000
77 99 -0.000046 0.000000
78 99 -0.000043 0.000000
79 99 -0.000033 0.000000
80 99 -0.000040 0.000000
81 99 -0.000040 0.000000
82 99 -0.000027 0.000000
83 99 -0.000035 0.000000
84 99 -0.000037 0.000000
85 99 -0.000024 0.000000
86 99 -0.000030 0.000000
87 99 -0.000035 0.000000
88 99 -0.000022 0.000000
89 99 -0.000025 0.000000
90 99 -0.000033 0.000000
91 99 -0.000022 0.000000
92 99 -0.000021 0.000000
93 99 -0.000031 0.000000
94 99 -0.000020 0.000000
95 99 -0.000017 0.000000
96 99 -0.000030 0.000000
97 99 -0.000020 0.000000
98 99 -0.000015 0.000000
99 99 -0.000028 0.000000
