# zalesak  L0=200 R=80 xi=3 Pe=400 M=1.500000e-04 steps=10000 lat=D3Q27
# mid-z slice: x y phi_final phi_initial
0 0 nan 0.000000
1 0 nan 0.000000
2 0 nan 0.000000
3 0 nan 0.000000
4 0 nan 0.000000
5 0 nan 0.000000
6 0 nan 0.000000
7 0 nan 0.000000
8 0 nan 0.000000
9 0 nan 0.000000
10 0 nan 0.000000
11 0 nan 0.000000
12 0 nan 0.000000
13 0 nan 0.000000
14 0 nan 0.000000
15 0 nan 0.000000
16 0 nan 0.000000
17 0 nan 0.000000
18 0 nan 0.000000
19 0 nan 0.000000
20 0 nan 0.000000
21 0 nan 0.000000
22 0 nan 0.000000
23 0 nan 0.000000
24 0 nan 0.000000
25 0 nan 0.000000
26 0 nan 0.000000
27 0 nan 0.000000
28 0 nan 0.000000
29 0 nan 0.000000
30 0 nan 0.000000
31 0 nan 0.000000
32 0 nan 0.000000
33 0 nan 0.000000
34 0 nan 0.000000
35 0 nan 0.000000
36 0 nan 0.000000
37 0 nan 0.000000
38 0 nan 0.000000
39 0 nan 0.000000
40 0 nan 0.000000
41 0 nan 0.000000
42 0 nan 0.000000
43 0 nan 0.000000
44 0 nan 0.000000
45 0 nan 0.000000
46 0 nan 0.000000
47 0 nan 0.000000
48 0 nan 0.000000
49 0 nan 0.000000
50 0 nan 0.000000
51 0 nan 0.000000
52 0 nan 0.000000
53 0 nan 0.000000
54 0 nan 0.000000
55 0 nan 0.000000
56 0 nan 0.000000
57 0 nan 0.000000
58 0 nan 0.000000
59 0 nan 0.000000
60 0 nan 0.000000
61 0 nan 0.000000
62 0 nan 0.000000
63 0 nan 0.000000
64 0 nan 0.000000
65 0 nan 0.000000
66 0 nan 0.000000
67 0 nan 0.000000
68 0 nan 0.000000
69 0 nan 0.000000
70 0 nan 0.000000
71 0 nan 0.000000
72 0 nan 0.000000
73 0 nan 0.000000
74 0 nan 0.000000
75 0 nan 0.000000
76 0 nan 0.000000
77 0 nan 0.000000
78 0 nan 0.000000
79 0 nan 0.000000
80 0 nan 0.000000
81 0 nan 0.000000
82 0 nan 0.000000
83 0 nan 0.000000
84 0 nan 0.000000
85 0 nan 0.000000
86 0 nan 0.000000
87 0 nan 0.000000
88 0 nan 0.000000
89 0 nan 0.000000
90 0 nan 0.000000
91 0 nan 0.000000
92 0 nan 0.000000
93 0 nan 0.000000
94 0 nan 0.000000
95 0 nan 0.000000
96 0 nan 0.000000
97 0 nan 0.000000
98 0 nan 0.000000
99 0 nan 0.000000
100 0 nan 0.000000
101 0 nan 0.000000
102 0 nan 0.000000
103 0 nan 0.000000
104 0 nan 0.000000
105 0 nan 0.000000
106 0 nan 0.000000
107 0 nan 0.000000
108 0 nan 0.000000
109 0 nan 0.000000
110 0 nan 0.000000
111 0 nan 0.000000
112 0 nan 0.000000
113 0 nan 0.000000
114 0 nan 0.000000
115 0 nan 0.000000
116 0 nan 0.000000
117 0 nan 0.000000
118 0 nan 0.000000
119 0 nan 0.000000
120 0 nan 0.000000
121 0 nan 0.000000
122 0 nan 0.000000
123 0 nan 0.000000
124 0 nan 0.000000
125 0 nan 0.000000
126 0 nan 0.000000
127 0 nan 0.000000
128 0 nan 0.000000
129 0 nan 0.000000
130 0 nan 0.000000
131 0 nan 0.000000
132 0 nan 0.000000
133 0 nan 0.000000
134 0 nan 0.000000
135 0 nan 0.000000
136 0 nan 0.000000
137 0 nan 0.000000
138 0 nan 0.000000
139 0 nan 0.000000
140 0 nan 0.000000
141 0 nan 0.000000
142 0 nan 0.000000
143 0 nan 0.000000
144 0 nan 0.000000
145 0 nan 0.000000
146 0 nan 0.000000
147 0 nan 0.000000
148 0 nan 0.000000
149 0 nan 0.000000
150 0 nan 0.000000
151 0 nan 0.000000
152 0 nan 0.000000
153 0 nan 0.000000
154 0 nan 0.000000
155 0 nan 0.000000
156 0 nan 0.000000
157 0 nan 0.000000
158 0 nan 0.000000
159 0 nan 0.000000
160 0 nan 0.000000
161 0 nan 0.000000
162 0 nan 0.000000
163 0 nan 0.000000
164 0 nan 0.000000
165 0 nan 0.000000
166 0 nan 0.000000
167 0 nan 0.000000
168 0 nan 0.000000
169 0 nan 0.000000
170 0 nan 0.000000
171 0 nan 0.000000
172 0 nan 0.000000
173 0 nan 0.000000
174 0 nan 0.000000
175 0 nan 0.000000
176 0 nan 0.000000
177 0 nan 0.000000
178 0 nan 0.000000
179 0 nan 0.000000
180 0 nan 0.000000
181 0 nan 0.000000
182 0 nan 0.000000
183 0 nan 0.000000
184 0 nan 0.000000
185 0 nan 0.000000
186 0 nan 0.000000
187 0 nan 0.000000
188 0 nan 0.000000
189 0 nan 0.000000
190 0 nan 0.000000
191 0 nan 0.000000
192 0 nan 0.000000
193 0 nan 0.000000
194 0 nan 0.000000
195 0 nan 0.000000
196 0 nan 0.000000
197 0 nan 0.000000
198 0 nan 0.000000
199 0 nan 0.000000
0 1 nan 0.000000
1 1 nan 0.000000
2 1 nan 0.000000
3 1 nan 0.000000
4 1 nan 0.000000
5 1 nan 0.000000
6 1 nan 0.000000
7 1 nan 0.000000
8 1 nan 0.000000
9 1 nan 0.000000
10 1 nan 0.000000
11 1 nan 0.000000
12 1 nan 0.000000
13 1 nan 0.000000
14 1 nan 0.000000
15 1 nan 0.000000
16 1 nan 0.000000
17 1 nan 0.000000
18 1 nan 0.000000
19 1 nan 0.000000
20 1 nan 0.000000
21 1 nan 0.000000
22 1 nan 0.000000
23 1 nan 0.000000
24 1 nan 0.000000
25 1 nan 0.000000
26 1 nan 0.000000
27 1 nan 0.000000
28 1 nan 0.000000
29 1 nan 0.000000
30 1 nan 0.000000
31 1 nan 0.000000
32 1 nan 0.000000
33 1 nan 0.000000
34 1 nan 0.000000
35 1 nan 0.000000
36 1 nan 0.000000
37 1 nan 0.000000
38 1 nan 0.000000
39 1 nan 0.000000
40 1 nan 0.000000
41 1 nan 0.000000
42 1 nan 0.000000
43 1 nan 0.000000
44 1 nan 0.000000
45 1 nan 0.000000
46 1 nan 0.000000
47 1 nan 0.000000
48 1 nan 0.000000
49 1 nan 0.000000
50 1 nan 0.000000
51 1 nan 0.000000
52 1 nan 0.000000
53 1 nan 0.000000
54 1 nan 0.000000
55 1 nan 0.000000
56 1 nan 0.000000
57 1 nan 0.000000
58 1 nan 0.000000
59 1 nan 0.000000
60 1 nan 0.000000
61 1 nan 0.000000
62 1 nan 0.000000
63 1 nan 0.000000
64 1 nan 0.000000
65 1 nan 0.000000
66 1 nan 0.000000
67 1 nan 0.000000
68 1 nan 0.000000
69 1 nan 0.000000
70 1 nan 0.000000
71 1 nan 0.000000
72 1 nan 0.000000
73 1 nan 0.000000
74 1 nan 0.000000
75 1 nan 0.000000
76 1 nan 0.000000
77 1 nan 0.000000
78 1 nan 0.000000
79 1 nan 0.000000
80 1 nan 0.000000
81 1 nan 0.000000
82 1 nan 0.000000
83 1 nan 0.000000
84 1 nan 0.000000
85 1 nan 0.000000
86 1 nan 0.000000
87 1 nan 0.000000
88 1 nan 0.000000
89 1 nan 0.000000
90 1 nan 0.000000
91 1 nan 0.000000
92 1 nan 0.000000
93 1 nan 0.000000
94 1 nan 0.000000
95 1 nan 0.000000
96 1 nan 0.000000
97 1 nan 0.000000
98 1 nan 0.000000
99 1 nan 0.000000
100 1 nan 0.000000
101 1 nan 0.000000
102 1 nan 0.000000
103 1 nan 0.000000
104 1 nan 0.000000
105 1 nan 0.000000
106 1 nan 0.000000
107 1 nan 0.000000
108 1 nan 0.000000
109 1 nan 0.000000
110 1 nan 0.000000
111 1 nan 0.000000
112 1 nan 0.000000
113 1 nan 0.000000
114 1 nan 0.000000
115 1 nan 0.000000
116 1 nan 0.000000
117 1 nan 0.000000
118 1 nan 0.000000
119 1 nan 0.000000
120 1 nan 0.000000
121 1 nan 0.000000
122 1 nan 0.000000
123 1 nan 0.000000
124 1 nan 0.000000
125 1 nan 0.000000
126 1 nan 0.000000
127 1 nan 0.000000
128 1 nan 0.000000
129 1 nan 0.000000
130 1 nan 0.000000
131 1 nan 0.000000
132 1 nan 0.000000
133 1 nan 0.000000
134 1 nan 0.000000
135 1 nan 0.000000
136 1 nan 0.000000
137 1 nan 0.000000
138 1 nan 0.000000
139 1 nan 0.000000
140 1 nan 0.000000
141 1 nan 0.000000
142 1 nan 0.000000
143 1 nan 0.000000
144 1 nan 0.000000
145 1 nan 0.000000
146 1 nan 0.000000
147 1 nan 0.000000
148 1 nan 0.000000
149 1 nan 0.000000
150 1 nan 0.000000
151 1 nan 0.000000
152 1 nan 0.000000
153 1 nan 0.000000
154 1 nan 0.000000
155 1 nan 0.000000
156 1 nan 0.000000
157 1 nan 0.000000
158 1 nan 0.000000
159 1 nan 0.000000
160 1 nan 0.000000
161 1 nan 0.000000
162 1 nan 0.000000
163 1 nan 0.000000
164 1 nan 0.000000
165 1 nan 0.000000
166 1 nan 0.000000
167 1 nan 0.000000
168 1 nan 0.000000
169 1 nan 0.000000
170 1 nan 0.000000
171 1 nan 0.000000
172 1 nan 0.000000
173 1 nan 0.000000
174 1 nan 0.000000
175 1 nan 0.000000
176 1 nan 0.000000
177 1 nan 0.000000
178 1 nan 0.000000
179 1 nan 0.000000
180 1 nan 0.000000
181 1 nan 0.000000
182 1 nan 0.000000
183 1 nan 0.000000
184 1 nan 0.000000
185 1 nan 0.000000
186 1 nan 0.000000
187 1 nan 0.000000
188 1 nan 0.000000
189 1 nan 0.000000
190 1 nan 0.000000
191 1 nan 0.000000
192 1 nan 0.000000
193 1 nan 0.000000
194 1 nan 0.000000
195 1 nan 0.000000
196 1 nan 0.000000
197 1 nan 0.000000
198 1 nan 0.000000
199 1 nan 0.000000
0 2 nan 0.000000
1 2 nan 0.000000
2 2 nan 0.000000
3 2 nan 0.000000
4 2 nan 0.000000
5 2 nan 0.000000
6 2 nan 0.000000
7 2 nan 0.000000
8 2 nan 0.000000
9 2 nan 0.000000
10 2 nan 0.000000
11 2 nan 0.000000
12 2 nan 0.000000
13 2 nan 0.000000
14 2 nan 0.000000
15 2 nan 0.000000
16 2 nan 0.000000
17 2 nan 0.000000
18 2 nan 0.000000
19 2 nan 0.000000
20 2 nan 0.000000
21 2 nan 0.000000
22 2 nan 0.000000
23 2 nan 0.000000
24 2 nan 0.000000
25 2 nan 0.000000
26 2 nan 0.000000
27 2 nan 0.000000
28 2 nan 0.000000
29 2 nan 0.000000
30 2 nan 0.000000
31 2 nan 0.000000
32 2 nan 0.000000
33 2 nan 0.000000
34 2 nan 0.000000
35 2 nan 0.000000
36 2 nan 0.000000
37 2 nan 0.000000
38 2 nan 0.000000
39 2 nan 0.000000
40 2 nan 0.000000
41 2 nan 0.000000
42 2 nan 0.000000
43 2 nan 0.000000
44 2 nan 0.000000
45 2 nan 0.000000
46 2 nan 0.000000
47 2 nan 0.000000
48 2 nan 0.000000
49 2 nan 0.000000
50 2 nan 0.000000
51 2 nan 0.000000
52 2 nan 0.000000
53 2 nan 0.000000
54 2 nan 0.000000
55 2 nan 0.000000
56 2 nan 0.000000
57 2 nan 0.000000
58 2 nan 0.000000
59 2 nan 0.000000
60 2 nan 0.000000
61 2 nan 0.000000
62 2 nan 0.000000
63 2 nan 0.000000
64 2 nan 0.000000
65 2 nan 0.000000
66 2 nan 0.000000
67 2 nan 0.000000
68 2 nan 0.000000
69 2 nan 0.000000
70 2 nan 0.000000
71 2 nan 0.000000
72 2 nan 0.000000
73 2 nan 0.000000
74 2 nan 0.000000
75 2 nan 0.000000
76 2 nan 0.000000
77 2 nan 0.000000
78 2 nan 0.000000
79 2 nan 0.000000
80 2 nan 0.000000
81 2 nan 0.000000
82 2 nan 0.000000
83 2 nan 0.000000
84 2 nan 0.000000
85 2 nan 0.000000
86 2 nan 0.000000
87 2 nan 0.000000
88 2 nan 0.000000
89 2 nan 0.000000
90 2 nan 0.000000
91 2 nan 0.000000
92 2 nan 0.000000
93 2 nan 0.000000
94 2 nan 0.000000
95 2 nan 0.000000
96 2 nan 0.000000
97 2 nan 0.000000
98 2 nan 0.000000
99 2 nan 0.000000
100 2 nan 0.000000
101 2 nan 0.000000
102 2 nan 0.000000
103 2 nan 0.000000
104 2 nan 0.000000
105 2 nan 0.000000
106 2 nan 0.000000
107 2 nan 0.000000
108 2 nan 0.000000
109 2 nan 0.000000
110 2 nan 0.000000
111 2 nan 0.000000
112 2 nan 0.000000
113 2 nan 0.000000
114 2 nan 0.000000
115 2 nan 0.000000
116 2 nan 0.000000
117 2 nan 0.000000
118 2 nan 0.000000
119 2 nan 0.000000
120 2 nan 0.000000
121 2 nan 0.000000
122 2 nan 0.000000
123 2 nan 0.000000
124 2 nan 0.000000
125 2 nan 0.000000
126 2 nan 0.000000
127 2 nan 0.000000
128 2 nan 0.000000
129 2 nan 0.000000
130 2 nan 0.000000
131 2 nan 0.000000
132 2 nan 0.000000
133 2 nan 0.000000
134 2 nan 0.000000
135 2 nan 0.000000
136 2 nan 0.000000
137 2 nan 0.000000
138 2 nan 0.000000
139 2 nan 0.000000
140 2 nan 0.000000
141 2 nan 0.000000
142 2 nan 0.000000
143 2 nan 0.000000
144 2 nan 0.000000
145 2 nan 0.000000
146 2 nan 0.000000
147 2 nan 0.000000
148 2 nan 0.000000
149 2 nan 0.000000
150 2 nan 0.000000
151 2 nan 0.000000
152 2 nan 0.000000
153 2 nan 0.000000
154 2 nan 0.000000
155 2 nan 0.000000
156 2 nan 0.000000
157 2 nan 0.000000
158 2 nan 0.000000
159 2 nan 0.000000
160 2 nan 0.000000
161 2 nan 0.000000
162 2 nan 0.000000
163 2 nan 0.000000
164 2 nan 0.000000
165 2 nan 0.000000
166 2 nan 0.000000
167 2 nan 0.000000
168 2 nan 0.000000
169 2 nan 0.000000
170 2 nan 0.000000
171 2 nan 0.000000
172 2 nan 0.000000
173 2 nan 0.000000
174 2 nan 0.000000
175 2 nan 0.000000
176 2 nan 0.000000
177 2 nan 0.000000
178 2 nan 0.000000
179 2 nan 0.000000
180 2 nan 0.000000
181 2 nan 0.000000
182 2 nan 0.000000
183 2 nan 0.000000
184 2 nan 0.000000
185 2 nan 0.000000
186 2 nan 0.000000
187 2 nan 0.000000
188 2 nan 0.000000
189 2 nan 0.000000
190 2 nan 0.000000
191 2 nan 0.000000
192 2 nan 0.000000
193 2 nan 0.000000
194 2 nan 0.000000
195 2 nan 0.000000
196 2 nan 0.000000
197 2 nan 0.000000
198 2 nan 0.000000
199 2 nan 0.000000
0 3 nan 0.000000
1 3 nan 0.000000
2 3 nan 0.000000
3 3 nan 0.000000
4 3 nan 0.000000
5 3 nan 0.000000
6 3 nan 0.000000
7 3 nan 0.000000
8 3 nan 0.000000
9 3 nan 0.000000
10 3 nan 0.000000
11 3 nan 0.000000
12 3 nan 0.000000
13 3 nan 0.000000
14 3 nan 0.000000
15 3 nan 0.000000
16 3 nan 0.000000
17 3 nan 0.000000
18 3 nan 0.000000
19 3 nan 0.000000
20 3 nan 0.000000
21 3 nan 0.000000
22 3 nan 0.000000
23 3 nan 0.000000
24 3 nan 0.000000
25 3 nan 0.000000
26 3 nan 0.000000
27 3 nan 0.000000
28 3 nan 0.000000
29 3 nan 0.000000
30 3 nan 0.000000
31 3 nan 0.000000
32 3 nan 0.000000
33 3 nan 0.000000
34 3 nan 0.000000
35 3 nan 0.000000
36 3 nan 0.000000
37 3 nan 0.000000
38 3 nan 0.000000
39 3 nan 0.000000
40 3 nan 0.000000
41 3 nan 0.000000
42 3 nan 0.000000
43 3 nan 0.000000
44 3 nan 0.000000
45 3 nan 0.000000
46 3 nan 0.000000
47 3 nan 0.000000
48 3 nan 0.000000
49 3 nan 0.000000
50 3 nan 0.000000
51 3 nan 0.000000
52 3 nan 0.000000
53 3 nan 0.000000
54 3 nan 0.000000
55 3 nan 0.000000
56 3 nan 0.000000
57 3 nan 0.000000
58 3 nan 0.000000
59 3 nan 0.000000
60 3 nan 0.000000
61 3 nan 0.000000
62 3 nan 0.000000
63 3 nan 0.000000
64 3 nan 0.000000
65 3 nan 0.000000
66 3 nan 0.000000
67 3 nan 0.000000
68 3 nan 0.000000
69 3 nan 0.000000
70 3 nan 0.000000
71 3 nan 0.000000
72 3 nan 0.000000
73 3 nan 0.000000
74 3 nan 0.000000
75 3 nan 0.000000
76 3 nan 0.000000
77 3 nan 0.000000
78 3 nan 0.000000
79 3 nan 0.000000
80 3 nan 0.000000
81 3 nan 0.000000
82 3 nan 0.000000
83 3 nan 0.000000
84 3 nan 0.000000
85 3 nan 0.000000
86 3 nan 0.000000
87 3 nan 0.000000
88 3 nan 0.000000
89 3 nan 0.000000
90 3 nan 0.000000
91 3 nan 0.000000
92 3 nan 0.000000
93 3 nan 0.000000
94 3 nan 0.000000
95 3 nan 0.000000
96 3 nan 0.000000
97 3 nan 0.000000
98 3 nan 0.000000
99 3 nan 0.000000
100 3 nan 0.000000
101 3 nan 0.000000
102 3 nan 0.000000
103 3 nan 0.000000
104 3 nan 0.000000
105 3 nan 0.000000
106 3 nan 0.000000
107 3 nan 0.000000
108 3 nan 0.000000
109 3 nan 0.000000
110 3 nan 0.000000
111 3 nan 0.000000
112 3 nan 0.000000
113 3 nan 0.000000
114 3 nan 0.000000
115 3 nan 0.000000
116 3 nan 0.000000
117 3 nan 0.000000
118 3 nan 0.000000
119 3 nan 0.000000
120 3 nan 0.000000
121 3 nan 0.000000
122 3 nan 0.000000
123 3 nan 0.000000
124 3 nan 0.000000
125 3 nan 0.000000
126 3 nan 0.000000
127 3 nan 0.000000
128 3 nan 0.000000
129 3 nan 0.000000
130 3 nan 0.000000
131 3 nan 0.000000
132 3 nan 0.000000
133 3 nan 0.000000
134 3 nan 0.000000
135 3 nan 0.000000
136 3 nan 0.000000
137 3 nan 0.000000
138 3 nan 0.000000
139 3 nan 0.000000
140 3 nan 0.000000
141 3 nan 0.000000
142 3 nan 0.000000
143 3 nan 0.000000
144 3 nan 0.000000
145 3 nan 0.000000
146 3 nan 0.000000
147 3 nan 0.000000
148 3 nan 0.000000
149 3 nan 0.000000
150 3 nan 0.000000
151 3 nan 0.000000
152 3 nan 0.000000
153 3 nan 0.000000
154 3 nan 0.000000
155 3 nan 0.000000
156 3 nan 0.000000
157 3 nan 0.000000
158 3 nan 0.000000
159 3 nan 0.000000
160 3 nan 0.000000
161 3 nan 0.000000
162 3 nan 0.000000
163 3 nan 0.000000
164 3 nan 0.000000
165 3 nan 0.000000
166 3 nan 0.000000
167 3 nan 0.000000
168 3 nan 0.000000
169 3 nan 0.000000
170 3 nan 0.000000
171 3 nan 0.000000
172 3 nan 0.000000
173 3 nan 0.000000
174 3 nan 0.000000
175 3 nan 0.000000
176 3 nan 0.000000
177 3 nan 0.000000
178 3 nan 0.000000
179 3 nan 0.000000
180 3 nan 0.000000
181 3 nan 0.000000
182 3 nan 0.000000
183 3 nan 0.000000
184 3 nan 0.000000
185 3 nan 0.000000
186 3 nan 0.000000
187 3 nan 0.000000
188 3 nan 0.000000
189 3 nan 0.000000
190 3 nan 0.000000
191 3 nan 0.000000
192 3 nan 0.000000
193 3 nan 0.000000
194 3 nan 0.000000
195 3 nan 0.000000
196 3 nan 0.000000
197 3 nan 0.000000
198 3 nan 0.000000
199 3 nan 0.000000
0 4 nan 0.000000
1 4 nan 0.000000
2 4 nan 0.000000
3 4 nan 0.000000
4 4 nan 0.000000
5 4 nan 0.000000
6 4 nan 0.000000
7 4 nan 0.000000
8 4 nan 0.000000
9 4 nan 0.000000
10 4 nan 0.000000
11 4 nan 0.000000
12 4 nan 0.000000
13 4 nan 0.000000
14 4 nan 0.000000
15 4 nan 0.000000
16 4 nan 0.000000
17 4 nan 0.000000
18 4 nan 0.000000
19 4 nan 0.000000
20 4 nan 0.000000
21 4 nan 0.000000
22 4 nan 0.000000
23 4 nan 0.000000
24 4 nan 0.000000
25 4 nan 0.000000
26 4 nan 0.000000
27 4 nan 0.000000
28 4 nan 0.000000
29 4 nan 0.000000
30 4 nan 0.000000
31 4 nan 0.000000
32 4 nan 0.000000
33 4 nan 0.000000
34 4 nan 0.000000
35 4 nan 0.000000
36 4 nan 0.000000
37 4 nan 0.000000
38 4 nan 0.000000
39 4 nan 0.000000
40 4 nan 0.000000
41 4 nan 0.000000
42 4 nan 0.000000
43 4 nan 0.000000
44 4 nan 0.000000
45 4 nan 0.000000
46 4 nan 0.000000
47 4 nan 0.000000
48 4 nan 0.000000
49 4 nan 0.000000
50 4 nan 0.000000
51 4 nan 0.000000
52 4 nan 0.000000
53 4 nan 0.000000
54 4 nan 0.000000
55 4 nan 0.000000
56 4 nan 0.000000
57 4 nan 0.000000
58 4 nan 0.000000
59 4 nan 0.000000
60 4 nan 0.000000
61 4 nan 0.000000
62 4 nan 0.000000
63 4 nan 0.000000
64 4 nan 0.000000
65 4 nan 0.000000
66 4 nan 0.000000
67 4 nan 0.000000
68 4 nan 0.000000
69 4 nan 0.000000
70 4 nan 0.000000
71 4 nan 0.000000
72 4 nan 0.000000
73 4 nan 0.000000
74 4 nan 0.000000
75 4 nan 0.000000
76 4 nan 0.000000
77 4 nan 0.000000
78 4 nan 0.000000
79 4 nan 0.000000
80 4 nan 0.000000
81 4 nan 0.000000
82 4 nan 0.000000
83 4 nan 0.000000
84 4 nan 0.000000
85 4 nan 0.000000
86 4 nan 0.000000
87 4 nan 0.000000
88 4 nan 0.000000
89 4 nan 0.000000
90 4 nan 0.000000
91 4 nan 0.000000
92 4 nan 0.000000
93 4 nan 0.000000
94 4 nan 0.000000
95 4 nan 0.000000
96 4 nan 0.000000
97 4 nan 0.000000
98 4 nan 0.000000
99 4 nan 0.000000
100 4 nan 0.000000
101 4 nan 0.000000
102 4 nan 0.000000
103 4 nan 0.000000
104 4 nan 0.000000
105 4 nan 0.000000
106 4 nan 0.000000
107 4 nan 0.000000
108 4 nan 0.000000
109 4 nan 0.000000
110 4 nan 0.000000
111 4 nan 0.000000
112 4 nan 0.000000
113 4 nan 0.000000
114 4 nan 0.000000
115 4 nan 0.000000
116 4 nan 0.000000
117 4 nan 0.000000
118 4 nan 0.000000
119 4 nan 0.000000
120 4 nan 0.000000
121 4 nan 0.000000
122 4 nan 0.000000
123 4 nan 0.000000
124 4 nan 0.000000
125 4 nan 0.000000
126 4 nan 0.000000
127 4 nan 0.000000
128 4 nan 0.000000
129 4 nan 0.000000
130 4 nan 0.000000
131 4 nan 0.000000
132 4 nan 0.000000
133 4 nan 0.000000
134 4 nan 0.000000
135 4 nan 0.000000
136 4 nan 0.000000
137 4 nan 0.000000
138 4 nan 0.000000
139 4 nan 0.000000
140 4 nan 0.000000
141 4 nan 0.000000
142 4 nan 0.000000
143 4 nan 0.000000
144 4 nan 0.000000
145 4 nan 0.000000
146 4 nan 0.000000
147 4 nan 0.000000
148 4 nan 0.000000
149 4 nan 0.000000
150 4 nan 0.000000
151 4 nan 0.000000
152 4 nan 0.000000
153 4 nan 0.000000
154 4 nan 0.000000
155 4 nan 0.000000
156 4 nan 0.000000
157 4 nan 0.000000
158 4 nan 0.000000
159 4 nan 0.000000
160 4 nan 0.000000
161 4 nan 0.000000
162 4 nan 0.000000
163 4 nan 0.000000
164 4 nan 0.000000
165 4 nan 0.000000
166 4 nan 0.000000
167 4 nan 0.000000
168 4 nan 0.000000
169 4 nan 0.000000
170 4 nan 0.000000
171 4 nan 0.000000
172 4 nan 0.000000
173 4 nan 0.000000
174 4 nan 0.000000
175 4 nan 0.000000
176 4 nan 0.000000
177 4 nan 0.000000
178 4 nan 0.000000
179 4 nan 0.000000
180 4 nan 0.000000
181 4 nan 0.000000
182 4 nan 0.000000
183 4 nan 0.000000
184 4 nan 0.000000
185 4 nan 0.000000
186 4 nan 0.000000
187 4 nan 0.000000
188 4 nan 0.000000
189 4 nan 0.000000
190 4 nan 0.000000
191 4 nan 0.000000
192 4 nan 0.000000
193 4 nan 0.000000
194 4 nan 0.000000
195 4 nan 0.000000
196 4 nan 0.000000
197 4 nan 0.000000
198 4 nan 0.000000
199 4 nan 0.000000
0 5 nan 0.000000
1 5 nan 0.000000
2 5 nan 0.000000
3 5 nan 0.000000
4 5 nan 0.000000
5 5 nan 0.000000
6 5 nan 0.000000
7 5 nan 0.000000
8 5 nan 0.000000
9 5 nan 0.000000
10 5 nan 0.000000
11 5 nan 0.000000
12 5 nan 0.000000
13 5 nan 0.000000
14 5 nan 0.000000
15 5 nan 0.000000
16 5 nan 0.000000
17 5 nan 0.000000
18 5 nan 0.000000
19 5 nan 0.000000
20 5 nan 0.000000
21 5 nan 0.000000
22 5 nan 0.000000
23 5 nan 0.000000
24 5 nan 0.000000
25 5 nan 0.000000
26 5 nan 0.000000
27 5 nan 0.000000
28 5 nan 0.000000
29 5 nan 0.000000
30 5 nan 0.000000
31 5 nan 0.000000
32 5 nan 0.000000
33 5 nan 0.000000
34 5 nan 0.000000
35 5 nan 0.000000
36 5 nan 0.000000
37 5 nan 0.000000
38 5 nan 0.000000
39 5 nan 0.000000
40 5 nan 0.000000
41 5 nan 0.000000
42 5 nan 0.000000
43 5 nan 0.000000
44 5 nan 0.000000
45 5 nan 0.000000
46 5 nan 0.000000
47 5 nan 0.000000
48 5 nan 0.000000
49 5 nan 0.000000
50 5 nan 0.000000
51 5 nan 0.000000
52 5 nan 0.000000
53 5 nan 0.000000
54 5 nan 0.000000
55 5 nan 0.000000
56 5 nan 0.000000
57 5 nan 0.000000
58 5 nan 0.000000
59 5 nan 0.000000
60 5 nan 0.000000
61 5 nan 0.000000
62 5 nan 0.000000
63 5 nan 0.000000
64 5 nan 0.000000
65 5 nan 0.000000
66 5 nan 0.000000
67 5 nan 0.000000
68 5 nan 0.000000
69 5 nan 0.000000
70 5 nan 0.000000
71 5 nan 0.000000
72 5 nan 0.000000
73 5 nan 0.000000
74 5 nan 0.000000
75 5 nan 0.000000
76 5 nan 0.000000
77 5 nan 0.000000
78 5 nan 0.000000
79 5 nan 0.000000
80 5 nan 0.000000
81 5 nan 0.000000
82 5 nan 0.000000
83 5 nan 0.000000
84 5 nan 0.000000
85 5 nan 0.000000
86 5 nan 0.000000
87 5 nan 0.000000
88 5 nan 0.000000
89 5 nan 0.000000
90 5 nan 0.000000
91 5 nan 0.000000
92 5 nan 0.000000
93 5 nan 0.000000
94 5 nan 0.000000
95 5 nan 0.000000
96 5 nan 0.000000
97 5 nan 0.000000
98 5 nan 0.000000
99 5 nan 0.000000
100 5 nan 0.000000
101 5 nan 0.000000
102 5 nan 0.000000
103 5 nan 0.000000
104 5 nan 0.000000
105 5 nan 0.000000
106 5 nan 0.000000
107 5 nan 0.000000
108 5 nan 0.000000
109 5 nan 0.000000
110 5 nan 0.000000
111 5 nan 0.000000
112 5 nan 0.000000
113 5 nan 0.000000
114 5 nan 0.000000
115 5 nan 0.000000
116 5 nan 0.000000
117 5 nan 0.000000
118 5 nan 0.000000
119 5 nan 0.000000
120 5 nan 0.000000
121 5 nan 0.000000
122 5 nan 0.000000
123 5 nan 0.000000
124 5 nan 0.000000
125 5 nan 0.000000
126 5 nan 0.000000
127 5 nan 0.000000
128 5 nan 0.000000
129 5 nan 0.000000
130 5 nan 0.000000
131 5 nan 0.000000
132 5 nan 0.000000
133 5 nan 0.000000
134 5 nan 0.000000
135 5 nan 0.000000
136 5 nan 0.000000
137 5 nan 0.000000
138 5 nan 0.000000
139 5 nan 0.000000
140 5 nan 0.000000
141 5 nan 0.000000
142 5 nan 0.000000
143 5 nan 0.000000
144 5 nan 0.000000
145 5 nan 0.000000
146 5 nan 0.000000
147 5 nan 0.000000
148 5 nan 0.000000
149 5 nan 0.000000
150 5 nan 0.000000
151 5 nan 0.000000
152 5 nan 0.000000
153 5 nan 0.000000
154 5 nan 0.000000
155 5 nan 0.000000
156 5 nan 0.000000
157 5 nan 0.000000
158 5 nan 0.000000
159 5 nan 0.000000
160 5 nan 0.000000
161 5 nan 0.000000
162 5 nan 0.000000
163 5 nan 0.000000
164 5 nan 0.000000
165 5 nan 0.000000
166 5 nan 0.000000
167 5 nan 0.000000
168 5 nan 0.000000
169 5 nan 0.000000
170 5 nan 0.000000
171 5 nan 0.000000
172 5 nan 0.000000
173 5 nan 0.000000
174 5 nan 0.000000
175 5 nan 0.000000
176 5 nan 0.000000
177 5 nan 0.000000
178 5 nan 0.000000
179 5 nan 0.000000
180 5 nan 0.000000
181 5 nan 0.000000
182 5 nan 0.000000
183 5 nan 0.000000
184 5 nan 0.000000
185 5 nan 0.000000
186 5 nan 0.000000
187 5 nan 0.000000
188 5 nan 0.000000
189 5 nan 0.000000
190 5 nan 0.000000
191 5 nan 0.000000
192 5 nan 0.000000
193 5 nan 0.000000
194 5 nan 0.000000
195 5 nan 0.000000
196 5 nan 0.000000
197 5 nan 0.000000
198 5 nan 0.000000
199 5 nan 0.000000
0 6 nan 0.000000
1 6 nan 0.000000
2 6 nan 0.000000
3 6 nan 0.000000
4 6 nan 0.000000
5 6 nan 0.000000
6 6 nan 0.000000
7 6 nan 0.000000
8 6 nan 0.000000
9 6 nan 0.000000
10 6 nan 0.000000
11 6 nan 0.000000
12 6 nan 0.000000
13 6 nan 0.000000
14 6 nan 0.000000
15 6 nan 0.000000
16 6 nan 0.000000
17 6 nan 0.000000
18 6 nan 0.000000
19 6 nan 0.000000
20 6 nan 0.000000
21 6 nan 0.000000
22 6 nan 0.000000
23 6 nan 0.000000
24 6 nan 0.000000
25 6 nan 0.000000
26 6 nan 0.000000
27 6 nan 0.000000
28 6 nan 0.000000
29 6 nan 0.000000
30 6 nan 0.000000
31 6 nan 0.000000
32 6 nan 0.000000
33 6 nan 0.000000
34 6 nan 0.000000
35 6 nan 0.000000
36 6 nan 0.000000
37 6 nan 0.000000
38 6 nan 0.000000
39 6 nan 0.000000
40 6 nan 0.000000
41 6 nan 0.000000
42 6 nan 0.000000
43 6 nan 0.000000
44 6 nan 0.000000
45 6 nan 0.000000
46 6 nan 0.000000
47 6 nan 0.000000
48 6 nan 0.000000
49 6 nan 0.000000
50 6 nan 0.000000
51 6 nan 0.000000
52 6 nan 0.000000
53 6 nan 0.000000
54 6 nan 0.000000
55 6 nan 0.000000
56 6 nan 0.000000
57 6 nan 0.000000
58 6 nan 0.000000
59 6 nan 0.000000
60 6 nan 0.000000
61 6 nan 0.000000
62 6 nan 0.000000
63 6 nan 0.000000
64 6 nan 0.000000
65 6 nan 0.000000
66 6 nan 0.000000
67 6 nan 0.000000
68 6 nan 0.000000
69 6 nan 0.000000
70 6 nan 0.000000
71 6 nan 0.000000
72 6 nan 0.000000
73 6 nan 0.000000
74 6 nan 0.000000
75 6 nan 0.000000
76 6 nan 0.000000
77 6 nan 0.000000
78 6 nan 0.000000
79 6 nan 0.000000
80 6 nan 0.000000
81 6 nan 0.000000
82 6 nan 0.000000
83 6 nan 0.000000
84 6 nan 0.000000
85 6 nan 0.000000
86 6 nan 0.000000
87 6 nan 0.000000
88 6 nan 0.000000
89 6 nan 0.000000
90 6 nan 0.000000
91 6 nan 0.000000
92 6 nan 0.000000
93 6 nan 0.000000
94 6 nan 0.000000
95 6 nan 0.000000
96 6 nan 0.000000
97 6 nan 0.000000
98 6 nan 0.000000
99 6 nan 0.000000
100 6 nan 0.000000
101 6 nan 0.000000
102 6 nan 0.000000
103 6 nan 0.000000
104 6 nan 0.000000
105 6 nan 0.000000
106 6 nan 0.000000
107 6 nan 0.000000
108 6 nan 0.000000
109 6 nan 0.000000
110 6 nan 0.000000
111 6 nan 0.000000
112 6 nan 0.000000
113 6 nan 0.000000
114 6 nan 0.000000
115 6 nan 0.000000
116 6 nan 0.000000
117 6 nan 0.000000
118 6 nan 0.000000
119 6 nan 0.000000
120 6 nan 0.000000
121 6 nan 0.000000
122 6 nan 0.000000
123 6 nan 0.000000
124 6 nan 0.000000
125 6 nan 0.000000
126 6 nan 0.000000
127 6 nan 0.000000
128 6 nan 0.000000
129 6 nan 0.000000
130 6 nan 0.000000
131 6 nan 0.000000
132 6 nan 0.000000
133 6 nan 0.000000
134 6 nan 0.000000
135 6 nan 0.000000
136 6 nan 0.000000
137 6 nan 0.000000
138 6 nan 0.000000
139 6 nan 0.000000
140 6 nan 0.000000
141 6 nan 0.000000
142 6 nan 0.000000
143 6 nan 0.000000
144 6 nan 0.000000
145 6 nan 0.000000
146 6 nan 0.000000
147 6 nan 0.000000
148 6 nan 0.000000
149 6 nan 0.000000
150 6 nan 0.000000
151 6 nan 0.000000
152 6 nan 0.000000
153 6 nan 0.000000
154 6 nan 0.000000
155 6 nan 0.000000
156 6 nan 0.000000
157 6 nan 0.000000
158 6 nan 0.000000
159 6 nan 0.000000
160 6 nan 0.000000
161 6 nan 0.000000
162 6 nan 0.000000
163 6 nan 0.000000
164 6 nan 0.000000
165 6 nan 0.000000
166 6 nan 0.000000
167 6 nan 0.000000
168 6 nan 0.000000
169 6 nan 0.000000
170 6 nan 0.000000
171 6 nan 0.000000
172 6 nan 0.000000
173 6 nan 0.000000
174 6 nan 0.000000
175 6 nan 0.000000
176 6 nan 0.000000
177 6 nan 0.000000
178 6 nan 0.000000
179 6 nan 0.000000
180 6 nan 0.000000
181 6 nan 0.000000
182 6 nan 0.000000
183 6 nan 0.000000
184 6 nan 0.000000
185 6 nan 0.000000
186 6 nan 0.000000
187 6 nan 0.000000
188 6 nan 0.000000
189 6 nan 0.000000
190 6 nan 0.000000
191 6 nan 0.000000
192 6 nan 0.000000
193 6 nan 0.000000
194 6 nan 0.000000
195 6 nan 0.000000
196 6 nan 0.000000
197 6 nan 0.000000
198 6 nan 0.000000
199 6 nan 0.000000
0 7 nan 0.000000
1 7 nan 0.000000
2 7 nan 0.000000
3 7 nan 0.000000
4 7 nan 0.000000
5 7 nan 0.000000
6 7 nan 0.000000
7 7 nan 0.000000
8 7 nan 0.000000
9 7 nan 0.000000
10 7 nan 0.000000
11 7 nan 0.000000
12 7 nan 0.000000
13 7 nan 0.000000
14 7 nan 0.000000
15 7 nan 0.000000
16 7 nan 0.000000
17 7 nan 0.000000
18 7 nan 0.000000
19 7 nan 0.000000
20 7 nan 0.000000
21 7 nan 0.000000
22 7 nan 0.000000
23 7 nan 0.000000
24 7 nan 0.000000
25 7 nan 0.000000
26 7 nan 0.000000
27 7 nan 0.000000
28 7 nan 0.000000
29 7 nan 0.000000
30 7 nan 0.000000
31 7 nan 0.000000
32 7 nan 0.000000
33 7 nan 0.000000
34 7 nan 0.000000
35 7 nan 0.000000
36 7 nan 0.000000
37 7 nan 0.000000
38 7 nan 0.000000
39 7 nan 0.000000
40 7 nan 0.000000
41 7 nan 0.000000
42 7 nan 0.000000
43 7 nan 0.000000
44 7 nan 0.000000
45 7 nan 0.000000
46 7 nan 0.000000
47 7 nan 0.000000
48 7 nan 0.000000
49 7 nan 0.000000
50 7 nan 0.000000
51 7 nan 0.000000
52 7 nan 0.000000
53 7 nan 0.000000
54 7 nan 0.000000
55 7 nan 0.000000
56 7 nan 0.000000
57 7 nan 0.000000
58 7 nan 0.000000
59 7 nan 0.000000
60 7 nan 0.000000
61 7 nan 0.000000
62 7 nan 0.000000
63 7 nan 0.000000
64 7 nan 0.000000
65 7 nan 0.000000
66 7 nan 0.000000
67 7 nan 0.000000
68 7 nan 0.000000
69 7 nan 0.000000
70 7 nan 0.000000
71 7 nan 0.000000
72 7 nan 0.000000
73 7 nan 0.000000
74 7 nan 0.000000
75 7 nan 0.000000
76 7 nan 0.000000
77 7 nan 0.000000
78 7 nan 0.000000
79 7 nan 0.000000
80 7 nan 0.000000
81 7 nan 0.000000
82 7 nan 0.000000
83 7 nan 0.000000
84 7 nan 0.000000
85 7 nan 0.000000
86 7 nan 0.000000
87 7 nan 0.000000
88 7 nan 0.000000
89 7 nan 0.000000
90 7 nan 0.000000
91 7 nan 0.000000
92 7 nan 0.000000
93 7 nan 0.000000
94 7 nan 0.000000
95 7 nan 0.000000
96 7 nan 0.000000
97 7 nan 0.000000
98 7 nan 0.000000
99 7 nan 0.000000
100 7 nan 0.000000
101 7 nan 0.000000
102 7 nan 0.000000
103 7 nan 0.000000
104 7 nan 0.000000
105 7 nan 0.000000
106 7 nan 0.000000
107 7 nan 0.000000
108 7 nan 0.000000
109 7 nan 0.000000
110 7 nan 0.000000
111 7 nan 0.000000
112 7 nan 0.000000
113 7 nan 0.000000
114 7 nan 0.000000
115 7 nan 0.000000
116 7 nan 0.000000
117 7 nan 0.000000
118 7 nan 0.000000
119 7 nan 0.000000
120 7 nan 0.000000
121 7 nan 0.000000
122 7 nan 0.000000
123 7 nan 0.000000
124 7 nan 0.000000
125 7 nan 0.000000
126 7 nan 0.000000
127 7 nan 0.000000
128 7 nan 0.000000
129 7 nan 0.000000
130 7 nan 0.000000
131 7 nan 0.000000
132 7 nan 0.000000
133 7 nan 0.000000
134 7 nan 0.000000
135 7 nan 0.000000
136 7 nan 0.000000
137 7 nan 0.000000
138 7 nan 0.000000
139 7 nan 0.000000
140 7 nan 0.000000
141 7 nan 0.000000
142 7 nan 0.000000
143 7 nan 0.000000
144 7 nan 0.000000
145 7 nan 0.000000
146 7 nan 0.000000
147 7 nan 0.000000
148 7 nan 0.000000
149 7 nan 0.000000
150 7 nan 0.000000
151 7 nan 0.000000
152 7 nan 0.000000
153 7 nan 0.000000
154 7 nan 0.000000
155 7 nan 0.000000
156 7 nan 0.000000
157 7 nan 0.000000
158 7 nan 0.000000
159 7 nan 0.000000
160 7 nan 0.000000
161 7 nan 0.000000
162 7 nan 0.000000
163 7 nan 0.000000
164 7 nan 0.000000
165 7 nan 0.000000
166 7 nan 0.000000
167 7 nan 0.000000
168 7 nan 0.000000
169 7 nan 0.000000
170 7 nan 0.000000
171 7 nan 0.000000
172 7 nan 0.000000
173 7 nan 0.000000
174 7 nan 0.000000
175 7 nan 0.000000
176 7 nan 0.000000
177 7 nan 0.000000
178 7 nan 0.000000
179 7 nan 0.000000
180 7 nan 0.000000
181 7 nan 0.000000
182 7 nan 0.000000
183 7 nan 0.000000
184 7 nan 0.000000
185 7 nan 0.000000
186 7 nan 0.000000
187 7 nan 0.000000
188 7 nan 0.000000
189 7 nan 0.000000
190 7 nan 0.000000
191 7 nan 0.000000
192 7 nan 0.000000
193 7 nan 0.000000
194 7 nan 0.000000
195 7 nan 0.000000
196 7 nan 0.000000
197 7 nan 0.000000
198 7 nan 0.000000
199 7 nan 0.000000
0 8 nan 0.000000
1 8 nan 0.000000
2 8 nan 0.000000
3 8 nan 0.000000
4 8 nan 0.000000
5 8 nan 0.000000
6 8 nan 0.000000
7 8 nan 0.000000
8 8 nan 0.000000
9 8 nan 0.000000
10 8 nan 0.000000
11 8 nan 0.000000
12 8 nan 0.000000
13 8 nan 0.000000
14 8 nan 0.000000
15 8 nan 0.000000
16 8 nan 0.000000
17 8 nan 0.000000
18 8 nan 0.000000
19 8 nan 0.000000
20 8 nan 0.000000
21 8 nan 0.000000
22 8 nan 0.000000
23 8 nan 0.000000
24 8 nan 0.000000
25 8 nan 0.000000
26 8 nan 0.000000
27 8 nan 0.000000
28 8 nan 0.000000
29 8 nan 0.000000
30 8 nan 0.000000
31 8 nan 0.000000
32 8 nan 0.000000
33 8 nan 0.000000
34 8 nan 0.000000
35 8 nan 0.000000
36 8 nan 0.000000
37 8 nan 0.000000
38 8 nan 0.000000
39 8 nan 0.000000
40 8 nan 0.000000
41 8 nan 0.000000
42 8 nan 0.000000
43 8 nan 0.000000
44 8 nan 0.000000
45 8 nan 0.000000
46 8 nan 0.000000
47 8 nan 0.000000
48 8 nan 0.000000
49 8 nan 0.000000
50 8 nan 0.000000
51 8 nan 0.000000
52 8 nan 0.000000
53 8 nan 0.000000
54 8 nan 0.000000
55 8 nan 0.000000
56 8 nan 0.000000
57 8 nan 0.000000
58 8 nan 0.000000
59 8 nan 0.000000
60 8 nan 0.000000
61 8 nan 0.000000
62 8 nan 0.000000
63 8 nan 0.000000
64 8 nan 0.000000
65 8 nan 0.000000
66 8 nan 0.000000
67 8 nan 0.000000
68 8 nan 0.000000
69 8 nan 0.000000
70 8 nan 0.000000
71 8 nan 0.000000
72 8 nan 0.000000
73 8 nan 0.000000
74 8 nan 0.000000
75 8 nan 0.000000
76 8 nan 0.000000
77 8 nan 0.000000
78 8 nan 0.000000
79 8 nan 0.000000
80 8 nan 0.000000
81 8 nan 0.000000
82 8 nan 0.000000
83 8 nan 0.000000
84 8 nan 0.000000
85 8 nan 0.000000
86 8 nan 0.000000
87 8 nan 0.000000
88 8 nan 0.000000
89 8 nan 0.000000
90 8 nan 0.000000
91 8 nan 0.000000
92 8 nan 0.000000
93 8 nan 0.000000
94 8 nan 0.000000
95 8 nan 0.000000
96 8 nan 0.000000
97 8 nan 0.000000
98 8 nan 0.000000
99 8 nan 0.000000
100 8 nan 0.000000
101 8 nan 0.000000
102 8 nan 0.000000
103 8 nan 0.000000
104 8 nan 0.000000
105 8 nan 0.000000
106 8 nan 0.000000
107 8 nan 0.000000
108 8 nan 0.000000
109 8 nan 0.000000
110 8 nan 0.000000
111 8 nan 0.000000
112 8 nan 0.000000
113 8 nan 0.000000
114 8 nan 0.000000
115 8 nan 0.000000
116 8 nan 0.000000
117 8 nan 0.000000
118 8 nan 0.000000
119 8 nan 0.000000
120 8 nan 0.000000
121 8 nan 0.000000
122 8 nan 0.000000
123 8 nan 0.000000
124 8 nan 0.000000
125 8 nan 0.000000
126 8 nan 0.000000
127 8 nan 0.000000
128 8 nan 0.000000
129 8 nan 0.000000
130 8 nan 0.000000
131 8 nan 0.000000
132 8 nan 0.000000
133 8 nan 0.000000
134 8 nan 0.000000
135 8 nan 0.000000
136 8 nan 0.000000
137 8 nan 0.000000
138 8 nan 0.000000
139 8 nan 0.000000
140 8 nan 0.000000
141 8 nan 0.000000
142 8 nan 0.000000
143 8 nan 0.000000
144 8 nan 0.000000
145 8 nan 0.000000
146 8 nan 0.000000
147 8 nan 0.000000
148 8 nan 0.000000
149 8 nan 0.000000
150 8 nan 0.000000
151 8 nan 0.000000
152 8 nan 0.000000
153 8 nan 0.000000
154 8 nan 0.000000
155 8 nan 0.000000
156 8 nan 0.000000
157 8 nan 0.000000
158 8 nan 0.000000
159 8 nan 0.000000
160 8 nan 0.000000
161 8 nan 0.000000
162 8 nan 0.000000
163 8 nan 0.000000
164 8 nan 0.000000
165 8 nan 0.000000
166 8 nan 0.000000
167 8 nan 0.000000
168 8 nan 0.000000
169 8 nan 0.000000
170 8 nan 0.000000
171 8 nan 0.000000
172 8 nan 0.000000
173 8 nan 0.000000
174 8 nan 0.000000
175 8 nan 0.000000
176 8 nan 0.000000
177 8 nan 0.000000
178 8 nan 0.000000
179 8 nan 0.000000
180 8 nan 0.000000
181 8 nan 0.000000
182 8 nan 0.000000
183 8 nan 0.000000
184 8 nan 0.000000
185 8 nan 0.000000
186 8 nan 0.000000
187 8 nan 0.000000
188 8 nan 0.000000
189 8 nan 0.000000
190 8 nan 0.000000
191 8 nan 0.000000
192 8 nan 0.000000
193 8 nan 0.000000
194 8 nan 0.000000
195 8 nan 0.000000
196 8 nan 0.000000
197 8 nan 0.000000
198 8 nan 0.000000
199 8 nan 0.000000
0 9 nan 0.000000
1 9 nan 0.000000
2 9 nan 0.000000
3 9 nan 0.000000
4 9 nan 0.000000
5 9 nan 0.000000
6 9 nan 0.000000
7 9 nan 0.000000
8 9 nan 0.000000
9 9 nan 0.000000
10 9 nan 0.000000
11 9 nan 0.000000
12 9 nan 0.000000
13 9 nan 0.000000
14 9 nan 0.000000
15 9 nan 0.000000
16 9 nan 0.000000
17 9 nan 0.000000
18 9 nan 0.000000
19 9 nan 0.000000
20 9 nan 0.000000
21 9 nan 0.000000
22 9 nan 0.000000
23 9 nan 0.000000
24 9 nan 0.000000
25 9 nan 0.000000
26 9 nan 0.000000
27 9 nan 0.000000
28 9 nan 0.000000
29 9 nan 0.000000
30 9 nan 0.000000
31 9 nan 0.000000
32 9 nan 0.000000
33 9 nan 0.000000
34 9 nan 0.000000
35 9 nan 0.000000
36 9 nan 0.000000
37 9 nan 0.000000
38 9 nan 0.000000
39 9 nan 0.000000
40 9 nan 0.000000
41 9 nan 0.000000
42 9 nan 0.000000
43 9 nan 0.000000
44 9 nan 0.000000
45 9 nan 0.000000
46 9 nan 0.000000
47 9 nan 0.000000
48 9 nan 0.000000
49 9 nan 0.000000
50 9 nan 0.000000
51 9 nan 0.000000
52 9 nan 0.000000
53 9 nan 0.000000
54 9 nan 0.000000
55 9 nan 0.000000
56 9 nan 0.000000
57 9 nan 0.000000
58 9 nan 0.000000
59 9 nan 0.000000
60 9 nan 0.000000
61 9 nan 0.000000
62 9 nan 0.000000
63 9 nan 0.000000
64 9 nan 0.000000
65 9 nan 0.000000
66 9 nan 0.000000
67 9 nan 0.000000
68 9 nan 0.000000
69 9 nan 0.000000
70 9 nan 0.000000
71 9 nan 0.000000
72 9 nan 0.000000
73 9 nan 0.000000
74 9 nan 0.000000
75 9 nan 0.000000
76 9 nan 0.000000
77 9 nan 0.000000
78 9 nan 0.000000
79 9 nan 0.000000
80 9 nan 0.000000
81 9 nan 0.000000
82 9 nan 0.000000
83 9 nan 0.000000
84 9 nan 0.000000
85 9 nan 0.000000
86 9 nan 0.000000
87 9 nan 0.000000
88 9 nan 0.000000
89 9 nan 0.000000
90 9 nan 0.000000
91 9 nan 0.000000
92 9 nan 0.000000
93 9 nan 0.000000
94 9 nan 0.000000
95 9 nan 0.000000
96 9 nan 0.000000
97 9 nan 0.000000
98 9 nan 0.000000
99 9 nan 0.000000
100 9 nan 0.000000
101 9 nan 0.000000
102 9 nan 0.000000
103 9 nan 0.000000
104 9 nan 0.000000
105 9 nan 0.000000
106 9 nan 0.000000
107 9 nan 0.000000
108 9 nan 0.000000
109 9 nan 0.000000
110 9 nan 0.000000
111 9 nan 0.000000
112 9 nan 0.000000
113 9 nan 0.000000
114 9 nan 0.000000
115 9 nan 0.000000
116 9 nan 0.000000
117 9 nan 0.000000
118 9 nan 0.000000
119 9 nan 0.000000
120 9 nan 0.000000
121 9 nan 0.000000
122 9 nan 0.000000
123 9 nan 0.000000
124 9 nan 0.000000
125 9 nan 0.000000
126 9 nan 0.000000
127 9 nan 0.000000
128 9 nan 0.000000
129 9 nan 0.000000
130 9 nan 0.000000
131 9 nan 0.000000
132 9 nan 0.000000
133 9 nan 0.000000
134 9 nan 0.000000
135 9 nan 0.000000
136 9 nan 0.000000
137 9 nan 0.000000
138 9 nan 0.000000
139 9 nan 0.000000
140 9 nan 0.000000
141 9 nan 0.000000
142 9 nan 0.000000
143 9 nan 0.000000
144 9 nan 0.000000
145 9 nan 0.000000
146 9 nan 0.000000
147 9 nan 0.000000
148 9 nan 0.000000
149 9 nan 0.000000
150 9 nan 0.000000
151 9 nan 0.000000
152 9 nan 0.000000
153 9 nan 0.000000
154 9 nan 0.000000
155 9 nan 0.000000
156 9 nan 0.000000
157 9 nan 0.000000
158 9 nan 0.000000
159 9 nan 0.000000
160 9 nan 0.000000
161 9 nan 0.000000
162 9 nan 0.000000
163 9 nan 0.000000
164 9 nan 0.000000
165 9 nan 0.000000
166 9 nan 0.000000
167 9 nan 0.000000
168 9 nan 0.000000
169 9 nan 0.000000
170 9 nan 0.000000
171 9 nan 0.000000
172 9 nan 0.000000
173 9 nan 0.000000
174 9 nan 0.000000
175 9 nan 0.000000
176 9 nan 0.000000
177 9 nan 0.000000
178 9 nan 0.000000
179 9 nan 0.000000
180 9 nan 0.000000
181 9 nan 0.000000
182 9 nan 0.000000
183 9 nan 0.000000
184 9 nan 0.000000
185 9 nan 0.000000
186 9 nan 0.000000
187 9 nan 0.000000
188 9 nan 0.000000
189 9 nan 0.000000
190 9 nan 0.000000
191 9 nan 0.000000
192 9 nan 0.000000
193 9 nan 0.000000
194 9 nan 0.000000
195 9 nan 0.000000
196 9 nan 0.000000
197 9 nan 0.000000
198 9 nan 0.000000
199 9 nan 0.000000
0 10 nan 0.000000
1 10 nan 0.000000
2 10 nan 0.000000
3 10 nan 0.000000
4 10 nan 0.000000
5 10 nan 0.000000
6 10 nan 0.000000
7 10 nan 0.000000
8 10 nan 0.000000
9 10 nan 0.000000
10 10 nan 0.000000
11 10 nan 0.000000
12 10 nan 0.000000
13 10 nan 0.000000
14 10 nan 0.000000
15 10 nan 0.000000
16 10 nan 0.000000
17 10 nan 0.000000
18 10 nan 0.000000
19 10 nan 0.000000
20 10 nan 0.000000
21 10 nan 0.000000
22 10 nan 0.000000
23 10 nan 0.000000
24 10 nan 0.000000
25 10 nan 0.000000
26 10 nan 0.000000
27 10 nan 0.000000
28 10 nan 0.000000
29 10 nan 0.000000
30 10 nan 0.000000
31 10 nan 0.000000
32 10 nan 0.000000
33 10 nan 0.000000
34 10 nan 0.000000
35 10 nan 0.000000
36 10 nan 0.000000
37 10 nan 0.000000
38 10 nan 0.000000
39 10 nan 0.000000
40 10 nan 0.000000
41 10 nan 0.000000
42 10 nan 0.000000
43 10 nan 0.000000
44 10 nan 0.000000
45 10 nan 0.000000
46 10 nan 0.000000
47 10 nan 0.000000
48 10 nan 0.000000
49 10 nan 0.000000
50 10 nan 0.000000
51 10 nan 0.000000
52 10 nan 0.000000
53 10 nan 0.000000
54 10 nan 0.000000
55 10 nan 0.000000
56 10 nan 0.000000
57 10 nan 0.000000
58 10 nan 0.000000
59 10 nan 0.000000
60 10 nan 0.000000
61 10 nan 0.000000
62 10 nan 0.000000
63 10 nan 0.000000
64 10 nan 0.000000
65 10 nan 0.000000
66 10 nan 0.000000
67 10 nan 0.000000
68 10 nan 0.000000
69 10 nan 0.000000
70 10 nan 0.000000
71 10 nan 0.000000
72 10 nan 0.000000
73 10 nan 0.000000
74 10 nan 0.000000
75 10 nan 0.000000
76 10 nan 0.000000
77 10 nan 0.000000
78 10 nan 0.000000
79 10 nan 0.000000
80 10 nan 0.000000
81 10 nan 0.000000
82 10 nan 0.000000
83 10 nan 0.000000
84 10 nan 0.000000
85 10 nan 0.000000
86 10 nan 0.000000
87 10 nan 0.000000
88 10 nan 0.000001
89 10 nan 0.000001
90 10 nan 0.000001
91 10 nan 0.000001
92 10 nan 0.000001
93 10 nan 0.000001
94 10 nan 0.000001
95 10 nan 0.000001
96 10 nan 0.000001
97 10 nan 0.000002
98 10 nan 0.000002
99 10 nan 0.000002
100 10 nan 0.000002
101 10 nan 0.000002
102 10 nan 0.000002
103 10 nan 0.000002
104 10 nan 0.000001
105 10 nan 0.000001
106 10 nan 0.000001
107 10 nan 0.000001
108 10 nan 0.000001
109 10 nan 0.000001
110 10 nan 0.000001
111 10 nan 0.000001
112 10 nan 0.000001
113 10 nan 0.000000
114 10 nan 0.000000
115 10 nan 0.000000
116 10 nan 0.000000
117 10 nan 0.000000
118 10 nan 0.000000
119 10 nan 0.000000
120 10 nan 0.000000
121 10 nan 0.000000
122 10 nan 0.000000
123 10 nan 0.000000
124 10 nan 0.000000
125 10 nan 0.000000
126 10 nan 0.000000
127 10 nan 0.000000
128 10 nan 0.000000
129 10 nan 0.000000
130 10 nan 0.000000
131 10 nan 0.000000
132 10 nan 0.000000
133 10 nan 0.000000
134 10 nan 0.000000
135 10 nan 0.000000
136 10 nan 0.000000
137 10 nan 0.000000
138 10 nan 0.000000
139 10 nan 0.000000
140 10 nan 0.000000
141 10 nan 0.000000
142 10 nan 0.000000
143 10 nan 0.000000
144 10 nan 0.000000
145 10 nan 0.000000
146 10 nan 0.000000
147 10 nan 0.000000
148 10 nan 0.000000
149 10 nan 0.000000
150 10 nan 0.000000
151 10 nan 0.000000
152 10 nan 0.000000
153 10 nan 0.000000
154 10 nan 0.000000
155 10 nan 0.000000
156 10 nan 0.000000
157 10 nan 0.000000
158 10 nan 0.000000
159 10 nan 0.000000
160 10 nan 0.000000
161 10 nan 0.000000
162 10 nan 0.000000
163 10 nan 0.000000
164 10 nan 0.000000
165 10 nan 0.000000
166 10 nan 0.000000
167 10 nan 0.000000
168 10 nan 0.000000
169 10 nan 0.000000
170 10 nan 0.000000
171 10 nan 0.000000
172 10 nan 0.000000
173 10 nan 0.000000
174 10 nan 0.000000
175 10 nan 0.000000
176 10 nan 0.000000
177 10 nan 0.000000
178 10 nan 0.000000
179 10 nan 0.000000
180 10 nan 0.000000
181 10 nan 0.000000
182 10 nan 0.000000
183 10 nan 0.000000
184 10 nan 0.000000
185 10 nan 0.000000
186 10 nan 0.000000
187 10 nan 0.000000
188 10 nan 0.000000
189 10 nan 0.000000
190 10 nan 0.000000
191 10 nan 0.000000
192 10 nan 0.000000
193 10 nan 0.000000
194 10 nan 0.000000
195 10 nan 0.000000
196 10 nan 0.000000
197 10 nan 0.000000
198 10 nan 0.000000
199 10 nan 0.000000
0 11 nan 0.000000
1 11 nan 0.000000
2 11 nan 0.000000
3 11 nan 0.000000
4 11 nan 0.000000
5 11 nan 0.000000
6 11 nan 0.000000
7 11 nan 0.000000
8 11 nan 0.000000
9 11 nan 0.000000
10 11 nan 0.000000
11 11 nan 0.000000
12 11 nan 0.000000
13 11 nan 0.000000
14 11 nan 0.000000
15 11 nan 0.000000
16 11 nan 0.000000
17 11 nan 0.000000
18 11 nan 0.000000
19 11 nan 0.000000
20 11 nan 0.000000
21 11 nan 0.000000
22 11 nan 0.000000
23 11 nan 0.000000
24 11 nan 0.000000
25 11 nan 0.000000
26 11 nan 0.000000
27 11 nan 0.000000
28 11 nan 0.000000
29 11 nan 0.000000
30 11 nan 0.000000
31 11 nan 0.000000
32 11 nan 0.000000
33 11 nan 0.000000
34 11 nan 0.000000
35 11 nan 0.000000
36 11 nan 0.000000
37 11 nan 0.000000
38 11 nan 0.000000
39 11 nan 0.000000
40 11 nan 0.000000
41 11 nan 0.000000
42 11 nan 0.000000
43 11 nan 0.000000
44 11 nan 0.000000
45 11 nan 0.000000
46 11 nan 0.000000
47 11 nan 0.000000
48 11 nan 0.000000
49 11 nan 0.000000
50 11 nan 0.000000
51 11 nan 0.000000
52 11 nan 0.000000
53 11 nan 0.000000
54 11 nan 0.000000
55 11 nan 0.000000
56 11 nan 0.000000
57 11 nan 0.000000
58 11 nan 0.000000
59 11 nan 0.000000
60 11 nan 0.000000
61 11 nan 0.000000
62 11 nan 0.000000
63 11 nan 0.000000
64 11 nan 0.000000
65 11 nan 0.000000
66 11 nan 0.000000
67 11 nan 0.000000
68 11 nan 0.000000
69 11 nan 0.000000
70 11 nan 0.000000
71 11 nan 0.000000
72 11 nan 0.000000
73 11 nan 0.000000
74 11 nan 0.000000
75 11 nan 0.000000
76 11 nan 0.000000
77 11 nan 0.000000
78 11 nan 0.000000
79 11 nan 0.000000
80 11 nan 0.000000
81 11 nan 0.000000
82 11 nan 0.000001
83 11 nan 0.000001
84 11 nan 0.000001
85 11 nan 0.000001
86 11 nan 0.000001
87 11 nan 0.000002
88 11 nan 0.000002
89 11 nan 0.000002
90 11 nan 0.000003
91 11 nan 0.000003
92 11 nan 0.000004
93 11 nan 0.000004
94 11 nan 0.000005
95 11 nan 0.000005
96 11 nan 0.000005
97 11 nan 0.000006
98 11 nan 0.000006
99 11 nan 0.000006
100 11 nan 0.000006
101 11 nan 0.000006
102 11 nan 0.000006
103 11 nan 0.000006
104 11 nan 0.000005
105 11 nan 0.000005
106 11 nan 0.000005
107 11 nan 0.000004
108 11 nan 0.000004
109 11 nan 0.000003
110 11 nan 0.000003
111 11 nan 0.000002
112 11 nan 0.000002
113 11 nan 0.000002
114 11 nan 0.000001
115 11 nan 0.000001
116 11 nan 0.000001
117 11 nan 0.000001
118 11 nan 0.000001
119 11 nan 0.000000
120 11 nan 0.000000
121 11 nan 0.000000
122 11 nan 0.000000
123 11 nan 0.000000
124 11 nan 0.000000
125 11 nan 0.000000
126 11 nan 0.000000
127 11 nan 0.000000
128 11 nan 0.000000
129 11 nan 0.000000
130 11 nan 0.000000
131 11 nan 0.000000
132 11 nan 0.000000
133 11 nan 0.000000
134 11 nan 0.000000
135 11 nan 0.000000
136 11 nan 0.000000
137 11 nan 0.000000
138 11 nan 0.000000
139 11 nan 0.000000
140 11 nan 0.000000
141 11 nan 0.000000
142 11 nan 0.000000
143 11 nan 0.000000
144 11 nan 0.000000
145 11 nan 0.000000
146 11 nan 0.000000
147 11 nan 0.000000
148 11 nan 0.000000
149 11 nan 0.000000
150 11 nan 0.000000
151 11 nan 0.000000
152 11 nan 0.000000
153 11 nan 0.000000
154 11 nan 0.000000
155 11 nan 0.000000
156 11 nan 0.000000
157 11 nan 0.000000
158 11 nan 0.000000
159 11 nan 0.000000
160 11 nan 0.000000
161 11 nan 0.000000
162 11 nan 0.000000
163 11 nan 0.000000
164 11 nan 0.000000
165 11 nan 0.000000
166 11 nan 0.000000
167 11 nan 0.000000
168 11 nan 0.000000
169 11 nan 0.000000
170 11 nan 0.000000
171 11 nan 0.000000
172 11 nan 0.000000
173 11 nan 0.000000
174 11 nan 0.000000
175 11 nan 0.000000
176 11 nan 0.000000
177 11 nan 0.000000
178 11 nan 0.000000
179 11 nan 0.000000
180 11 nan 0.000000
181 11 nan 0.000000
182 11 nan 0.000000
183 11 nan 0.000000
184 11 nan 0.000000
185 11 nan 0.000000
186 11 nan 0.000000
187 11 nan 0.000000
188 11 nan 0.000000
189 11 nan 0.000000
190 11 nan 0.000000
191 11 nan 0.000000
192 11 nan 0.000000
193 11 nan 0.000000
194 11 nan 0.000000
195 11 nan 0.000000
196 11 nan 0.000000
197 11 nan 0.000000
198 11 nan 0.000000
199 11 nan 0.000000
0 12 nan 0.000000
1 12 nan 0.000000
2 12 nan 0.000000
3 12 nan 0.000000
4 12 nan 0.000000
5 12 nan 0.000000
6 12 nan 0.000000
7 12 nan 0.000000
8 12 nan 0.000000
9 12 nan 0.000000
10 12 nan 0.000000
11 12 nan 0.000000
12 12 nan 0.000000
13 12 nan 0.000000
14 12 nan 0.000000
15 12 nan 0.000000
16 12 nan 0.000000
17 12 nan 0.000000
18 12 nan 0.000000
19 12 nan 0.000000
20 12 nan 0.000000
21 12 nan 0.000000
22 12 nan 0.000000
23 12 nan 0.000000
24 12 nan 0.000000
25 12 nan 0.000000
26 12 nan 0.000000
27 12 nan 0.000000
28 12 nan 0.000000
29 12 nan 0.000000
30 12 nan 0.000000
31 12 nan 0.000000
32 12 nan 0.000000
33 12 nan 0.000000
34 12 nan 0.000000
35 12 nan 0.000000
36 12 nan 0.000000
37 12 nan 0.000000
38 12 nan 0.000000
39 12 nan 0.000000
40 12 nan 0.000000
41 12 nan 0.000000
42 12 nan 0.000000
43 12 nan 0.000000
44 12 nan 0.000000
45 12 nan 0.000000
46 12 nan 0.000000
47 12 nan 0.000000
48 12 nan 0.000000
49 12 nan 0.000000
50 12 nan 0.000000
51 12 nan 0.000000
52 12 nan 0.000000
53 12 nan 0.000000
54 12 nan 0.000000
55 12 nan 0.000000
56 12 nan 0.000000
57 12 nan 0.000000
58 12 nan 0.000000
59 12 nan 0.000000
60 12 nan 0.000000
61 12 nan 0.000000
62 12 nan 0.000000
63 12 nan 0.000000
64 12 nan 0.000000
65 12 nan 0.000000
66 12 nan 0.000000
67 12 nan 0.000000
68 12 nan 0.000000
69 12 nan 0.000000
70 12 nan 0.000000
71 12 nan 0.000000
72 12 nan 0.000000
73 12 nan 0.000000
74 12 nan 0.000000
75 12 nan 0.000000
76 12 nan 0.000000
77 12 nan 0.000000
78 12 nan 0.000001
79 12 nan 0.000001
80 12 nan 0.000001
81 12 nan 0.000002
82 12 nan 0.000002
83 12 nan 0.000003
84 12 nan 0.000003
85 12 nan 0.000004
86 12 nan 0.000005
87 12 nan 0.000007
88 12 nan 0.000008
89 12 nan 0.000009
90 12 nan 0.000011
91 12 nan 0.000013
92 12 nan 0.000014
93 12 nan 0.000016
94 12 nan 0.000018
95 12 nan 0.000019
96 12 nan 0.000021
97 12 nan 0.000022
98 12 nan 0.000023
99 12 nan 0.000023
100 12 nan 0.000023
101 12 nan 0.000023
102 12 nan 0.000023
103 12 nan 0.000022
104 12 nan 0.000021
105 12 nan 0.000019
106 12 nan 0.000018
107 12 nan 0.000016
108 12 nan 0.000014
109 12 nan 0.000013
110 12 nan 0.000011
111 12 nan 0.000009
112 12 nan 0.000008
113 12 nan 0.000007
114 12 nan 0.000005
115 12 nan 0.000004
116 12 nan 0.000003
117 12 nan 0.000003
118 12 nan 0.000002
119 12 nan 0.000002
120 12 nan 0.000001
121 12 nan 0.000001
122 12 nan 0.000001
123 12 nan 0.000000
124 12 nan 0.000000
125 12 nan 0.000000
126 12 nan 0.000000
127 12 nan 0.000000
128 12 nan 0.000000
129 12 nan 0.000000
130 12 nan 0.000000
131 12 nan 0.000000
132 12 nan 0.000000
133 12 nan 0.000000
134 12 nan 0.000000
135 12 nan 0.000000
136 12 nan 0.000000
137 12 nan 0.000000
138 12 nan 0.000000
139 12 nan 0.000000
140 12 nan 0.000000
141 12 nan 0.000000
142 12 nan 0.000000
143 12 nan 0.000000
144 12 nan 0.000000
145 12 nan 0.000000
146 12 nan 0.000000
147 12 nan 0.000000
148 12 nan 0.000000
149 12 nan 0.000000
150 12 nan 0.000000
151 12 nan 0.000000
152 12 nan 0.000000
153 12 nan 0.000000
154 12 nan 0.000000
155 12 nan 0.000000
156 12 nan 0.000000
157 12 nan 0.000000
158 12 nan 0.000000
159 12 nan 0.000000
160 12 nan 0.000000
161 12 nan 0.000000
162 12 nan 0.000000
163 12 nan 0.000000
164 12 nan 0.000000
165 12 nan 0.000000
166 12 nan 0.000000
167 12 nan 0.000000
168 12 nan 0.000000
169 12 nan 0.000000
170 12 nan 0.000000
171 12 nan 0.000000
172 12 nan 0.000000
173 12 nan 0.000000
174 12 nan 0.000000
175 12 nan 0.000000
176 12 nan 0.000000
177 12 nan 0.000000
178 12 nan 0.000000
179 12 nan 0.000000
180 12 nan 0.000000
181 12 nan 0.000000
182 12 nan 0.000000
183 12 nan 0.000000
184 12 nan 0.000000
185 12 nan 0.000000
186 12 nan 0.000000
187 12 nan 0.000000
188 12 nan 0.000000
189 12 nan 0.000000
190 12 nan 0.000000
191 12 nan 0.000000
192 12 nan 0.000000
193 12 nan 0.000000
194 12 nan 0.000000
195 12 nan 0.000000
196 12 nan 0.000000
197 12 nan 0.000000
198 12 nan 0.000000
199 12 nan 0.000000
0 13 nan 0.000000
1 13 nan 0.000000
2 13 nan 0.000000
3 13 nan 0.000000
4 13 nan 0.000000
5 13 nan 0.000000
6 13 nan 0.000000
7 13 nan 0.000000
8 13 nan 0.000000
9 13 nan 0.000000
10 13 nan 0.000000
11 13 nan 0.000000
12 13 nan 0.000000
13 13 nan 0.000000
14 13 nan 0.000000
15 13 nan 0.000000
16 13 nan 0.000000
17 13 nan 0.000000
18 13 nan 0.000000
19 13 nan 0.000000
20 13 nan 0.000000
21 13 nan 0.000000
22 13 nan 0.000000
23 13 nan 0.000000
24 13 nan 0.000000
25 13 nan 0.000000
26 13 nan 0.000000
27 13 nan 0.000000
28 13 nan 0.000000
29 13 nan 0.000000
30 13 nan 0.000000
31 13 nan 0.000000
32 13 nan 0.000000
33 13 nan 0.000000
34 13 nan 0.000000
35 13 nan 0.000000
36 13 nan 0.000000
37 13 nan 0.000000
38 13 nan 0.000000
39 13 nan 0.000000
40 13 nan 0.000000
41 13 nan 0.000000
42 13 nan 0.000000
43 13 nan 0.000000
44 13 nan 0.000000
45 13 nan 0.000000
46 13 nan 0.000000
47 13 nan 0.000000
48 13 nan 0.000000
49 13 nan 0.000000
50 13 nan 0.000000
51 13 nan 0.000000
52 13 nan 0.000000
53 13 nan 0.000000
54 13 nan 0.000000
55 13 nan 0.000000
56 13 nan 0.000000
57 13 nan 0.000000
58 13 nan 0.000000
59 13 nan 0.000000
60 13 nan 0.000000
61 13 nan 0.000000
62 13 nan 0.000000
63 13 nan 0.000000
64 13 nan 0.000000
65 13 nan 0.000000
66 13 nan 0.000000
67 13 nan 0.000000
68 13 nan 0.000000
69 13 nan 0.000000
70 13 nan 0.000000
71 13 nan 0.000000
72 13 nan 0.000000
73 13 nan 0.000000
74 13 nan 0.000001
75 13 nan 0.000001
76 13 nan 0.000001
77 13 nan 0.000002
78 13 nan 0.000002
79 13 nan 0.000003
80 13 nan 0.000004
81 13 nan 0.000006
82 13 nan 0.000008
83 13 nan 0.000010
84 13 nan 0.000013
85 13 nan 0.000016
86 13 nan 0.000020
87 13 nan 0.000024
88 13 nan 0.000029
89 13 nan 0.000035
90 13 nan 0.000041
91 13 nan 0.000048
92 13 nan 0.000054
93 13 nan 0.000061
94 13 nan 0.000067
95 13 nan 0.000073
96 13 nan 0.000078
97 13 nan 0.000083
98 13 nan 0.000086
99 13 nan 0.000088
100 13 nan 0.000045
101 13 nan 0.000088
102 13 nan 0.000086
103 13 nan 0.000083
104 13 nan 0.000078
105 13 nan 0.000073
106 13 nan 0.000067
107 13 nan 0.000061
108 13 nan 0.000054
109 13 nan 0.000048
110 13 nan 0.000041
111 13 nan 0.000035
112 13 nan 0.000029
113 13 nan 0.000024
114 13 nan 0.000020
115 13 nan 0.000016
116 13 nan 0.000013
117 13 nan 0.000010
118 13 nan 0.000008
119 13 nan 0.000006
120 13 nan 0.000004
121 13 nan 0.000003
122 13 nan 0.000002
123 13 nan 0.000002
124 13 nan 0.000001
125 13 nan 0.000001
126 13 nan 0.000001
127 13 nan 0.000000
128 13 nan 0.000000
129 13 nan 0.000000
130 13 nan 0.000000
131 13 nan 0.000000
132 13 nan 0.000000
133 13 nan 0.000000
134 13 nan 0.000000
135 13 nan 0.000000
136 13 nan 0.000000
137 13 nan 0.000000
138 13 nan 0.000000
139 13 nan 0.000000
140 13 nan 0.000000
141 13 nan 0.000000
142 13 nan 0.000000
143 13 nan 0.000000
144 13 nan 0.000000
145 13 nan 0.000000
146 13 nan 0.000000
147 13 nan 0.000000
148 13 nan 0.000000
149 13 nan 0.000000
150 13 nan 0.000000
151 13 nan 0.000000
152 13 nan 0.000000
153 13 nan 0.000000
154 13 nan 0.000000
155 13 nan 0.000000
156 13 nan 0.000000
157 13 nan 0.000000
158 13 nan 0.000000
159 13 nan 0.000000
160 13 nan 0.000000
161 13 nan 0.000000
162 13 nan 0.000000
163 13 nan 0.000000
164 13 nan 0.000000
165 13 nan 0.000000
166 13 nan 0.000000
167 13 nan 0.000000
168 13 nan 0.000000
169 13 nan 0.000000
170 13 nan 0.000000
171 13 nan 0.000000
172 13 nan 0.000000
173 13 nan 0.000000
174 13 nan 0.000000
175 13 nan 0.000000
176 13 nan 0.000000
177 13 nan 0.000000
178 13 nan 0.000000
179 13 nan 0.000000
180 13 nan 0.000000
181 13 nan 0.000000
182 13 nan 0.000000
183 13 nan 0.000000
184 13 nan 0.000000
185 13 nan 0.000000
186 13 nan 0.000000
187 13 nan 0.000000
188 13 nan 0.000000
189 13 nan 0.000000
190 13 nan 0.000000
191 13 nan 0.000000
192 13 nan 0.000000
193 13 nan 0.000000
194 13 nan 0.000000
195 13 nan 0.000000
196 13 nan 0.000000
197 13 nan 0.000000
198 13 nan 0.000000
199 13 nan 0.000000
0 14 nan 0.000000
1 14 nan 0.000000
2 14 nan 0.000000
3 14 nan 0.000000
4 14 nan 0.000000
5 14 nan 0.000000
6 14 nan 0.000000
7 14 nan 0.000000
8 14 nan 0.000000
9 14 nan 0.000000
10 14 nan 0.000000
11 14 nan 0.000000
12 14 nan 0.000000
13 14 nan 0.000000
14 14 nan 0.000000
15 14 nan 0.000000
16 14 nan 0.000000
17 14 nan 0.000000
18 14 nan 0.000000
19 14 nan 0.000000
20 14 nan 0.000000
21 14 nan 0.000000
22 14 nan 0.000000
23 14 nan 0.000000
24 14 nan 0.000000
25 14 nan 0.000000
26 14 nan 0.000000
27 14 nan 0.000000
28 14 nan 0.000000
29 14 nan 0.000000
30 14 nan 0.000000
31 14 nan 0.000000
32 14 nan 0.000000
33 14 nan 0.000000
34 14 nan 0.000000
35 14 nan 0.000000
36 14 nan 0.000000
37 14 nan 0.000000
38 14 nan 0.000000
39 14 nan 0.000000
40 14 nan 0.000000
41 14 nan 0.000000
42 14 nan 0.000000
43 14 nan 0.000000
44 14 nan 0.000000
45 14 nan 0.000000
46 14 nan 0.000000
47 14 nan 0.000000
48 14 nan 0.000000
49 14 nan 0.000000
50 14 nan 0.000000
51 14 nan 0.000000
52 14 nan 0.000000
53 14 nan 0.000000
54 14 nan 0.000000
55 14 nan 0.000000
56 14 nan 0.000000
57 14 nan 0.000000
58 14 nan 0.000000
59 14 nan 0.000000
60 14 nan 0.000000
61 14 nan 0.000000
62 14 nan 0.000000
63 14 nan 0.000000
64 14 nan 0.000000
65 14 nan 0.000000
66 14 nan 0.000000
67 14 nan 0.000000
68 14 nan 0.000000
69 14 nan 0.000000
70 14 nan 0.000000
71 14 nan 0.000001
72 14 nan 0.000001
73 14 nan 0.000001
74 14 nan 0.000002
75 14 nan 0.000003
76 14 nan 0.000004
77 14 nan 0.000006
78 14 nan 0.000008
79 14 nan 0.000012
80 14 nan 0.000016
81 14 nan 0.000021
82 14 nan 0.000028
83 14 nan 0.000036
84 14 nan 0.000047
85 14 nan 0.000059
86 14 nan 0.000074
87 14 nan 0.000091
88 14 nan 0.000110
89 14 nan 0.000132
90 14 nan 0.000155
91 14 nan 0.000179
92 14 nan 0.000204
93 14 nan 0.000230
94 14 nan 0.000254
95 14 nan 0.000276
96 14 nan 0.000296
97 14 nan 0.000313
98 14 nan 0.000325
99 14 nan 0.000172
100 14 nan 0.000045
101 14 nan 0.000172
102 14 nan 0.000325
103 14 nan 0.000313
104 14 nan 0.000296
105 14 nan 0.000276
106 14 nan 0.000254
107 14 nan 0.000230
108 14 nan 0.000204
109 14 nan 0.000179
110 14 nan 0.000155
111 14 nan 0.000132
112 14 nan 0.000110
113 14 nan 0.000091
114 14 nan 0.000074
115 14 nan 0.000059
116 14 nan 0.000047
117 14 nan 0.000036
118 14 nan 0.000028
119 14 nan 0.000021
120 14 nan 0.000016
121 14 nan 0.000012
122 14 nan 0.000008
123 14 nan 0.000006
124 14 nan 0.000004
125 14 nan 0.000003
126 14 nan 0.000002
127 14 nan 0.000001
128 14 nan 0.000001
129 14 nan 0.000001
130 14 nan 0.000000
131 14 nan 0.000000
132 14 nan 0.000000
133 14 nan 0.000000
134 14 nan 0.000000
135 14 nan 0.000000
136 14 nan 0.000000
137 14 nan 0.000000
138 14 nan 0.000000
139 14 nan 0.000000
140 14 nan 0.000000
141 14 nan 0.000000
142 14 nan 0.000000
143 14 nan 0.000000
144 14 nan 0.000000
145 14 nan 0.000000
146 14 nan 0.000000
147 14 nan 0.000000
148 14 nan 0.000000
149 14 nan 0.000000
150 14 nan 0.000000
151 14 nan 0.000000
152 14 nan 0.000000
153 14 nan 0.000000
154 14 nan 0.000000
155 14 nan 0.000000
156 14 nan 0.000000
157 14 nan 0.000000
158 14 nan 0.000000
159 14 nan 0.000000
160 14 nan 0.000000
161 14 nan 0.000000
162 14 nan 0.000000
163 14 nan 0.000000
164 14 nan 0.000000
165 14 nan 0.000000
166 14 nan 0.000000
167 14 nan 0.000000
168 14 nan 0.000000
169 14 nan 0.000000
170 14 nan 0.000000
171 14 nan 0.000000
172 14 nan 0.000000
173 14 nan 0.000000
174 14 nan 0.000000
175 14 nan 0.000000
176 14 nan 0.000000
177 14 nan 0.000000
178 14 nan 0.000000
179 14 nan 0.000000
180 14 nan 0.000000
181 14 nan 0.000000
182 14 nan 0.000000
183 14 nan 0.000000
184 14 nan 0.000000
185 14 nan 0.000000
186 14 nan 0.000000
187 14 nan 0.000000
188 14 nan 0.000000
189 14 nan 0.000000
190 14 nan 0.000000
191 14 nan 0.000000
192 14 nan 0.000000
193 14 nan 0.000000
194 14 nan 0.000000
195 14 nan 0.000000
196 14 nan 0.000000
197 14 nan 0.000000
198 14 nan 0.000000
199 14 nan 0.000000
0 15 nan 0.000000
1 15 nan 0.000000
2 15 nan 0.000000
3 15 nan 0.000000
4 15 nan 0.000000
5 15 nan 0.000000
6 15 nan 0.000000
7 15 nan 0.000000
8 15 nan 0.000000
9 15 nan 0.000000
10 15 nan 0.000000
11 15 nan 0.000000
12 15 nan 0.000000
13 15 nan 0.000000
14 15 nan 0.000000
15 15 nan 0.000000
16 15 nan 0.000000
17 15 nan 0.000000
18 15 nan 0.000000
19 15 nan 0.000000
20 15 nan 0.000000
21 15 nan 0.000000
22 15 nan 0.000000
23 15 nan 0.000000
24 15 nan 0.000000
25 15 nan 0.000000
26 15 nan 0.000000
27 15 nan 0.000000
28 15 nan 0.000000
29 15 nan 0.000000
30 15 nan 0.000000
31 15 nan 0.000000
32 15 nan 0.000000
33 15 nan 0.000000
34 15 nan 0.000000
35 15 nan 0.000000
36 15 nan 0.000000
37 15 nan 0.000000
38 15 nan 0.000000
39 15 nan 0.000000
40 15 nan 0.000000
41 15 nan 0.000000
42 15 nan 0.000000
43 15 nan 0.000000
44 15 nan 0.000000
45 15 nan 0.000000
46 15 nan 0.000000
47 15 nan 0.000000
48 15 nan 0.000000
49 15 nan 0.000000
50 15 nan 0.000000
51 15 nan 0.000000
52 15 nan 0.000000
53 15 nan 0.000000
54 15 nan 0.000000
55 15 nan 0.000000
56 15 nan 0.000000
57 15 nan 0.000000
58 15 nan 0.000000
59 15 nan 0.000000
60 15 nan 0.000000
61 15 nan 0.000000
62 15 nan 0.000000
63 15 nan 0.000000
64 15 nan 0.000000
65 15 nan 0.000000
66 15 nan 0.000000
67 15 nan 0.000000
68 15 nan 0.000001
69 15 nan 0.000001
70 15 nan 0.000001
71 15 nan 0.000002
72 15 nan 0.000003
73 15 nan 0.000005
74 15 nan 0.000007
75 15 nan 0.000010
76 15 nan 0.000015
77 15 nan 0.000022
78 15 nan 0.000030
79 15 nan 0.000042
80 15 nan 0.000058
81 15 nan 0.000078
82 15 nan 0.000103
83 15 nan 0.000135
84 15 nan 0.000174
85 15 nan 0.000221
86 15 nan 0.000276
87 15 nan 0.000341
88 15 nan 0.000413
89 15 nan 0.000494
90 15 nan 0.000582
91 15 nan 0.000675
92 15 nan 0.000771
93 15 nan 0.000866
94 15 nan 0.000959
95 15 nan 0.001045
96 15 nan 0.001121
97 15 nan 0.001185
98 15 nan 0.000653
99 15 nan 0.000172
100 15 nan 0.000045
101 15 nan 0.000172
102 15 nan 0.000653
103 15 nan 0.001185
104 15 nan 0.001121
105 15 nan 0.001045
106 15 nan 0.000959
107 15 nan 0.000866
108 15 nan 0.000771
109 15 nan 0.000675
110 15 nan 0.000582
111 15 nan 0.000494
112 15 nan 0.000413
113 15 nan 0.000341
114 15 nan 0.000276
115 15 nan 0.000221
116 15 nan 0.000174
117 15 nan 0.000135
118 15 nan 0.000103
119 15 nan 0.000078
120 15 nan 0.000058
121 15 nan 0.000042
122 15 nan 0.000030
123 15 nan 0.000022
124 15 nan 0.000015
125 15 nan 0.000010
126 15 nan 0.000007
127 15 nan 0.000005
128 15 nan 0.000003
129 15 nan 0.000002
130 15 nan 0.000001
131 15 nan 0.000001
132 15 nan 0.000001
133 15 nan 0.000000
134 15 nan 0.000000
135 15 nan 0.000000
136 15 nan 0.000000
137 15 nan 0.000000
138 15 nan 0.000000
139 15 nan 0.000000
140 15 nan 0.000000
141 15 nan 0.000000
142 15 nan 0.000000
143 15 nan 0.000000
144 15 nan 0.000000
145 15 nan 0.000000
146 15 nan 0.000000
147 15 nan 0.000000
148 15 nan 0.000000
149 15 nan 0.000000
150 15 nan 0.000000
151 15 nan 0.000000
152 15 nan 0.000000
153 15 nan 0.000000
154 15 nan 0.000000
155 15 nan 0.000000
156 15 nan 0.000000
157 15 nan 0.000000
158 15 nan 0.000000
159 15 nan 0.000000
160 15 nan 0.000000
161 15 nan 0.000000
162 15 nan 0.000000
163 15 nan 0.000000
164 15 nan 0.000000
165 15 nan 0.000000
166 15 nan 0.000000
167 15 nan 0.000000
168 15 nan 0.000000
169 15 nan 0.000000
170 15 nan 0.000000
171 15 nan 0.000000
172 15 nan 0.000000
173 15 nan 0.000000
174 15 nan 0.000000
175 15 nan 0.000000
176 15 nan 0.000000
177 15 nan 0.000000
178 15 nan 0.000000
179 15 nan 0.000000
180 15 nan 0.000000
181 15 nan 0.000000
182 15 nan 0.000000
183 15 nan 0.000000
184 15 nan 0.000000
185 15 nan 0.000000
186 15 nan 0.000000
187 15 nan 0.000000
188 15 nan 0.000000
189 15 nan 0.000000
190 15 nan 0.000000
191 15 nan 0.000000
192 15 nan 0.000000
193 15 nan 0.000000
194 15 nan 0.000000
195 15 nan 0.000000
196 15 nan 0.000000
197 15 nan 0.000000
198 15 nan 0.000000
199 15 nan 0.000000
0 16 nan 0.000000
1 16 nan 0.000000
2 16 nan 0.000000
3 16 nan 0.000000
4 16 nan 0.000000
5 16 nan 0.000000
6 16 nan 0.000000
7 16 nan 0.000000
8 16 nan 0.000000
9 16 nan 0.000000
10 16 nan 0.000000
11 16 nan 0.000000
12 16 nan 0.000000
13 16 nan 0.000000
14 16 nan 0.000000
15 16 nan 0.000000
16 16 nan 0.000000
17 16 nan 0.000000
18 16 nan 0.000000
19 16 nan 0.000000
20 16 nan 0.000000
21 16 nan 0.000000
22 16 nan 0.000000
23 16 nan 0.000000
24 16 nan 0.000000
25 16 nan 0.000000
26 16 nan 0.000000
27 16 nan 0.000000
28 16 nan 0.000000
29 16 nan 0.000000
30 16 nan 0.000000
31 16 nan 0.000000
32 16 nan 0.000000
33 16 nan 0.000000
34 16 nan 0.000000
35 16 nan 0.000000
36 16 nan 0.000000
37 16 nan 0.000000
38 16 nan 0.000000
39 16 nan 0.000000
40 16 nan 0.000000
41 16 nan 0.000000
42 16 nan 0.000000
43 16 nan 0.000000
44 16 nan 0.000000
45 16 nan 0.000000
46 16 nan 0.000000
47 16 nan 0.000000
48 16 nan 0.000000
49 16 nan 0.000000
50 16 nan 0.000000
51 16 nan 0.000000
52 16 nan 0.000000
53 16 nan 0.000000
54 16 nan 0.000000
55 16 nan 0.000000
56 16 nan 0.000000
57 16 nan 0.000000
58 16 nan 0.000000
59 16 nan 0.000000
60 16 nan 0.000000
61 16 nan 0.000000
62 16 nan 0.000000
63 16 nan 0.000000
64 16 nan 0.000000
65 16 nan 0.000000
66 16 nan 0.000001
67 16 nan 0.000001
68 16 nan 0.000002
69 16 nan 0.000003
70 16 nan 0.000005
71 16 nan 0.000007
72 16 nan 0.000011
73 16 nan 0.000017
74 16 nan 0.000026
75 16 nan 0.000038
76 16 nan 0.000055
77 16 nan 0.000078
78 16 nan 0.000110
79 16 nan 0.000154
80 16 nan 0.000211
81 16 nan 0.000285
82 16 nan 0.000380
83 16 nan 0.000498
84 16 nan 0.000644
85 16 nan 0.000820
86 16 nan 0.001029
87 16 nan 0.001271
88 16 nan 0.001546
89 16 nan 0.001852
90 16 nan 0.002184
91 16 nan 0.002537
92 16 nan 0.002900
93 16 nan 0.003264
94 16 nan 0.003616
95 16 nan 0.003944
96 16 nan 0.004235
97 16 nan 0.002473
98 16 nan 0.000653
99 16 nan 0.000172
100 16 nan 0.000045
101 16 nan 0.000172
102 16 nan 0.000653
103 16 nan 0.002473
104 16 nan 0.004235
105 16 nan 0.003944
106 16 nan 0.003616
107 16 nan 0.003264
108 16 nan 0.002900
109 16 nan 0.002537
110 16 nan 0.002184
111 16 nan 0.001852
112 16 nan 0.001546
113 16 nan 0.001271
114 16 nan 0.001029
115 16 nan 0.000820
116 16 nan 0.000644
117 16 nan 0.000498
118 16 nan 0.000380
119 16 nan 0.000285
120 16 nan 0.000211
121 16 nan 0.000154
122 16 nan 0.000110
123 16 nan 0.000078
124 16 nan 0.000055
125 16 nan 0.000038
126 16 nan 0.000026
127 16 nan 0.000017
128 16 nan 0.000011
129 16 nan 0.000007
130 16 nan 0.000005
131 16 nan 0.000003
132 16 nan 0.000002
133 16 nan 0.000001
134 16 nan 0.000001
135 16 nan 0.000000
136 16 nan 0.000000
137 16 nan 0.000000
138 16 nan 0.000000
139 16 nan 0.000000
140 16 nan 0.000000
141 16 nan 0.000000
142 16 nan 0.000000
143 16 nan 0.000000
144 16 nan 0.000000
145 16 nan 0.000000
146 16 nan 0.000000
147 16 nan 0.000000
148 16 nan 0.000000
149 16 nan 0.000000
150 16 nan 0.000000
151 16 nan 0.000000
152 16 nan 0.000000
153 16 nan 0.000000
154 16 nan 0.000000
155 16 nan 0.000000
156 16 nan 0.000000
157 16 nan 0.000000
158 16 nan 0.000000
159 16 nan 0.000000
160 16 nan 0.000000
161 16 nan 0.000000
162 16 nan 0.000000
163 16 nan 0.000000
164 16 nan 0.000000
165 16 nan 0.000000
166 16 nan 0.000000
167 16 nan 0.000000
168 16 nan 0.000000
169 16 nan 0.000000
170 16 nan 0.000000
171 16 nan 0.000000
172 16 nan 0.000000
173 16 nan 0.000000
174 16 nan 0.000000
175 16 nan 0.000000
176 16 nan 0.000000
177 16 nan 0.000000
178 16 nan 0.000000
179 16 nan 0.000000
180 16 nan 0.000000
181 16 nan 0.000000
182 16 nan 0.000000
183 16 nan 0.000000
184 16 nan 0.000000
185 16 nan 0.000000
186 16 nan 0.000000
187 16 nan 0.000000
188 16 nan 0.000000
189 16 nan 0.000000
190 16 nan 0.000000
191 16 nan 0.000000
192 16 nan 0.000000
193 16 nan 0.000000
194 16 nan 0.000000
195 16 nan 0.000000
196 16 nan 0.000000
197 16 nan 0.000000
198 16 nan 0.000000
199 16 nan 0.000000
0 17 nan 0.000000
1 17 nan 0.000000
2 17 nan 0.000000
3 17 nan 0.000000
4 17 nan 0.000000
5 17 nan 0.000000
6 17 nan 0.000000
7 17 nan 0.000000
8 17 nan 0.000000
9 17 nan 0.000000
10 17 nan 0.000000
11 17 nan 0.000000
12 17 nan 0.000000
13 17 nan 0.000000
14 17 nan 0.000000
15 17 nan 0.000000
16 17 nan 0.000000
17 17 nan 0.000000
18 17 nan 0.000000
19 17 nan 0.000000
20 17 nan 0.000000
21 17 nan 0.000000
22 17 nan 0.000000
23 17 nan 0.000000
24 17 nan 0.000000
25 17 nan 0.000000
26 17 nan 0.000000
27 17 nan 0.000000
28 17 nan 0.000000
29 17 nan 0.000000
30 17 nan 0.000000
31 17 nan 0.000000
32 17 nan 0.000000
33 17 nan 0.000000
34 17 nan 0.000000
35 17 nan 0.000000
36 17 nan 0.000000
37 17 nan 0.000000
38 17 nan 0.000000
39 17 nan 0.000000
40 17 nan 0.000000
41 17 nan 0.000000
42 17 nan 0.000000
43 17 nan 0.000000
44 17 nan 0.000000
45 17 nan 0.000000
46 17 nan 0.000000
47 17 nan 0.000000
48 17 nan 0.000000
49 17 nan 0.000000
50 17 nan 0.000000
51 17 nan 0.000000
52 17 nan 0.000000
53 17 nan 0.000000
54 17 nan 0.000000
55 17 nan 0.000000
56 17 nan 0.000000
57 17 nan 0.000000
58 17 nan 0.000000
59 17 nan 0.000000
60 17 nan 0.000000
61 17 nan 0.000000
62 17 nan 0.000000
63 17 nan 0.000001
64 17 nan 0.000001
65 17 nan 0.000001
66 17 nan 0.000002
67 17 nan 0.000004
68 17 nan 0.000007
69 17 nan 0.000010
70 17 nan 0.000017
71 17 nan 0.000026
72 17 nan 0.000040
73 17 nan 0.000061
74 17 nan 0.000091
75 17 nan 0.000135
76 17 nan 0.000197
77 17 nan 0.000283
78 17 nan 0.000401
79 17 nan 0.000560
80 17 nan 0.000771
81 17 nan 0.001045
82 17 nan 0.001396
83 17 nan 0.001838
84 17 nan 0.002382
85 17 nan 0.003040
86 17 nan 0.003822
87 17 nan 0.004729
88 17 nan 0.005762
89 17 nan 0.006911
90 17 nan 0.008160
91 17 nan 0.009483
92 17 nan 0.010848
93 17 nan 0.012214
94 17 nan 0.013536
95 17 nan 0.014765
96 17 nan 0.009316
97 17 nan 0.002473
98 17 nan 0.000653
99 17 nan 0.000172
100 17 nan 0.000045
101 17 nan 0.000172
102 17 nan 0.000653
103 17 nan 0.002473
104 17 nan 0.009316
105 17 nan 0.014765
106 17 nan 0.013536
107 17 nan 0.012214
108 17 nan 0.010848
109 17 nan 0.009483
110 17 nan 0.008160
111 17 nan 0.006911
112 17 nan 0.005762
113 17 nan 0.004729
114 17 nan 0.003822
115 17 nan 0.003040
116 17 nan 0.002382
117 17 nan 0.001838
118 17 nan 0.001396
119 17 nan 0.001045
120 17 nan 0.000771
121 17 nan 0.000560
122 17 nan 0.000401
123 17 nan 0.000283
124 17 nan 0.000197
125 17 nan 0.000135
126 17 nan 0.000091
127 17 nan 0.000061
128 17 nan 0.000040
129 17 nan 0.000026
130 17 nan 0.000017
131 17 nan 0.000010
132 17 nan 0.000007
133 17 nan 0.000004
134 17 nan 0.000002
135 17 nan 0.000001
136 17 nan 0.000001
137 17 nan 0.000001
138 17 nan 0.000000
139 17 nan 0.000000
140 17 nan 0.000000
141 17 nan 0.000000
142 17 nan 0.000000
143 17 nan 0.000000
144 17 nan 0.000000
145 17 nan 0.000000
146 17 nan 0.000000
147 17 nan 0.000000
148 17 nan 0.000000
149 17 nan 0.000000
150 17 nan 0.000000
151 17 nan 0.000000
152 17 nan 0.000000
153 17 nan 0.000000
154 17 nan 0.000000
155 17 nan 0.000000
156 17 nan 0.000000
157 17 nan 0.000000
158 17 nan 0.000000
159 17 nan 0.000000
160 17 nan 0.000000
161 17 nan 0.000000
162 17 nan 0.000000
163 17 nan 0.000000
164 17 nan 0.000000
165 17 nan 0.000000
166 17 nan 0.000000
167 17 nan 0.000000
168 17 nan 0.000000
169 17 nan 0.000000
170 17 nan 0.000000
171 17 nan 0.000000
172 17 nan 0.000000
173 17 nan 0.000000
174 17 nan 0.000000
175 17 nan 0.000000
176 17 nan 0.000000
177 17 nan 0.000000
178 17 nan 0.000000
179 17 nan 0.000000
180 17 nan 0.000000
181 17 nan 0.000000
182 17 nan 0.000000
183 17 nan 0.000000
184 17 nan 0.000000
185 17 nan 0.000000
186 17 nan 0.000000
187 17 nan 0.000000
188 17 nan 0.000000
189 17 nan 0.000000
190 17 nan 0.000000
191 17 nan 0.000000
192 17 nan 0.000000
193 17 nan 0.000000
194 17 nan 0.000000
195 17 nan 0.000000
196 17 nan 0.000000
197 17 nan 0.000000
198 17 nan 0.000000
199 17 nan 0.000000
0 18 nan 0.000000
1 18 nan 0.000000
2 18 nan 0.000000
3 18 nan 0.000000
4 18 nan 0.000000
5 18 nan 0.000000
6 18 nan 0.000000
7 18 nan 0.000000
8 18 nan 0.000000
9 18 nan 0.000000
10 18 nan 0.000000
11 18 nan 0.000000
12 18 nan 0.000000
13 18 nan 0.000000
14 18 nan 0.000000
15 18 nan 0.000000
16 18 nan 0.000000
17 18 nan 0.000000
18 18 nan 0.000000
19 18 nan 0.000000
20 18 nan 0.000000
21 18 nan 0.000000
22 18 nan 0.000000
23 18 nan 0.000000
24 18 nan 0.000000
25 18 nan 0.000000
26 18 nan 0.000000
27 18 nan 0.000000
28 18 nan 0.000000
29 18 nan 0.000000
30 18 nan 0.000000
31 18 nan 0.000000
32 18 nan 0.000000
33 18 nan 0.000000
34 18 nan 0.000000
35 18 nan 0.000000
36 18 nan 0.000000
37 18 nan 0.000000
38 18 nan 0.000000
39 18 nan 0.000000
40 18 nan 0.000000
41 18 nan 0.000000
42 18 nan 0.000000
43 18 nan 0.000000
44 18 nan 0.000000
45 18 nan 0.000000
46 18 nan 0.000000
47 18 nan 0.000000
48 18 nan 0.000000
49 18 nan 0.000000
50 18 nan 0.000000
51 18 nan 0.000000
52 18 nan 0.000000
53 18 nan 0.000000
54 18 nan 0.000000
55 18 nan 0.000000
56 18 nan 0.000000
57 18 nan 0.000000
58 18 nan 0.000000
59 18 nan 0.000000
60 18 nan 0.000000
61 18 nan 0.000001
62 18 nan 0.000001
63 18 nan 0.000002
64 18 nan 0.000003
65 18 nan 0.000005
66 18 nan 0.000008
67 18 nan 0.000014
68 18 nan 0.000023
69 18 nan 0.000036
70 18 nan 0.000058
71 18 nan 0.000091
72 18 nan 0.000141
73 18 nan 0.000216
74 18 nan 0.000325
75 18 nan 0.000483
76 18 nan 0.000707
77 18 nan 0.001021
78 18 nan 0.001452
79 18 nan 0.002035
80 18 nan 0.002810
81 18 nan 0.003822
82 18 nan 0.005118
83 18 nan 0.006749
84 18 nan 0.008762
85 18 nan 0.011197
86 18 nan 0.014081
87 18 nan 0.017428
88 18 nan 0.021223
89 18 nan 0.025431
90 18 nan 0.029983
91 18 nan 0.034783
92 18 nan 0.039705
93 18 nan 0.044603
94 18 nan 0.049315
95 18 nan 0.034445
96 18 nan 0.009316
97 18 nan 0.002473
98 18 nan 0.000653
99 18 nan 0.000172
100 18 nan 0.000045
101 18 nan 0.000172
102 18 nan 0.000653
103 18 nan 0.002473
104 18 nan 0.009316
105 18 nan 0.034445
106 18 nan 0.049315
107 18 nan 0.044603
108 18 nan 0.039705
109 18 nan 0.034783
110 18 nan 0.029983
111 18 nan 0.025431
112 18 nan 0.021223
113 18 nan 0.017428
114 18 nan 0.014081
115 18 nan 0.011197
116 18 nan 0.008762
117 18 nan 0.006749
118 18 nan 0.005118
119 18 nan 0.003822
120 18 nan 0.002810
121 18 nan 0.002035
122 18 nan 0.001452
123 18 nan 0.001021
124 18 nan 0.000707
125 18 nan 0.000483
126 18 nan 0.000325
127 18 nan 0.000216
128 18 nan 0.000141
129 18 nan 0.000091
130 18 nan 0.000058
131 18 nan 0.000036
132 18 nan 0.000023
133 18 nan 0.000014
134 18 nan 0.000008
135 18 nan 0.000005
136 18 nan 0.000003
137 18 nan 0.000002
138 18 nan 0.000001
139 18 nan 0.000001
140 18 nan 0.000000
141 18 nan 0.000000
142 18 nan 0.000000
143 18 nan 0.000000
144 18 nan 0.000000
145 18 nan 0.000000
146 18 nan 0.000000
147 18 nan 0.000000
148 18 nan 0.000000
149 18 nan 0.000000
150 18 nan 0.000000
151 18 nan 0.000000
152 18 nan 0.000000
153 18 nan 0.000000
154 18 nan 0.000000
155 18 nan 0.000000
156 18 nan 0.000000
157 18 nan 0.000000
158 18 nan 0.000000
159 18 nan 0.000000
160 18 nan 0.000000
161 18 nan 0.000000
162 18 nan 0.000000
163 18 nan 0.000000
164 18 nan 0.000000
165 18 nan 0.000000
166 18 nan 0.000000
167 18 nan 0.000000
168 18 nan 0.000000
169 18 nan 0.000000
170 18 nan 0.000000
171 18 nan 0.000000
172 18 nan 0.000000
173 18 nan 0.000000
174 18 nan 0.000000
175 18 nan 0.000000
176 18 nan 0.000000
177 18 nan 0.000000
178 18 nan 0.000000
179 18 nan 0.000000
180 18 nan 0.000000
181 18 nan 0.000000
182 18 nan 0.000000
183 18 nan 0.000000
184 18 nan 0.000000
185 18 nan 0.000000
186 18 nan 0.000000
187 18 nan 0.000000
188 18 nan 0.000000
189 18 nan 0.000000
190 18 nan 0.000000
191 18 nan 0.000000
192 18 nan 0.000000
193 18 nan 0.000000
194 18 nan 0.000000
195 18 nan 0.000000
196 18 nan 0.000000
197 18 nan 0.000000
198 18 nan 0.000000
199 18 nan 0.000000
0 19 nan 0.000000
1 19 nan 0.000000
2 19 nan 0.000000
3 19 nan 0.000000
4 19 nan 0.000000
5 19 nan 0.000000
6 19 nan 0.000000
7 19 nan 0.000000
8 19 nan 0.000000
9 19 nan 0.000000
10 19 nan 0.000000
11 19 nan 0.000000
12 19 nan 0.000000
13 19 nan 0.000000
14 19 nan 0.000000
15 19 nan 0.000000
16 19 nan 0.000000
17 19 nan 0.000000
18 19 nan 0.000000
19 19 nan 0.000000
20 19 nan 0.000000
21 19 nan 0.000000
22 19 nan 0.000000
23 19 nan 0.000000
24 19 nan 0.000000
25 19 nan 0.000000
26 19 nan 0.000000
27 19 nan 0.000000
28 19 nan 0.000000
29 19 nan 0.000000
30 19 nan 0.000000
31 19 nan 0.000000
32 19 nan 0.000000
33 19 nan 0.000000
34 19 nan 0.000000
35 19 nan 0.000000
36 19 nan 0.000000
37 19 nan 0.000000
38 19 nan 0.000000
39 19 nan 0.000000
40 19 nan 0.000000
41 19 nan 0.000000
42 19 nan 0.000000
43 19 nan 0.000000
44 19 nan 0.000000
45 19 nan 0.000000
46 19 nan 0.000000
47 19 nan 0.000000
48 19 nan 0.000000
49 19 nan 0.000000
50 19 nan 0.000000
51 19 nan 0.000000
52 19 nan 0.000000
53 19 nan 0.000000
54 19 nan 0.000000
55 19 nan 0.000000
56 19 nan 0.000000
57 19 nan 0.000000
58 19 nan 0.000000
59 19 nan 0.000001
60 19 nan 0.000001
61 19 nan 0.000002
62 19 nan 0.000003
63 19 nan 0.000006
64 19 nan 0.000010
65 19 nan 0.000017
66 19 nan 0.000029
67 19 nan 0.000048
68 19 nan 0.000078
69 19 nan 0.000127
70 19 nan 0.000203
71 19 nan 0.000320
72 19 nan 0.000498
73 19 nan 0.000765
74 19 nan 0.001157
75 19 nan 0.001726
76 19 nan 0.002537
77 19 nan 0.003674
78 19 nan 0.005241
79 19 nan 0.007363
80 19 nan 0.010183
81 19 nan 0.013861
82 19 nan 0.018563
83 19 nan 0.024452
84 19 nan 0.031671
85 19 nan 0.040327
86 19 nan 0.050468
87 19 nan 0.062069
88 19 nan 0.075015
89 19 nan 0.089100
90 19 nan 0.104026
91 19 nan 0.119418
92 19 nan 0.134843
93 19 nan 0.149838
94 19 nan 0.119203
95 19 nan 0.034445
96 19 nan 0.009316
97 19 nan 0.002473
98 19 nan 0.000653
99 19 nan 0.000172
100 19 nan 0.000045
101 19 nan 0.000172
102 19 nan 0.000653
103 19 nan 0.002473
104 19 nan 0.009316
105 19 nan 0.034445
106 19 nan 0.119203
107 19 nan 0.149838
108 19 nan 0.134843
109 19 nan 0.119418
110 19 nan 0.104026
111 19 nan 0.089100
112 19 nan 0.075015
113 19 nan 0.062069
114 19 nan 0.050468
115 19 nan 0.040327
116 19 nan 0.031671
117 19 nan 0.024452
118 19 nan 0.018563
119 19 nan 0.013861
120 19 nan 0.010183
121 19 nan 0.007363
122 19 nan 0.005241
123 19 nan 0.003674
124 19 nan 0.002537
125 19 nan 0.001726
126 19 nan 0.001157
127 19 nan 0.000765
128 19 nan 0.000498
129 19 nan 0.000320
130 19 nan 0.000203
131 19 nan 0.000127
132 19 nan 0.000078
133 19 nan 0.000048
134 19 nan 0.000029
135 19 nan 0.000017
136 19 nan 0.000010
137 19 nan 0.000006
138 19 nan 0.000003
139 19 nan 0.000002
140 19 nan 0.000001
141 19 nan 0.000001
142 19 nan 0.000000
143 19 nan 0.000000
144 19 nan 0.000000
145 19 nan 0.000000
146 19 nan 0.000000
147 19 nan 0.000000
148 19 nan 0.000000
149 19 nan 0.000000
150 19 nan 0.000000
151 19 nan 0.000000
152 19 nan 0.000000
153 19 nan 0.000000
154 19 nan 0.000000
155 19 nan 0.000000
156 19 nan 0.000000
157 19 nan 0.000000
158 19 nan 0.000000
159 19 nan 0.000000
160 19 nan 0.000000
161 19 nan 0.000000
162 19 nan 0.000000
163 19 nan 0.000000
164 19 nan 0.000000
165 19 nan 0.000000
166 19 nan 0.000000
167 19 nan 0.000000
168 19 nan 0.000000
169 19 nan 0.000000
170 19 nan 0.000000
171 19 nan 0.000000
172 19 nan 0.000000
173 19 nan 0.000000
174 19 nan 0.000000
175 19 nan 0.000000
176 19 nan 0.000000
177 19 nan 0.000000
178 19 nan 0.000000
179 19 nan 0.000000
180 19 nan 0.000000
181 19 nan 0.000000
182 19 nan 0.000000
183 19 nan 0.000000
184 19 nan 0.000000
185 19 nan 0.000000
186 19 nan 0.000000
187 19 nan 0.000000
188 19 nan 0.000000
189 19 nan 0.000000
190 19 nan 0.000000
191 19 nan 0.000000
192 19 nan 0.000000
193 19 nan 0.000000
194 19 nan 0.000000
195 19 nan 0.000000
196 19 nan 0.000000
197 19 nan 0.000000
198 19 nan 0.000000
199 19 nan 0.000000
0 20 nan 0.000000
1 20 nan 0.000000
2 20 nan 0.000000
3 20 nan 0.000000
4 20 nan 0.000000
5 20 nan 0.000000
6 20 nan 0.000000
7 20 nan 0.000000
8 20 nan 0.000000
9 20 nan 0.000000
10 20 nan 0.000000
11 20 nan 0.000000
12 20 nan 0.000000
13 20 nan 0.000000
14 20 nan 0.000000
15 20 nan 0.000000
16 20 nan 0.000000
17 20 nan 0.000000
18 20 nan 0.000000
19 20 nan 0.000000
20 20 nan 0.000000
21 20 nan 0.000000
22 20 nan 0.000000
23 20 nan 0.000000
24 20 nan 0.000000
25 20 nan 0.000000
26 20 nan 0.000000
27 20 nan 0.000000
28 20 nan 0.000000
29 20 nan 0.000000
30 20 nan 0.000000
31 20 nan 0.000000
32 20 nan 0.000000
33 20 nan 0.000000
34 20 nan 0.000000
35 20 nan 0.000000
36 20 nan 0.000000
37 20 nan 0.000000
38 20 nan 0.000000
39 20 nan 0.000000
40 20 nan 0.000000
41 20 nan 0.000000
42 20 nan 0.000000
43 20 nan 0.000000
44 20 nan 0.000000
45 20 nan 0.000000
46 20 nan 0.000000
47 20 nan 0.000000
48 20 nan 0.000000
49 20 nan 0.000000
50 20 nan 0.000000
51 20 nan 0.000000
52 20 nan 0.000000
53 20 nan 0.000000
54 20 nan 0.000000
55 20 nan 0.000000
56 20 nan 0.000000
57 20 nan 0.000001
58 20 nan 0.000001
59 20 nan 0.000002
60 20 nan 0.000003
61 20 nan 0.000006
62 20 nan 0.000011
63 20 nan 0.000019
64 20 nan 0.000034
65 20 nan 0.000058
66 20 nan 0.000098
67 20 nan 0.000163
68 20 nan 0.000270
69 20 nan 0.000440
70 20 nan 0.000707
71 20 nan 0.001121
72 20 nan 0.001753
73 20 nan 0.002702
74 20 nan 0.004103
75 20 nan 0.006138
76 20 nan 0.009044
77 20 nan 0.013115
78 20 nan 0.018710
79 20 nan 0.026242
80 20 nan 0.036165
81 20 nan 0.048936
82 20 nan 0.064969
83 20 nan 0.084576
84 20 nan 0.107896
85 20 nan 0.134843
86 20 nan 0.165065
87 20 nan 0.197950
88 20 nan 0.232665
89 20 nan 0.268232
90 20 nan 0.303623
91 20 nan 0.337853
92 20 nan 0.370049
93 20 nan 0.339244
94 20 nan 0.119203
95 20 nan 0.034445
96 20 nan 0.009316
97 20 nan 0.002473
98 20 nan 0.000653
99 20 nan 0.000172
100 20 nan 0.000045
101 20 nan 0.000172
102 20 nan 0.000653
103 20 nan 0.002473
104 20 nan 0.009316
105 20 nan 0.034445
106 20 nan 0.119203
107 20 nan 0.339244
108 20 nan 0.370049
109 20 nan 0.337853
110 20 nan 0.303623
111 20 nan 0.268232
112 20 nan 0.232665
113 20 nan 0.197950
114 20 nan 0.165065
115 20 nan 0.134843
116 20 nan 0.107896
117 20 nan 0.084576
118 20 nan 0.064969
119 20 nan 0.048936
120 20 nan 0.036165
121 20 nan 0.026242
122 20 nan 0.018710
123 20 nan 0.013115
124 20 nan 0.009044
125 20 nan 0.006138
126 20 nan 0.004103
127 20 nan 0.002702
128 20 nan 0.001753
129 20 nan 0.001121
130 20 nan 0.000707
131 20 nan 0.000440
132 20 nan 0.000270
133 20 nan 0.000163
134 20 nan 0.000098
135 20 nan 0.000058
136 20 nan 0.000034
137 20 nan 0.000019
138 20 nan 0.000011
139 20 nan 0.000006
140 20 nan 0.000003
141 20 nan 0.000002
142 20 nan 0.000001
143 20 nan 0.000001
144 20 nan 0.000000
145 20 nan 0.000000
146 20 nan 0.000000
147 20 nan 0.000000
148 20 nan 0.000000
149 20 nan 0.000000
150 20 nan 0.000000
151 20 nan 0.000000
152 20 nan 0.000000
153 20 nan 0.000000
154 20 nan 0.000000
155 20 nan 0.000000
156 20 nan 0.000000
157 20 nan 0.000000
158 20 nan 0.000000
159 20 nan 0.000000
160 20 nan 0.000000
161 20 nan 0.000000
162 20 nan 0.000000
163 20 nan 0.000000
164 20 nan 0.000000
165 20 nan 0.000000
166 20 nan 0.000000
167 20 nan 0.000000
168 20 nan 0.000000
169 20 nan 0.000000
170 20 nan 0.000000
171 20 nan 0.000000
172 20 nan 0.000000
173 20 nan 0.000000
174 20 nan 0.000000
175 20 nan 0.000000
176 20 nan 0.000000
177 20 nan 0.000000
178 20 nan 0.000000
179 20 nan 0.000000
180 20 nan 0.000000
181 20 nan 0.000000
182 20 nan 0.000000
183 20 nan 0.000000
184 20 nan 0.000000
185 20 nan 0.000000
186 20 nan 0.000000
187 20 nan 0.000000
188 20 nan 0.000000
189 20 nan 0.000000
190 20 nan 0.000000
191 20 nan 0.000000
192 20 nan 0.000000
193 20 nan 0.000000
194 20 nan 0.000000
195 20 nan 0.000000
196 20 nan 0.000000
197 20 nan 0.000000
198 20 nan 0.000000
199 20 nan 0.000000
0 21 nan 0.000000
1 21 nan 0.000000
2 21 nan 0.000000
3 21 nan 0.000000
4 21 nan 0.000000
5 21 nan 0.000000
6 21 nan 0.000000
7 21 nan 0.000000
8 21 nan 0.000000
9 21 nan 0.000000
10 21 nan 0.000000
11 21 nan 0.000000
12 21 nan 0.000000
13 21 nan 0.000000
14 21 nan 0.000000
15 21 nan 0.000000
16 21 nan 0.000000
17 21 nan 0.000000
18 21 nan 0.000000
19 21 nan 0.000000
20 21 nan 0.000000
21 21 nan 0.000000
22 21 nan 0.000000
23 21 nan 0.000000
24 21 nan 0.000000
25 21 nan 0.000000
26 21 nan 0.000000
27 21 nan 0.000000
28 21 nan 0.000000
29 21 nan 0.000000
30 21 nan 0.000000
31 21 nan 0.000000
32 21 nan 0.000000
33 21 nan 0.000000
34 21 nan 0.000000
35 21 nan 0.000000
36 21 nan 0.000000
37 21 nan 0.000000
38 21 nan 0.000000
39 21 nan 0.000000
40 21 nan 0.000000
41 21 nan 0.000000
42 21 nan 0.000000
43 21 nan 0.000000
44 21 nan 0.000000
45 21 nan 0.000000
46 21 nan 0.000000
47 21 nan 0.000000
48 21 nan 0.000000
49 21 nan 0.000000
50 21 nan 0.000000
51 21 nan 0.000000
52 21 nan 0.000000
53 21 nan 0.000000
54 21 nan 0.000000
55 21 nan 0.000000
56 21 nan 0.000001
57 21 nan 0.000002
58 21 nan 0.000003
59 21 nan 0.000006
60 21 nan 0.000011
61 21 nan 0.000020
62 21 nan 0.000036
63 21 nan 0.000065
64 21 nan 0.000113
65 21 nan 0.000195
66 21 nan 0.000333
67 21 nan 0.000560
68 21 nan 0.000929
69 21 nan 0.001522
70 21 nan 0.002458
71 21 nan 0.003913
72 21 nan 0.006138
73 21 nan 0.009483
74 21 nan 0.014419
75 21 nan 0.021560
76 21 nan 0.031671
77 21 nan 0.045651
78 21 nan 0.064477
79 21 nan 0.089100
80 21 nan 0.120281
81 21 nan 0.158390
82 21 nan 0.203226
83 21 nan 0.253906
84 21 nan 0.308894
85 21 nan 0.366192
86 21 nan 0.423630
87 21 nan 0.479187
88 21 nan 0.531228
89 21 nan 0.578627
90 21 nan 0.620767
91 21 nan 0.657459
92 21 nan 0.660756
93 21 nan 0.339244
94 21 nan 0.119203
95 21 nan 0.034445
96 21 nan 0.009316
97 21 nan 0.002473
98 21 nan 0.000653
99 21 nan 0.000172
100 21 nan 0.000045
101 21 nan 0.000172
102 21 nan 0.000653
103 21 nan 0.002473
104 21 nan 0.009316
105 21 nan 0.034445
106 21 nan 0.119203
107 21 nan 0.339244
108 21 nan 0.660756
109 21 nan 0.657459
110 21 nan 0.620767
111 21 nan 0.578627
112 21 nan 0.531228
113 21 nan 0.479187
114 21 nan 0.423630
115 21 nan 0.366192
116 21 nan 0.308894
117 21 nan 0.253906
118 21 nan 0.203226
119 21 nan 0.158390
120 21 nan 0.120281
121 21 nan 0.089100
122 21 nan 0.064477
123 21 nan 0.045651
124 21 nan 0.031671
125 21 nan 0.021560
126 21 nan 0.014419
127 21 nan 0.009483
128 21 nan 0.006138
129 21 nan 0.003913
130 21 nan 0.002458
131 21 nan 0.001522
132 21 nan 0.000929
133 21 nan 0.000560
134 21 nan 0.000333
135 21 nan 0.000195
136 21 nan 0.000113
137 21 nan 0.000065
138 21 nan 0.000036
139 21 nan 0.000020
140 21 nan 0.000011
141 21 nan 0.000006
142 21 nan 0.000003
143 21 nan 0.000002
144 21 nan 0.000001
145 21 nan 0.000000
146 21 nan 0.000000
147 21 nan 0.000000
148 21 nan 0.000000
149 21 nan 0.000000
150 21 nan 0.000000
151 21 nan 0.000000
152 21 nan 0.000000
153 21 nan 0.000000
154 21 nan 0.000000
155 21 nan 0.000000
156 21 nan 0.000000
157 21 nan 0.000000
158 21 nan 0.000000
159 21 nan 0.000000
160 21 nan 0.000000
161 21 nan 0.000000
162 21 nan 0.000000
163 21 nan 0.000000
164 21 nan 0.000000
165 21 nan 0.000000
166 21 nan 0.000000
167 21 nan 0.000000
168 21 nan 0.000000
169 21 nan 0.000000
170 21 nan 0.000000
171 21 nan 0.000000
172 21 nan 0.000000
173 21 nan 0.000000
174 21 nan 0.000000
175 21 nan 0.000000
176 21 nan 0.000000
177 21 nan 0.000000
178 21 nan 0.000000
179 21 nan 0.000000
180 21 nan 0.000000
181 21 nan 0.000000
182 21 nan 0.000000
183 21 nan 0.000000
184 21 nan 0.000000
185 21 nan 0.000000
186 21 nan 0.000000
187 21 nan 0.000000
188 21 nan 0.000000
189 21 nan 0.000000
190 21 nan 0.000000
191 21 nan 0.000000
192 21 nan 0.000000
193 21 nan 0.000000
194 21 nan 0.000000
195 21 nan 0.000000
196 21 nan 0.000000
197 21 nan 0.000000
198 21 nan 0.000000
199 21 nan 0.000000
0 22 nan 0.000000
1 22 nan 0.000000
2 22 nan 0.000000
3 22 nan 0.000000
4 22 nan 0.000000
5 22 nan 0.000000
6 22 nan 0.000000
7 22 nan 0.000000
8 22 nan 0.000000
9 22 nan 0.000000
10 22 nan 0.000000
11 22 nan 0.000000
12 22 nan 0.000000
13 22 nan 0.000000
14 22 nan 0.000000
15 22 nan 0.000000
16 22 nan 0.000000
17 22 nan 0.000000
18 22 nan 0.000000
19 22 nan 0.000000
20 22 nan 0.000000
21 22 nan 0.000000
22 22 nan 0.000000
23 22 nan 0.000000
24 22 nan 0.000000
25 22 nan 0.000000
26 22 nan 0.000000
27 22 nan 0.000000
28 22 nan 0.000000
29 22 nan 0.000000
30 22 nan 0.000000
31 22 nan 0.000000
32 22 nan 0.000000
33 22 nan 0.000000
34 22 nan 0.000000
35 22 nan 0.000000
36 22 nan 0.000000
37 22 nan 0.000000
38 22 nan 0.000000
39 22 nan 0.000000
40 22 nan 0.000000
41 22 nan 0.000000
42 22 nan 0.000000
43 22 nan 0.000000
44 22 nan 0.000000
45 22 nan 0.000000
46 22 nan 0.000000
47 22 nan 0.000000
48 22 nan 0.000000
49 22 nan 0.000000
50 22 nan 0.000000
51 22 nan 0.000000
52 22 nan 0.000000
53 22 nan 0.000000
54 22 nan 0.000001
55 22 nan 0.000002
56 22 nan 0.000003
57 22 nan 0.000006
58 22 nan 0.000011
59 22 nan 0.000020
60 22 nan 0.000037
61 22 nan 0.000067
62 22 nan 0.000121
63 22 nan 0.000216
64 22 nan 0.000380
65 22 nan 0.000659
66 22 nan 0.001130
67 22 nan 0.001911
68 22 nan 0.003188
69 22 nan 0.005241
70 22 nan 0.008489
71 22 nan 0.013536
72 22 nan 0.021223
73 22 nan 0.032677
74 22 nan 0.049315
75 22 nan 0.072787
76 22 nan 0.104790
77 22 nan 0.146731
78 22 nan 0.199259
79 22 nan 0.261801
80 22 nan 0.332318
81 22 nan 0.407492
82 22 nan 0.483345
83 22 nan 0.556073
84 22 nan 0.622736
85 22 nan 0.681581
86 22 nan 0.731988
87 22 nan 0.774189
88 22 nan 0.808933
89 22 nan 0.837204
90 22 nan 0.860019
91 22 nan 0.878323
92 22 nan 0.660756
93 22 nan 0.339244
94 22 nan 0.119203
95 22 nan 0.034445
96 22 nan 0.009316
97 22 nan 0.002473
98 22 nan 0.000653
99 22 nan 0.000172
100 22 nan 0.000045
101 22 nan 0.000172
102 22 nan 0.000653
103 22 nan 0.002473
104 22 nan 0.009316
105 22 nan 0.034445
106 22 nan 0.119203
107 22 nan 0.339244
108 22 nan 0.660756
109 22 nan 0.878323
110 22 nan 0.860019
111 22 nan 0.837204
112 22 nan 0.808933
113 22 nan 0.774189
114 22 nan 0.731988
115 22 nan 0.681581
116 22 nan 0.622736
117 22 nan 0.556073
118 22 nan 0.483345
119 22 nan 0.407492
120 22 nan 0.332318
121 22 nan 0.261801
122 22 nan 0.199259
123 22 nan 0.146731
124 22 nan 0.104790
125 22 nan 0.072787
126 22 nan 0.049315
127 22 nan 0.032677
128 22 nan 0.021223
129 22 nan 0.013536
130 22 nan 0.008489
131 22 nan 0.005241
132 22 nan 0.003188
133 22 nan 0.001911
134 22 nan 0.001130
135 22 nan 0.000659
136 22 nan 0.000380
137 22 nan 0.000216
138 22 nan 0.000121
139 22 nan 0.000067
140 22 nan 0.000037
141 22 nan 0.000020
142 22 nan 0.000011
143 22 nan 0.000006
144 22 nan 0.000003
145 22 nan 0.000002
146 22 nan 0.000001
147 22 nan 0.000000
148 22 nan 0.000000
149 22 nan 0.000000
150 22 nan 0.000000
151 22 nan 0.000000
152 22 nan 0.000000
153 22 nan 0.000000
154 22 nan 0.000000
155 22 nan 0.000000
156 22 nan 0.000000
157 22 nan 0.000000
158 22 nan 0.000000
159 22 nan 0.000000
160 22 nan 0.000000
161 22 nan 0.000000
162 22 nan 0.000000
163 22 nan 0.000000
164 22 nan 0.000000
165 22 nan 0.000000
166 22 nan 0.000000
167 22 nan 0.000000
168 22 nan 0.000000
169 22 nan 0.000000
170 22 nan 0.000000
171 22 nan 0.000000
172 22 nan 0.000000
173 22 nan 0.000000
174 22 nan 0.000000
175 22 nan 0.000000
176 22 nan 0.000000
177 22 nan 0.000000
178 22 nan 0.000000
179 22 nan 0.000000
180 22 nan 0.000000
181 22 nan 0.000000
182 22 nan 0.000000
183 22 nan 0.000000
184 22 nan 0.000000
185 22 nan 0.000000
186 22 nan 0.000000
187 22 nan 0.000000
188 22 nan 0.000000
189 22 nan 0.000000
190 22 nan 0.000000
191 22 nan 0.000000
192 22 nan 0.000000
193 22 nan 0.000000
194 22 nan 0.000000
195 22 nan 0.000000
196 22 nan 0.000000
197 22 nan 0.000000
198 22 nan 0.000000
199 22 nan 0.000000
0 23 nan 0.000000
1 23 nan 0.000000
2 23 nan 0.000000
3 23 nan 0.000000
4 23 nan 0.000000
5 23 nan 0.000000
6 23 nan 0.000000
7 23 nan 0.000000
8 23 nan 0.000000
9 23 nan 0.000000
10 23 nan 0.000000
11 23 nan 0.000000
12 23 nan 0.000000
13 23 nan 0.000000
14 23 nan 0.000000
15 23 nan 0.000000
16 23 nan 0.000000
17 23 nan 0.000000
18 23 nan 0.000000
19 23 nan 0.000000
20 23 nan 0.000000
21 23 nan 0.000000
22 23 nan 0.000000
23 23 nan 0.000000
24 23 nan 0.000000
25 23 nan 0.000000
26 23 nan 0.000000
27 23 nan 0.000000
28 23 nan 0.000000
29 23 nan 0.000000
30 23 nan 0.000000
31 23 nan 0.000000
32 23 nan 0.000000
33 23 nan 0.000000
34 23 nan 0.000000
35 23 nan 0.000000
36 23 nan 0.000000
37 23 nan 0.000000
38 23 nan 0.000000
39 23 nan 0.000000
40 23 nan 0.000000
41 23 nan 0.000000
42 23 nan 0.000000
43 23 nan 0.000000
44 23 nan 0.000000
45 23 nan 0.000000
46 23 nan 0.000000
47 23 nan 0.000000
48 23 nan 0.000000
49 23 nan 0.000000
50 23 nan 0.000000
51 23 nan 0.000000
52 23 nan 0.000001
53 23 nan 0.000001
54 23 nan 0.000002
55 23 nan 0.000005
56 23 nan 0.000009
57 23 nan 0.000018
58 23 nan 0.000034
59 23 nan 0.000065
60 23 nan 0.000120
61 23 nan 0.000221
62 23 nan 0.000401
63 23 nan 0.000718
64 23 nan 0.001271
65 23 nan 0.002219
66 23 nan 0.003822
67 23 nan 0.006488
68 23 nan 0.010848
69 23 nan 0.017845
70 23 nan 0.028832
71 23 nan 0.045651
72 23 nan 0.070620
73 23 nan 0.106333
74 23 nan 0.155137
75 23 nan 0.218282
76 23 nan 0.294955
77 23 nan 0.381723
78 23 nan 0.472957
79 23 nan 0.562249
80 23 nan 0.644126
81 23 nan 0.715172
82 23 nan 0.774189
83 23 nan 0.821656
84 23 nan 0.858996
85 23 nan 0.887962
86 23 nan 0.910261
87 23 nan 0.927377
88 23 nan 0.940516
89 23 nan 0.950625
90 23 nan 0.958426
91 23 nan 0.880797
92 23 nan 0.660756
93 23 nan 0.339244
94 23 nan 0.119203
95 23 nan 0.034445
96 23 nan 0.009316
97 23 nan 0.002473
98 23 nan 0.000653
99 23 nan 0.000172
100 23 nan 0.000045
101 23 nan 0.000172
102 23 nan 0.000653
103 23 nan 0.002473
104 23 nan 0.009316
105 23 nan 0.034445
106 23 nan 0.119203
107 23 nan 0.339244
108 23 nan 0.660756
109 23 nan 0.880797
110 23 nan 0.958426
111 23 nan 0.950625
112 23 nan 0.940516
113 23 nan 0.927377
114 23 nan 0.910261
115 23 nan 0.887962
116 23 nan 0.858996
117 23 nan 0.821656
118 23 nan 0.774189
119 23 nan 0.715172
120 23 nan 0.644126
121 23 nan 0.562249
122 23 nan 0.472957
123 23 nan 0.381723
124 23 nan 0.294955
125 23 nan 0.218282
126 23 nan 0.155137
127 23 nan 0.106333
128 23 nan 0.070620
129 23 nan 0.045651
130 23 nan 0.028832
131 23 nan 0.017845
132 23 nan 0.010848
133 23 nan 0.006488
134 23 nan 0.003822
135 23 nan 0.002219
136 23 nan 0.001271
137 23 nan 0.000718
138 23 nan 0.000401
139 23 nan 0.000221
140 23 nan 0.000120
141 23 nan 0.000065
142 23 nan 0.000034
143 23 nan 0.000018
144 23 nan 0.000009
145 23 nan 0.000005
146 23 nan 0.000002
147 23 nan 0.000001
148 23 nan 0.000001
149 23 nan 0.000000
150 23 nan 0.000000
151 23 nan 0.000000
152 23 nan 0.000000
153 23 nan 0.000000
154 23 nan 0.000000
155 23 nan 0.000000
156 23 nan 0.000000
157 23 nan 0.000000
158 23 nan 0.000000
159 23 nan 0.000000
160 23 nan 0.000000
161 23 nan 0.000000
162 23 nan 0.000000
163 23 nan 0.000000
164 23 nan 0.000000
165 23 nan 0.000000
166 23 nan 0.000000
167 23 nan 0.000000
168 23 nan 0.000000
169 23 nan 0.000000
170 23 nan 0.000000
171 23 nan 0.000000
172 23 nan 0.000000
173 23 nan 0.000000
174 23 nan 0.000000
175 23 nan 0.000000
176 23 nan 0.000000
177 23 nan 0.000000
178 23 nan 0.000000
179 23 nan 0.000000
180 23 nan 0.000000
181 23 nan 0.000000
182 23 nan 0.000000
183 23 nan 0.000000
184 23 nan 0.000000
185 23 nan 0.000000
186 23 nan 0.000000
187 23 nan 0.000000
188 23 nan 0.000000
189 23 nan 0.000000
190 23 nan 0.000000
191 23 nan 0.000000
192 23 nan 0.000000
193 23 nan 0.000000
194 23 nan 0.000000
195 23 nan 0.000000
196 23 nan 0.000000
197 23 nan 0.000000
198 23 nan 0.000000
199 23 nan 0.000000
0 24 nan 0.000000
1 24 nan 0.000000
2 24 nan 0.000000
3 24 nan 0.000000
4 24 nan 0.000000
5 24 nan 0.000000
6 24 nan 0.000000
7 24 nan 0.000000
8 24 nan 0.000000
9 24 nan 0.000000
10 24 nan 0.000000
11 24 nan 0.000000
12 24 nan 0.000000
13 24 nan 0.000000
14 24 nan 0.000000
15 24 nan 0.000000
16 24 nan 0.000000
17 24 nan 0.000000
18 24 nan 0.000000
19 24 nan 0.000000
20 24 nan 0.000000
21 24 nan 0.000000
22 24 nan 0.000000
23 24 nan 0.000000
24 24 nan 0.000000
25 24 nan 0.000000
26 24 nan 0.000000
27 24 nan 0.000000
28 24 nan 0.000000
29 24 nan 0.000000
30 24 nan 0.000000
31 24 nan 0.000000
32 24 nan 0.000000
33 24 nan 0.000000
34 24 nan 0.000000
35 24 nan 0.000000
36 24 nan 0.000000
37 24 nan 0.000000
38 24 nan 0.000000
39 24 nan 0.000000
40 24 nan 0.000000
41 24 nan 0.000000
42 24 nan 0.000000
43 24 nan 0.000000
44 24 nan 0.000000
45 24 nan 0.000000
46 24 nan 0.000000
47 24 nan 0.000000
48 24 nan 0.000000
49 24 nan 0.000000
50 24 nan 0.000000
51 24 nan 0.000001
52 24 nan 0.000002
53 24 nan 0.000004
54 24 nan 0.000008
55 24 nan 0.000015
56 24 nan 0.000030
57 24 nan 0.000058
58 24 nan 0.000110
59 24 nan 0.000209
60 24 nan 0.000392
61 24 nan 0.000724
62 24 nan 0.001322
63 24 nan 0.002382
64 24 nan 0.004235
65 24 nan 0.007421
66 24 nan 0.012807
67 24 nan 0.021731
68 24 nan 0.036165
69 24 nan 0.058839
70 24 nan 0.093154
71 24 nan 0.142674
72 24 nan 0.209971
73 24 nan 0.294955
74 24 nan 0.393540
75 24 nan 0.497917
76 24 nan 0.598869
77 24 nan 0.688824
78 24 nan 0.763708
79 24 nan 0.822891
80 24 nan 0.867989
81 24 nan 0.901558
82 24 nan 0.926219
83 24 nan 0.944233
84 24 nan 0.957388
85 24 nan 0.967026
86 24 nan 0.974128
87 24 nan 0.979398
88 24 nan 0.983340
89 24 nan 0.986312
90 24 nan 0.965555
91 24 nan 0.880797
92 24 nan 0.660756
93 24 nan 0.339244
94 24 nan 0.119203
95 24 nan 0.034445
96 24 nan 0.009316
97 24 nan 0.002473
98 24 nan 0.000653
99 24 nan 0.000172
100 24 nan 0.000045
101 24 nan 0.000172
102 24 nan 0.000653
103 24 nan 0.002473
104 24 nan 0.009316
105 24 nan 0.034445
106 24 nan 0.119203
107 24 nan 0.339244
108 24 nan 0.660756
109 24 nan 0.880797
110 24 nan 0.965555
111 24 nan 0.986312
112 24 nan 0.983340
113 24 nan 0.979398
114 24 nan 0.974128
115 24 nan 0.967026
116 24 nan 0.957388
117 24 nan 0.944233
118 24 nan 0.926219
119 24 nan 0.901558
120 24 nan 0.867989
121 24 nan 0.822891
122 24 nan 0.763708
123 24 nan 0.688824
124 24 nan 0.598869
125 24 nan 0.497917
126 24 nan 0.393540
127 24 nan 0.294955
128 24 nan 0.209971
129 24 nan 0.142674
130 24 nan 0.093154
131 24 nan 0.058839
132 24 nan 0.036165
133 24 nan 0.021731
134 24 nan 0.012807
135 24 nan 0.007421
136 24 nan 0.004235
137 24 nan 0.002382
138 24 nan 0.001322
139 24 nan 0.000724
140 24 nan 0.000392
141 24 nan 0.000209
142 24 nan 0.000110
143 24 nan 0.000058
144 24 nan 0.000030
145 24 nan 0.000015
146 24 nan 0.000008
147 24 nan 0.000004
148 24 nan 0.000002
149 24 nan 0.000001
150 24 nan 0.000000
151 24 nan 0.000000
152 24 nan 0.000000
153 24 nan 0.000000
154 24 nan 0.000000
155 24 nan 0.000000
156 24 nan 0.000000
157 24 nan 0.000000
158 24 nan 0.000000
159 24 nan 0.000000
160 24 nan 0.000000
161 24 nan 0.000000
162 24 nan 0.000000
163 24 nan 0.000000
164 24 nan 0.000000
165 24 nan 0.000000
166 24 nan 0.000000
167 24 nan 0.000000
168 24 nan 0.000000
169 24 nan 0.000000
170 24 nan 0.000000
171 24 nan 0.000000
172 24 nan 0.000000
173 24 nan 0.000000
174 24 nan 0.000000
175 24 nan 0.000000
176 24 nan 0.000000
177 24 nan 0.000000
178 24 nan 0.000000
179 24 nan 0.000000
180 24 nan 0.000000
181 24 nan 0.000000
182 24 nan 0.000000
183 24 nan 0.000000
184 24 nan 0.000000
185 24 nan 0.000000
186 24 nan 0.000000
187 24 nan 0.000000
188 24 nan 0.000000
189 24 nan 0.000000
190 24 nan 0.000000
191 24 nan 0.000000
192 24 nan 0.000000
193 24 nan 0.000000
194 24 nan 0.000000
195 24 nan 0.000000
196 24 nan 0.000000
197 24 nan 0.000000
198 24 nan 0.000000
199 24 nan 0.000000
0 25 nan 0.000000
1 25 nan 0.000000
2 25 nan 0.000000
3 25 nan 0.000000
4 25 nan 0.000000
5 25 nan 0.000000
6 25 nan 0.000000
7 25 nan 0.000000
8 25 nan 0.000000
9 25 nan 0.000000
10 25 nan 0.000000
11 25 nan 0.000000
12 25 nan 0.000000
13 25 nan 0.000000
14 25 nan 0.000000
15 25 nan 0.000000
16 25 nan 0.000000
17 25 nan 0.000000
18 25 nan 0.000000
19 25 nan 0.000000
20 25 nan 0.000000
21 25 nan 0.000000
22 25 nan 0.000000
23 25 nan 0.000000
24 25 nan 0.000000
25 25 nan 0.000000
26 25 nan 0.000000
27 25 nan 0.000000
28 25 nan 0.000000
29 25 nan 0.000000
30 25 nan 0.000000
31 25 nan 0.000000
32 25 nan 0.000000
33 25 nan 0.000000
34 25 nan 0.000000
35 25 nan 0.000000
36 25 nan 0.000000
37 25 nan 0.000000
38 25 nan 0.000000
39 25 nan 0.000000
40 25 nan 0.000000
41 25 nan 0.000000
42 25 nan 0.000000
43 25 nan 0.000000
44 25 nan 0.000000
45 25 nan 0.000000
46 25 nan 0.000000
47 25 nan 0.000000
48 25 nan 0.000000
49 25 nan 0.000001
50 25 nan 0.000001
51 25 nan 0.000003
52 25 nan 0.000006
53 25 nan 0.000012
54 25 nan 0.000024
55 25 nan 0.000048
56 25 nan 0.000094
57 25 nan 0.000184
58 25 nan 0.000354
59 25 nan 0.000675
60 25 nan 0.001271
61 25 nan 0.002363
62 25 nan 0.004336
63 25 nan 0.007844
64 25 nan 0.013971
65 25 nan 0.024452
66 25 nan 0.041923
67 25 nan 0.070088
68 25 nan 0.113528
69 25 nan 0.176695
70 25 nan 0.261801
71 25 nan 0.366192
72 25 nan 0.481265
73 25 nan 0.594843
74 25 nan 0.695977
75 25 nan 0.778580
76 25 nan 0.841766
77 25 nan 0.887962
78 25 nan 0.920796
79 25 nan 0.943780
80 25 nan 0.959773
81 25 nan 0.970905
82 25 nan 0.978689
83 25 nan 0.984171
84 25 nan 0.988067
85 25 nan 0.990863
86 25 nan 0.992892
87 25 nan 0.994379
88 25 nan 0.995480
89 25 nan 0.990684
90 25 nan 0.965555
91 25 nan 0.880797
92 25 nan 0.660756
93 25 nan 0.339244
94 25 nan 0.119203
95 25 nan 0.034445
96 25 nan 0.009316
97 25 nan 0.002473
98 25 nan 0.000653
99 25 nan 0.000172
100 25 nan 0.000045
101 25 nan 0.000172
102 25 nan 0.000653
103 25 nan 0.002473
104 25 nan 0.009316
105 25 nan 0.034445
106 25 nan 0.119203
107 25 nan 0.339244
108 25 nan 0.660756
109 25 nan 0.880797
110 25 nan 0.965555
111 25 nan 0.990684
112 25 nan 0.995480
113 25 nan 0.994379
114 25 nan 0.992892
115 25 nan 0.990863
116 25 nan 0.988067
117 25 nan 0.984171
118 25 nan 0.978689
119 25 nan 0.970905
120 25 nan 0.959773
121 25 nan 0.943780
122 25 nan 0.920796
123 25 nan 0.887962
124 25 nan 0.841766
125 25 nan 0.778580
126 25 nan 0.695977
127 25 nan 0.594843
128 25 nan 0.481265
129 25 nan 0.366192
130 25 nan 0.261801
131 25 nan 0.176695
132 25 nan 0.113528
133 25 nan 0.070088
134 25 nan 0.041923
135 25 nan 0.024452
136 25 nan 0.013971
137 25 nan 0.007844
138 25 nan 0.004336
139 25 nan 0.002363
140 25 nan 0.001271
141 25 nan 0.000675
142 25 nan 0.000354
143 25 nan 0.000184
144 25 nan 0.000094
145 25 nan 0.000048
146 25 nan 0.000024
147 25 nan 0.000012
148 25 nan 0.000006
149 25 nan 0.000003
150 25 nan 0.000001
151 25 nan 0.000001
152 25 nan 0.000000
153 25 nan 0.000000
154 25 nan 0.000000
155 25 nan 0.000000
156 25 nan 0.000000
157 25 nan 0.000000
158 25 nan 0.000000
159 25 nan 0.000000
160 25 nan 0.000000
161 25 nan 0.000000
162 25 nan 0.000000
163 25 nan 0.000000
164 25 nan 0.000000
165 25 nan 0.000000
166 25 nan 0.000000
167 25 nan 0.000000
168 25 nan 0.000000
169 25 nan 0.000000
170 25 nan 0.000000
171 25 nan 0.000000
172 25 nan 0.000000
173 25 nan 0.000000
174 25 nan 0.000000
175 25 nan 0.000000
176 25 nan 0.000000
177 25 nan 0.000000
178 25 nan 0.000000
179 25 nan 0.000000
180 25 nan 0.000000
181 25 nan 0.000000
182 25 nan 0.000000
183 25 nan 0.000000
184 25 nan 0.000000
185 25 nan 0.000000
186 25 nan 0.000000
187 25 nan 0.000000
188 25 nan 0.000000
189 25 nan 0.000000
190 25 nan 0.000000
191 25 nan 0.000000
192 25 nan 0.000000
193 25 nan 0.000000
194 25 nan 0.000000
195 25 nan 0.000000
196 25 nan 0.000000
197 25 nan 0.000000
198 25 nan 0.000000
199 25 nan 0.000000
0 26 nan 0.000000
1 26 nan 0.000000
2 26 nan 0.000000
3 26 nan 0.000000
4 26 nan 0.000000
5 26 nan 0.000000
6 26 nan 0.000000
7 26 nan 0.000000
8 26 nan 0.000000
9 26 nan 0.000000
10 26 nan 0.000000
11 26 nan 0.000000
12 26 nan 0.000000
13 26 nan 0.000000
14 26 nan 0.000000
15 26 nan 0.000000
16 26 nan 0.000000
17 26 nan 0.000000
18 26 nan 0.000000
19 26 nan 0.000000
20 26 nan 0.000000
21 26 nan 0.000000
22 26 nan 0.000000
23 26 nan 0.000000
24 26 nan 0.000000
25 26 nan 0.000000
26 26 nan 0.000000
27 26 nan 0.000000
28 26 nan 0.000000
29 26 nan 0.000000
30 26 nan 0.000000
31 26 nan 0.000000
32 26 nan 0.000000
33 26 nan 0.000000
34 26 nan 0.000000
35 26 nan 0.000000
36 26 nan 0.000000
37 26 nan 0.000000
38 26 nan 0.000000
39 26 nan 0.000000
40 26 nan 0.000000
41 26 nan 0.000000
42 26 nan 0.000000
43 26 nan 0.000000
44 26 nan 0.000000
45 26 nan 0.000000
46 26 nan 0.000000
47 26 nan 0.000000
48 26 nan 0.000001
49 26 nan 0.000002
50 26 nan 0.000004
51 26 nan 0.000009
52 26 nan 0.000018
53 26 nan 0.000036
54 26 nan 0.000074
55 26 nan 0.000149
56 26 nan 0.000296
57 26 nan 0.000582
58 26 nan 0.001130
59 26 nan 0.002167
60 26 nan 0.004103
61 26 nan 0.007660
62 26 nan 0.014081
63 26 nan 0.025431
64 26 nan 0.044950
65 26 nan 0.077307
66 26 nan 0.128295
67 26 nan 0.203226
68 26 nan 0.303623
69 26 nan 0.423630
70 26 nan 0.549880
71 26 nan 0.666839
72 26 nan 0.763708
73 26 nan 0.837204
74 26 nan 0.889642
75 26 nan 0.925633
76 26 nan 0.949814
77 26 nan 0.965911
78 26 nan 0.976614
79 26 nan 0.983761
80 26 nan 0.988569
81 26 nan 0.991835
82 26 nan 0.994077
83 26 nan 0.995635
84 26 nan 0.996731
85 26 nan 0.997511
86 26 nan 0.998073
87 26 nan 0.998482
88 26 nan 0.997527
89 26 nan 0.990684
90 26 nan 0.965555
91 26 nan 0.880797
92 26 nan 0.660756
93 26 nan 0.339244
94 26 nan 0.119203
95 26 nan 0.034445
96 26 nan 0.009316
97 26 nan 0.002473
98 26 nan 0.000653
99 26 nan 0.000172
100 26 nan 0.000045
101 26 nan 0.000172
102 26 nan 0.000653
103 26 nan 0.002473
104 26 nan 0.009316
105 26 nan 0.034445
106 26 nan 0.119203
107 26 nan 0.339244
108 26 nan 0.660756
109 26 nan 0.880797
110 26 nan 0.965555
111 26 nan 0.990684
112 26 nan 0.997527
113 26 nan 0.998482
114 26 nan 0.998073
115 26 nan 0.997511
116 26 nan 0.996731
117 26 nan 0.995635
118 26 nan 0.994077
119 26 nan 0.991835
120 26 nan 0.988569
121 26 nan 0.983761
122 26 nan 0.976614
123 26 nan 0.965911
124 26 nan 0.949814
125 26 nan 0.925633
126 26 nan 0.889642
127 26 nan 0.837204
128 26 nan 0.763708
129 26 nan 0.666839
130 26 nan 0.549880
131 26 nan 0.423630
132 26 nan 0.303623
133 26 nan 0.203226
134 26 nan 0.128295
135 26 nan 0.077307
136 26 nan 0.044950
137 26 nan 0.025431
138 26 nan 0.014081
139 26 nan 0.007660
140 26 nan 0.004103
141 26 nan 0.002167
142 26 nan 0.001130
143 26 nan 0.000582
144 26 nan 0.000296
145 26 nan 0.000149
146 26 nan 0.000074
147 26 nan 0.000036
148 26 nan 0.000018
149 26 nan 0.000009
150 26 nan 0.000004
151 26 nan 0.000002
152 26 nan 0.000001
153 26 nan 0.000000
154 26 nan 0.000000
155 26 nan 0.000000
156 26 nan 0.000000
157 26 nan 0.000000
158 26 nan 0.000000
159 26 nan 0.000000
160 26 nan 0.000000
161 26 nan 0.000000
162 26 nan 0.000000
163 26 nan 0.000000
164 26 nan 0.000000
165 26 nan 0.000000
166 26 nan 0.000000
167 26 nan 0.000000
168 26 nan 0.000000
169 26 nan 0.000000
170 26 nan 0.000000
171 26 nan 0.000000
172 26 nan 0.000000
173 26 nan 0.000000
174 26 nan 0.000000
175 26 nan 0.000000
176 26 nan 0.000000
177 26 nan 0.000000
178 26 nan 0.000000
179 26 nan 0.000000
180 26 nan 0.000000
181 26 nan 0.000000
182 26 nan 0.000000
183 26 nan 0.000000
184 26 nan 0.000000
185 26 nan 0.000000
186 26 nan 0.000000
187 26 nan 0.000000
188 26 nan 0.000000
189 26 nan 0.000000
190 26 nan 0.000000
191 26 nan 0.000000
192 26 nan 0.000000
193 26 nan 0.000000
194 26 nan 0.000000
195 26 nan 0.000000
196 26 nan 0.000000
197 26 nan 0.000000
198 26 nan 0.000000
199 26 nan 0.000000
0 27 nan 0.000000
1 27 nan 0.000000
2 27 nan 0.000000
3 27 nan 0.000000
4 27 nan 0.000000
5 27 nan 0.000000
6 27 nan 0.000000
7 27 nan 0.000000
8 27 nan 0.000000
9 27 nan 0.000000
10 27 nan 0.000000
11 27 nan 0.000000
12 27 nan 0.000000
13 27 nan 0.000000
14 27 nan 0.000000
15 27 nan 0.000000
16 27 nan 0.000000
17 27 nan 0.000000
18 27 nan 0.000000
19 27 nan 0.000000
20 27 nan 0.000000
21 27 nan 0.000000
22 27 nan 0.000000
23 27 nan 0.000000
24 27 nan 0.000000
25 27 nan 0.000000
26 27 nan 0.000000
27 27 nan 0.000000
28 27 nan 0.000000
29 27 nan 0.000000
30 27 nan 0.000000
31 27 nan 0.000000
32 27 nan 0.000000
33 27 nan 0.000000
34 27 nan 0.000000
35 27 nan 0.000000
36 27 nan 0.000000
37 27 nan 0.000000
38 27 nan 0.000000
39 27 nan 0.000000
40 27 nan 0.000000
41 27 nan 0.000000
42 27 nan 0.000000
43 27 nan 0.000000
44 27 nan 0.000000
45 27 nan 0.000000
46 27 nan 0.000001
47 27 nan 0.000001
48 27 nan 0.000003
49 27 nan 0.000006
50 27 nan 0.000012
51 27 nan 0.000026
52 27 nan 0.000054
53 27 nan 0.000112
54 27 nan 0.000230
55 27 nan 0.000465
56 27 nan 0.000929
57 27 nan 0.001838
58 27 nan 0.003588
59 27 nan 0.006911
60 27 nan 0.013115
61 27 nan 0.024452
62 27 nan 0.044603
63 27 nan 0.079068
64 27 nan 0.134843
65 27 nan 0.218282
66 27 nan 0.330484
67 27 nan 0.462596
68 27 nan 0.596858
69 27 nan 0.715172
70 27 nan 0.807624
71 27 nan 0.873714
72 27 nan 0.918272
73 27 nan 0.947306
74 27 nan 0.965911
75 27 nan 0.977769
76 27 nan 0.985342
77 27 nan 0.990210
78 27 nan 0.993369
79 27 nan 0.995441
80 27 nan 0.996816
81 27 nan 0.997741
82 27 nan 0.998371
83 27 nan 0.998806
84 27 nan 0.999110
85 27 nan 0.999325
86 27 nan 0.999479
87 27 nan 0.999347
88 27 nan 0.997527
89 27 nan 0.990684
90 27 nan 0.965555
91 27 nan 0.880797
92 27 nan 0.660756
93 27 nan 0.339244
94 27 nan 0.119203
95 27 nan 0.034445
96 27 nan 0.009316
97 27 nan 0.002473
98 27 nan 0.000653
99 27 nan 0.000172
100 27 nan 0.000045
101 27 nan 0.000172
102 27 nan 0.000653
103 27 nan 0.002473
104 27 nan 0.009316
105 27 nan 0.034445
106 27 nan 0.119203
107 27 nan 0.339244
108 27 nan 0.660756
109 27 nan 0.880797
110 27 nan 0.965555
111 27 nan 0.990684
112 27 nan 0.997527
113 27 nan 0.999347
114 27 nan 0.999479
115 27 nan 0.999325
116 27 nan 0.999110
117 27 nan 0.998806
118 27 nan 0.998371
119 27 nan 0.997741
120 27 nan 0.996816
121 27 nan 0.995441
122 27 nan 0.993369
123 27 nan 0.990210
124 27 nan 0.985342
125 27 nan 0.977769
126 27 nan 0.965911
127 27 nan 0.947306
128 27 nan 0.918272
129 27 nan 0.873714
130 27 nan 0.807624
131 27 nan 0.715172
132 27 nan 0.596858
133 27 nan 0.462596
134 27 nan 0.330484
135 27 nan 0.218282
136 27 nan 0.134843
137 27 nan 0.079068
138 27 nan 0.044603
139 27 nan 0.024452
140 27 nan 0.013115
141 27 nan 0.006911
142 27 nan 0.003588
143 27 nan 0.001838
144 27 nan 0.000929
145 27 nan 0.000465
146 27 nan 0.000230
147 27 nan 0.000112
148 27 nan 0.000054
149 27 nan 0.000026
150 27 nan 0.000012
151 27 nan 0.000006
152 27 nan 0.000003
153 27 nan 0.000001
154 27 nan 0.000001
155 27 nan 0.000000
156 27 nan 0.000000
157 27 nan 0.000000
158 27 nan 0.000000
159 27 nan 0.000000
160 27 nan 0.000000
161 27 nan 0.000000
162 27 nan 0.000000
163 27 nan 0.000000
164 27 nan 0.000000
165 27 nan 0.000000
166 27 nan 0.000000
167 27 nan 0.000000
168 27 nan 0.000000
169 27 nan 0.000000
170 27 nan 0.000000
171 27 nan 0.000000
172 27 nan 0.000000
173 27 nan 0.000000
174 27 nan 0.000000
175 27 nan 0.000000
176 27 nan 0.000000
177 27 nan 0.000000
178 27 nan 0.000000
179 27 nan 0.000000
180 27 nan 0.000000
181 27 nan 0.000000
182 27 nan 0.000000
183 27 nan 0.000000
184 27 nan 0.000000
185 27 nan 0.000000
186 27 nan 0.000000
187 27 nan 0.000000
188 27 nan 0.000000
189 27 nan 0.000000
190 27 nan 0.000000
191 27 nan 0.000000
192 27 nan 0.000000
193 27 nan 0.000000
194 27 nan 0.000000
195 27 nan 0.000000
196 27 nan 0.000000
197 27 nan 0.000000
198 27 nan 0.000000
199 27 nan 0.000000
0 28 nan 0.000000
1 28 nan 0.000000
2 28 nan 0.000000
3 28 nan 0.000000
4 28 nan 0.000000
5 28 nan 0.000000
6 28 nan 0.000000
7 28 nan 0.000000
8 28 nan 0.000000
9 28 nan 0.000000
10 28 nan 0.000000
11 28 nan 0.000000
12 28 nan 0.000000
13 28 nan 0.000000
14 28 nan 0.000000
15 28 nan 0.000000
16 28 nan 0.000000
17 28 nan 0.000000
18 28 nan 0.000000
19 28 nan 0.000000
20 28 nan 0.000000
21 28 nan 0.000000
22 28 nan 0.000000
23 28 nan 0.000000
24 28 nan 0.000000
25 28 nan 0.000000
26 28 nan 0.000000
27 28 nan 0.000000
28 28 nan 0.000000
29 28 nan 0.000000
30 28 nan 0.000000
31 28 nan 0.000000
32 28 nan 0.000000
33 28 nan 0.000000
34 28 nan 0.000000
35 28 nan 0.000000
36 28 nan 0.000000
37 28 nan 0.000000
38 28 nan 0.000000
39 28 nan 0.000000
40 28 nan 0.000000
41 28 nan 0.000000
42 28 nan 0.000000
43 28 nan 0.000000
44 28 nan 0.000000
45 28 nan 0.000001
46 28 nan 0.000002
47 28 nan 0.000004
48 28 nan 0.000008
49 28 nan 0.000017
50 28 nan 0.000037
51 28 nan 0.000078
52 28 nan 0.000165
53 28 nan 0.000343
54 28 nan 0.000707
55 28 nan 0.001441
56 28 nan 0.002900
57 28 nan 0.005762
58 28 nan 0.011286
59 28 nan 0.021731
60 28 nan 0.040958
61 28 nan 0.075015
62 28 nan 0.132002
63 28 nan 0.219691
64 28 nan 0.339708
65 28 nan 0.481265
66 28 nan 0.622736
67 28 nan 0.743385
68 28 nan 0.833714
69 28 nan 0.895351
70 28 nan 0.935031
71 28 nan 0.959773
72 28 nan 0.974984
73 28 nan 0.984305
74 28 nan 0.990040
75 28 nan 0.993595
76 28 nan 0.995822
77 28 nan 0.997234
78 28 nan 0.998140
79 28 nan 0.998729
80 28 nan 0.999117
81 28 nan 0.999377
82 28 nan 0.999553
83 28 nan 0.999674
84 28 nan 0.999758
85 28 nan 0.999817
86 28 nan 0.999828
87 28 nan 0.999347
88 28 nan 0.997527
89 28 nan 0.990684
90 28 nan 0.965555
91 28 nan 0.880797
92 28 nan 0.660756
93 28 nan 0.339244
94 28 nan 0.119203
95 28 nan 0.034445
96 28 nan 0.009316
97 28 nan 0.002473
98 28 nan 0.000653
99 28 nan 0.000172
100 28 nan 0.000045
101 28 nan 0.000172
102 28 nan 0.000653
103 28 nan 0.002473
104 28 nan 0.009316
105 28 nan 0.034445
106 28 nan 0.119203
107 28 nan 0.339244
108 28 nan 0.660756
109 28 nan 0.880797
110 28 nan 0.965555
111 28 nan 0.990684
112 28 nan 0.997527
113 28 nan 0.999347
114 28 nan 0.999828
115 28 nan 0.999817
116 28 nan 0.999758
117 28 nan 0.999674
118 28 nan 0.999553
119 28 nan 0.999377
120 28 nan 0.999117
121 28 nan 0.998729
122 28 nan 0.998140
123 28 nan 0.997234
124 28 nan 0.995822
125 28 nan 0.993595
126 28 nan 0.990040
127 28 nan 0.984305
128 28 nan 0.974984
129 28 nan 0.959773
130 28 nan 0.935031
131 28 nan 0.895351
132 28 nan 0.833714
133 28 nan 0.743385
134 28 nan 0.622736
135 28 nan 0.481265
136 28 nan 0.339708
137 28 nan 0.219691
138 28 nan 0.132002
139 28 nan 0.075015
140 28 nan 0.040958
141 28 nan 0.021731
142 28 nan 0.011286
143 28 nan 0.005762
144 28 nan 0.002900
145 28 nan 0.001441
146 28 nan 0.000707
147 28 nan 0.000343
148 28 nan 0.000165
149 28 nan 0.000078
150 28 nan 0.000037
151 28 nan 0.000017
152 28 nan 0.000008
153 28 nan 0.000004
154 28 nan 0.000002
155 28 nan 0.000001
156 28 nan 0.000000
157 28 nan 0.000000
158 28 nan 0.000000
159 28 nan 0.000000
160 28 nan 0.000000
161 28 nan 0.000000
162 28 nan 0.000000
163 28 nan 0.000000
164 28 nan 0.000000
165 28 nan 0.000000
166 28 nan 0.000000
167 28 nan 0.000000
168 28 nan 0.000000
169 28 nan 0.000000
170 28 nan 0.000000
171 28 nan 0.000000
172 28 nan 0.000000
173 28 nan 0.000000
174 28 nan 0.000000
175 28 nan 0.000000
176 28 nan 0.000000
177 28 nan 0.000000
178 28 nan 0.000000
179 28 nan 0.000000
180 28 nan 0.000000
181 28 nan 0.000000
182 28 nan 0.000000
183 28 nan 0.000000
184 28 nan 0.000000
185 28 nan 0.000000
186 28 nan 0.000000
187 28 nan 0.000000
188 28 nan 0.000000
189 28 nan 0.000000
190 28 nan 0.000000
191 28 nan 0.000000
192 28 nan 0.000000
193 28 nan 0.000000
194 28 nan 0.000000
195 28 nan 0.000000
196 28 nan 0.000000
197 28 nan 0.000000
198 28 nan 0.000000
199 28 nan 0.000000
0 29 nan 0.000000
1 29 nan 0.000000
2 29 nan 0.000000
3 29 nan 0.000000
4 29 nan 0.000000
5 29 nan 0.000000
6 29 nan 0.000000
7 29 nan 0.000000
8 29 nan 0.000000
9 29 nan 0.000000
10 29 nan 0.000000
11 29 nan 0.000000
12 29 nan 0.000000
13 29 nan 0.000000
14 29 nan 0.000000
15 29 nan 0.000000
16 29 nan 0.000000
17 29 nan 0.000000
18 29 nan 0.000000
19 29 nan 0.000000
20 29 nan 0.000000
21 29 nan 0.000000
22 29 nan 0.000000
23 29 nan 0.000000
24 29 nan 0.000000
25 29 nan 0.000000
26 29 nan 0.000000
27 29 nan 0.000000
28 29 nan 0.000000
29 29 nan 0.000000
30 29 nan 0.000000
31 29 nan 0.000000
32 29 nan 0.000000
33 29 nan 0.000000
34 29 nan 0.000000
35 29 nan 0.000000
36 29 nan 0.000000
37 29 nan 0.000000
38 29 nan 0.000000
39 29 nan 0.000000
40 29 nan 0.000000
41 29 nan 0.000000
42 29 nan 0.000000
43 29 nan 0.000000
44 29 nan 0.000001
45 29 nan 0.000002
46 29 nan 0.000005
47 29 nan 0.000010
48 29 nan 0.000023
49 29 nan 0.000051
50 29 nan 0.000110
51 29 nan 0.000235
52 29 nan 0.000498
53 29 nan 0.001045
54 29 nan 0.002167
55 29 nan 0.004440
56 29 nan 0.008972
57 29 nan 0.017845
58 29 nan 0.034783
59 29 nan 0.065964
60 29 nan 0.120281
61 29 nan 0.207253
62 29 nan 0.330484
63 29 nan 0.479187
64 29 nan 0.628619
65 29 nan 0.754466
66 29 nan 0.846225
67 29 nan 0.906721
68 29 nan 0.944233
69 29 nan 0.966750
70 29 nan 0.980085
71 29 nan 0.987964
72 29 nan 0.992641
73 29 nan 0.995441
74 29 nan 0.997135
75 29 nan 0.998172
76 29 nan 0.998816
77 29 nan 0.999221
78 29 nan 0.999479
79 29 nan 0.999646
80 29 nan 0.999755
81 29 nan 0.999828
82 29 nan 0.999877
83 29 nan 0.999911
84 29 nan 0.999934
85 29 nan 0.999950
86 29 nan 0.999828
87 29 nan 0.999347
88 29 nan 0.997527
89 29 nan 0.990684
90 29 nan 0.965555
91 29 nan 0.880797
92 29 nan 0.660756
93 29 nan 0.339244
94 29 nan 0.119203
95 29 nan 0.034445
96 29 nan 0.009316
97 29 nan 0.002473
98 29 nan 0.000653
99 29 nan 0.000172
100 29 nan 0.000045
101 29 nan 0.000172
102 29 nan 0.000653
103 29 nan 0.002473
104 29 nan 0.009316
105 29 nan 0.034445
106 29 nan 0.119203
107 29 nan 0.339244
108 29 nan 0.660756
109 29 nan 0.880797
110 29 nan 0.965555
111 29 nan 0.990684
112 29 nan 0.997527
113 29 nan 0.999347
114 29 nan 0.999828
115 29 nan 0.999950
116 29 nan 0.999934
117 29 nan 0.999911
118 29 nan 0.999877
119 29 nan 0.999828
120 29 nan 0.999755
121 29 nan 0.999646
122 29 nan 0.999479
123 29 nan 0.999221
124 29 nan 0.998816
125 29 nan 0.998172
126 29 nan 0.997135
127 29 nan 0.995441
128 29 nan 0.992641
129 29 nan 0.987964
130 29 nan 0.980085
131 29 nan 0.966750
132 29 nan 0.944233
133 29 nan 0.906721
134 29 nan 0.846225
135 29 nan 0.754466
136 29 nan 0.628619
137 29 nan 0.479187
138 29 nan 0.330484
139 29 nan 0.207253
140 29 nan 0.120281
141 29 nan 0.065964
142 29 nan 0.034783
143 29 nan 0.017845
144 29 nan 0.008972
145 29 nan 0.004440
146 29 nan 0.002167
147 29 nan 0.001045
148 29 nan 0.000498
149 29 nan 0.000235
150 29 nan 0.000110
151 29 nan 0.000051
152 29 nan 0.000023
153 29 nan 0.000010
154 29 nan 0.000005
155 29 nan 0.000002
156 29 nan 0.000001
157 29 nan 0.000000
158 29 nan 0.000000
159 29 nan 0.000000
160 29 nan 0.000000
161 29 nan 0.000000
162 29 nan 0.000000
163 29 nan 0.000000
164 29 nan 0.000000
165 29 nan 0.000000
166 29 nan 0.000000
167 29 nan 0.000000
168 29 nan 0.000000
169 29 nan 0.000000
170 29 nan 0.000000
171 29 nan 0.000000
172 29 nan 0.000000
173 29 nan 0.000000
174 29 nan 0.000000
175 29 nan 0.000000
176 29 nan 0.000000
177 29 nan 0.000000
178 29 nan 0.000000
179 29 nan 0.000000
180 29 nan 0.000000
181 29 nan 0.000000
182 29 nan 0.000000
183 29 nan 0.000000
184 29 nan 0.000000
185 29 nan 0.000000
186 29 nan 0.000000
187 29 nan 0.000000
188 29 nan 0.000000
189 29 nan 0.000000
190 29 nan 0.000000
191 29 nan 0.000000
192 29 nan 0.000000
193 29 nan 0.000000
194 29 nan 0.000000
195 29 nan 0.000000
196 29 nan 0.000000
197 29 nan 0.000000
198 29 nan 0.000000
199 29 nan 0.000000
0 30 nan 0.000000
1 30 nan 0.000000
2 30 nan 0.000000
3 30 nan 0.000000
4 30 nan 0.000000
5 30 nan 0.000000
6 30 nan 0.000000
7 30 nan 0.000000
8 30 nan 0.000000
9 30 nan 0.000000
10 30 nan 0.000000
11 30 nan 0.000000
12 30 nan 0.000000
13 30 nan 0.000000
14 30 nan 0.000000
15 30 nan 0.000000
16 30 nan 0.000000
17 30 nan 0.000000
18 30 nan 0.000000
19 30 nan 0.000000
20 30 nan 0.000000
21 30 nan 0.000000
22 30 nan 0.000000
23 30 nan 0.000000
24 30 nan 0.000000
25 30 nan 0.000000
26 30 nan 0.000000
27 30 nan 0.000000
28 30 nan 0.000000
29 30 nan 0.000000
30 30 nan 0.000000
31 30 nan 0.000000
32 30 nan 0.000000
33 30 nan 0.000000
34 30 nan 0.000000
35 30 nan 0.000000
36 30 nan 0.000000
37 30 nan 0.000000
38 30 nan 0.000000
39 30 nan 0.000000
40 30 nan 0.000000
41 30 nan 0.000000
42 30 nan 0.000000
43 30 nan 0.000001
44 30 nan 0.000003
45 30 nan 0.000006
46 30 nan 0.000014
47 30 nan 0.000030
48 30 nan 0.000068
49 30 nan 0.000149
50 30 nan 0.000325
51 30 nan 0.000702
52 30 nan 0.001498
53 30 nan 0.003163
54 30 nan 0.006591
55 30 nan 0.013536
56 30 nan 0.027292
57 30 nan 0.053670
58 30 nan 0.101765
59 30 nan 0.182751
60 30 nan 0.303623
61 30 nan 0.456397
62 30 nan 0.614837
63 30 nan 0.749756
64 30 nan 0.847324
65 30 nan 0.910261
66 30 nan 0.948155
67 30 nan 0.970166
68 30 nan 0.982763
69 30 nan 0.989954
70 30 nan 0.994077
71 30 nan 0.996463
72 30 nan 0.997857
73 30 nan 0.998683
74 30 nan 0.999178
75 30 nan 0.999479
76 30 nan 0.999665
77 30 nan 0.999781
78 30 nan 0.999854
79 30 nan 0.999901
80 30 nan 0.999932
81 30 nan 0.999953
82 30 nan 0.999966
83 30 nan 0.999976
84 30 nan 0.999982
85 30 nan 0.999955
86 30 nan 0.999828
87 30 nan 0.999347
88 30 nan 0.997527
89 30 nan 0.990684
90 30 nan 0.965555
91 30 nan 0.880797
92 30 nan 0.660756
93 30 nan 0.339244
94 30 nan 0.119203
95 30 nan 0.034445
96 30 nan 0.009316
97 30 nan 0.002473
98 30 nan 0.000653
99 30 nan 0.000172
100 30 nan 0.000045
101 30 nan 0.000172
102 30 nan 0.000653
103 30 nan 0.002473
104 30 nan 0.009316
105 30 nan 0.034445
106 30 nan 0.119203
107 30 nan 0.339244
108 30 nan 0.660756
109 30 nan 0.880797
110 30 nan 0.965555
111 30 nan 0.990684
112 30 nan 0.997527
113 30 nan 0.999347
114 30 nan 0.999828
115 30 nan 0.999955
116 30 nan 0.999982
117 30 nan 0.999976
118 30 nan 0.999966
119 30 nan 0.999953
120 30 nan 0.999932
121 30 nan 0.999901
122 30 nan 0.999854
123 30 nan 0.999781
124 30 nan 0.999665
125 30 nan 0.999479
126 30 nan 0.999178
127 30 nan 0.998683
128 30 nan 0.997857
129 30 nan 0.996463
130 30 nan 0.994077
131 30 nan 0.989954
132 30 nan 0.982763
133 30 nan 0.970166
134 30 nan 0.948155
135 30 nan 0.910261
136 30 nan 0.847324
137 30 nan 0.749756
138 30 nan 0.614837
139 30 nan 0.456397
140 30 nan 0.303623
141 30 nan 0.182751
142 30 nan 0.101765
143 30 nan 0.053670
144 30 nan 0.027292
145 30 nan 0.013536
146 30 nan 0.006591
147 30 nan 0.003163
148 30 nan 0.001498
149 30 nan 0.000702
150 30 nan 0.000325
151 30 nan 0.000149
152 30 nan 0.000068
153 30 nan 0.000030
154 30 nan 0.000014
155 30 nan 0.000006
156 30 nan 0.000003
157 30 nan 0.000001
158 30 nan 0.000000
159 30 nan 0.000000
160 30 nan 0.000000
161 30 nan 0.000000
162 30 nan 0.000000
163 30 nan 0.000000
164 30 nan 0.000000
165 30 nan 0.000000
166 30 nan 0.000000
167 30 nan 0.000000
168 30 nan 0.000000
169 30 nan 0.000000
170 30 nan 0.000000
171 30 nan 0.000000
172 30 nan 0.000000
173 30 nan 0.000000
174 30 nan 0.000000
175 30 nan 0.000000
176 30 nan 0.000000
177 30 nan 0.000000
178 30 nan 0.000000
179 30 nan 0.000000
180 30 nan 0.000000
181 30 nan 0.000000
182 30 nan 0.000000
183 30 nan 0.000000
184 30 nan 0.000000
185 30 nan 0.000000
186 30 nan 0.000000
187 30 nan 0.000000
188 30 nan 0.000000
189 30 nan 0.000000
190 30 nan 0.000000
191 30 nan 0.000000
192 30 nan 0.000000
193 30 nan 0.000000
194 30 nan 0.000000
195 30 nan 0.000000
196 30 nan 0.000000
197 30 nan 0.000000
198 30 nan 0.000000
199 30 nan 0.000000
0 31 nan 0.000000
1 31 nan 0.000000
2 31 nan 0.000000
3 31 nan 0.000000
4 31 nan 0.000000
5 31 nan 0.000000
6 31 nan 0.000000
7 31 nan 0.000000
8 31 nan 0.000000
9 31 nan 0.000000
10 31 nan 0.000000
11 31 nan 0.000000
12 31 nan 0.000000
13 31 nan 0.000000
14 31 nan 0.000000
15 31 nan 0.000000
16 31 nan 0.000000
17 31 nan 0.000000
18 31 nan 0.000000
19 31 nan 0.000000
20 31 nan 0.000000
21 31 nan 0.000000
22 31 nan 0.000000
23 31 nan 0.000000
24 31 nan 0.000000
25 31 nan 0.000000
26 31 nan 0.000000
27 31 nan 0.000000
28 31 nan 0.000000
29 31 nan 0.000000
30 31 nan 0.000000
31 31 nan 0.000000
32 31 nan 0.000000
33 31 nan 0.000000
34 31 nan 0.000000
35 31 nan 0.000000
36 31 nan 0.000000
37 31 nan 0.000000
38 31 nan 0.000000
39 31 nan 0.000000
40 31 nan 0.000000
41 31 nan 0.000001
42 31 nan 0.000001
43 31 nan 0.000003
44 31 nan 0.000007
45 31 nan 0.000017
46 31 nan 0.000039
47 31 nan 0.000088
48 31 nan 0.000197
49 31 nan 0.000437
50 31 nan 0.000959
51 31 nan 0.002084
52 31 nan 0.004475
53 31 nan 0.009483
54 31 nan 0.019771
55 31 nan 0.040327
56 31 nan 0.079663
57 31 nan 0.149838
58 31 nan 0.261801
59 31 nan 0.413521
60 31 nan 0.580663
61 31 nan 0.728675
62 31 nan 0.837204
63 31 nan 0.906721
64 31 nan 0.947732
65 31 nan 0.970905
66 31 nan 0.983761
67 31 nan 0.990863
68 31 nan 0.994803
69 31 nan 0.997006
70 31 nan 0.998251
71 31 nan 0.998964
72 31 nan 0.999377
73 31 nan 0.999620
74 31 nan 0.999764
75 31 nan 0.999851
76 31 nan 0.999905
77 31 nan 0.999938
78 31 nan 0.999959
79 31 nan 0.999972
80 31 nan 0.999981
81 31 nan 0.999987
82 31 nan 0.999991
83 31 nan 0.999993
84 31 nan 0.999988
85 31 nan 0.999955
86 31 nan 0.999828
87 31 nan 0.999347
88 31 nan 0.997527
89 31 nan 0.990684
90 31 nan 0.965555
91 31 nan 0.880797
92 31 nan 0.660756
93 31 nan 0.339244
94 31 nan 0.119203
95 31 nan 0.034445
96 31 nan 0.009316
97 31 nan 0.002473
98 31 nan 0.000653
99 31 nan 0.000172
100 31 nan 0.000045
101 31 nan 0.000172
102 31 nan 0.000653
103 31 nan 0.002473
104 31 nan 0.009316
105 31 nan 0.034445
106 31 nan 0.119203
107 31 nan 0.339244
108 31 nan 0.660756
109 31 nan 0.880797
110 31 nan 0.965555
111 31 nan 0.990684
112 31 nan 0.997527
113 31 nan 0.999347
114 31 nan 0.999828
115 31 nan 0.999955
116 31 nan 0.999988
117 31 nan 0.999993
118 31 nan 0.999991
119 31 nan 0.999987
120 31 nan 0.999981
121 31 nan 0.999972
122 31 nan 0.999959
123 31 nan 0.999938
124 31 nan 0.999905
125 31 nan 0.999851
126 31 nan 0.999764
127 31 nan 0.999620
128 31 nan 0.999377
129 31 nan 0.998964
130 31 nan 0.998251
131 31 nan 0.997006
132 31 nan 0.994803
133 31 nan 0.990863
134 31 nan 0.983761
135 31 nan 0.970905
136 31 nan 0.947732
137 31 nan 0.906721
138 31 nan 0.837204
139 31 nan 0.728675
140 31 nan 0.580663
141 31 nan 0.413521
142 31 nan 0.261801
143 31 nan 0.149838
144 31 nan 0.079663
145 31 nan 0.040327
146 31 nan 0.019771
147 31 nan 0.009483
148 31 nan 0.004475
149 31 nan 0.002084
150 31 nan 0.000959
151 31 nan 0.000437
152 31 nan 0.000197
153 31 nan 0.000088
154 31 nan 0.000039
155 31 nan 0.000017
156 31 nan 0.000007
157 31 nan 0.000003
158 31 nan 0.000001
159 31 nan 0.000001
160 31 nan 0.000000
161 31 nan 0.000000
162 31 nan 0.000000
163 31 nan 0.000000
164 31 nan 0.000000
165 31 nan 0.000000
166 31 nan 0.000000
167 31 nan 0.000000
168 31 nan 0.000000
169 31 nan 0.000000
170 31 nan 0.000000
171 31 nan 0.000000
172 31 nan 0.000000
173 31 nan 0.000000
174 31 nan 0.000000
175 31 nan 0.000000
176 31 nan 0.000000
177 31 nan 0.000000
178 31 nan 0.000000
179 31 nan 0.000000
180 31 nan 0.000000
181 31 nan 0.000000
182 31 nan 0.000000
183 31 nan 0.000000
184 31 nan 0.000000
185 31 nan 0.000000
186 31 nan 0.000000
187 31 nan 0.000000
188 31 nan 0.000000
189 31 nan 0.000000
190 31 nan 0.000000
191 31 nan 0.000000
192 31 nan 0.000000
193 31 nan 0.000000
194 31 nan 0.000000
195 31 nan 0.000000
196 31 nan 0.000000
197 31 nan 0.000000
198 31 nan 0.000000
199 31 nan 0.000000
0 32 nan 0.000000
1 32 nan 0.000000
2 32 nan 0.000000
3 32 nan 0.000000
4 32 nan 0.000000
5 32 nan 0.000000
6 32 nan 0.000000
7 32 nan 0.000000
8 32 nan 0.000000
9 32 nan 0.000000
10 32 nan 0.000000
11 32 nan 0.000000
12 32 nan 0.000000
13 32 nan 0.000000
14 32 nan 0.000000
15 32 nan 0.000000
16 32 nan 0.000000
17 32 nan 0.000000
18 32 nan 0.000000
19 32 nan 0.000000
20 32 nan 0.000000
21 32 nan 0.000000
22 32 nan 0.000000
23 32 nan 0.000000
24 32 nan 0.000000
25 32 nan 0.000000
26 32 nan 0.000000
27 32 nan 0.000000
28 32 nan 0.000000
29 32 nan 0.000000
30 32 nan 0.000000
31 32 nan 0.000000
32 32 nan 0.000000
33 32 nan 0.000000
34 32 nan 0.000000
35 32 nan 0.000000
36 32 nan 0.000000
37 32 nan 0.000000
38 32 nan 0.000000
39 32 nan 0.000000
40 32 nan 0.000001
41 32 nan 0.000002
42 32 nan 0.000004
43 32 nan 0.000009
44 32 nan 0.000021
45 32 nan 0.000048
46 32 nan 0.000110
47 32 nan 0.000252
48 32 nan 0.000569
49 32 nan 0.001271
50 32 nan 0.002810
51 32 nan 0.006138
52 32 nan 0.013219
53 32 nan 0.027942
54 32 nan 0.057504
55 32 nan 0.113528
56 32 nan 0.209971
57 32 nan 0.352833
58 32 nan 0.524991
59 32 nan 0.688824
60 32 nan 0.814103
61 32 nan 0.895351
62 32 nan 0.942865
63 32 nan 0.969153
64 32 nan 0.983340
65 32 nan 0.990942
66 32 nan 0.995025
67 32 nan 0.997234
68 32 nan 0.998441
69 32 nan 0.999110
70 32 nan 0.999484
71 32 nan 0.999696
72 32 nan 0.999819
73 32 nan 0.999890
74 32 nan 0.999932
75 32 nan 0.999958
76 32 nan 0.999973
77 32 nan 0.999983
78 32 nan 0.999988
79 32 nan 0.999992
80 32 nan 0.999995
81 32 nan 0.999996
82 32 nan 0.999997
83 32 nan 0.999997
84 32 nan 0.999988
85 32 nan 0.999955
86 32 nan 0.999828
87 32 nan 0.999347
88 32 nan 0.997527
89 32 nan 0.990684
90 32 nan 0.965555
91 32 nan 0.880797
92 32 nan 0.660756
93 32 nan 0.339244
94 32 nan 0.119203
95 32 nan 0.034445
96 32 nan 0.009316
97 32 nan 0.002473
98 32 nan 0.000653
99 32 nan 0.000172
100 32 nan 0.000045
101 32 nan 0.000172
102 32 nan 0.000653
103 32 nan 0.002473
104 32 nan 0.009316
105 32 nan 0.034445
106 32 nan 0.119203
107 32 nan 0.339244
108 32 nan 0.660756
109 32 nan 0.880797
110 32 nan 0.965555
111 32 nan 0.990684
112 32 nan 0.997527
113 32 nan 0.999347
114 32 nan 0.999828
115 32 nan 0.999955
116 32 nan 0.999988
117 32 nan 0.999997
118 32 nan 0.999997
119 32 nan 0.999996
120 32 nan 0.999995
121 32 nan 0.999992
122 32 nan 0.999988
123 32 nan 0.999983
124 32 nan 0.999973
125 32 nan 0.999958
126 32 nan 0.999932
127 32 nan 0.999890
128 32 nan 0.999819
129 32 nan 0.999696
130 32 nan 0.999484
131 32 nan 0.999110
132 32 nan 0.998441
133 32 nan 0.997234
134 32 nan 0.995025
135 32 nan 0.990942
136 32 nan 0.983340
137 32 nan 0.969153
138 32 nan 0.942865
139 32 nan 0.895351
140 32 nan 0.814103
141 32 nan 0.688824
142 32 nan 0.524991
143 32 nan 0.352833
144 32 nan 0.209971
145 32 nan 0.113528
146 32 nan 0.057504
147 32 nan 0.027942
148 32 nan 0.013219
149 32 nan 0.006138
150 32 nan 0.002810
151 32 nan 0.001271
152 32 nan 0.000569
153 32 nan 0.000252
154 32 nan 0.000110
155 32 nan 0.000048
156 32 nan 0.000021
157 32 nan 0.000009
158 32 nan 0.000004
159 32 nan 0.000002
160 32 nan 0.000001
161 32 nan 0.000000
162 32 nan 0.000000
163 32 nan 0.000000
164 32 nan 0.000000
165 32 nan 0.000000
166 32 nan 0.000000
167 32 nan 0.000000
168 32 nan 0.000000
169 32 nan 0.000000
170 32 nan 0.000000
171 32 nan 0.000000
172 32 nan 0.000000
173 32 nan 0.000000
174 32 nan 0.000000
175 32 nan 0.000000
176 32 nan 0.000000
177 32 nan 0.000000
178 32 nan 0.000000
179 32 nan 0.000000
180 32 nan 0.000000
181 32 nan 0.000000
182 32 nan 0.000000
183 32 nan 0.000000
184 32 nan 0.000000
185 32 nan 0.000000
186 32 nan 0.000000
187 32 nan 0.000000
188 32 nan 0.000000
189 32 nan 0.000000
190 32 nan 0.000000
191 32 nan 0.000000
192 32 nan 0.000000
193 32 nan 0.000000
194 32 nan 0.000000
195 32 nan 0.000000
196 32 nan 0.000000
197 32 nan 0.000000
198 32 nan 0.000000
199 32 nan 0.000000
0 33 nan 0.000000
1 33 nan 0.000000
2 33 nan 0.000000
3 33 nan 0.000000
4 33 nan 0.000000
5 33 nan 0.000000
6 33 nan 0.000000
7 33 nan 0.000000
8 33 nan 0.000000
9 33 nan 0.000000
10 33 nan 0.000000
11 33 nan 0.000000
12 33 nan 0.000000
13 33 nan 0.000000
14 33 nan 0.000000
15 33 nan 0.000000
16 33 nan 0.000000
17 33 nan 0.000000
18 33 nan 0.000000
19 33 nan 0.000000
20 33 nan 0.000000
21 33 nan 0.000000
22 33 nan 0.000000
23 33 nan 0.000000
24 33 nan 0.000000
25 33 nan 0.000000
26 33 nan 0.000000
27 33 nan 0.000000
28 33 nan 0.000000
29 33 nan 0.000000
30 33 nan 0.000000
31 33 nan 0.000000
32 33 nan 0.000000
33 33 nan 0.000000
34 33 nan 0.000000
35 33 nan 0.000000
36 33 nan 0.000000
37 33 nan 0.000000
38 33 nan 0.000000
39 33 nan 0.000001
40 33 nan 0.000002
41 33 nan 0.000004
42 33 nan 0.000010
43 33 nan 0.000024
44 33 nan 0.000058
45 33 nan 0.000135
46 33 nan 0.000313
47 33 nan 0.000718
48 33 nan 0.001633
49 33 nan 0.003674
50 33 nan 0.008160
51 33 nan 0.017845
52 33 nan 0.038191
53 33 nan 0.079068
54 33 nan 0.155137
55 33 nan 0.279729
56 33 nan 0.448154
57 33 nan 0.626662
58 33 nan 0.774189
59 33 nan 0.873714
60 33 nan 0.932387
61 33 nan 0.964466
62 33 nan 0.981392
63 33 nan 0.990210
64 33 nan 0.994803
65 33 nan 0.997209
66 33 nan 0.998482
67 33 nan 0.999163
68 33 nan 0.999532
69 33 nan 0.999735
70 33 nan 0.999847
71 33 nan 0.999911
72 33 nan 0.999947
73 33 nan 0.999968
74 33 nan 0.999980
75 33 nan 0.999988
76 33 nan 0.999992
77 33 nan 0.999995
78 33 nan 0.999997
79 33 nan 0.999998
80 33 nan 0.999999
81 33 nan 0.999999
82 33 nan 0.999999
83 33 nan 0.999997
84 33 nan 0.999988
85 33 nan 0.999955
86 33 nan 0.999828
87 33 nan 0.999347
88 33 nan 0.997527
89 33 nan 0.990684
90 33 nan 0.965555
91 33 nan 0.880797
92 33 nan 0.660756
93 33 nan 0.339244
94 33 nan 0.119203
95 33 nan 0.034445
96 33 nan 0.009316
97 33 nan 0.002473
98 33 nan 0.000653
99 33 nan 0.000172
100 33 nan 0.000045
101 33 nan 0.000172
102 33 nan 0.000653
103 33 nan 0.002473
104 33 nan 0.009316
105 33 nan 0.034445
106 33 nan 0.119203
107 33 nan 0.339244
108 33 nan 0.660756
109 33 nan 0.880797
110 33 nan 0.965555
111 33 nan 0.990684
112 33 nan 0.997527
113 33 nan 0.999347
114 33 nan 0.999828
115 33 nan 0.999955
116 33 nan 0.999988
117 33 nan 0.999997
118 33 nan 0.999999
119 33 nan 0.999999
120 33 nan 0.999999
121 33 nan 0.999998
122 33 nan 0.999997
123 33 nan 0.999995
124 33 nan 0.999992
125 33 nan 0.999988
126 33 nan 0.999980
127 33 nan 0.999968
128 33 nan 0.999947
129 33 nan 0.999911
130 33 nan 0.999847
131 33 nan 0.999735
132 33 nan 0.999532
133 33 nan 0.999163
134 33 nan 0.998482
135 33 nan 0.997209
136 33 nan 0.994803
137 33 nan 0.990210
138 33 nan 0.981392
139 33 nan 0.964466
140 33 nan 0.932387
141 33 nan 0.873714
142 33 nan 0.774189
143 33 nan 0.626662
144 33 nan 0.448154
145 33 nan 0.279729
146 33 nan 0.155137
147 33 nan 0.079068
148 33 nan 0.038191
149 33 nan 0.017845
150 33 nan 0.008160
151 33 nan 0.003674
152 33 nan 0.001633
153 33 nan 0.000718
154 33 nan 0.000313
155 33 nan 0.000135
156 33 nan 0.000058
157 33 nan 0.000024
158 33 nan 0.000010
159 33 nan 0.000004
160 33 nan 0.000002
161 33 nan 0.000001
162 33 nan 0.000000
163 33 nan 0.000000
164 33 nan 0.000000
165 33 nan 0.000000
166 33 nan 0.000000
167 33 nan 0.000000
168 33 nan 0.000000
169 33 nan 0.000000
170 33 nan 0.000000
171 33 nan 0.000000
172 33 nan 0.000000
173 33 nan 0.000000
174 33 nan 0.000000
175 33 nan 0.000000
176 33 nan 0.000000
177 33 nan 0.000000
178 33 nan 0.000000
179 33 nan 0.000000
180 33 nan 0.000000
181 33 nan 0.000000
182 33 nan 0.000000
183 33 nan 0.000000
184 33 nan 0.000000
185 33 nan 0.000000
186 33 nan 0.000000
187 33 nan 0.000000
188 33 nan 0.000000
189 33 nan 0.000000
190 33 nan 0.000000
191 33 nan 0.000000
192 33 nan 0.000000
193 33 nan 0.000000
194 33 nan 0.000000
195 33 nan 0.000000
196 33 nan 0.000000
197 33 nan 0.000000
198 33 nan 0.000000
199 33 nan 0.000000
0 34 nan 0.000000
1 34 nan 0.000000
2 34 nan 0.000000
3 34 nan 0.000000
4 34 nan 0.000000
5 34 nan 0.000000
6 34 nan 0.000000
7 34 nan 0.000000
8 34 nan 0.000000
9 34 nan 0.000000
10 34 nan 0.000000
11 34 nan 0.000000
12 34 nan 0.000000
13 34 nan 0.000000
14 34 nan 0.000000
15 34 nan 0.000000
16 34 nan 0.000000
17 34 nan 0.000000
18 34 nan 0.000000
19 34 nan 0.000000
20 34 nan 0.000000
21 34 nan 0.000000
22 34 nan 0.000000
23 34 nan 0.000000
24 34 nan 0.000000
25 34 nan 0.000000
26 34 nan 0.000000
27 34 nan 0.000000
28 34 nan 0.000000
29 34 nan 0.000000
30 34 nan 0.000000
31 34 nan 0.000000
32 34 nan 0.000000
33 34 nan 0.000000
34 34 nan 0.000000
35 34 nan 0.000000
36 34 nan 0.000000
37 34 nan 0.000000
38 34 nan 0.000001
39 34 nan 0.000002
40 34 nan 0.000005
41 34 nan 0.000012
42 34 nan 0.000028
43 34 nan 0.000067
44 34 nan 0.000160
45 34 nan 0.000377
46 34 nan 0.000880
47 34 nan 0.002035
48 34 nan 0.004655
49 34 nan 0.010510
50 34 nan 0.023325
51 34 nan 0.050468
52 34 nan 0.104790
53 34 nan 0.203226
54 34 nan 0.354728
55 34 nan 0.539530
56 34 nan 0.711736
57 34 nan 0.837204
58 34 nan 0.913681
59 34 nan 0.955602
60 34 nan 0.977390
61 34 nan 0.988470
62 34 nan 0.994077
63 34 nan 0.996926
64 34 nan 0.998385
65 34 nan 0.999141
66 34 nan 0.999536
67 34 nan 0.999746
68 34 nan 0.999859
69 34 nan 0.999921
70 34 nan 0.999955
71 34 nan 0.999974
72 34 nan 0.999985
73 34 nan 0.999991
74 34 nan 0.999994
75 34 nan 0.999997
76 34 nan 0.999998
77 34 nan 0.999999
78 34 nan 0.999999
79 34 nan 0.999999
80 34 nan 1.000000
81 34 nan 1.000000
82 34 nan 0.999999
83 34 nan 0.999997
84 34 nan 0.999988
85 34 nan 0.999955
86 34 nan 0.999828
87 34 nan 0.999347
88 34 nan 0.997527
89 34 nan 0.990684
90 34 nan 0.965555
91 34 nan 0.880797
92 34 nan 0.660756
93 34 nan 0.339244
94 34 nan 0.119203
95 34 nan 0.034445
96 34 nan 0.009316
97 34 nan 0.002473
98 34 nan 0.000653
99 34 nan 0.000172
100 34 nan 0.000045
101 34 nan 0.000172
102 34 nan 0.000653
103 34 nan 0.002473
104 34 nan 0.009316
105 34 nan 0.034445
106 34 nan 0.119203
107 34 nan 0.339244
108 34 nan 0.660756
109 34 nan 0.880797
110 34 nan 0.965555
111 34 nan 0.990684
112 34 nan 0.997527
113 34 nan 0.999347
114 34 nan 0.999828
115 34 nan 0.999955
116 34 nan 0.999988
117 34 nan 0.999997
118 34 nan 0.999999
119 34 nan 1.000000
120 34 nan 1.000000
121 34 nan 0.999999
122 34 nan 0.999999
123 34 nan 0.999999
124 34 nan 0.999998
125 34 nan 0.999997
126 34 nan 0.999994
127 34 nan 0.999991
128 34 nan 0.999985
129 34 nan 0.999974
130 34 nan 0.999955
131 34 nan 0.999921
132 34 nan 0.999859
133 34 nan 0.999746
134 34 nan 0.999536
135 34 nan 0.999141
136 34 nan 0.998385
137 34 nan 0.996926
138 34 nan 0.994077
139 34 nan 0.988470
140 34 nan 0.977390
141 34 nan 0.955602
142 34 nan 0.913681
143 34 nan 0.837204
144 34 nan 0.711736
145 34 nan 0.539530
146 34 nan 0.354728
147 34 nan 0.203226
148 34 nan 0.104790
149 34 nan 0.050468
150 34 nan 0.023325
151 34 nan 0.010510
152 34 nan 0.004655
153 34 nan 0.002035
154 34 nan 0.000880
155 34 nan 0.000377
156 34 nan 0.000160
157 34 nan 0.000067
158 34 nan 0.000028
159 34 nan 0.000012
160 34 nan 0.000005
161 34 nan 0.000002
162 34 nan 0.000001
163 34 nan 0.000000
164 34 nan 0.000000
165 34 nan 0.000000
166 34 nan 0.000000
167 34 nan 0.000000
168 34 nan 0.000000
169 34 nan 0.000000
170 34 nan 0.000000
171 34 nan 0.000000
172 34 nan 0.000000
173 34 nan 0.000000
174 34 nan 0.000000
175 34 nan 0.000000
176 34 nan 0.000000
177 34 nan 0.000000
178 34 nan 0.000000
179 34 nan 0.000000
180 34 nan 0.000000
181 34 nan 0.000000
182 34 nan 0.000000
183 34 nan 0.000000
184 34 nan 0.000000
185 34 nan 0.000000
186 34 nan 0.000000
187 34 nan 0.000000
188 34 nan 0.000000
189 34 nan 0.000000
190 34 nan 0.000000
191 34 nan 0.000000
192 34 nan 0.000000
193 34 nan 0.000000
194 34 nan 0.000000
195 34 nan 0.000000
196 34 nan 0.000000
197 34 nan 0.000000
198 34 nan 0.000000
199 34 nan 0.000000
0 35 nan 0.000000
1 35 nan 0.000000
2 35 nan 0.000000
3 35 nan 0.000000
4 35 nan 0.000000
5 35 nan 0.000000
6 35 nan 0.000000
7 35 nan 0.000000
8 35 nan 0.000000
9 35 nan 0.000000
10 35 nan 0.000000
11 35 nan 0.000000
12 35 nan 0.000000
13 35 nan 0.000000
14 35 nan 0.000000
15 35 nan 0.000000
16 35 nan 0.000000
17 35 nan 0.000000
18 35 nan 0.000000
19 35 nan 0.000000
20 35 nan 0.000000
21 35 nan 0.000000
22 35 nan 0.000000
23 35 nan 0.000000
24 35 nan 0.000000
25 35 nan 0.000000
26 35 nan 0.000000
27 35 nan 0.000000
28 35 nan 0.000000
29 35 nan 0.000000
30 35 nan 0.000000
31 35 nan 0.000000
32 35 nan 0.000000
33 35 nan 0.000000
34 35 nan 0.000000
35 35 nan 0.000000
36 35 nan 0.000000
37 35 nan 0.000001
38 35 nan 0.000002
39 35 nan 0.000005
40 35 nan 0.000013
41 35 nan 0.000031
42 35 nan 0.000076
43 35 nan 0.000184
44 35 nan 0.000440
45 35 nan 0.001045
46 35 nan 0.002458
47 35 nan 0.005717
48 35 nan 0.013115
49 35 nan 0.029517
50 35 nan 0.064477
51 35 nan 0.133890
52 35 nan 0.255472
53 35 nan 0.429729
54 35 nan 0.620767
55 35 nan 0.778580
56 35 nan 0.881907
57 35 nan 0.940036
58 35 nan 0.970166
59 35 nan 0.985216
60 35 nan 0.992641
61 35 nan 0.996304
62 35 nan 0.998123
63 35 nan 0.999035
64 35 nan 0.999498
65 35 nan 0.999735
66 35 nan 0.999858
67 35 nan 0.999923
68 35 nan 0.999958
69 35 nan 0.999976
70 35 nan 0.999987
71 35 nan 0.999992
72 35 nan 0.999995
73 35 nan 0.999997
74 35 nan 0.999998
75 35 nan 0.999999
76 35 nan 0.999999
77 35 nan 1.000000
78 35 nan 1.000000
79 35 nan 1.000000
80 35 nan 1.000000
81 35 nan 1.000000
82 35 nan 0.999999
83 35 nan 0.999997
84 35 nan 0.999988
85 35 nan 0.999955
86 35 nan 0.999828
87 35 nan 0.999347
88 35 nan 0.997527
89 35 nan 0.990684
90 35 nan 0.965555
91 35 nan 0.880797
92 35 nan 0.660756
93 35 nan 0.339244
94 35 nan 0.119203
95 35 nan 0.034445
96 35 nan 0.009316
97 35 nan 0.002473
98 35 nan 0.000653
99 35 nan 0.000172
100 35 nan 0.000045
101 35 nan 0.000172
102 35 nan 0.000653
103 35 nan 0.002473
104 35 nan 0.009316
105 35 nan 0.034445
106 35 nan 0.119203
107 35 nan 0.339244
108 35 nan 0.660756
109 35 nan 0.880797
110 35 nan 0.965555
111 35 nan 0.990684
112 35 nan 0.997527
113 35 nan 0.999347
114 35 nan 0.999828
115 35 nan 0.999955
116 35 nan 0.999988
117 35 nan 0.999997
118 35 nan 0.999999
119 35 nan 1.000000
120 35 nan 1.000000
121 35 nan 1.000000
122 35 nan 1.000000
123 35 nan 1.000000
124 35 nan 0.999999
125 35 nan 0.999999
126 35 nan 0.999998
127 35 nan 0.999997
128 35 nan 0.999995
129 35 nan 0.999992
130 35 nan 0.999987
131 35 nan 0.999976
132 35 nan 0.999958
133 35 nan 0.999923
134 35 nan 0.999858
135 35 nan 0.999735
136 35 nan 0.999498
137 35 nan 0.999035
138 35 nan 0.998123
139 35 nan 0.996304
140 35 nan 0.992641
141 35 nan 0.985216
142 35 nan 0.970166
143 35 nan 0.940036
144 35 nan 0.881907
145 35 nan 0.778580
146 35 nan 0.620767
147 35 nan 0.429729
148 35 nan 0.255472
149 35 nan 0.133890
150 35 nan 0.064477
151 35 nan 0.029517
152 35 nan 0.013115
153 35 nan 0.005717
154 35 nan 0.002458
155 35 nan 0.001045
156 35 nan 0.000440
157 35 nan 0.000184
158 35 nan 0.000076
159 35 nan 0.000031
160 35 nan 0.000013
161 35 nan 0.000005
162 35 nan 0.000002
163 35 nan 0.000001
164 35 nan 0.000000
165 35 nan 0.000000
166 35 nan 0.000000
167 35 nan 0.000000
168 35 nan 0.000000
169 35 nan 0.000000
170 35 nan 0.000000
171 35 nan 0.000000
172 35 nan 0.000000
173 35 nan 0.000000
174 35 nan 0.000000
175 35 nan 0.000000
176 35 nan 0.000000
177 35 nan 0.000000
178 35 nan 0.000000
179 35 nan 0.000000
180 35 nan 0.000000
181 35 nan 0.000000
182 35 nan 0.000000
183 35 nan 0.000000
184 35 nan 0.000000
185 35 nan 0.000000
186 35 nan 0.000000
187 35 nan 0.000000
188 35 nan 0.000000
189 35 nan 0.000000
190 35 nan 0.000000
191 35 nan 0.000000
192 35 nan 0.000000
193 35 nan 0.000000
194 35 nan 0.000000
195 35 nan 0.000000
196 35 nan 0.000000
197 35 nan 0.000000
198 35 nan 0.000000
199 35 nan 0.000000
0 36 nan 0.000000
1 36 nan 0.000000
2 36 nan 0.000000
3 36 nan 0.000000
4 36 nan 0.000000
5 36 nan 0.000000
6 36 nan 0.000000
7 36 nan 0.000000
8 36 nan 0.000000
9 36 nan 0.000000
10 36 nan 0.000000
11 36 nan 0.000000
12 36 nan 0.000000
13 36 nan 0.000000
14 36 nan 0.000000
15 36 nan 0.000000
16 36 nan 0.000000
17 36 nan 0.000000
18 36 nan 0.000000
19 36 nan 0.000000
20 36 nan 0.000000
21 36 nan 0.000000
22 36 nan 0.000000
23 36 nan 0.000000
24 36 nan 0.000000
25 36 nan 0.000000
26 36 nan 0.000000
27 36 nan 0.000000
28 36 nan 0.000000
29 36 nan 0.000000
30 36 nan 0.000000
31 36 nan 0.000000
32 36 nan 0.000000
33 36 nan 0.000000
34 36 nan 0.000000
35 36 nan 0.000000
36 36 nan 0.000001
37 36 nan 0.000002
38 36 nan 0.000005
39 36 nan 0.000013
40 36 nan 0.000034
41 36 nan 0.000083
42 36 nan 0.000204
43 36 nan 0.000498
44 36 nan 0.001203
45 36 nan 0.002877
46 36 nan 0.006803
47 36 nan 0.015853
48 36 nan 0.036165
49 36 nan 0.079663
50 36 nan 0.165065
51 36 nan 0.308894
52 36 nan 0.500000
53 36 nan 0.688824
54 36 nan 0.828970
55 36 nan 0.913006
56 36 nan 0.957388
57 36 nan 0.979398
58 36 nan 0.990040
59 36 nan 0.995153
60 36 nan 0.997618
61 36 nan 0.998816
62 36 nan 0.999404
63 36 nan 0.999696
64 36 nan 0.999843
65 36 nan 0.999918
66 36 nan 0.999956
67 36 nan 0.999976
68 36 nan 0.999987
69 36 nan 0.999993
70 36 nan 0.999996
71 36 nan 0.999998
72 36 nan 0.999999
73 36 nan 0.999999
74 36 nan 1.000000
75 36 nan 1.000000
76 36 nan 1.000000
77 36 nan 1.000000
78 36 nan 1.000000
79 36 nan 1.000000
80 36 nan 1.000000
81 36 nan 1.000000
82 36 nan 0.999999
83 36 nan 0.999997
84 36 nan 0.999988
85 36 nan 0.999955
86 36 nan 0.999828
87 36 nan 0.999347
88 36 nan 0.997527
89 36 nan 0.990684
90 36 nan 0.965555
91 36 nan 0.880797
92 36 nan 0.660756
93 36 nan 0.339244
94 36 nan 0.119203
95 36 nan 0.034445
96 36 nan 0.009316
97 36 nan 0.002473
98 36 nan 0.000653
99 36 nan 0.000172
100 36 nan 0.000045
101 36 nan 0.000172
102 36 nan 0.000653
103 36 nan 0.002473
104 36 nan 0.009316
105 36 nan 0.034445
106 36 nan 0.119203
107 36 nan 0.339244
108 36 nan 0.660756
109 36 nan 0.880797
110 36 nan 0.965555
111 36 nan 0.990684
112 36 nan 0.997527
113 36 nan 0.999347
114 36 nan 0.999828
115 36 nan 0.999955
116 36 nan 0.999988
117 36 nan 0.999997
118 36 nan 0.999999
119 36 nan 1.000000
120 36 nan 1.000000
121 36 nan 1.000000
122 36 nan 1.000000
123 36 nan 1.000000
124 36 nan 1.000000
125 36 nan 1.000000
126 36 nan 1.000000
127 36 nan 0.999999
128 36 nan 0.999999
129 36 nan 0.999998
130 36 nan 0.999996
131 36 nan 0.999993
132 36 nan 0.999987
133 36 nan 0.999976
134 36 nan 0.999956
135 36 nan 0.999918
136 36 nan 0.999843
137 36 nan 0.999696
138 36 nan 0.999404
139 36 nan 0.998816
140 36 nan 0.997618
141 36 nan 0.995153
142 36 nan 0.990040
143 36 nan 0.979398
144 36 nan 0.957388
145 36 nan 0.913006
146 36 nan 0.828970
147 36 nan 0.688824
148 36 nan 0.500000
149 36 nan 0.308894
150 36 nan 0.165065
151 36 nan 0.079663
152 36 nan 0.036165
153 36 nan 0.015853
154 36 nan 0.006803
155 36 nan 0.002877
156 36 nan 0.001203
157 36 nan 0.000498
158 36 nan 0.000204
159 36 nan 0.000083
160 36 nan 0.000034
161 36 nan 0.000013
162 36 nan 0.000005
163 36 nan 0.000002
164 36 nan 0.000001
165 36 nan 0.000000
166 36 nan 0.000000
167 36 nan 0.000000
168 36 nan 0.000000
169 36 nan 0.000000
170 36 nan 0.000000
171 36 nan 0.000000
172 36 nan 0.000000
173 36 nan 0.000000
174 36 nan 0.000000
175 36 nan 0.000000
176 36 nan 0.000000
177 36 nan 0.000000
178 36 nan 0.000000
179 36 nan 0.000000
180 36 nan 0.000000
181 36 nan 0.000000
182 36 nan 0.000000
183 36 nan 0.000000
184 36 nan 0.000000
185 36 nan 0.000000
186 36 nan 0.000000
187 36 nan 0.000000
188 36 nan 0.000000
189 36 nan 0.000000
190 36 nan 0.000000
191 36 nan 0.000000
192 36 nan 0.000000
193 36 nan 0.000000
194 36 nan 0.000000
195 36 nan 0.000000
196 36 nan 0.000000
197 36 nan 0.000000
198 36 nan 0.000000
199 36 nan 0.000000
0 37 nan 0.000000
1 37 nan 0.000000
2 37 nan 0.000000
3 37 nan 0.000000
4 37 nan 0.000000
5 37 nan 0.000000
6 37 nan 0.000000
7 37 nan 0.000000
8 37 nan 0.000000
9 37 nan 0.000000
10 37 nan 0.000000
11 37 nan 0.000000
12 37 nan 0.000000
13 37 nan 0.000000
14 37 nan 0.000000
15 37 nan 0.000000
16 37 nan 0.000000
17 37 nan 0.000000
18 37 nan 0.000000
19 37 nan 0.000000
20 37 nan 0.000000
21 37 nan 0.000000
22 37 nan 0.000000
23 37 nan 0.000000
24 37 nan 0.000000
25 37 nan 0.000000
26 37 nan 0.000000
27 37 nan 0.000000
28 37 nan 0.000000
29 37 nan 0.000000
30 37 nan 0.000000
31 37 nan 0.000000
32 37 nan 0.000000
33 37 nan 0.000000
34 37 nan 0.000000
35 37 nan 0.000001
36 37 nan 0.000002
37 37 nan 0.000005
38 37 nan 0.000014
39 37 nan 0.000035
40 37 nan 0.000088
41 37 nan 0.000221
42 37 nan 0.000547
43 37 nan 0.001343
44 37 nan 0.003264
45 37 nan 0.007844
46 37 nan 0.018563
47 37 nan 0.042909
48 37 nan 0.095242
49 37 nan 0.196647
50 37 nan 0.360439
51 37 nan 0.562249
52 37 nan 0.743385
53 37 nan 0.866033
54 37 nan 0.934510
55 37 nan 0.968894
56 37 nan 0.985342
57 37 nan 0.993074
58 37 nan 0.996702
59 37 nan 0.998414
60 37 nan 0.999228
61 37 nan 0.999620
62 37 nan 0.999810
63 37 nan 0.999904
64 37 nan 0.999951
65 37 nan 0.999974
66 37 nan 0.999987
67 37 nan 0.999993
68 37 nan 0.999996
69 37 nan 0.999998
70 37 nan 0.999999
71 37 nan 0.999999
72 37 nan 1.000000
73 37 nan 1.000000
74 37 nan 1.000000
75 37 nan 1.000000
76 37 nan 1.000000
77 37 nan 1.000000
78 37 nan 1.000000
79 37 nan 1.000000
80 37 nan 1.000000
81 37 nan 1.000000
82 37 nan 0.999999
83 37 nan 0.999997
84 37 nan 0.999988
85 37 nan 0.999955
86 37 nan 0.999828
87 37 nan 0.999347
88 37 nan 0.997527
89 37 nan 0.990684
90 37 nan 0.965555
91 37 nan 0.880797
92 37 nan 0.660756
93 37 nan 0.339244
94 37 nan 0.119203
95 37 nan 0.034445
96 37 nan 0.009316
97 37 nan 0.002473
98 37 nan 0.000653
99 37 nan 0.000172
100 37 nan 0.000045
101 37 nan 0.000172
102 37 nan 0.000653
103 37 nan 0.002473
104 37 nan 0.009316
105 37 nan 0.034445
106 37 nan 0.119203
107 37 nan 0.339244
108 37 nan 0.660756
109 37 nan 0.880797
110 37 nan 0.965555
111 37 nan 0.990684
112 37 nan 0.997527
113 37 nan 0.999347
114 37 nan 0.999828
115 37 nan 0.999955
116 37 nan 0.999988
117 37 nan 0.999997
118 37 nan 0.999999
119 37 nan 1.000000
120 37 nan 1.000000
121 37 nan 1.000000
122 37 nan 1.000000
123 37 nan 1.000000
124 37 nan 1.000000
125 37 nan 1.000000
126 37 nan 1.000000
127 37 nan 1.000000
128 37 nan 1.000000
129 37 nan 0.999999
130 37 nan 0.999999
131 37 nan 0.999998
132 37 nan 0.999996
133 37 nan 0.999993
134 37 nan 0.999987
135 37 nan 0.999974
136 37 nan 0.999951
137 37 nan 0.999904
138 37 nan 0.999810
139 37 nan 0.999620
140 37 nan 0.999228
141 37 nan 0.998414
142 37 nan 0.996702
143 37 nan 0.993074
144 37 nan 0.985342
145 37 nan 0.968894
146 37 nan 0.934510
147 37 nan 0.866033
148 37 nan 0.743385
149 37 nan 0.562249
150 37 nan 0.360439
151 37 nan 0.196647
152 37 nan 0.095242
153 37 nan 0.042909
154 37 nan 0.018563
155 37 nan 0.007844
156 37 nan 0.003264
157 37 nan 0.001343
158 37 nan 0.000547
159 37 nan 0.000221
160 37 nan 0.000088
161 37 nan 0.000035
162 37 nan 0.000014
163 37 nan 0.000005
164 37 nan 0.000002
165 37 nan 0.000001
166 37 nan 0.000000
167 37 nan 0.000000
168 37 nan 0.000000
169 37 nan 0.000000
170 37 nan 0.000000
171 37 nan 0.000000
172 37 nan 0.000000
173 37 nan 0.000000
174 37 nan 0.000000
175 37 nan 0.000000
176 37 nan 0.000000
177 37 nan 0.000000
178 37 nan 0.000000
179 37 nan 0.000000
180 37 nan 0.000000
181 37 nan 0.000000
182 37 nan 0.000000
183 37 nan 0.000000
184 37 nan 0.000000
185 37 nan 0.000000
186 37 nan 0.000000
187 37 nan 0.000000
188 37 nan 0.000000
189 37 nan 0.000000
190 37 nan 0.000000
191 37 nan 0.000000
192 37 nan 0.000000
193 37 nan 0.000000
194 37 nan 0.000000
195 37 nan 0.000000
196 37 nan 0.000000
197 37 nan 0.000000
198 37 nan 0.000000
199 37 nan 0.000000
0 38 nan 0.000000
1 38 nan 0.000000
2 38 nan 0.000000
3 38 nan 0.000000
4 38 nan 0.000000
5 38 nan 0.000000
6 38 nan 0.000000
7 38 nan 0.000000
8 38 nan 0.000000
9 38 nan 0.000000
10 38 nan 0.000000
11 38 nan 0.000000
12 38 nan 0.000000
13 38 nan 0.000000
14 38 nan 0.000000
15 38 nan 0.000000
16 38 nan 0.000000
17 38 nan 0.000000
18 38 nan 0.000000
19 38 nan 0.000000
20 38 nan 0.000000
21 38 nan 0.000000
22 38 nan 0.000000
23 38 nan 0.000000
24 38 nan 0.000000
25 38 nan 0.000000
26 38 nan 0.000000
27 38 nan 0.000000
28 38 nan 0.000000
29 38 nan 0.000000
30 38 nan 0.000000
31 38 nan 0.000000
32 38 nan 0.000000
33 38 nan 0.000000
34 38 nan 0.000001
35 38 nan 0.000002
36 38 nan 0.000005
37 38 nan 0.000014
38 38 nan 0.000036
39 38 nan 0.000091
40 38 nan 0.000231
41 38 nan 0.000582
42 38 nan 0.001452
43 38 nan 0.003588
44 38 nan 0.008762
45 38 nan 0.021057
46 38 nan 0.049315
47 38 nan 0.110279
48 38 nan 0.226832
49 38 nan 0.407492
50 38 nan 0.614837
51 38 nan 0.785765
52 38 nan 0.892936
53 38 nan 0.949404
54 38 nan 0.976614
55 38 nan 0.989237
56 38 nan 0.995025
57 38 nan 0.997680
58 38 nan 0.998907
59 38 nan 0.999479
60 38 nan 0.999749
61 38 nan 0.999877
62 38 nan 0.999939
63 38 nan 0.999970
64 38 nan 0.999985
65 38 nan 0.999992
66 38 nan 0.999996
67 38 nan 0.999998
68 38 nan 0.999999
69 38 nan 0.999999
70 38 nan 1.000000
71 38 nan 1.000000
72 38 nan 1.000000
73 38 nan 1.000000
74 38 nan 1.000000
75 38 nan 1.000000
76 38 nan 1.000000
77 38 nan 1.000000
78 38 nan 1.000000
79 38 nan 1.000000
80 38 nan 1.000000
81 38 nan 1.000000
82 38 nan 0.999999
83 38 nan 0.999997
84 38 nan 0.999988
85 38 nan 0.999955
86 38 nan 0.999828
87 38 nan 0.999347
88 38 nan 0.997527
89 38 nan 0.990684
90 38 nan 0.965555
91 38 nan 0.880797
92 38 nan 0.660756
93 38 nan 0.339244
94 38 nan 0.119203
95 38 nan 0.034445
96 38 nan 0.009316
97 38 nan 0.002473
98 38 nan 0.000653
99 38 nan 0.000172
100 38 nan 0.000045
101 38 nan 0.000172
102 38 nan 0.000653
103 38 nan 0.002473
104 38 nan 0.009316
105 38 nan 0.034445
106 38 nan 0.119203
107 38 nan 0.339244
108 38 nan 0.660756
109 38 nan 0.880797
110 38 nan 0.965555
111 38 nan 0.990684
112 38 nan 0.997527
113 38 nan 0.999347
114 38 nan 0.999828
115 38 nan 0.999955
116 38 nan 0.999988
117 38 nan 0.999997
118 38 nan 0.999999
119 38 nan 1.000000
120 38 nan 1.000000
121 38 nan 1.000000
122 38 nan 1.000000
123 38 nan 1.000000
124 38 nan 1.000000
125 38 nan 1.000000
126 38 nan 1.000000
127 38 nan 1.000000
128 38 nan 1.000000
129 38 nan 1.000000
130 38 nan 1.000000
131 38 nan 0.999999
132 38 nan 0.999999
133 38 nan 0.999998
134 38 nan 0.999996
135 38 nan 0.999992
136 38 nan 0.999985
137 38 nan 0.999970
138 38 nan 0.999939
139 38 nan 0.999877
140 38 nan 0.999749
141 38 nan 0.999479
142 38 nan 0.998907
143 38 nan 0.997680
144 38 nan 0.995025
145 38 nan 0.989237
146 38 nan 0.976614
147 38 nan 0.949404
148 38 nan 0.892936
149 38 nan 0.785765
150 38 nan 0.614837
151 38 nan 0.407492
152 38 nan 0.226832
153 38 nan 0.110279
154 38 nan 0.049315
155 38 nan 0.021057
156 38 nan 0.008762
157 38 nan 0.003588
158 38 nan 0.001452
159 38 nan 0.000582
160 38 nan 0.000231
161 38 nan 0.000091
162 38 nan 0.000036
163 38 nan 0.000014
164 38 nan 0.000005
165 38 nan 0.000002
166 38 nan 0.000001
167 38 nan 0.000000
168 38 nan 0.000000
169 38 nan 0.000000
170 38 nan 0.000000
171 38 nan 0.000000
172 38 nan 0.000000
173 38 nan 0.000000
174 38 nan 0.000000
175 38 nan 0.000000
176 38 nan 0.000000
177 38 nan 0.000000
178 38 nan 0.000000
179 38 nan 0.000000
180 38 nan 0.000000
181 38 nan 0.000000
182 38 nan 0.000000
183 38 nan 0.000000
184 38 nan 0.000000
185 38 nan 0.000000
186 38 nan 0.000000
187 38 nan 0.000000
188 38 nan 0.000000
189 38 nan 0.000000
190 38 nan 0.000000
191 38 nan 0.000000
192 38 nan 0.000000
193 38 nan 0.000000
194 38 nan 0.000000
195 38 nan 0.000000
196 38 nan 0.000000
197 38 nan 0.000000
198 38 nan 0.000000
199 38 nan 0.000000
0 39 nan 0.000000
1 39 nan 0.000000
2 39 nan 0.000000
3 39 nan 0.000000
4 39 nan 0.000000
5 39 nan 0.000000
6 39 nan 0.000000
7 39 nan 0.000000
8 39 nan 0.000000
9 39 nan 0.000000
10 39 nan 0.000000
11 39 nan 0.000000
12 39 nan 0.000000
13 39 nan 0.000000
14 39 nan 0.000000
15 39 nan 0.000000
16 39 nan 0.000000
17 39 nan 0.000000
18 39 nan 0.000000
19 39 nan 0.000000
20 39 nan 0.000000
21 39 nan 0.000000
22 39 nan 0.000000
23 39 nan 0.000000
24 39 nan 0.000000
25 39 nan 0.000000
26 39 nan 0.000000
27 39 nan 0.000000
28 39 nan 0.000000
29 39 nan 0.000000
30 39 nan 0.000000
31 39 nan 0.000000
32 39 nan 0.000000
33 39 nan 0.000001
34 39 nan 0.000002
35 39 nan 0.000005
36 39 nan 0.000013
37 39 nan 0.000035
38 39 nan 0.000091
39 39 nan 0.000235
40 39 nan 0.000601
41 39 nan 0.001522
42 39 nan 0.003822
43 39 nan 0.009483
44 39 nan 0.023142
45 39 nan 0.054920
46 39 nan 0.123787
47 39 nan 0.253906
48 39 nan 0.448154
49 39 nan 0.657459
50 39 nan 0.817909
51 39 nan 0.912327
52 39 nan 0.959773
53 39 nan 0.981860
54 39 nan 0.991835
55 39 nan 0.996304
56 39 nan 0.998312
57 39 nan 0.999221
58 39 nan 0.999636
59 39 nan 0.999828
60 39 nan 0.999918
61 39 nan 0.999960
62 39 nan 0.999980
63 39 nan 0.999990
64 39 nan 0.999995
65 39 nan 0.999997
66 39 nan 0.999999
67 39 nan 0.999999
68 39 nan 1.000000
69 39 nan 1.000000
70 39 nan 1.000000
71 39 nan 1.000000
72 39 nan 1.000000
73 39 nan 1.000000
74 39 nan 1.000000
75 39 nan 1.000000
76 39 nan 1.000000
77 39 nan 1.000000
78 39 nan 1.000000
79 39 nan 1.000000
80 39 nan 1.000000
81 39 nan 1.000000
82 39 nan 0.999999
83 39 nan 0.999997
84 39 nan 0.999988
85 39 nan 0.999955
86 39 nan 0.999828
87 39 nan 0.999347
88 39 nan 0.997527
89 39 nan 0.990684
90 39 nan 0.965555
91 39 nan 0.880797
92 39 nan 0.660756
93 39 nan 0.339244
94 39 nan 0.119203
95 39 nan 0.034445
96 39 nan 0.009316
97 39 nan 0.002473
98 39 nan 0.000653
99 39 nan 0.000172
100 39 nan 0.000045
101 39 nan 0.000172
102 39 nan 0.000653
103 39 nan 0.002473
104 39 nan 0.009316
105 39 nan 0.034445
106 39 nan 0.119203
107 39 nan 0.339244
108 39 nan 0.660756
109 39 nan 0.880797
110 39 nan 0.965555
111 39 nan 0.990684
112 39 nan 0.997527
113 39 nan 0.999347
114 39 nan 0.999828
115 39 nan 0.999955
116 39 nan 0.999988
117 39 nan 0.999997
118 39 nan 0.999999
119 39 nan 1.000000
120 39 nan 1.000000
121 39 nan 1.000000
122 39 nan 1.000000
123 39 nan 1.000000
124 39 nan 1.000000
125 39 nan 1.000000
126 39 nan 1.000000
127 39 nan 1.000000
128 39 nan 1.000000
129 39 nan 1.000000
130 39 nan 1.000000
131 39 nan 1.000000
132 39 nan 1.000000
133 39 nan 0.999999
134 39 nan 0.999999
135 39 nan 0.999997
136 39 nan 0.999995
137 39 nan 0.999990
138 39 nan 0.999980
139 39 nan 0.999960
140 39 nan 0.999918
141 39 nan 0.999828
142 39 nan 0.999636
143 39 nan 0.999221
144 39 nan 0.998312
145 39 nan 0.996304
146 39 nan 0.991835
147 39 nan 0.981860
148 39 nan 0.959773
149 39 nan 0.912327
150 39 nan 0.817909
151 39 nan 0.657459
152 39 nan 0.448154
153 39 nan 0.253906
154 39 nan 0.123787
155 39 nan 0.054920
156 39 nan 0.023142
157 39 nan 0.009483
158 39 nan 0.003822
159 39 nan 0.001522
160 39 nan 0.000601
161 39 nan 0.000235
162 39 nan 0.000091
163 39 nan 0.000035
164 39 nan 0.000013
165 39 nan 0.000005
166 39 nan 0.000002
167 39 nan 0.000001
168 39 nan 0.000000
169 39 nan 0.000000
170 39 nan 0.000000
171 39 nan 0.000000
172 39 nan 0.000000
173 39 nan 0.000000
174 39 nan 0.000000
175 39 nan 0.000000
176 39 nan 0.000000
177 39 nan 0.000000
178 39 nan 0.000000
179 39 nan 0.000000
180 39 nan 0.000000
181 39 nan 0.000000
182 39 nan 0.000000
183 39 nan 0.000000
184 39 nan 0.000000
185 39 nan 0.000000
186 39 nan 0.000000
187 39 nan 0.000000
188 39 nan 0.000000
189 39 nan 0.000000
190 39 nan 0.000000
191 39 nan 0.000000
192 39 nan 0.000000
193 39 nan 0.000000
194 39 nan 0.000000
195 39 nan 0.000000
196 39 nan 0.000000
197 39 nan 0.000000
198 39 nan 0.000000
199 39 nan 0.000000
0 40 nan 0.000000
1 40 nan 0.000000
2 40 nan 0.000000
3 40 nan 0.000000
4 40 nan 0.000000
5 40 nan 0.000000
6 40 nan 0.000000
7 40 nan 0.000000
8 40 nan 0.000000
9 40 nan 0.000000
10 40 nan 0.000000
11 40 nan 0.000000
12 40 nan 0.000000
13 40 nan 0.000000
14 40 nan 0.000000
15 40 nan 0.000000
16 40 nan 0.000000
17 40 nan 0.000000
18 40 nan 0.000000
19 40 nan 0.000000
20 40 nan 0.000000
21 40 nan 0.000000
22 40 nan 0.000000
23 40 nan 0.000000
24 40 nan 0.000000
25 40 nan 0.000000
26 40 nan 0.000000
27 40 nan 0.000000
28 40 nan 0.000000
29 40 nan 0.000000
30 40 nan 0.000000
31 40 nan 0.000000
32 40 nan 0.000001
33 40 nan 0.000002
34 40 nan 0.000005
35 40 nan 0.000013
36 40 nan 0.000034
37 40 nan 0.000088
38 40 nan 0.000231
39 40 nan 0.000601
40 40 nan 0.001546
41 40 nan 0.003944
42 40 nan 0.009944
43 40 nan 0.024645
44 40 nan 0.059291
45 40 nan 0.134843
46 40 nan 0.276413
47 40 nan 0.481265
48 40 nan 0.690621
49 40 nan 0.841766
50 40 nan 0.926219
51 40 nan 0.967026
52 40 nan 0.985467
53 40 nan 0.993595
54 40 nan 0.997160
55 40 nan 0.998729
56 40 nan 0.999425
57 40 nan 0.999737
58 40 nan 0.999878
59 40 nan 0.999943
60 40 nan 0.999973
61 40 nan 0.999987
62 40 nan 0.999994
63 40 nan 0.999997
64 40 nan 0.999998
65 40 nan 0.999999
66 40 nan 1.000000
67 40 nan 1.000000
68 40 nan 1.000000
69 40 nan 1.000000
70 40 nan 1.000000
71 40 nan 1.000000
72 40 nan 1.000000
73 40 nan 1.000000
74 40 nan 1.000000
75 40 nan 1.000000
76 40 nan 1.000000
77 40 nan 1.000000
78 40 nan 1.000000
79 40 nan 1.000000
80 40 nan 1.000000
81 40 nan 1.000000
82 40 nan 0.999999
83 40 nan 0.999997
84 40 nan 0.999988
85 40 nan 0.999955
86 40 nan 0.999828
87 40 nan 0.999347
88 40 nan 0.997527
89 40 nan 0.990684
90 40 nan 0.965555
91 40 nan 0.880797
92 40 nan 0.660756
93 40 nan 0.339244
94 40 nan 0.119203
95 40 nan 0.034445
96 40 nan 0.009316
97 40 nan 0.002473
98 40 nan 0.000653
99 40 nan 0.000172
100 40 nan 0.000045
101 40 nan 0.000172
102 40 nan 0.000653
103 40 nan 0.002473
104 40 nan 0.009316
105 40 nan 0.034445
106 40 nan 0.119203
107 40 nan 0.339244
108 40 nan 0.660756
109 40 nan 0.880797
110 40 nan 0.965555
111 40 nan 0.990684
112 40 nan 0.997527
113 40 nan 0.999347
114 40 nan 0.999828
115 40 nan 0.999955
116 40 nan 0.999988
117 40 nan 0.999997
118 40 nan 0.999999
119 40 nan 1.000000
120 40 nan 1.000000
121 40 nan 1.000000
122 40 nan 1.000000
123 40 nan 1.000000
124 40 nan 1.000000
125 40 nan 1.000000
126 40 nan 1.000000
127 40 nan 1.000000
128 40 nan 1.000000
129 40 nan 1.000000
130 40 nan 1.000000
131 40 nan 1.000000
132 40 nan 1.000000
133 40 nan 1.000000
134 40 nan 1.000000
135 40 nan 0.999999
136 40 nan 0.999998
137 40 nan 0.999997
138 40 nan 0.999994
139 40 nan 0.999987
140 40 nan 0.999973
141 40 nan 0.999943
142 40 nan 0.999878
143 40 nan 0.999737
144 40 nan 0.999425
145 40 nan 0.998729
146 40 nan 0.997160
147 40 nan 0.993595
148 40 nan 0.985467
149 40 nan 0.967026
150 40 nan 0.926219
151 40 nan 0.841766
152 40 nan 0.690621
153 40 nan 0.481265
154 40 nan 0.276413
155 40 nan 0.134843
156 40 nan 0.059291
157 40 nan 0.024645
158 40 nan 0.009944
159 40 nan 0.003944
160 40 nan 0.001546
161 40 nan 0.000601
162 40 nan 0.000231
163 40 nan 0.000088
164 40 nan 0.000034
165 40 nan 0.000013
166 40 nan 0.000005
167 40 nan 0.000002
168 40 nan 0.000001
169 40 nan 0.000000
170 40 nan 0.000000
171 40 nan 0.000000
172 40 nan 0.000000
173 40 nan 0.000000
174 40 nan 0.000000
175 40 nan 0.000000
176 40 nan 0.000000
177 40 nan 0.000000
178 40 nan 0.000000
179 40 nan 0.000000
180 40 nan 0.000000
181 40 nan 0.000000
182 40 nan 0.000000
183 40 nan 0.000000
184 40 nan 0.000000
185 40 nan 0.000000
186 40 nan 0.000000
187 40 nan 0.000000
188 40 nan 0.000000
189 40 nan 0.000000
190 40 nan 0.000000
191 40 nan 0.000000
192 40 nan 0.000000
193 40 nan 0.000000
194 40 nan 0.000000
195 40 nan 0.000000
196 40 nan 0.000000
197 40 nan 0.000000
198 40 nan 0.000000
199 40 nan 0.000000
0 41 nan 0.000000
1 41 nan 0.000000
2 41 nan 0.000000
3 41 nan 0.000000
4 41 nan 0.000000
5 41 nan 0.000000
6 41 nan 0.000000
7 41 nan 0.000000
8 41 nan 0.000000
9 41 nan 0.000000
10 41 nan 0.000000
11 41 nan 0.000000
12 41 nan 0.000000
13 41 nan 0.000000
14 41 nan 0.000000
15 41 nan 0.000000
16 41 nan 0.000000
17 41 nan 0.000000
18 41 nan 0.000000
19 41 nan 0.000000
20 41 nan 0.000000
21 41 nan 0.000000
22 41 nan 0.000000
23 41 nan 0.000000
24 41 nan 0.000000
25 41 nan 0.000000
26 41 nan 0.000000
27 41 nan 0.000000
28 41 nan 0.000000
29 41 nan 0.000000
30 41 nan 0.000000
31 41 nan 0.000001
32 41 nan 0.000002
33 41 nan 0.000004
34 41 nan 0.000012
35 41 nan 0.000031
36 41 nan 0.000083
37 41 nan 0.000221
38 41 nan 0.000582
39 41 nan 0.001522
40 41 nan 0.003944
41 41 nan 0.010103
42 41 nan 0.025431
43 41 nan 0.062069
44 41 nan 0.142674
45 41 nan 0.293239
46 41 nan 0.506250
47 41 nan 0.715172
48 41 nan 0.858996
49 41 nan 0.936062
50 41 nan 0.972098
51 41 nan 0.987964
52 41 nan 0.994803
53 41 nan 0.997741
54 41 nan 0.999009
55 41 nan 0.999561
56 41 nan 0.999803
57 41 nan 0.999911
58 41 nan 0.999959
59 41 nan 0.999981
60 41 nan 0.999991
61 41 nan 0.999996
62 41 nan 0.999998
63 41 nan 0.999999
64 41 nan 1.000000
65 41 nan 1.000000
66 41 nan 1.000000
67 41 nan 1.000000
68 41 nan 1.000000
69 41 nan 1.000000
70 41 nan 1.000000
71 41 nan 1.000000
72 41 nan 1.000000
73 41 nan 1.000000
74 41 nan 1.000000
75 41 nan 1.000000
76 41 nan 1.000000
77 41 nan 1.000000
78 41 nan 1.000000
79 41 nan 1.000000
80 41 nan 1.000000
81 41 nan 1.000000
82 41 nan 0.999999
83 41 nan 0.999997
84 41 nan 0.999988
85 41 nan 0.999955
86 41 nan 0.999828
87 41 nan 0.999347
88 41 nan 0.997527
89 41 nan 0.990684
90 41 nan 0.965555
91 41 nan 0.880797
92 41 nan 0.660756
93 41 nan 0.339244
94 41 nan 0.119203
95 41 nan 0.034445
96 41 nan 0.009316
97 41 nan 0.002473
98 41 nan 0.000653
99 41 nan 0.000172
100 41 nan 0.000045
101 41 nan 0.000172
102 41 nan 0.000653
103 41 nan 0.002473
104 41 nan 0.009316
105 41 nan 0.034445
106 41 nan 0.119203
107 41 nan 0.339244
108 41 nan 0.660756
109 41 nan 0.880797
110 41 nan 0.965555
111 41 nan 0.990684
112 41 nan 0.997527
113 41 nan 0.999347
114 41 nan 0.999828
115 41 nan 0.999955
116 41 nan 0.999988
117 41 nan 0.999997
118 41 nan 0.999999
119 41 nan 1.000000
120 41 nan 1.000000
121 41 nan 1.000000
122 41 nan 1.000000
123 41 nan 1.000000
124 41 nan 1.000000
125 41 nan 1.000000
126 41 nan 1.000000
127 41 nan 1.000000
128 41 nan 1.000000
129 41 nan 1.000000
130 41 nan 1.000000
131 41 nan 1.000000
132 41 nan 1.000000
133 41 nan 1.000000
134 41 nan 1.000000
135 41 nan 1.000000
136 41 nan 1.000000
137 41 nan 0.999999
138 41 nan 0.999998
139 41 nan 0.999996
140 41 nan 0.999991
141 41 nan 0.999981
142 41 nan 0.999959
143 41 nan 0.999911
144 41 nan 0.999803
145 41 nan 0.999561
146 41 nan 0.999009
147 41 nan 0.997741
148 41 nan 0.994803
149 41 nan 0.987964
150 41 nan 0.972098
151 41 nan 0.936062
152 41 nan 0.858996
153 41 nan 0.715172
154 41 nan 0.506250
155 41 nan 0.293239
156 41 nan 0.142674
157 41 nan 0.062069
158 41 nan 0.025431
159 41 nan 0.010103
160 41 nan 0.003944
161 41 nan 0.001522
162 41 nan 0.000582
163 41 nan 0.000221
164 41 nan 0.000083
165 41 nan 0.000031
166 41 nan 0.000012
167 41 nan 0.000004
168 41 nan 0.000002
169 41 nan 0.000001
170 41 nan 0.000000
171 41 nan 0.000000
172 41 nan 0.000000
173 41 nan 0.000000
174 41 nan 0.000000
175 41 nan 0.000000
176 41 nan 0.000000
177 41 nan 0.000000
178 41 nan 0.000000
179 41 nan 0.000000
180 41 nan 0.000000
181 41 nan 0.000000
182 41 nan 0.000000
183 41 nan 0.000000
184 41 nan 0.000000
185 41 nan 0.000000
186 41 nan 0.000000
187 41 nan 0.000000
188 41 nan 0.000000
189 41 nan 0.000000
190 41 nan 0.000000
191 41 nan 0.000000
192 41 nan 0.000000
193 41 nan 0.000000
194 41 nan 0.000000
195 41 nan 0.000000
196 41 nan 0.000000
197 41 nan 0.000000
198 41 nan 0.000000
199 41 nan 0.000000
0 42 nan 0.000000
1 42 nan 0.000000
2 42 nan 0.000000
3 42 nan 0.000000
4 42 nan 0.000000
5 42 nan 0.000000
6 42 nan 0.000000
7 42 nan 0.000000
8 42 nan 0.000000
9 42 nan 0.000000
10 42 nan 0.000000
11 42 nan 0.000000
12 42 nan 0.000000
13 42 nan 0.000000
14 42 nan 0.000000
15 42 nan 0.000000
16 42 nan 0.000000
17 42 nan 0.000000
18 42 nan 0.000000
19 42 nan 0.000000
20 42 nan 0.000000
21 42 nan 0.000000
22 42 nan 0.000000
23 42 nan 0.000000
24 42 nan 0.000000
25 42 nan 0.000000
26 42 nan 0.000000
27 42 nan 0.000000
28 42 nan 0.000000
29 42 nan 0.000000
30 42 nan 0.000000
31 42 nan 0.000001
32 42 nan 0.000004
33 42 nan 0.000010
34 42 nan 0.000028
35 42 nan 0.000076
36 42 nan 0.000204
37 42 nan 0.000547
38 42 nan 0.001452
39 42 nan 0.003822
40 42 nan 0.009944
41 42 nan 0.025431
42 42 nan 0.063022
43 42 nan 0.146731
44 42 nan 0.303623
45 42 nan 0.522910
46 42 nan 0.731988
47 42 nan 0.870878
48 42 nan 0.942865
49 42 nan 0.975607
50 42 nan 0.989690
51 42 nan 0.995635
52 42 nan 0.998140
53 42 nan 0.999200
54 42 nan 0.999652
55 42 nan 0.999847
56 42 nan 0.999932
57 42 nan 0.999970
58 42 nan 0.999986
59 42 nan 0.999994
60 42 nan 0.999997
61 42 nan 0.999999
62 42 nan 0.999999
63 42 nan 1.000000
64 42 nan 1.000000
65 42 nan 1.000000
66 42 nan 1.000000
67 42 nan 1.000000
68 42 nan 1.000000
69 42 nan 1.000000
70 42 nan 1.000000
71 42 nan 1.000000
72 42 nan 1.000000
73 42 nan 1.000000
74 42 nan 1.000000
75 42 nan 1.000000
76 42 nan 1.000000
77 42 nan 1.000000
78 42 nan 1.000000
79 42 nan 1.000000
80 42 nan 1.000000
81 42 nan 1.000000
82 42 nan 0.999999
83 42 nan 0.999997
84 42 nan 0.999988
85 42 nan 0.999955
86 42 nan 0.999828
87 42 nan 0.999347
88 42 nan 0.997527
89 42 nan 0.990684
90 42 nan 0.965555
91 42 nan 0.880797
92 42 nan 0.660756
93 42 nan 0.339244
94 42 nan 0.119203
95 42 nan 0.034445
96 42 nan 0.009316
97 42 nan 0.002473
98 42 nan 0.000653
99 42 nan 0.000172
100 42 nan 0.000045
101 42 nan 0.000172
102 42 nan 0.000653
103 42 nan 0.002473
104 42 nan 0.009316
105 42 nan 0.034445
106 42 nan 0.119203
107 42 nan 0.339244
108 42 nan 0.660756
109 42 nan 0.880797
110 42 nan 0.965555
111 42 nan 0.990684
112 42 nan 0.997527
113 42 nan 0.999347
114 42 nan 0.999828
115 42 nan 0.999955
116 42 nan 0.999988
117 42 nan 0.999997
118 42 nan 0.999999
119 42 nan 1.000000
120 42 nan 1.000000
121 42 nan 1.000000
122 42 nan 1.000000
123 42 nan 1.000000
124 42 nan 1.000000
125 42 nan 1.000000
126 42 nan 1.000000
127 42 nan 1.000000
128 42 nan 1.000000
129 42 nan 1.000000
130 42 nan 1.000000
131 42 nan 1.000000
132 42 nan 1.000000
133 42 nan 1.000000
134 42 nan 1.000000
135 42 nan 1.000000
136 42 nan 1.000000
137 42 nan 1.000000
138 42 nan 0.999999
139 42 nan 0.999999
140 42 nan 0.999997
141 42 nan 0.999994
142 42 nan 0.999986
143 42 nan 0.999970
144 42 nan 0.999932
145 42 nan 0.999847
146 42 nan 0.999652
147 42 nan 0.999200
148 42 nan 0.998140
149 42 nan 0.995635
150 42 nan 0.989690
151 42 nan 0.975607
152 42 nan 0.942865
153 42 nan 0.870878
154 42 nan 0.731988
155 42 nan 0.522910
156 42 nan 0.303623
157 42 nan 0.146731
158 42 nan 0.063022
159 42 nan 0.025431
160 42 nan 0.009944
161 42 nan 0.003822
162 42 nan 0.001452
163 42 nan 0.000547
164 42 nan 0.000204
165 42 nan 0.000076
166 42 nan 0.000028
167 42 nan 0.000010
168 42 nan 0.000004
169 42 nan 0.000001
170 42 nan 0.000000
171 42 nan 0.000000
172 42 nan 0.000000
173 42 nan 0.000000
174 42 nan 0.000000
175 42 nan 0.000000
176 42 nan 0.000000
177 42 nan 0.000000
178 42 nan 0.000000
179 42 nan 0.000000
180 42 nan 0.000000
181 42 nan 0.000000
182 42 nan 0.000000
183 42 nan 0.000000
184 42 nan 0.000000
185 42 nan 0.000000
186 42 nan 0.000000
187 42 nan 0.000000
188 42 nan 0.000000
189 42 nan 0.000000
190 42 nan 0.000000
191 42 nan 0.000000
192 42 nan 0.000000
193 42 nan 0.000000
194 42 nan 0.000000
195 42 nan 0.000000
196 42 nan 0.000000
197 42 nan 0.000000
198 42 nan 0.000000
199 42 nan 0.000000
0 43 nan 0.000000
1 43 nan 0.000000
2 43 nan 0.000000
3 43 nan 0.000000
4 43 nan 0.000000
5 43 nan 0.000000
6 43 nan 0.000000
7 43 nan 0.000000
8 43 nan 0.000000
9 43 nan 0.000000
10 43 nan 0.000000
11 43 nan 0.000000
12 43 nan 0.000000
13 43 nan 0.000000
14 43 nan 0.000000
15 43 nan 0.000000
16 43 nan 0.000000
17 43 nan 0.000000
18 43 nan 0.000000
19 43 nan 0.000000
20 43 nan 0.000000
21 43 nan 0.000000
22 43 nan 0.000000
23 43 nan 0.000000
24 43 nan 0.000000
25 43 nan 0.000000
26 43 nan 0.000000
27 43 nan 0.000000
28 43 nan 0.000000
29 43 nan 0.000000
30 43 nan 0.000001
31 43 nan 0.000003
32 43 nan 0.000009
33 43 nan 0.000024
34 43 nan 0.000067
35 43 nan 0.000184
36 43 nan 0.000498
37 43 nan 0.001343
38 43 nan 0.003588
39 43 nan 0.009483
40 43 nan 0.024645
41 43 nan 0.062069
42 43 nan 0.146731
43 43 nan 0.307132
44 43 nan 0.531228
45 43 nan 0.741776
46 43 nan 0.878323
47 43 nan 0.947306
48 43 nan 0.977956
49 43 nan 0.990863
50 43 nan 0.996206
51 43 nan 0.998414
52 43 nan 0.999331
53 43 nan 0.999715
54 43 nan 0.999877
55 43 nan 0.999947
56 43 nan 0.999976
57 43 nan 0.999990
58 43 nan 0.999995
59 43 nan 0.999998
60 43 nan 0.999999
61 43 nan 1.000000
62 43 nan 1.000000
63 43 nan 1.000000
64 43 nan 1.000000
65 43 nan 1.000000
66 43 nan 1.000000
67 43 nan 1.000000
68 43 nan 1.000000
69 43 nan 1.000000
70 43 nan 1.000000
71 43 nan 1.000000
72 43 nan 1.000000
73 43 nan 1.000000
74 43 nan 1.000000
75 43 nan 1.000000
76 43 nan 1.000000
77 43 nan 1.000000
78 43 nan 1.000000
79 43 nan 1.000000
80 43 nan 1.000000
81 43 nan 1.000000
82 43 nan 0.999999
83 43 nan 0.999997
84 43 nan 0.999988
85 43 nan 0.999955
86 43 nan 0.999828
87 43 nan 0.999347
88 43 nan 0.997527
89 43 nan 0.990684
90 43 nan 0.965555
91 43 nan 0.880797
92 43 nan 0.660756
93 43 nan 0.339244
94 43 nan 0.119203
95 43 nan 0.034445
96 43 nan 0.009316
97 43 nan 0.002473
98 43 nan 0.000653
99 43 nan 0.000172
100 43 nan 0.000045
101 43 nan 0.000172
102 43 nan 0.000653
103 43 nan 0.002473
104 43 nan 0.009316
105 43 nan 0.034445
106 43 nan 0.119203
107 43 nan 0.339244
108 43 nan 0.660756
109 43 nan 0.880797
110 43 nan 0.965555
111 43 nan 0.990684
112 43 nan 0.997527
113 43 nan 0.999347
114 43 nan 0.999828
115 43 nan 0.999955
116 43 nan 0.999988
117 43 nan 0.999997
118 43 nan 0.999999
119 43 nan 1.000000
120 43 nan 1.000000
121 43 nan 1.000000
122 43 nan 1.000000
123 43 nan 1.000000
124 43 nan 1.000000
125 43 nan 1.000000
126 43 nan 1.000000
127 43 nan 1.000000
128 43 nan 1.000000
129 43 nan 1.000000
130 43 nan 1.000000
131 43 nan 1.000000
132 43 nan 1.000000
133 43 nan 1.000000
134 43 nan 1.000000
135 43 nan 1.000000
136 43 nan 1.000000
137 43 nan 1.000000
138 43 nan 1.000000
139 43 nan 1.000000
140 43 nan 0.999999
141 43 nan 0.999998
142 43 nan 0.999995
143 43 nan 0.999990
144 43 nan 0.999976
145 43 nan 0.999947
146 43 nan 0.999877
147 43 nan 0.999715
148 43 nan 0.999331
149 43 nan 0.998414
150 43 nan 0.996206
151 43 nan 0.990863
152 43 nan 0.977956
153 43 nan 0.947306
154 43 nan 0.878323
155 43 nan 0.741776
156 43 nan 0.531228
157 43 nan 0.307132
158 43 nan 0.146731
159 43 nan 0.062069
160 43 nan 0.024645
161 43 nan 0.009483
162 43 nan 0.003588
163 43 nan 0.001343
164 43 nan 0.000498
165 43 nan 0.000184
166 43 nan 0.000067
167 43 nan 0.000024
168 43 nan 0.000009
169 43 nan 0.000003
170 43 nan 0.000001
171 43 nan 0.000000
172 43 nan 0.000000
173 43 nan 0.000000
174 43 nan 0.000000
175 43 nan 0.000000
176 43 nan 0.000000
177 43 nan 0.000000
178 43 nan 0.000000
179 43 nan 0.000000
180 43 nan 0.000000
181 43 nan 0.000000
182 43 nan 0.000000
183 43 nan 0.000000
184 43 nan 0.000000
185 43 nan 0.000000
186 43 nan 0.000000
187 43 nan 0.000000
188 43 nan 0.000000
189 43 nan 0.000000
190 43 nan 0.000000
191 43 nan 0.000000
192 43 nan 0.000000
193 43 nan 0.000000
194 43 nan 0.000000
195 43 nan 0.000000
196 43 nan 0.000000
197 43 nan 0.000000
198 43 nan 0.000000
199 43 nan 0.000000
0 44 nan 0.000000
1 44 nan 0.000000
2 44 nan 0.000000
3 44 nan 0.000000
4 44 nan 0.000000
5 44 nan 0.000000
6 44 nan 0.000000
7 44 nan 0.000000
8 44 nan 0.000000
9 44 nan 0.000000
10 44 nan 0.000000
11 44 nan 0.000000
12 44 nan 0.000000
13 44 nan 0.000000
14 44 nan 0.000000
15 44 nan 0.000000
16 44 nan 0.000000
17 44 nan 0.000000
18 44 nan 0.000000
19 44 nan 0.000000
20 44 nan 0.000000
21 44 nan 0.000000
22 44 nan 0.000000
23 44 nan 0.000000
24 44 nan 0.000000
25 44 nan 0.000000
26 44 nan 0.000000
27 44 nan 0.000000
28 44 nan 0.000000
29 44 nan 0.000001
30 44 nan 0.000003
31 44 nan 0.000007
32 44 nan 0.000021
33 44 nan 0.000058
34 44 nan 0.000160
35 44 nan 0.000440
36 44 nan 0.001203
37 44 nan 0.003264
38 44 nan 0.008762
39 44 nan 0.023142
40 44 nan 0.059291
41 44 nan 0.142674
42 44 nan 0.303623
43 44 nan 0.531228
44 44 nan 0.744987
45 44 nan 0.881907
46 44 nan 0.949814
47 44 nan 0.979398
48 44 nan 0.991620
49 44 nan 0.996585
50 44 nan 0.998599
51 44 nan 0.999420
52 44 nan 0.999758
53 44 nan 0.999898
54 44 nan 0.999956
55 44 nan 0.999981
56 44 nan 0.999992
57 44 nan 0.999996
58 44 nan 0.999998
59 44 nan 0.999999
60 44 nan 1.000000
61 44 nan 1.000000
62 44 nan 1.000000
63 44 nan 1.000000
64 44 nan 1.000000
65 44 nan 1.000000
66 44 nan 1.000000
67 44 nan 1.000000
68 44 nan 1.000000
69 44 nan 1.000000
70 44 nan 1.000000
71 44 nan 1.000000
72 44 nan 1.000000
73 44 nan 1.000000
74 44 nan 1.000000
75 44 nan 1.000000
76 44 nan 1.000000
77 44 nan 1.000000
78 44 nan 1.000000
79 44 nan 1.000000
80 44 nan 1.000000
81 44 nan 1.000000
82 44 nan 0.999999
83 44 nan 0.999997
84 44 nan 0.999988
85 44 nan 0.999955
86 44 nan 0.999828
87 44 nan 0.999347
88 44 nan 0.997527
89 44 nan 0.990684
90 44 nan 0.965555
91 44 nan 0.880797
92 44 nan 0.660756
93 44 nan 0.339244
94 44 nan 0.119203
95 44 nan 0.034445
96 44 nan 0.009316
97 44 nan 0.002473
98 44 nan 0.000653
99 44 nan 0.000172
100 44 nan 0.000045
101 44 nan 0.000172
102 44 nan 0.000653
103 44 nan 0.002473
104 44 nan 0.009316
105 44 nan 0.034445
106 44 nan 0.119203
107 44 nan 0.339244
108 44 nan 0.660756
109 44 nan 0.880797
110 44 nan 0.965555
111 44 nan 0.990684
112 44 nan 0.997527
113 44 nan 0.999347
114 44 nan 0.999828
115 44 nan 0.999955
116 44 nan 0.999988
117 44 nan 0.999997
118 44 nan 0.999999
119 44 nan 1.000000
120 44 nan 1.000000
121 44 nan 1.000000
122 44 nan 1.000000
123 44 nan 1.000000
124 44 nan 1.000000
125 44 nan 1.000000
126 44 nan 1.000000
127 44 nan 1.000000
128 44 nan 1.000000
129 44 nan 1.000000
130 44 nan 1.000000
131 44 nan 1.000000
132 44 nan 1.000000
133 44 nan 1.000000
134 44 nan 1.000000
135 44 nan 1.000000
136 44 nan 1.000000
137 44 nan 1.000000
138 44 nan 1.000000
139 44 nan 1.000000
140 44 nan 1.000000
141 44 nan 0.999999
142 44 nan 0.999998
143 44 nan 0.999996
144 44 nan 0.999992
145 44 nan 0.999981
146 44 nan 0.999956
147 44 nan 0.999898
148 44 nan 0.999758
149 44 nan 0.999420
150 44 nan 0.998599
151 44 nan 0.996585
152 44 nan 0.991620
153 44 nan 0.979398
154 44 nan 0.949814
155 44 nan 0.881907
156 44 nan 0.744987
157 44 nan 0.531228
158 44 nan 0.303623
159 44 nan 0.142674
160 44 nan 0.059291
161 44 nan 0.023142
162 44 nan 0.008762
163 44 nan 0.003264
164 44 nan 0.001203
165 44 nan 0.000440
166 44 nan 0.000160
167 44 nan 0.000058
168 44 nan 0.000021
169 44 nan 0.000007
170 44 nan 0.000003
171 44 nan 0.000001
172 44 nan 0.000000
173 44 nan 0.000000
174 44 nan 0.000000
175 44 nan 0.000000
176 44 nan 0.000000
177 44 nan 0.000000
178 44 nan 0.000000
179 44 nan 0.000000
180 44 nan 0.000000
181 44 nan 0.000000
182 44 nan 0.000000
183 44 nan 0.000000
184 44 nan 0.000000
185 44 nan 0.000000
186 44 nan 0.000000
187 44 nan 0.000000
188 44 nan 0.000000
189 44 nan 0.000000
190 44 nan 0.000000
191 44 nan 0.000000
192 44 nan 0.000000
193 44 nan 0.000000
194 44 nan 0.000000
195 44 nan 0.000000
196 44 nan 0.000000
197 44 nan 0.000000
198 44 nan 0.000000
199 44 nan 0.000000
0 45 nan 0.000000
1 45 nan 0.000000
2 45 nan 0.000000
3 45 nan 0.000000
4 45 nan 0.000000
5 45 nan 0.000000
6 45 nan 0.000000
7 45 nan 0.000000
8 45 nan 0.000000
9 45 nan 0.000000
10 45 nan 0.000000
11 45 nan 0.000000
12 45 nan 0.000000
13 45 nan 0.000000
14 45 nan 0.000000
15 45 nan 0.000000
16 45 nan 0.000000
17 45 nan 0.000000
18 45 nan 0.000000
19 45 nan 0.000000
20 45 nan 0.000000
21 45 nan 0.000000
22 45 nan 0.000000
23 45 nan 0.000000
24 45 nan 0.000000
25 45 nan 0.000000
26 45 nan 0.000000
27 45 nan 0.000000
28 45 nan 0.000001
29 45 nan 0.000002
30 45 nan 0.000006
31 45 nan 0.000017
32 45 nan 0.000048
33 45 nan 0.000135
34 45 nan 0.000377
35 45 nan 0.001045
36 45 nan 0.002877
37 45 nan 0.007844
38 45 nan 0.021057
39 45 nan 0.054920
40 45 nan 0.134843
41 45 nan 0.293239
42 45 nan 0.522910
43 45 nan 0.741776
44 45 nan 0.881907
45 45 nan 0.950625
46 45 nan 0.980085
47 45 nan 0.992044
48 45 nan 0.996816
49 45 nan 0.998718
50 45 nan 0.999479
51 45 nan 0.999786
52 45 nan 0.999912
53 45 nan 0.999963
54 45 nan 0.999984
55 45 nan 0.999993
56 45 nan 0.999997
57 45 nan 0.999999
58 45 nan 0.999999
59 45 nan 1.000000
60 45 nan 1.000000
61 45 nan 1.000000
62 45 nan 1.000000
63 45 nan 1.000000
64 45 nan 1.000000
65 45 nan 1.000000
66 45 nan 1.000000
67 45 nan 1.000000
68 45 nan 1.000000
69 45 nan 1.000000
70 45 nan 1.000000
71 45 nan 1.000000
72 45 nan 1.000000
73 45 nan 1.000000
74 45 nan 1.000000
75 45 nan 1.000000
76 45 nan 1.000000
77 45 nan 1.000000
78 45 nan 1.000000
79 45 nan 1.000000
80 45 nan 1.000000
81 45 nan 1.000000
82 45 nan 0.999999
83 45 nan 0.999997
84 45 nan 0.999988
85 45 nan 0.999955
86 45 nan 0.999828
87 45 nan 0.999347
88 45 nan 0.997527
89 45 nan 0.990684
90 45 nan 0.965555
91 45 nan 0.880797
92 45 nan 0.660756
93 45 nan 0.339244
94 45 nan 0.119203
95 45 nan 0.034445
96 45 nan 0.009316
97 45 nan 0.002473
98 45 nan 0.000653
99 45 nan 0.000172
100 45 nan 0.000045
101 45 nan 0.000172
102 45 nan 0.000653
103 45 nan 0.002473
104 45 nan 0.009316
105 45 nan 0.034445
106 45 nan 0.119203
107 45 nan 0.339244
108 45 nan 0.660756
109 45 nan 0.880797
110 45 nan 0.965555
111 45 nan 0.990684
112 45 nan 0.997527
113 45 nan 0.999347
114 45 nan 0.999828
115 45 nan 0.999955
116 45 nan 0.999988
117 45 nan 0.999997
118 45 nan 0.999999
119 45 nan 1.000000
120 45 nan 1.000000
121 45 nan 1.000000
122 45 nan 1.000000
123 45 nan 1.000000
124 45 nan 1.000000
125 45 nan 1.000000
126 45 nan 1.000000
127 45 nan 1.000000
128 45 nan 1.000000
129 45 nan 1.000000
130 45 nan 1.000000
131 45 nan 1.000000
132 45 nan 1.000000
133 45 nan 1.000000
134 45 nan 1.000000
135 45 nan 1.000000
136 45 nan 1.000000
137 45 nan 1.000000
138 45 nan 1.000000
139 45 nan 1.000000
140 45 nan 1.000000
141 45 nan 1.000000
142 45 nan 0.999999
143 45 nan 0.999999
144 45 nan 0.999997
145 45 nan 0.999993
146 45 nan 0.999984
147 45 nan 0.999963
148 45 nan 0.999912
149 45 nan 0.999786
150 45 nan 0.999479
151 45 nan 0.998718
152 45 nan 0.996816
153 45 nan 0.992044
154 45 nan 0.980085
155 45 nan 0.950625
156 45 nan 0.881907
157 45 nan 0.741776
158 45 nan 0.522910
159 45 nan 0.293239
160 45 nan 0.134843
161 45 nan 0.054920
162 45 nan 0.021057
163 45 nan 0.007844
164 45 nan 0.002877
165 45 nan 0.001045
166 45 nan 0.000377
167 45 nan 0.000135
168 45 nan 0.000048
169 45 nan 0.000017
170 45 nan 0.000006
171 45 nan 0.000002
172 45 nan 0.000001
173 45 nan 0.000000
174 45 nan 0.000000
175 45 nan 0.000000
176 45 nan 0.000000
177 45 nan 0.000000
178 45 nan 0.000000
179 45 nan 0.000000
180 45 nan 0.000000
181 45 nan 0.000000
182 45 nan 0.000000
183 45 nan 0.000000
184 45 nan 0.000000
185 45 nan 0.000000
186 45 nan 0.000000
187 45 nan 0.000000
188 45 nan 0.000000
189 45 nan 0.000000
190 45 nan 0.000000
191 45 nan 0.000000
192 45 nan 0.000000
193 45 nan 0.000000
194 45 nan 0.000000
195 45 nan 0.000000
196 45 nan 0.000000
197 45 nan 0.000000
198 45 nan 0.000000
199 45 nan 0.000000
0 46 nan 0.000000
1 46 nan 0.000000
2 46 nan 0.000000
3 46 nan 0.000000
4 46 nan 0.000000
5 46 nan 0.000000
6 46 nan 0.000000
7 46 nan 0.000000
8 46 nan 0.000000
9 46 nan 0.000000
10 46 nan 0.000000
11 46 nan 0.000000
12 46 nan 0.000000
13 46 nan 0.000000
14 46 nan 0.000000
15 46 nan 0.000000
16 46 nan 0.000000
17 46 nan 0.000000
18 46 nan 0.000000
19 46 nan 0.000000
20 46 nan 0.000000
21 46 nan 0.000000
22 46 nan 0.000000
23 46 nan 0.000000
24 46 nan 0.000000
25 46 nan 0.000000
26 46 nan 0.000000
27 46 nan 0.000001
28 46 nan 0.000002
29 46 nan 0.000005
30 46 nan 0.000014
31 46 nan 0.000039
32 46 nan 0.000110
33 46 nan 0.000313
34 46 nan 0.000880
35 46 nan 0.002458
36 46 nan 0.006803
37 46 nan 0.018563
38 46 nan 0.049315
39 46 nan 0.123787
40 46 nan 0.276413
41 46 nan 0.506250
42 46 nan 0.731988
43 46 nan 0.878323
44 46 nan 0.949814
45 46 nan 0.980085
46 46 nan 0.992181
47 46 nan 0.996926
48 46 nan 0.998784
49 46 nan 0.999515
50 46 nan 0.999805
51 46 nan 0.999921
52 46 nan 0.999967
53 46 nan 0.999987
54 46 nan 0.999994
55 46 nan 0.999998
56 46 nan 0.999999
57 46 nan 1.000000
58 46 nan 1.000000
59 46 nan 1.000000
60 46 nan 1.000000
61 46 nan 1.000000
62 46 nan 1.000000
63 46 nan 1.000000
64 46 nan 1.000000
65 46 nan 1.000000
66 46 nan 1.000000
67 46 nan 1.000000
68 46 nan 1.000000
69 46 nan 1.000000
70 46 nan 1.000000
71 46 nan 1.000000
72 46 nan 1.000000
73 46 nan 1.000000
74 46 nan 1.000000
75 46 nan 1.000000
76 46 nan 1.000000
77 46 nan 1.000000
78 46 nan 1.000000
79 46 nan 1.000000
80 46 nan 1.000000
81 46 nan 1.000000
82 46 nan 0.999999
83 46 nan 0.999997
84 46 nan 0.999988
85 46 nan 0.999955
86 46 nan 0.999828
87 46 nan 0.999347
88 46 nan 0.997527
89 46 nan 0.990684
90 46 nan 0.965555
91 46 nan 0.880797
92 46 nan 0.660756
93 46 nan 0.339244
94 46 nan 0.119203
95 46 nan 0.034445
96 46 nan 0.009316
97 46 nan 0.002473
98 46 nan 0.000653
99 46 nan 0.000172
100 46 nan 0.000045
101 46 nan 0.000172
102 46 nan 0.000653
103 46 nan 0.002473
104 46 nan 0.009316
105 46 nan 0.034445
106 46 nan 0.119203
107 46 nan 0.339244
108 46 nan 0.660756
109 46 nan 0.880797
110 46 nan 0.965555
111 46 nan 0.990684
112 46 nan 0.997527
113 46 nan 0.999347
114 46 nan 0.999828
115 46 nan 0.999955
116 46 nan 0.999988
117 46 nan 0.999997
118 46 nan 0.999999
119 46 nan 1.000000
120 46 nan 1.000000
121 46 nan 1.000000
122 46 nan 1.000000
123 46 nan 1.000000
124 46 nan 1.000000
125 46 nan 1.000000
126 46 nan 1.000000
127 46 nan 1.000000
128 46 nan 1.000000
129 46 nan 1.000000
130 46 nan 1.000000
131 46 nan 1.000000
132 46 nan 1.000000
133 46 nan 1.000000
134 46 nan 1.000000
135 46 nan 1.000000
136 46 nan 1.000000
137 46 nan 1.000000
138 46 nan 1.000000
139 46 nan 1.000000
140 46 nan 1.000000
141 46 nan 1.000000
142 46 nan 1.000000
143 46 nan 1.000000
144 46 nan 0.999999
145 46 nan 0.999998
146 46 nan 0.999994
147 46 nan 0.999987
148 46 nan 0.999967
149 46 nan 0.999921
150 46 nan 0.999805
151 46 nan 0.999515
152 46 nan 0.998784
153 46 nan 0.996926
154 46 nan 0.992181
155 46 nan 0.980085
156 46 nan 0.949814
157 46 nan 0.878323
158 46 nan 0.731988
159 46 nan 0.506250
160 46 nan 0.276413
161 46 nan 0.123787
162 46 nan 0.049315
163 46 nan 0.018563
164 46 nan 0.006803
165 46 nan 0.002458
166 46 nan 0.000880
167 46 nan 0.000313
168 46 nan 0.000110
169 46 nan 0.000039
170 46 nan 0.000014
171 46 nan 0.000005
172 46 nan 0.000002
173 46 nan 0.000001
174 46 nan 0.000000
175 46 nan 0.000000
176 46 nan 0.000000
177 46 nan 0.000000
178 46 nan 0.000000
179 46 nan 0.000000
180 46 nan 0.000000
181 46 nan 0.000000
182 46 nan 0.000000
183 46 nan 0.000000
184 46 nan 0.000000
185 46 nan 0.000000
186 46 nan 0.000000
187 46 nan 0.000000
188 46 nan 0.000000
189 46 nan 0.000000
190 46 nan 0.000000
191 46 nan 0.000000
192 46 nan 0.000000
193 46 nan 0.000000
194 46 nan 0.000000
195 46 nan 0.000000
196 46 nan 0.000000
197 46 nan 0.000000
198 46 nan 0.000000
199 46 nan 0.000000
0 47 nan 0.000000
1 47 nan 0.000000
2 47 nan 0.000000
3 47 nan 0.000000
4 47 nan 0.000000
5 47 nan 0.000000
6 47 nan 0.000000
7 47 nan 0.000000
8 47 nan 0.000000
9 47 nan 0.000000
10 47 nan 0.000000
11 47 nan 0.000000
12 47 nan 0.000000
13 47 nan 0.000000
14 47 nan 0.000000
15 47 nan 0.000000
16 47 nan 0.000000
17 47 nan 0.000000
18 47 nan 0.000000
19 47 nan 0.000000
20 47 nan 0.000000
21 47 nan 0.000000
22 47 nan 0.000000
23 47 nan 0.000000
24 47 nan 0.000000
25 47 nan 0.000000
26 47 nan 0.000000
27 47 nan 0.000001
28 47 nan 0.000004
29 47 nan 0.000010
30 47 nan 0.000030
31 47 nan 0.000088
32 47 nan 0.000252
33 47 nan 0.000718
34 47 nan 0.002035
35 47 nan 0.005717
36 47 nan 0.015853
37 47 nan 0.042909
38 47 nan 0.110279
39 47 nan 0.253906
40 47 nan 0.481265
41 47 nan 0.715172
42 47 nan 0.870878
43 47 nan 0.947306
44 47 nan 0.979398
45 47 nan 0.992044
46 47 nan 0.996926
47 47 nan 0.998806
48 47 nan 0.999532
49 47 nan 0.999815
50 47 nan 0.999926
51 47 nan 0.999970
52 47 nan 0.999988
53 47 nan 0.999995
54 47 nan 0.999998
55 47 nan 0.999999
56 47 nan 1.000000
57 47 nan 1.000000
58 47 nan 1.000000
59 47 nan 1.000000
60 47 nan 1.000000
61 47 nan 1.000000
62 47 nan 1.000000
63 47 nan 1.000000
64 47 nan 1.000000
65 47 nan 1.000000
66 47 nan 1.000000
67 47 nan 1.000000
68 47 nan 1.000000
69 47 nan 1.000000
70 47 nan 1.000000
71 47 nan 1.000000
72 47 nan 1.000000
73 47 nan 1.000000
74 47 nan 1.000000
75 47 nan 1.000000
76 47 nan 1.000000
77 47 nan 1.000000
78 47 nan 1.000000
79 47 nan 1.000000
80 47 nan 1.000000
81 47 nan 1.000000
82 47 nan 0.999999
83 47 nan 0.999997
84 47 nan 0.999988
85 47 nan 0.999955
86 47 nan 0.999828
87 47 nan 0.999347
88 47 nan 0.997527
89 47 nan 0.990684
90 47 nan 0.965555
91 47 nan 0.880797
92 47 nan 0.660756
93 47 nan 0.339244
94 47 nan 0.119203
95 47 nan 0.034445
96 47 nan 0.009316
97 47 nan 0.002473
98 47 nan 0.000653
99 47 nan 0.000172
100 47 nan 0.000045
101 47 nan 0.000172
102 47 nan 0.000653
103 47 nan 0.002473
104 47 nan 0.009316
105 47 nan 0.034445
106 47 nan 0.119203
107 47 nan 0.339244
108 47 nan 0.660756
109 47 nan 0.880797
110 47 nan 0.965555
111 47 nan 0.990684
112 47 nan 0.997527
113 47 nan 0.999347
114 47 nan 0.999828
115 47 nan 0.999955
116 47 nan 0.999988
117 47 nan 0.999997
118 47 nan 0.999999
119 47 nan 1.000000
120 47 nan 1.000000
121 47 nan 1.000000
122 47 nan 1.000000
123 47 nan 1.000000
124 47 nan 1.000000
125 47 nan 1.000000
126 47 nan 1.000000
127 47 nan 1.000000
128 47 nan 1.000000
129 47 nan 1.000000
130 47 nan 1.000000
131 47 nan 1.000000
132 47 nan 1.000000
133 47 nan 1.000000
134 47 nan 1.000000
135 47 nan 1.000000
136 47 nan 1.000000
137 47 nan 1.000000
138 47 nan 1.000000
139 47 nan 1.000000
140 47 nan 1.000000
141 47 nan 1.000000
142 47 nan 1.000000
143 47 nan 1.000000
144 47 nan 1.000000
145 47 nan 0.999999
146 47 nan 0.999998
147 47 nan 0.999995
148 47 nan 0.999988
149 47 nan 0.999970
150 47 nan 0.999926
151 47 nan 0.999815
152 47 nan 0.999532
153 47 nan 0.998806
154 47 nan 0.996926
155 47 nan 0.992044
156 47 nan 0.979398
157 47 nan 0.947306
158 47 nan 0.870878
159 47 nan 0.715172
160 47 nan 0.481265
161 47 nan 0.253906
162 47 nan 0.110279
163 47 nan 0.042909
164 47 nan 0.015853
165 47 nan 0.005717
166 47 nan 0.002035
167 47 nan 0.000718
168 47 nan 0.000252
169 47 nan 0.000088
170 47 nan 0.000030
171 47 nan 0.000010
172 47 nan 0.000004
173 47 nan 0.000001
174 47 nan 0.000000
175 47 nan 0.000000
176 47 nan 0.000000
177 47 nan 0.000000
178 47 nan 0.000000
179 47 nan 0.000000
180 47 nan 0.000000
181 47 nan 0.000000
182 47 nan 0.000000
183 47 nan 0.000000
184 47 nan 0.000000
185 47 nan 0.000000
186 47 nan 0.000000
187 47 nan 0.000000
188 47 nan 0.000000
189 47 nan 0.000000
190 47 nan 0.000000
191 47 nan 0.000000
192 47 nan 0.000000
193 47 nan 0.000000
194 47 nan 0.000000
195 47 nan 0.000000
196 47 nan 0.000000
197 47 nan 0.000000
198 47 nan 0.000000
199 47 nan 0.000000
0 48 nan 0.000000
1 48 nan 0.000000
2 48 nan 0.000000
3 48 nan 0.000000
4 48 nan 0.000000
5 48 nan 0.000000
6 48 nan 0.000000
7 48 nan 0.000000
8 48 nan 0.000000
9 48 nan 0.000000
10 48 nan 0.000000
11 48 nan 0.000000
12 48 nan 0.000000
13 48 nan 0.000000
14 48 nan 0.000000
15 48 nan 0.000000
16 48 nan 0.000000
17 48 nan 0.000000
18 48 nan 0.000000
19 48 nan 0.000000
20 48 nan 0.000000
21 48 nan 0.000000
22 48 nan 0.000000
23 48 nan 0.000000
24 48 nan 0.000000
25 48 nan 0.000000
26 48 nan 0.000001
27 48 nan 0.000003
28 48 nan 0.000008
29 48 nan 0.000023
30 48 nan 0.000068
31 48 nan 0.000197
32 48 nan 0.000569
33 48 nan 0.001633
34 48 nan 0.004655
35 48 nan 0.013115
36 48 nan 0.036165
37 48 nan 0.095242
38 48 nan 0.226832
39 48 nan 0.448154
40 48 nan 0.690621
41 48 nan 0.858996
42 48 nan 0.942865
43 48 nan 0.977956
44 48 nan 0.991620
45 48 nan 0.996816
46 48 nan 0.998784
47 48 nan 0.999532
48 48 nan 0.999819
49 48 nan 0.999929
50 48 nan 0.999972
51 48 nan 0.999989
52 48 nan 0.999995
53 48 nan 0.999998
54 48 nan 0.999999
55 48 nan 1.000000
56 48 nan 1.000000
57 48 nan 1.000000
58 48 nan 1.000000
59 48 nan 1.000000
60 48 nan 1.000000
61 48 nan 1.000000
62 48 nan 1.000000
63 48 nan 1.000000
64 48 nan 1.000000
65 48 nan 1.000000
66 48 nan 1.000000
67 48 nan 1.000000
68 48 nan 1.000000
69 48 nan 1.000000
70 48 nan 1.000000
71 48 nan 1.000000
72 48 nan 1.000000
73 48 nan 1.000000
74 48 nan 1.000000
75 48 nan 1.000000
76 48 nan 1.000000
77 48 nan 1.000000
78 48 nan 1.000000
79 48 nan 1.000000
80 48 nan 1.000000
81 48 nan 1.000000
82 48 nan 0.999999
83 48 nan 0.999997
84 48 nan 0.999988
85 48 nan 0.999955
86 48 nan 0.999828
87 48 nan 0.999347
88 48 nan 0.997527
89 48 nan 0.990684
90 48 nan 0.965555
91 48 nan 0.880797
92 48 nan 0.660756
93 48 nan 0.339244
94 48 nan 0.119203
95 48 nan 0.034445
96 48 nan 0.009316
97 48 nan 0.002473
98 48 nan 0.000653
99 48 nan 0.000172
100 48 nan 0.000045
101 48 nan 0.000172
102 48 nan 0.000653
103 48 nan 0.002473
104 48 nan 0.009316
105 48 nan 0.034445
106 48 nan 0.119203
107 48 nan 0.339244
108 48 nan 0.660756
109 48 nan 0.880797
110 48 nan 0.965555
111 48 nan 0.990684
112 48 nan 0.997527
113 48 nan 0.999347
114 48 nan 0.999828
115 48 nan 0.999955
116 48 nan 0.999988
117 48 nan 0.999997
118 48 nan 0.999999
119 48 nan 1.000000
120 48 nan 1.000000
121 48 nan 1.000000
122 48 nan 1.000000
123 48 nan 1.000000
124 48 nan 1.000000
125 48 nan 1.000000
126 48 nan 1.000000
127 48 nan 1.000000
128 48 nan 1.000000
129 48 nan 1.000000
130 48 nan 1.000000
131 48 nan 1.000000
132 48 nan 1.000000
133 48 nan 1.000000
134 48 nan 1.000000
135 48 nan 1.000000
136 48 nan 1.000000
137 48 nan 1.000000
138 48 nan 1.000000
139 48 nan 1.000000
140 48 nan 1.000000
141 48 nan 1.000000
142 48 nan 1.000000
143 48 nan 1.000000
144 48 nan 1.000000
145 48 nan 1.000000
146 48 nan 0.999999
147 48 nan 0.999998
148 48 nan 0.999995
149 48 nan 0.999989
150 48 nan 0.999972
151 48 nan 0.999929
152 48 nan 0.999819
153 48 nan 0.999532
154 48 nan 0.998784
155 48 nan 0.996816
156 48 nan 0.991620
157 48 nan 0.977956
158 48 nan 0.942865
159 48 nan 0.858996
160 48 nan 0.690621
161 48 nan 0.448154
162 48 nan 0.226832
163 48 nan 0.095242
164 48 nan 0.036165
165 48 nan 0.013115
166 48 nan 0.004655
167 48 nan 0.001633
168 48 nan 0.000569
169 48 nan 0.000197
170 48 nan 0.000068
171 48 nan 0.000023
172 48 nan 0.000008
173 48 nan 0.000003
174 48 nan 0.000001
175 48 nan 0.000000
176 48 nan 0.000000
177 48 nan 0.000000
178 48 nan 0.000000
179 48 nan 0.000000
180 48 nan 0.000000
181 48 nan 0.000000
182 48 nan 0.000000
183 48 nan 0.000000
184 48 nan 0.000000
185 48 nan 0.000000
186 48 nan 0.000000
187 48 nan 0.000000
188 48 nan 0.000000
189 48 nan 0.000000
190 48 nan 0.000000
191 48 nan 0.000000
192 48 nan 0.000000
193 48 nan 0.000000
194 48 nan 0.000000
195 48 nan 0.000000
196 48 nan 0.000000
197 48 nan 0.000000
198 48 nan 0.000000
199 48 nan 0.000000
0 49 nan 0.000000
1 49 nan 0.000000
2 49 nan 0.000000
3 49 nan 0.000000
4 49 nan 0.000000
5 49 nan 0.000000
6 49 nan 0.000000
7 49 nan 0.000000
8 49 nan 0.000000
9 49 nan 0.000000
10 49 nan 0.000000
11 49 nan 0.000000
12 49 nan 0.000000
13 49 nan 0.000000
14 49 nan 0.000000
15 49 nan 0.000000
16 49 nan 0.000000
17 49 nan 0.000000
18 49 nan 0.000000
19 49 nan 0.000000
20 49 nan 0.000000
21 49 nan 0.000000
22 49 nan 0.000000
23 49 nan 0.000000
24 49 nan 0.000000
25 49 nan 0.000001
26 49 nan 0.000002
27 49 nan 0.000006
28 49 nan 0.000017
29 49 nan 0.000051
30 49 nan 0.000149
31 49 nan 0.000437
32 49 nan 0.001271
33 49 nan 0.003674
34 49 nan 0.010510
35 49 nan 0.029517
36 49 nan 0.079663
37 49 nan 0.196647
38 49 nan 0.407492
39 49 nan 0.657459
40 49 nan 0.841766
41 49 nan 0.936062
42 49 nan 0.975607
43 49 nan 0.990863
44 49 nan 0.996585
45 49 nan 0.998718
46 49 nan 0.999515
47 49 nan 0.999815
48 49 nan 0.999929
49 49 nan 0.999972
50 49 nan 0.999989
51 49 nan 0.999996
52 49 nan 0.999998
53 49 nan 0.999999
54 49 nan 1.000000
55 49 nan 1.000000
56 49 nan 1.000000
57 49 nan 1.000000
58 49 nan 1.000000
59 49 nan 1.000000
60 49 nan 1.000000
61 49 nan 1.000000
62 49 nan 1.000000
63 49 nan 1.000000
64 49 nan 1.000000
65 49 nan 1.000000
66 49 nan 1.000000
67 49 nan 1.000000
68 49 nan 1.000000
69 49 nan 1.000000
70 49 nan 1.000000
71 49 nan 1.000000
72 49 nan 1.000000
73 49 nan 1.000000
74 49 nan 1.000000
75 49 nan 1.000000
76 49 nan 1.000000
77 49 nan 1.000000
78 49 nan 1.000000
79 49 nan 1.000000
80 49 nan 1.000000
81 49 nan 1.000000
82 49 nan 0.999999
83 49 nan 0.999997
84 49 nan 0.999988
85 49 nan 0.999955
86 49 nan 0.999828
87 49 nan 0.999347
88 49 nan 0.997527
89 49 nan 0.990684
90 49 nan 0.965555
91 49 nan 0.880797
92 49 nan 0.660756
93 49 nan 0.339244
94 49 nan 0.119203
95 49 nan 0.034445
96 49 nan 0.009316
97 49 nan 0.002473
98 49 nan 0.000653
99 49 nan 0.000172
100 49 nan 0.000045
101 49 nan 0.000172
102 49 nan 0.000653
103 49 nan 0.002473
104 49 nan 0.009316
105 49 nan 0.034445
106 49 nan 0.119203
107 49 nan 0.339244
108 49 nan 0.660756
109 49 nan 0.880797
110 49 nan 0.965555
111 49 nan 0.990684
112 49 nan 0.997527
113 49 nan 0.999347
114 49 nan 0.999828
115 49 nan 0.999955
116 49 nan 0.999988
117 49 nan 0.999997
118 49 nan 0.999999
119 49 nan 1.000000
120 49 nan 1.000000
121 49 nan 1.000000
122 49 nan 1.000000
123 49 nan 1.000000
124 49 nan 1.000000
125 49 nan 1.000000
126 49 nan 1.000000
127 49 nan 1.000000
128 49 nan 1.000000
129 49 nan 1.000000
130 49 nan 1.000000
131 49 nan 1.000000
132 49 nan 1.000000
133 49 nan 1.000000
134 49 nan 1.000000
135 49 nan 1.000000
136 49 nan 1.000000
137 49 nan 1.000000
138 49 nan 1.000000
139 49 nan 1.000000
140 49 nan 1.000000
141 49 nan 1.000000
142 49 nan 1.000000
143 49 nan 1.000000
144 49 nan 1.000000
145 49 nan 1.000000
146 49 nan 1.000000
147 49 nan 0.999999
148 49 nan 0.999998
149 49 nan 0.999996
150 49 nan 0.999989
151 49 nan 0.999972
152 49 nan 0.999929
153 49 nan 0.999815
154 49 nan 0.999515
155 49 nan 0.998718
156 49 nan 0.996585
157 49 nan 0.990863
158 49 nan 0.975607
159 49 nan 0.936062
160 49 nan 0.841766
161 49 nan 0.657459
162 49 nan 0.407492
163 49 nan 0.196647
164 49 nan 0.079663
165 49 nan 0.029517
166 49 nan 0.010510
167 49 nan 0.003674
168 49 nan 0.001271
169 49 nan 0.000437
170 49 nan 0.000149
171 49 nan 0.000051
172 49 nan 0.000017
173 49 nan 0.000006
174 49 nan 0.000002
175 49 nan 0.000001
176 49 nan 0.000000
177 49 nan 0.000000
178 49 nan 0.000000
179 49 nan 0.000000
180 49 nan 0.000000
181 49 nan 0.000000
182 49 nan 0.000000
183 49 nan 0.000000
184 49 nan 0.000000
185 49 nan 0.000000
186 49 nan 0.000000
187 49 nan 0.000000
188 49 nan 0.000000
189 49 nan 0.000000
190 49 nan 0.000000
191 49 nan 0.000000
192 49 nan 0.000000
193 49 nan 0.000000
194 49 nan 0.000000
195 49 nan 0.000000
196 49 nan 0.000000
197 49 nan 0.000000
198 49 nan 0.000000
199 49 nan 0.000000
0 50 nan 0.000000
1 50 nan 0.000000
2 50 nan 0.000000
3 50 nan 0.000000
4 50 nan 0.000000
5 50 nan 0.000000
6 50 nan 0.000000
7 50 nan 0.000000
8 50 nan 0.000000
9 50 nan 0.000000
10 50 nan 0.000000
11 50 nan 0.000000
12 50 nan 0.000000
13 50 nan 0.000000
14 50 nan 0.000000
15 50 nan 0.000000
16 50 nan 0.000000
17 50 nan 0.000000
18 50 nan 0.000000
19 50 nan 0.000000
20 50 nan 0.000000
21 50 nan 0.000000
22 50 nan 0.000000
23 50 nan 0.000000
24 50 nan 0.000000
25 50 nan 0.000001
26 50 nan 0.000004
27 50 nan 0.000012
28 50 nan 0.000037
29 50 nan 0.000110
30 50 nan 0.000325
31 50 nan 0.000959
32 50 nan 0.002810
33 50 nan 0.008160
34 50 nan 0.023325
35 50 nan 0.064477
36 50 nan 0.165065
37 50 nan 0.360439
38 50 nan 0.614837
39 50 nan 0.817909
40 50 nan 0.926219
41 50 nan 0.972098
42 50 nan 0.989690
43 50 nan 0.996206
44 50 nan 0.998599
45 50 nan 0.999479
46 50 nan 0.999805
47 50 nan 0.999926
48 50 nan 0.999972
49 50 nan 0.999989
50 50 nan 0.999996
51 50 nan 0.999998
52 50 nan 0.999999
53 50 nan 1.000000
54 50 nan 1.000000
55 50 nan 1.000000
56 50 nan 1.000000
57 50 nan 1.000000
58 50 nan 1.000000
59 50 nan 1.000000
60 50 nan 1.000000
61 50 nan 1.000000
62 50 nan 1.000000
63 50 nan 1.000000
64 50 nan 1.000000
65 50 nan 1.000000
66 50 nan 1.000000
67 50 nan 1.000000
68 50 nan 1.000000
69 50 nan 1.000000
70 50 nan 1.000000
71 50 nan 1.000000
72 50 nan 1.000000
73 50 nan 1.000000
74 50 nan 1.000000
75 50 nan 1.000000
76 50 nan 1.000000
77 50 nan 1.000000
78 50 nan 1.000000
79 50 nan 1.000000
80 50 nan 1.000000
81 50 nan 1.000000
82 50 nan 0.999999
83 50 nan 0.999997
84 50 nan 0.999988
85 50 nan 0.999955
86 50 nan 0.999828
87 50 nan 0.999347
88 50 nan 0.997527
89 50 nan 0.990684
90 50 nan 0.965555
91 50 nan 0.880797
92 50 nan 0.660756
93 50 nan 0.339244
94 50 nan 0.119203
95 50 nan 0.034445
96 50 nan 0.009316
97 50 nan 0.002473
98 50 nan 0.000653
99 50 nan 0.000172
100 50 nan 0.000045
101 50 nan 0.000172
102 50 nan 0.000653
103 50 nan 0.002473
104 50 nan 0.009316
105 50 nan 0.034445
106 50 nan 0.119203
107 50 nan 0.339244
108 50 nan 0.660756
109 50 nan 0.880797
110 50 nan 0.965555
111 50 nan 0.990684
112 50 nan 0.997527
113 50 nan 0.999347
114 50 nan 0.999828
115 50 nan 0.999955
116 50 nan 0.999988
117 50 nan 0.999997
118 50 nan 0.999999
119 50 nan 1.000000
120 50 nan 1.000000
121 50 nan 1.000000
122 50 nan 1.000000
123 50 nan 1.000000
124 50 nan 1.000000
125 50 nan 1.000000
126 50 nan 1.000000
127 50 nan 1.000000
128 50 nan 1.000000
129 50 nan 1.000000
130 50 nan 1.000000
131 50 nan 1.000000
132 50 nan 1.000000
133 50 nan 1.000000
134 50 nan 1.000000
135 50 nan 1.000000
136 50 nan 1.000000
137 50 nan 1.000000
138 50 nan 1.000000
139 50 nan 1.000000
140 50 nan 1.000000
141 50 nan 1.000000
142 50 nan 1.000000
143 50 nan 1.000000
144 50 nan 1.000000
145 50 nan 1.000000
146 50 nan 1.000000
147 50 nan 1.000000
148 50 nan 0.999999
149 50 nan 0.999998
150 50 nan 0.999996
151 50 nan 0.999989
152 50 nan 0.999972
153 50 nan 0.999926
154 50 nan 0.999805
155 50 nan 0.999479
156 50 nan 0.998599
157 50 nan 0.996206
158 50 nan 0.989690
159 50 nan 0.972098
160 50 nan 0.926219
161 50 nan 0.817909
162 50 nan 0.614837
163 50 nan 0.360439
164 50 nan 0.165065
165 50 nan 0.064477
166 50 nan 0.023325
167 50 nan 0.008160
168 50 nan 0.002810
169 50 nan 0.000959
170 50 nan 0.000325
171 50 nan 0.000110
172 50 nan 0.000037
173 50 nan 0.000012
174 50 nan 0.000004
175 50 nan 0.000001
176 50 nan 0.000000
177 50 nan 0.000000
178 50 nan 0.000000
179 50 nan 0.000000
180 50 nan 0.000000
181 50 nan 0.000000
182 50 nan 0.000000
183 50 nan 0.000000
184 50 nan 0.000000
185 50 nan 0.000000
186 50 nan 0.000000
187 50 nan 0.000000
188 50 nan 0.000000
189 50 nan 0.000000
190 50 nan 0.000000
191 50 nan 0.000000
192 50 nan 0.000000
193 50 nan 0.000000
194 50 nan 0.000000
195 50 nan 0.000000
196 50 nan 0.000000
197 50 nan 0.000000
198 50 nan 0.000000
199 50 nan 0.000000
0 51 nan 0.000000
1 51 nan 0.000000
2 51 nan 0.000000
3 51 nan 0.000000
4 51 nan 0.000000
5 51 nan 0.000000
6 51 nan 0.000000
7 51 nan 0.000000
8 51 nan 0.000000
9 51 nan 0.000000
10 51 nan 0.000000
11 51 nan 0.000000
12 51 nan 0.000000
13 51 nan 0.000000
14 51 nan 0.000000
15 51 nan 0.000000
16 51 nan 0.000000
17 51 nan 0.000000
18 51 nan 0.000000
19 51 nan 0.000000
20 51 nan 0.000000
21 51 nan 0.000000
22 51 nan 0.000000
23 51 nan 0.000000
24 51 nan 0.000001
25 51 nan 0.000003
26 51 nan 0.000009
27 51 nan 0.000026
28 51 nan 0.000078
29 51 nan 0.000235
30 51 nan 0.000702
31 51 nan 0.002084
32 51 nan 0.006138
33 51 nan 0.017845
34 51 nan 0.050468
35 51 nan 0.133890
36 51 nan 0.308894
37 51 nan 0.562249
38 51 nan 0.785765
39 51 nan 0.912327
40 51 nan 0.967026
41 51 nan 0.987964
42 51 nan 0.995635
43 51 nan 0.998414
44 51 nan 0.999420
45 51 nan 0.999786
46 51 nan 0.999921
47 51 nan 0.999970
48 51 nan 0.999989
49 51 nan 0.999996
50 51 nan 0.999998
51 51 nan 0.999999
52 51 nan 1.000000
53 51 nan 1.000000
54 51 nan 1.000000
55 51 nan 1.000000
56 51 nan 1.000000
57 51 nan 1.000000
58 51 nan 1.000000
59 51 nan 1.000000
60 51 nan 1.000000
61 51 nan 1.000000
62 51 nan 1.000000
63 51 nan 1.000000
64 51 nan 1.000000
65 51 nan 1.000000
66 51 nan 1.000000
67 51 nan 1.000000
68 51 nan 1.000000
69 51 nan 1.000000
70 51 nan 1.000000
71 51 nan 1.000000
72 51 nan 1.000000
73 51 nan 1.000000
74 51 nan 1.000000
75 51 nan 1.000000
76 51 nan 1.000000
77 51 nan 1.000000
78 51 nan 1.000000
79 51 nan 1.000000
80 51 nan 1.000000
81 51 nan 1.000000
82 51 nan 0.999999
83 51 nan 0.999997
84 51 nan 0.999988
85 51 nan 0.999955
86 51 nan 0.999828
87 51 nan 0.999347
88 51 nan 0.997527
89 51 nan 0.990684
90 51 nan 0.965555
91 51 nan 0.880797
92 51 nan 0.660756
93 51 nan 0.339244
94 51 nan 0.119203
95 51 nan 0.034445
96 51 nan 0.009316
97 51 nan 0.002473
98 51 nan 0.000653
99 51 nan 0.000172
100 51 nan 0.000045
101 51 nan 0.000172
102 51 nan 0.000653
103 51 nan 0.002473
104 51 nan 0.009316
105 51 nan 0.034445
106 51 nan 0.119203
107 51 nan 0.339244
108 51 nan 0.660756
109 51 nan 0.880797
110 51 nan 0.965555
111 51 nan 0.990684
112 51 nan 0.997527
113 51 nan 0.999347
114 51 nan 0.999828
115 51 nan 0.999955
116 51 nan 0.999988
117 51 nan 0.999997
118 51 nan 0.999999
119 51 nan 1.000000
120 51 nan 1.000000
121 51 nan 1.000000
122 51 nan 1.000000
123 51 nan 1.000000
124 51 nan 1.000000
125 51 nan 1.000000
126 51 nan 1.000000
127 51 nan 1.000000
128 51 nan 1.000000
129 51 nan 1.000000
130 51 nan 1.000000
131 51 nan 1.000000
132 51 nan 1.000000
133 51 nan 1.000000
134 51 nan 1.000000
135 51 nan 1.000000
136 51 nan 1.000000
137 51 nan 1.000000
138 51 nan 1.000000
139 51 nan 1.000000
140 51 nan 1.000000
141 51 nan 1.000000
142 51 nan 1.000000
143 51 nan 1.000000
144 51 nan 1.000000
145 51 nan 1.000000
146 51 nan 1.000000
147 51 nan 1.000000
148 51 nan 1.000000
149 51 nan 0.999999
150 51 nan 0.999998
151 51 nan 0.999996
152 51 nan 0.999989
153 51 nan 0.999970
154 51 nan 0.999921
155 51 nan 0.999786
156 51 nan 0.999420
157 51 nan 0.998414
158 51 nan 0.995635
159 51 nan 0.987964
160 51 nan 0.967026
161 51 nan 0.912327
162 51 nan 0.785765
163 51 nan 0.562249
164 51 nan 0.308894
165 51 nan 0.133890
166 51 nan 0.050468
167 51 nan 0.017845
168 51 nan 0.006138
169 51 nan 0.002084
170 51 nan 0.000702
171 51 nan 0.000235
172 51 nan 0.000078
173 51 nan 0.000026
174 51 nan 0.000009
175 51 nan 0.000003
176 51 nan 0.000001
177 51 nan 0.000000
178 51 nan 0.000000
179 51 nan 0.000000
180 51 nan 0.000000
181 51 nan 0.000000
182 51 nan 0.000000
183 51 nan 0.000000
184 51 nan 0.000000
185 51 nan 0.000000
186 51 nan 0.000000
187 51 nan 0.000000
188 51 nan 0.000000
189 51 nan 0.000000
190 51 nan 0.000000
191 51 nan 0.000000
192 51 nan 0.000000
193 51 nan 0.000000
194 51 nan 0.000000
195 51 nan 0.000000
196 51 nan 0.000000
197 51 nan 0.000000
198 51 nan 0.000000
199 51 nan 0.000000
0 52 nan 0.000000
1 52 nan 0.000000
2 52 nan 0.000000
3 52 nan 0.000000
4 52 nan 0.000000
5 52 nan 0.000000
6 52 nan 0.000000
7 52 nan 0.000000
8 52 nan 0.000000
9 52 nan 0.000000
10 52 nan 0.000000
11 52 nan 0.000000
12 52 nan 0.000000
13 52 nan 0.000000
14 52 nan 0.000000
15 52 nan 0.000000
16 52 nan 0.000000
17 52 nan 0.000000
18 52 nan 0.000000
19 52 nan 0.000000
20 52 nan 0.000000
21 52 nan 0.000000
22 52 nan 0.000000
23 52 nan 0.000001
24 52 nan 0.000002
25 52 nan 0.000006
26 52 nan 0.000018
27 52 nan 0.000054
28 52 nan 0.000165
29 52 nan 0.000498
30 52 nan 0.001498
31 52 nan 0.004475
32 52 nan 0.013219
33 52 nan 0.038191
34 52 nan 0.104790
35 52 nan 0.255472
36 52 nan 0.500000
37 52 nan 0.743385
38 52 nan 0.892936
39 52 nan 0.959773
40 52 nan 0.985467
41 52 nan 0.994803
42 52 nan 0.998140
43 52 nan 0.999331
44 52 nan 0.999758
45 52 nan 0.999912
46 52 nan 0.999967
47 52 nan 0.999988
48 52 nan 0.999995
49 52 nan 0.999998
50 52 nan 0.999999
51 52 nan 1.000000
52 52 nan 1.000000
53 52 nan 1.000000
54 52 nan 1.000000
55 52 nan 1.000000
56 52 nan 1.000000
57 52 nan 1.000000
58 52 nan 1.000000
59 52 nan 1.000000
60 52 nan 1.000000
61 52 nan 1.000000
62 52 nan 1.000000
63 52 nan 1.000000
64 52 nan 1.000000
65 52 nan 1.000000
66 52 nan 1.000000
67 52 nan 1.000000
68 52 nan 1.000000
69 52 nan 1.000000
70 52 nan 1.000000
71 52 nan 1.000000
72 52 nan 1.000000
73 52 nan 1.000000
74 52 nan 1.000000
75 52 nan 1.000000
76 52 nan 1.000000
77 52 nan 1.000000
78 52 nan 1.000000
79 52 nan 1.000000
80 52 nan 1.000000
81 52 nan 1.000000
82 52 nan 0.999999
83 52 nan 0.999997
84 52 nan 0.999988
85 52 nan 0.999955
86 52 nan 0.999828
87 52 nan 0.999347
88 52 nan 0.997527
89 52 nan 0.990684
90 52 nan 0.965555
91 52 nan 0.880797
92 52 nan 0.660756
93 52 nan 0.339244
94 52 nan 0.119203
95 52 nan 0.034445
96 52 nan 0.009316
97 52 nan 0.002473
98 52 nan 0.000653
99 52 nan 0.000172
100 52 nan 0.000045
101 52 nan 0.000172
102 52 nan 0.000653
103 52 nan 0.002473
104 52 nan 0.009316
105 52 nan 0.034445
106 52 nan 0.119203
107 52 nan 0.339244
108 52 nan 0.660756
109 52 nan 0.880797
110 52 nan 0.965555
111 52 nan 0.990684
112 52 nan 0.997527
113 52 nan 0.999347
114 52 nan 0.999828
115 52 nan 0.999955
116 52 nan 0.999988
117 52 nan 0.999997
118 52 nan 0.999999
119 52 nan 1.000000
120 52 nan 1.000000
121 52 nan 1.000000
122 52 nan 1.000000
123 52 nan 1.000000
124 52 nan 1.000000
125 52 nan 1.000000
126 52 nan 1.000000
127 52 nan 1.000000
128 52 nan 1.000000
129 52 nan 1.000000
130 52 nan 1.000000
131 52 nan 1.000000
132 52 nan 1.000000
133 52 nan 1.000000
134 52 nan 1.000000
135 52 nan 1.000000
136 52 nan 1.000000
137 52 nan 1.000000
138 52 nan 1.000000
139 52 nan 1.000000
140 52 nan 1.000000
141 52 nan 1.000000
142 52 nan 1.000000
143 52 nan 1.000000
144 52 nan 1.000000
145 52 nan 1.000000
146 52 nan 1.000000
147 52 nan 1.000000
148 52 nan 1.000000
149 52 nan 1.000000
150 52 nan 0.999999
151 52 nan 0.999998
152 52 nan 0.999995
153 52 nan 0.999988
154 52 nan 0.999967
155 52 nan 0.999912
156 52 nan 0.999758
157 52 nan 0.999331
158 52 nan 0.998140
159 52 nan 0.994803
160 52 nan 0.985467
161 52 nan 0.959773
162 52 nan 0.892936
163 52 nan 0.743385
164 52 nan 0.500000
165 52 nan 0.255472
166 52 nan 0.104790
167 52 nan 0.038191
168 52 nan 0.013219
169 52 nan 0.004475
170 52 nan 0.001498
171 52 nan 0.000498
172 52 nan 0.000165
173 52 nan 0.000054
174 52 nan 0.000018
175 52 nan 0.000006
176 52 nan 0.000002
177 52 nan 0.000001
178 52 nan 0.000000
179 52 nan 0.000000
180 52 nan 0.000000
181 52 nan 0.000000
182 52 nan 0.000000
183 52 nan 0.000000
184 52 nan 0.000000
185 52 nan 0.000000
186 52 nan 0.000000
187 52 nan 0.000000
188 52 nan 0.000000
189 52 nan 0.000000
190 52 nan 0.000000
191 52 nan 0.000000
192 52 nan 0.000000
193 52 nan 0.000000
194 52 nan 0.000000
195 52 nan 0.000000
196 52 nan 0.000000
197 52 nan 0.000000
198 52 nan 0.000000
199 52 nan 0.000000
0 53 nan 0.000000
1 53 nan 0.000000
2 53 nan 0.000000
3 53 nan 0.000000
4 53 nan 0.000000
5 53 nan 0.000000
6 53 nan 0.000000
7 53 nan 0.000000
8 53 nan 0.000000
9 53 nan 0.000000
10 53 nan 0.000000
11 53 nan 0.000000
12 53 nan 0.000000
13 53 nan 0.000000
14 53 nan 0.000000
15 53 nan 0.000000
16 53 nan 0.000000
17 53 nan 0.000000
18 53 nan 0.000000
19 53 nan 0.000000
20 53 nan 0.000000
21 53 nan 0.000000
22 53 nan 0.000000
23 53 nan 0.000001
24 53 nan 0.000004
25 53 nan 0.000012
26 53 nan 0.000036
27 53 nan 0.000112
28 53 nan 0.000343
29 53 nan 0.001045
30 53 nan 0.003163
31 53 nan 0.009483
32 53 nan 0.027942
33 53 nan 0.079068
34 53 nan 0.203226
35 53 nan 0.429729
36 53 nan 0.688824
37 53 nan 0.866033
38 53 nan 0.949404
39 53 nan 0.981860
40 53 nan 0.993595
41 53 nan 0.997741
42 53 nan 0.999200
43 53 nan 0.999715
44 53 nan 0.999898
45 53 nan 0.999963
46 53 nan 0.999987
47 53 nan 0.999995
48 53 nan 0.999998
49 53 nan 0.999999
50 53 nan 1.000000
51 53 nan 1.000000
52 53 nan 1.000000
53 53 nan 1.000000
54 53 nan 1.000000
55 53 nan 1.000000
56 53 nan 1.000000
57 53 nan 1.000000
58 53 nan 1.000000
59 53 nan 1.000000
60 53 nan 1.000000
61 53 nan 1.000000
62 53 nan 1.000000
63 53 nan 1.000000
64 53 nan 1.000000
65 53 nan 1.000000
66 53 nan 1.000000
67 53 nan 1.000000
68 53 nan 1.000000
69 53 nan 1.000000
70 53 nan 1.000000
71 53 nan 1.000000
72 53 nan 1.000000
73 53 nan 1.000000
74 53 nan 1.000000
75 53 nan 1.000000
76 53 nan 1.000000
77 53 nan 1.000000
78 53 nan 1.000000
79 53 nan 1.000000
80 53 nan 1.000000
81 53 nan 1.000000
82 53 nan 0.999999
83 53 nan 0.999997
84 53 nan 0.999988
85 53 nan 0.999955
86 53 nan 0.999828
87 53 nan 0.999347
88 53 nan 0.997527
89 53 nan 0.990684
90 53 nan 0.965555
91 53 nan 0.880797
92 53 nan 0.660756
93 53 nan 0.339244
94 53 nan 0.119203
95 53 nan 0.034445
96 53 nan 0.009316
97 53 nan 0.002473
98 53 nan 0.000653
99 53 nan 0.000172
100 53 nan 0.000045
101 53 nan 0.000172
102 53 nan 0.000653
103 53 nan 0.002473
104 53 nan 0.009316
105 53 nan 0.034445
106 53 nan 0.119203
107 53 nan 0.339244
108 53 nan 0.660756
109 53 nan 0.880797
110 53 nan 0.965555
111 53 nan 0.990684
112 53 nan 0.997527
113 53 nan 0.999347
114 53 nan 0.999828
115 53 nan 0.999955
116 53 nan 0.999988
117 53 nan 0.999997
118 53 nan 0.999999
119 53 nan 1.000000
120 53 nan 1.000000
121 53 nan 1.000000
122 53 nan 1.000000
123 53 nan 1.000000
124 53 nan 1.000000
125 53 nan 1.000000
126 53 nan 1.000000
127 53 nan 1.000000
128 53 nan 1.000000
129 53 nan 1.000000
130 53 nan 1.000000
131 53 nan 1.000000
132 53 nan 1.000000
133 53 nan 1.000000
134 53 nan 1.000000
135 53 nan 1.000000
136 53 nan 1.000000
137 53 nan 1.000000
138 53 nan 1.000000
139 53 nan 1.000000
140 53 nan 1.000000
141 53 nan 1.000000
142 53 nan 1.000000
143 53 nan 1.000000
144 53 nan 1.000000
145 53 nan 1.000000
146 53 nan 1.000000
147 53 nan 1.000000
148 53 nan 1.000000
149 53 nan 1.000000
150 53 nan 1.000000
151 53 nan 0.999999
152 53 nan 0.999998
153 53 nan 0.999995
154 53 nan 0.999987
155 53 nan 0.999963
156 53 nan 0.999898
157 53 nan 0.999715
158 53 nan 0.999200
159 53 nan 0.997741
160 53 nan 0.993595
161 53 nan 0.981860
162 53 nan 0.949404
163 53 nan 0.866033
164 53 nan 0.688824
165 53 nan 0.429729
166 53 nan 0.203226
167 53 nan 0.079068
168 53 nan 0.027942
169 53 nan 0.009483
170 53 nan 0.003163
171 53 nan 0.001045
172 53 nan 0.000343
173 53 nan 0.000112
174 53 nan 0.000036
175 53 nan 0.000012
176 53 nan 0.000004
177 53 nan 0.000001
178 53 nan 0.000000
179 53 nan 0.000000
180 53 nan 0.000000
181 53 nan 0.000000
182 53 nan 0.000000
183 53 nan 0.000000
184 53 nan 0.000000
185 53 nan 0.000000
186 53 nan 0.000000
187 53 nan 0.000000
188 53 nan 0.000000
189 53 nan 0.000000
190 53 nan 0.000000
191 53 nan 0.000000
192 53 nan 0.000000
193 53 nan 0.000000
194 53 nan 0.000000
195 53 nan 0.000000
196 53 nan 0.000000
197 53 nan 0.000000
198 53 nan 0.000000
199 53 nan 0.000000
0 54 nan 0.000000
1 54 nan 0.000000
2 54 nan 0.000000
3 54 nan 0.000000
4 54 nan 0.000000
5 54 nan 0.000000
6 54 nan 0.000000
7 54 nan 0.000000
8 54 nan 0.000000
9 54 nan 0.000000
10 54 nan 0.000000
11 54 nan 0.000000
12 54 nan 0.000000
13 54 nan 0.000000
14 54 nan 0.000000
15 54 nan 0.000000
16 54 nan 0.000000
17 54 nan 0.000000
18 54 nan 0.000000
19 54 nan 0.000000
20 54 nan 0.000000
21 54 nan 0.000000
22 54 nan 0.000001
23 54 nan 0.000002
24 54 nan 0.000008
25 54 nan 0.000024
26 54 nan 0.000074
27 54 nan 0.000230
28 54 nan 0.000707
29 54 nan 0.002167
30 54 nan 0.006591
31 54 nan 0.019771
32 54 nan 0.057504
33 54 nan 0.155137
34 54 nan 0.354728
35 54 nan 0.620767
36 54 nan 0.828970
37 54 nan 0.934510
38 54 nan 0.976614
39 54 nan 0.991835
40 54 nan 0.997160
41 54 nan 0.999009
42 54 nan 0.999652
43 54 nan 0.999877
44 54 nan 0.999956
45 54 nan 0.999984
46 54 nan 0.999994
47 54 nan 0.999998
48 54 nan 0.999999
49 54 nan 1.000000
50 54 nan 1.000000
51 54 nan 1.000000
52 54 nan 1.000000
53 54 nan 1.000000
54 54 nan 1.000000
55 54 nan 1.000000
56 54 nan 1.000000
57 54 nan 1.000000
58 54 nan 1.000000
59 54 nan 1.000000
60 54 nan 1.000000
61 54 nan 1.000000
62 54 nan 1.000000
63 54 nan 1.000000
64 54 nan 1.000000
65 54 nan 1.000000
66 54 nan 1.000000
67 54 nan 1.000000
68 54 nan 1.000000
69 54 nan 1.000000
70 54 nan 1.000000
71 54 nan 1.000000
72 54 nan 1.000000
73 54 nan 1.000000
74 54 nan 1.000000
75 54 nan 1.000000
76 54 nan 1.000000
77 54 nan 1.000000
78 54 nan 1.000000
79 54 nan 1.000000
80 54 nan 1.000000
81 54 nan 1.000000
82 54 nan 0.999999
83 54 nan 0.999997
84 54 nan 0.999988
85 54 nan 0.999955
86 54 nan 0.999828
87 54 nan 0.999347
88 54 nan 0.997527
89 54 nan 0.990684
90 54 nan 0.965555
91 54 nan 0.880797
92 54 nan 0.660756
93 54 nan 0.339244
94 54 nan 0.119203
95 54 nan 0.034445
96 54 nan 0.009316
97 54 nan 0.002473
98 54 nan 0.000653
99 54 nan 0.000172
100 54 nan 0.000045
101 54 nan 0.000172
102 54 nan 0.000653
103 54 nan 0.002473
104 54 nan 0.009316
105 54 nan 0.034445
106 54 nan 0.119203
107 54 nan 0.339244
108 54 nan 0.660756
109 54 nan 0.880797
110 54 nan 0.965555
111 54 nan 0.990684
112 54 nan 0.997527
113 54 nan 0.999347
114 54 nan 0.999828
115 54 nan 0.999955
116 54 nan 0.999988
117 54 nan 0.999997
118 54 nan 0.999999
119 54 nan 1.000000
120 54 nan 1.000000
121 54 nan 1.000000
122 54 nan 1.000000
123 54 nan 1.000000
124 54 nan 1.000000
125 54 nan 1.000000
126 54 nan 1.000000
127 54 nan 1.000000
128 54 nan 1.000000
129 54 nan 1.000000
130 54 nan 1.000000
131 54 nan 1.000000
132 54 nan 1.000000
133 54 nan 1.000000
134 54 nan 1.000000
135 54 nan 1.000000
136 54 nan 1.000000
137 54 nan 1.000000
138 54 nan 1.000000
139 54 nan 1.000000
140 54 nan 1.000000
141 54 nan 1.000000
142 54 nan 1.000000
143 54 nan 1.000000
144 54 nan 1.000000
145 54 nan 1.000000
146 54 nan 1.000000
147 54 nan 1.000000
148 54 nan 1.000000
149 54 nan 1.000000
150 54 nan 1.000000
151 54 nan 1.000000
152 54 nan 0.999999
153 54 nan 0.999998
154 54 nan 0.999994
155 54 nan 0.999984
156 54 nan 0.999956
157 54 nan 0.999877
158 54 nan 0.999652
159 54 nan 0.999009
160 54 nan 0.997160
161 54 nan 0.991835
162 54 nan 0.976614
163 54 nan 0.934510
164 54 nan 0.828970
165 54 nan 0.620767
166 54 nan 0.354728
167 54 nan 0.155137
168 54 nan 0.057504
169 54 nan 0.019771
170 54 nan 0.006591
171 54 nan 0.002167
172 54 nan 0.000707
173 54 nan 0.000230
174 54 nan 0.000074
175 54 nan 0.000024
176 54 nan 0.000008
177 54 nan 0.000002
178 54 nan 0.000001
179 54 nan 0.000000
180 54 nan 0.000000
181 54 nan 0.000000
182 54 nan 0.000000
183 54 nan 0.000000
184 54 nan 0.000000
185 54 nan 0.000000
186 54 nan 0.000000
187 54 nan 0.000000
188 54 nan 0.000000
189 54 nan 0.000000
190 54 nan 0.000000
191 54 nan 0.000000
192 54 nan 0.000000
193 54 nan 0.000000
194 54 nan 0.000000
195 54 nan 0.000000
196 54 nan 0.000000
197 54 nan 0.000000
198 54 nan 0.000000
199 54 nan 0.000000
0 55 nan 0.000000
1 55 nan 0.000000
2 55 nan 0.000000
3 55 nan 0.000000
4 55 nan 0.000000
5 55 nan 0.000000
6 55 nan 0.000000
7 55 nan 0.000000
8 55 nan 0.000000
9 55 nan 0.000000
10 55 nan 0.000000
11 55 nan 0.000000
12 55 nan 0.000000
13 55 nan 0.000000
14 55 nan 0.000000
15 55 nan 0.000000
16 55 nan 0.000000
17 55 nan 0.000000
18 55 nan 0.000000
19 55 nan 0.000000
20 55 nan 0.000000
21 55 nan 0.000000
22 55 nan 0.000002
23 55 nan 0.000005
24 55 nan 0.000015
25 55 nan 0.000048
26 55 nan 0.000149
27 55 nan 0.000465
28 55 nan 0.001441
29 55 nan 0.004440
30 55 nan 0.013536
31 55 nan 0.040327
32 55 nan 0.113528
33 55 nan 0.279729
34 55 nan 0.539530
35 55 nan 0.778580
36 55 nan 0.913006
37 55 nan 0.968894
38 55 nan 0.989237
39 55 nan 0.996304
40 55 nan 0.998729
41 55 nan 0.999561
42 55 nan 0.999847
43 55 nan 0.999947
44 55 nan 0.999981
45 55 nan 0.999993
46 55 nan 0.999998
47 55 nan 0.999999
48 55 nan 1.000000
49 55 nan 1.000000
50 55 nan 1.000000
51 55 nan 1.000000
52 55 nan 1.000000
53 55 nan 1.000000
54 55 nan 1.000000
55 55 nan 1.000000
56 55 nan 1.000000
57 55 nan 1.000000
58 55 nan 1.000000
59 55 nan 1.000000
60 55 nan 1.000000
61 55 nan 1.000000
62 55 nan 1.000000
63 55 nan 1.000000
64 55 nan 1.000000
65 55 nan 1.000000
66 55 nan 1.000000
67 55 nan 1.000000
68 55 nan 1.000000
69 55 nan 1.000000
70 55 nan 1.000000
71 55 nan 1.000000
72 55 nan 1.000000
73 55 nan 1.000000
74 55 nan 1.000000
75 55 nan 1.000000
76 55 nan 1.000000
77 55 nan 1.000000
78 55 nan 1.000000
79 55 nan 1.000000
80 55 nan 1.000000
81 55 nan 1.000000
82 55 nan 0.999999
83 55 nan 0.999997
84 55 nan 0.999988
85 55 nan 0.999955
86 55 nan 0.999828
87 55 nan 0.999347
88 55 nan 0.997527
89 55 nan 0.990684
90 55 nan 0.965555
91 55 nan 0.880797
92 55 nan 0.660756
93 55 nan 0.339244
94 55 nan 0.119203
95 55 nan 0.034445
96 55 nan 0.009316
97 55 nan 0.002473
98 55 nan 0.000653
99 55 nan 0.000172
100 55 nan 0.000045
101 55 nan 0.000172
102 55 nan 0.000653
103 55 nan 0.002473
104 55 nan 0.009316
105 55 nan 0.034445
106 55 nan 0.119203
107 55 nan 0.339244
108 55 nan 0.660756
109 55 nan 0.880797
110 55 nan 0.965555
111 55 nan 0.990684
112 55 nan 0.997527
113 55 nan 0.999347
114 55 nan 0.999828
115 55 nan 0.999955
116 55 nan 0.999988
117 55 nan 0.999997
118 55 nan 0.999999
119 55 nan 1.000000
120 55 nan 1.000000
121 55 nan 1.000000
122 55 nan 1.000000
123 55 nan 1.000000
124 55 nan 1.000000
125 55 nan 1.000000
126 55 nan 1.000000
127 55 nan 1.000000
128 55 nan 1.000000
129 55 nan 1.000000
130 55 nan 1.000000
131 55 nan 1.000000
132 55 nan 1.000000
133 55 nan 1.000000
134 55 nan 1.000000
135 55 nan 1.000000
136 55 nan 1.000000
137 55 nan 1.000000
138 55 nan 1.000000
139 55 nan 1.000000
140 55 nan 1.000000
141 55 nan 1.000000
142 55 nan 1.000000
143 55 nan 1.000000
144 55 nan 1.000000
145 55 nan 1.000000
146 55 nan 1.000000
147 55 nan 1.000000
148 55 nan 1.000000
149 55 nan 1.000000
150 55 nan 1.000000
151 55 nan 1.000000
152 55 nan 1.000000
153 55 nan 0.999999
154 55 nan 0.999998
155 55 nan 0.999993
156 55 nan 0.999981
157 55 nan 0.999947
158 55 nan 0.999847
159 55 nan 0.999561
160 55 nan 0.998729
161 55 nan 0.996304
162 55 nan 0.989237
163 55 nan 0.968894
164 55 nan 0.913006
165 55 nan 0.778580
166 55 nan 0.539530
167 55 nan 0.279729
168 55 nan 0.113528
169 55 nan 0.040327
170 55 nan 0.013536
171 55 nan 0.004440
172 55 nan 0.001441
173 55 nan 0.000465
174 55 nan 0.000149
175 55 nan 0.000048
176 55 nan 0.000015
177 55 nan 0.000005
178 55 nan 0.000002
179 55 nan 0.000000
180 55 nan 0.000000
181 55 nan 0.000000
182 55 nan 0.000000
183 55 nan 0.000000
184 55 nan 0.000000
185 55 nan 0.000000
186 55 nan 0.000000
187 55 nan 0.000000
188 55 nan 0.000000
189 55 nan 0.000000
190 55 nan 0.000000
191 55 nan 0.000000
192 55 nan 0.000000
193 55 nan 0.000000
194 55 nan 0.000000
195 55 nan 0.000000
196 55 nan 0.000000
197 55 nan 0.000000
198 55 nan 0.000000
199 55 nan 0.000000
0 56 nan 0.000000
1 56 nan 0.000000
2 56 nan 0.000000
3 56 nan 0.000000
4 56 nan 0.000000
5 56 nan 0.000000
6 56 nan 0.000000
7 56 nan 0.000000
8 56 nan 0.000000
9 56 nan 0.000000
10 56 nan 0.000000
11 56 nan 0.000000
12 56 nan 0.000000
13 56 nan 0.000000
14 56 nan 0.000000
15 56 nan 0.000000
16 56 nan 0.000000
17 56 nan 0.000000
18 56 nan 0.000000
19 56 nan 0.000000
20 56 nan 0.000000
21 56 nan 0.000001
22 56 nan 0.000003
23 56 nan 0.000009
24 56 nan 0.000030
25 56 nan 0.000094
26 56 nan 0.000296
27 56 nan 0.000929
28 56 nan 0.002900
29 56 nan 0.008972
30 56 nan 0.027292
31 56 nan 0.079663
32 56 nan 0.209971
33 56 nan 0.448154
34 56 nan 0.711736
35 56 nan 0.881907
36 56 nan 0.957388
37 56 nan 0.985342
38 56 nan 0.995025
39 56 nan 0.998312
40 56 nan 0.999425
41 56 nan 0.999803
42 56 nan 0.999932
43 56 nan 0.999976
44 56 nan 0.999992
45 56 nan 0.999997
46 56 nan 0.999999
47 56 nan 1.000000
48 56 nan 1.000000
49 56 nan 1.000000
50 56 nan 1.000000
51 56 nan 1.000000
52 56 nan 1.000000
53 56 nan 1.000000
54 56 nan 1.000000
55 56 nan 1.000000
56 56 nan 1.000000
57 56 nan 1.000000
58 56 nan 1.000000
59 56 nan 1.000000
60 56 nan 1.000000
61 56 nan 1.000000
62 56 nan 1.000000
63 56 nan 1.000000
64 56 nan 1.000000
65 56 nan 1.000000
66 56 nan 1.000000
67 56 nan 1.000000
68 56 nan 1.000000
69 56 nan 1.000000
70 56 nan 1.000000
71 56 nan 1.000000
72 56 nan 1.000000
73 56 nan 1.000000
74 56 nan 1.000000
75 56 nan 1.000000
76 56 nan 1.000000
77 56 nan 1.000000
78 56 nan 1.000000
79 56 nan 1.000000
80 56 nan 1.000000
81 56 nan 1.000000
82 56 nan 0.999999
83 56 nan 0.999997
84 56 nan 0.999988
85 56 nan 0.999955
86 56 nan 0.999828
87 56 nan 0.999347
88 56 nan 0.997527
89 56 nan 0.990684
90 56 nan 0.965555
91 56 nan 0.880797
92 56 nan 0.660756
93 56 nan 0.339244
94 56 nan 0.119203
95 56 nan 0.034445
96 56 nan 0.009316
97 56 nan 0.002473
98 56 nan 0.000653
99 56 nan 0.000172
100 56 nan 0.000045
101 56 nan 0.000172
102 56 nan 0.000653
103 56 nan 0.002473
104 56 nan 0.009316
105 56 nan 0.034445
106 56 nan 0.119203
107 56 nan 0.339244
108 56 nan 0.660756
109 56 nan 0.880797
110 56 nan 0.965555
111 56 nan 0.990684
112 56 nan 0.997527
113 56 nan 0.999347
114 56 nan 0.999828
115 56 nan 0.999955
116 56 nan 0.999988
117 56 nan 0.999997
118 56 nan 0.999999
119 56 nan 1.000000
120 56 nan 1.000000
121 56 nan 1.000000
122 56 nan 1.000000
123 56 nan 1.000000
124 56 nan 1.000000
125 56 nan 1.000000
126 56 nan 1.000000
127 56 nan 1.000000
128 56 nan 1.000000
129 56 nan 1.000000
130 56 nan 1.000000
131 56 nan 1.000000
132 56 nan 1.000000
133 56 nan 1.000000
134 56 nan 1.000000
135 56 nan 1.000000
136 56 nan 1.000000
137 56 nan 1.000000
138 56 nan 1.000000
139 56 nan 1.000000
140 56 nan 1.000000
141 56 nan 1.000000
142 56 nan 1.000000
143 56 nan 1.000000
144 56 nan 1.000000
145 56 nan 1.000000
146 56 nan 1.000000
147 56 nan 1.000000
148 56 nan 1.000000
149 56 nan 1.000000
150 56 nan 1.000000
151 56 nan 1.000000
152 56 nan 1.000000
153 56 nan 1.000000
154 56 nan 0.999999
155 56 nan 0.999997
156 56 nan 0.999992
157 56 nan 0.999976
158 56 nan 0.999932
159 56 nan 0.999803
160 56 nan 0.999425
161 56 nan 0.998312
162 56 nan 0.995025
163 56 nan 0.985342
164 56 nan 0.957388
165 56 nan 0.881907
166 56 nan 0.711736
167 56 nan 0.448154
168 56 nan 0.209971
169 56 nan 0.079663
170 56 nan 0.027292
171 56 nan 0.008972
172 56 nan 0.002900
173 56 nan 0.000929
174 56 nan 0.000296
175 56 nan 0.000094
176 56 nan 0.000030
177 56 nan 0.000009
178 56 nan 0.000003
179 56 nan 0.000001
180 56 nan 0.000000
181 56 nan 0.000000
182 56 nan 0.000000
183 56 nan 0.000000
184 56 nan 0.000000
185 56 nan 0.000000
186 56 nan 0.000000
187 56 nan 0.000000
188 56 nan 0.000000
189 56 nan 0.000000
190 56 nan 0.000000
191 56 nan 0.000000
192 56 nan 0.000000
193 56 nan 0.000000
194 56 nan 0.000000
195 56 nan 0.000000
196 56 nan 0.000000
197 56 nan 0.000000
198 56 nan 0.000000
199 56 nan 0.000000
0 57 nan 0.000000
1 57 nan 0.000000
2 57 nan 0.000000
3 57 nan 0.000000
4 57 nan 0.000000
5 57 nan 0.000000
6 57 nan 0.000000
7 57 nan 0.000000
8 57 nan 0.000000
9 57 nan 0.000000
10 57 nan 0.000000
11 57 nan 0.000000
12 57 nan 0.000000
13 57 nan 0.000000
14 57 nan 0.000000
15 57 nan 0.000000
16 57 nan 0.000000
17 57 nan 0.000000
18 57 nan 0.000000
19 57 nan 0.000000
20 57 nan 0.000001
21 57 nan 0.000002
22 57 nan 0.000006
23 57 nan 0.000018
24 57 nan 0.000058
25 57 nan 0.000184
26 57 nan 0.000582
27 57 nan 0.001838
28 57 nan 0.005762
29 57 nan 0.017845
30 57 nan 0.053670
31 57 nan 0.149838
32 57 nan 0.352833
33 57 nan 0.626662
34 57 nan 0.837204
35 57 nan 0.940036
36 57 nan 0.979398
37 57 nan 0.993074
38 57 nan 0.997680
39 57 nan 0.999221
40 57 nan 0.999737
41 57 nan 0.999911
42 57 nan 0.999970
43 57 nan 0.999990
44 57 nan 0.999996
45 57 nan 0.999999
46 57 nan 1.000000
47 57 nan 1.000000
48 57 nan 1.000000
49 57 nan 1.000000
50 57 nan 1.000000
51 57 nan 1.000000
52 57 nan 1.000000
53 57 nan 1.000000
54 57 nan 1.000000
55 57 nan 1.000000
56 57 nan 1.000000
57 57 nan 1.000000
58 57 nan 1.000000
59 57 nan 1.000000
60 57 nan 1.000000
61 57 nan 1.000000
62 57 nan 1.000000
63 57 nan 1.000000
64 57 nan 1.000000
65 57 nan 1.000000
66 57 nan 1.000000
67 57 nan 1.000000
68 57 nan 1.000000
69 57 nan 1.000000
70 57 nan 1.000000
71 57 nan 1.000000
72 57 nan 1.000000
73 57 nan 1.000000
74 57 nan 1.000000
75 57 nan 1.000000
76 57 nan 1.000000
77 57 nan 1.000000
78 57 nan 1.000000
79 57 nan 1.000000
80 57 nan 1.000000
81 57 nan 1.000000
82 57 nan 0.999999
83 57 nan 0.999997
84 57 nan 0.999988
85 57 nan 0.999955
86 57 nan 0.999828
87 57 nan 0.999347
88 57 nan 0.997527
89 57 nan 0.990684
90 57 nan 0.965555
91 57 nan 0.880797
92 57 nan 0.660756
93 57 nan 0.339244
94 57 nan 0.119203
95 57 nan 0.034445
96 57 nan 0.009316
97 57 nan 0.002473
98 57 nan 0.000653
99 57 nan 0.000172
100 57 nan 0.000045
101 57 nan 0.000172
102 57 nan 0.000653
103 57 nan 0.002473
104 57 nan 0.009316
105 57 nan 0.034445
106 57 nan 0.119203
107 57 nan 0.339244
108 57 nan 0.660756
109 57 nan 0.880797
110 57 nan 0.965555
111 57 nan 0.990684
112 57 nan 0.997527
113 57 nan 0.999347
114 57 nan 0.999828
115 57 nan 0.999955
116 57 nan 0.999988
117 57 nan 0.999997
118 57 nan 0.999999
119 57 nan 1.000000
120 57 nan 1.000000
121 57 nan 1.000000
122 57 nan 1.000000
123 57 nan 1.000000
124 57 nan 1.000000
125 57 nan 1.000000
126 57 nan 1.000000
127 57 nan 1.000000
128 57 nan 1.000000
129 57 nan 1.000000
130 57 nan 1.000000
131 57 nan 1.000000
132 57 nan 1.000000
133 57 nan 1.000000
134 57 nan 1.000000
135 57 nan 1.000000
136 57 nan 1.000000
137 57 nan 1.000000
138 57 nan 1.000000
139 57 nan 1.000000
140 57 nan 1.000000
141 57 nan 1.000000
142 57 nan 1.000000
143 57 nan 1.000000
144 57 nan 1.000000
145 57 nan 1.000000
146 57 nan 1.000000
147 57 nan 1.000000
148 57 nan 1.000000
149 57 nan 1.000000
150 57 nan 1.000000
151 57 nan 1.000000
152 57 nan 1.000000
153 57 nan 1.000000
154 57 nan 1.000000
155 57 nan 0.999999
156 57 nan 0.999996
157 57 nan 0.999990
158 57 nan 0.999970
159 57 nan 0.999911
160 57 nan 0.999737
161 57 nan 0.999221
162 57 nan 0.997680
163 57 nan 0.993074
164 57 nan 0.979398
165 57 nan 0.940036
166 57 nan 0.837204
167 57 nan 0.626662
168 57 nan 0.352833
169 57 nan 0.149838
170 57 nan 0.053670
171 57 nan 0.017845
172 57 nan 0.005762
173 57 nan 0.001838
174 57 nan 0.000582
175 57 nan 0.000184
176 57 nan 0.000058
177 57 nan 0.000018
178 57 nan 0.000006
179 57 nan 0.000002
180 57 nan 0.000001
181 57 nan 0.000000
182 57 nan 0.000000
183 57 nan 0.000000
184 57 nan 0.000000
185 57 nan 0.000000
186 57 nan 0.000000
187 57 nan 0.000000
188 57 nan 0.000000
189 57 nan 0.000000
190 57 nan 0.000000
191 57 nan 0.000000
192 57 nan 0.000000
193 57 nan 0.000000
194 57 nan 0.000000
195 57 nan 0.000000
196 57 nan 0.000000
197 57 nan 0.000000
198 57 nan 0.000000
199 57 nan 0.000000
0 58 nan 0.000000
1 58 nan 0.000000
2 58 nan 0.000000
3 58 nan 0.000000
4 58 nan 0.000000
5 58 nan 0.000000
6 58 nan 0.000000
7 58 nan 0.000000
8 58 nan 0.000000
9 58 nan 0.000000
10 58 nan 0.000000
11 58 nan 0.000000
12 58 nan 0.000000
13 58 nan 0.000000
14 58 nan 0.000000
15 58 nan 0.000000
16 58 nan 0.000000
17 58 nan 0.000000
18 58 nan 0.000000
19 58 nan 0.000000
20 58 nan 0.000001
21 58 nan 0.000003
22 58 nan 0.000011
23 58 nan 0.000034
24 58 nan 0.000110
25 58 nan 0.000354
26 58 nan 0.001130
27 58 nan 0.003588
28 58 nan 0.011286
29 58 nan 0.034783
30 58 nan 0.101765
31 58 nan 0.261801
32 58 nan 0.524991
33 58 nan 0.774189
34 58 nan 0.913681
35 58 nan 0.970166
36 58 nan 0.990040
37 58 nan 0.996702
38 58 nan 0.998907
39 58 nan 0.999636
40 58 nan 0.999878
41 58 nan 0.999959
42 58 nan 0.999986
43 58 nan 0.999995
44 58 nan 0.999998
45 58 nan 0.999999
46 58 nan 1.000000
47 58 nan 1.000000
48 58 nan 1.000000
49 58 nan 1.000000
50 58 nan 1.000000
51 58 nan 1.000000
52 58 nan 1.000000
53 58 nan 1.000000
54 58 nan 1.000000
55 58 nan 1.000000
56 58 nan 1.000000
57 58 nan 1.000000
58 58 nan 1.000000
59 58 nan 1.000000
60 58 nan 1.000000
61 58 nan 1.000000
62 58 nan 1.000000
63 58 nan 1.000000
64 58 nan 1.000000
65 58 nan 1.000000
66 58 nan 1.000000
67 58 nan 1.000000
68 58 nan 1.000000
69 58 nan 1.000000
70 58 nan 1.000000
71 58 nan 1.000000
72 58 nan 1.000000
73 58 nan 1.000000
74 58 nan 1.000000
75 58 nan 1.000000
76 58 nan 1.000000
77 58 nan 1.000000
78 58 nan 1.000000
79 58 nan 1.000000
80 58 nan 1.000000
81 58 nan 1.000000
82 58 nan 0.999999
83 58 nan 0.999997
84 58 nan 0.999988
85 58 nan 0.999955
86 58 nan 0.999828
87 58 nan 0.999347
88 58 nan 0.997527
89 58 nan 0.990684
90 58 nan 0.965555
91 58 nan 0.880797
92 58 nan 0.660756
93 58 nan 0.339244
94 58 nan 0.119203
95 58 nan 0.034445
96 58 nan 0.009316
97 58 nan 0.002473
98 58 nan 0.000653
99 58 nan 0.000172
100 58 nan 0.000045
101 58 nan 0.000172
102 58 nan 0.000653
103 58 nan 0.002473
104 58 nan 0.009316
105 58 nan 0.034445
106 58 nan 0.119203
107 58 nan 0.339244
108 58 nan 0.660756
109 58 nan 0.880797
110 58 nan 0.965555
111 58 nan 0.990684
112 58 nan 0.997527
113 58 nan 0.999347
114 58 nan 0.999828
115 58 nan 0.999955
116 58 nan 0.999988
117 58 nan 0.999997
118 58 nan 0.999999
119 58 nan 1.000000
120 58 nan 1.000000
121 58 nan 1.000000
122 58 nan 1.000000
123 58 nan 1.000000
124 58 nan 1.000000
125 58 nan 1.000000
126 58 nan 1.000000
127 58 nan 1.000000
128 58 nan 1.000000
129 58 nan 1.000000
130 58 nan 1.000000
131 58 nan 1.000000
132 58 nan 1.000000
133 58 nan 1.000000
134 58 nan 1.000000
135 58 nan 1.000000
136 58 nan 1.000000
137 58 nan 1.000000
138 58 nan 1.000000
139 58 nan 1.000000
140 58 nan 1.000000
141 58 nan 1.000000
142 58 nan 1.000000
143 58 nan 1.000000
144 58 nan 1.000000
145 58 nan 1.000000
146 58 nan 1.000000
147 58 nan 1.000000
148 58 nan 1.000000
149 58 nan 1.000000
150 58 nan 1.000000
151 58 nan 1.000000
152 58 nan 1.000000
153 58 nan 1.000000
154 58 nan 1.000000
155 58 nan 0.999999
156 58 nan 0.999998
157 58 nan 0.999995
158 58 nan 0.999986
159 58 nan 0.999959
160 58 nan 0.999878
161 58 nan 0.999636
162 58 nan 0.998907
163 58 nan 0.996702
164 58 nan 0.990040
165 58 nan 0.970166
166 58 nan 0.913681
167 58 nan 0.774189
168 58 nan 0.524991
169 58 nan 0.261801
170 58 nan 0.101765
171 58 nan 0.034783
172 58 nan 0.011286
173 58 nan 0.003588
174 58 nan 0.001130
175 58 nan 0.000354
176 58 nan 0.000110
177 58 nan 0.000034
178 58 nan 0.000011
179 58 nan 0.000003
180 58 nan 0.000001
181 58 nan 0.000000
182 58 nan 0.000000
183 58 nan 0.000000
184 58 nan 0.000000
185 58 nan 0.000000
186 58 nan 0.000000
187 58 nan 0.000000
188 58 nan 0.000000
189 58 nan 0.000000
190 58 nan 0.000000
191 58 nan 0.000000
192 58 nan 0.000000
193 58 nan 0.000000
194 58 nan 0.000000
195 58 nan 0.000000
196 58 nan 0.000000
197 58 nan 0.000000
198 58 nan 0.000000
199 58 nan 0.000000
0 59 nan 0.000000
1 59 nan 0.000000
2 59 nan 0.000000
3 59 nan 0.000000
4 59 nan 0.000000
5 59 nan 0.000000
6 59 nan 0.000000
7 59 nan 0.000000
8 59 nan 0.000000
9 59 nan 0.000000
10 59 nan 0.000000
11 59 nan 0.000000
12 59 nan 0.000000
13 59 nan 0.000000
14 59 nan 0.000000
15 59 nan 0.000000
16 59 nan 0.000000
17 59 nan 0.000000
18 59 nan 0.000000
19 59 nan 0.000001
20 59 nan 0.000002
21 59 nan 0.000006
22 59 nan 0.000020
23 59 nan 0.000065
24 59 nan 0.000209
25 59 nan 0.000675
26 59 nan 0.002167
27 59 nan 0.006911
28 59 nan 0.021731
29 59 nan 0.065964
30 59 nan 0.182751
31 59 nan 0.413521
32 59 nan 0.688824
33 59 nan 0.873714
34 59 nan 0.955602
35 59 nan 0.985216
36 59 nan 0.995153
37 59 nan 0.998414
38 59 nan 0.999479
39 59 nan 0.999828
40 59 nan 0.999943
41 59 nan 0.999981
42 59 nan 0.999994
43 59 nan 0.999998
44 59 nan 0.999999
45 59 nan 1.000000
46 59 nan 1.000000
47 59 nan 1.000000
48 59 nan 1.000000
49 59 nan 1.000000
50 59 nan 1.000000
51 59 nan 1.000000
52 59 nan 1.000000
53 59 nan 1.000000
54 59 nan 1.000000
55 59 nan 1.000000
56 59 nan 1.000000
57 59 nan 1.000000
58 59 nan 1.000000
59 59 nan 1.000000
60 59 nan 1.000000
61 59 nan 1.000000
62 59 nan 1.000000
63 59 nan 1.000000
64 59 nan 1.000000
65 59 nan 1.000000
66 59 nan 1.000000
67 59 nan 1.000000
68 59 nan 1.000000
69 59 nan 1.000000
70 59 nan 1.000000
71 59 nan 1.000000
72 59 nan 1.000000
73 59 nan 1.000000
74 59 nan 1.000000
75 59 nan 1.000000
76 59 nan 1.000000
77 59 nan 1.000000
78 59 nan 1.000000
79 59 nan 1.000000
80 59 nan 1.000000
81 59 nan 1.000000
82 59 nan 0.999999
83 59 nan 0.999997
84 59 nan 0.999988
85 59 nan 0.999955
86 59 nan 0.999828
87 59 nan 0.999347
88 59 nan 0.997527
89 59 nan 0.990684
90 59 nan 0.965555
91 59 nan 0.880797
92 59 nan 0.660756
93 59 nan 0.339244
94 59 nan 0.119203
95 59 nan 0.034445
96 59 nan 0.009316
97 59 nan 0.002473
98 59 nan 0.000653
99 59 nan 0.000172
100 59 nan 0.000045
101 59 nan 0.000172
102 59 nan 0.000653
103 59 nan 0.002473
104 59 nan 0.009316
105 59 nan 0.034445
106 59 nan 0.119203
107 59 nan 0.339244
108 59 nan 0.660756
109 59 nan 0.880797
110 59 nan 0.965555
111 59 nan 0.990684
112 59 nan 0.997527
113 59 nan 0.999347
114 59 nan 0.999828
115 59 nan 0.999955
116 59 nan 0.999988
117 59 nan 0.999997
118 59 nan 0.999999
119 59 nan 1.000000
120 59 nan 1.000000
121 59 nan 1.000000
122 59 nan 1.000000
123 59 nan 1.000000
124 59 nan 1.000000
125 59 nan 1.000000
126 59 nan 1.000000
127 59 nan 1.000000
128 59 nan 1.000000
129 59 nan 1.000000
130 59 nan 1.000000
131 59 nan 1.000000
132 59 nan 1.000000
133 59 nan 1.000000
134 59 nan 1.000000
135 59 nan 1.000000
136 59 nan 1.000000
137 59 nan 1.000000
138 59 nan 1.000000
139 59 nan 1.000000
140 59 nan 1.000000
141 59 nan 1.000000
142 59 nan 1.000000
143 59 nan 1.000000
144 59 nan 1.000000
145 59 nan 1.000000
146 59 nan 1.000000
147 59 nan 1.000000
148 59 nan 1.000000
149 59 nan 1.000000
150 59 nan 1.000000
151 59 nan 1.000000
152 59 nan 1.000000
153 59 nan 1.000000
154 59 nan 1.000000
155 59 nan 1.000000
156 59 nan 0.999999
157 59 nan 0.999998
158 59 nan 0.999994
159 59 nan 0.999981
160 59 nan 0.999943
161 59 nan 0.999828
162 59 nan 0.999479
163 59 nan 0.998414
164 59 nan 0.995153
165 59 nan 0.985216
166 59 nan 0.955602
167 59 nan 0.873714
168 59 nan 0.688824
169 59 nan 0.413521
170 59 nan 0.182751
171 59 nan 0.065964
172 59 nan 0.021731
173 59 nan 0.006911
174 59 nan 0.002167
175 59 nan 0.000675
176 59 nan 0.000209
177 59 nan 0.000065
178 59 nan 0.000020
179 59 nan 0.000006
180 59 nan 0.000002
181 59 nan 0.000001
182 59 nan 0.000000
183 59 nan 0.000000
184 59 nan 0.000000
185 59 nan 0.000000
186 59 nan 0.000000
187 59 nan 0.000000
188 59 nan 0.000000
189 59 nan 0.000000
190 59 nan 0.000000
191 59 nan 0.000000
192 59 nan 0.000000
193 59 nan 0.000000
194 59 nan 0.000000
195 59 nan 0.000000
196 59 nan 0.000000
197 59 nan 0.000000
198 59 nan 0.000000
199 59 nan 0.000000
0 60 nan 0.000000
1 60 nan 0.000000
2 60 nan 0.000000
3 60 nan 0.000000
4 60 nan 0.000000
5 60 nan 0.000000
6 60 nan 0.000000
7 60 nan 0.000000
8 60 nan 0.000000
9 60 nan 0.000000
10 60 nan 0.000000
11 60 nan 0.000000
12 60 nan 0.000000
13 60 nan 0.000000
14 60 nan 0.000000
15 60 nan 0.000000
16 60 nan 0.000000
17 60 nan 0.000000
18 60 nan 0.000000
19 60 nan 0.000001
20 60 nan 0.000003
21 60 nan 0.000011
22 60 nan 0.000037
23 60 nan 0.000120
24 60 nan 0.000392
25 60 nan 0.001271
26 60 nan 0.004103
27 60 nan 0.013115
28 60 nan 0.040958
29 60 nan 0.120281
30 60 nan 0.303623
31 60 nan 0.580663
32 60 nan 0.814103
33 60 nan 0.932387
34 60 nan 0.977390
35 60 nan 0.992641
36 60 nan 0.997618
37 60 nan 0.999228
38 60 nan 0.999749
39 60 nan 0.999918
40 60 nan 0.999973
41 60 nan 0.999991
42 60 nan 0.999997
43 60 nan 0.999999
44 60 nan 1.000000
45 60 nan 1.000000
46 60 nan 1.000000
47 60 nan 1.000000
48 60 nan 1.000000
49 60 nan 1.000000
50 60 nan 1.000000
51 60 nan 1.000000
52 60 nan 1.000000
53 60 nan 1.000000
54 60 nan 1.000000
55 60 nan 1.000000
56 60 nan 1.000000
57 60 nan 1.000000
58 60 nan 1.000000
59 60 nan 1.000000
60 60 nan 1.000000
61 60 nan 1.000000
62 60 nan 1.000000
63 60 nan 1.000000
64 60 nan 1.000000
65 60 nan 1.000000
66 60 nan 1.000000
67 60 nan 1.000000
68 60 nan 1.000000
69 60 nan 1.000000
70 60 nan 1.000000
71 60 nan 1.000000
72 60 nan 1.000000
73 60 nan 1.000000
74 60 nan 1.000000
75 60 nan 1.000000
76 60 nan 1.000000
77 60 nan 1.000000
78 60 nan 1.000000
79 60 nan 1.000000
80 60 nan 1.000000
81 60 nan 1.000000
82 60 nan 0.999999
83 60 nan 0.999997
84 60 nan 0.999988
85 60 nan 0.999955
86 60 nan 0.999828
87 60 nan 0.999347
88 60 nan 0.997527
89 60 nan 0.990684
90 60 nan 0.965555
91 60 nan 0.880797
92 60 nan 0.660756
93 60 nan 0.339244
94 60 nan 0.119203
95 60 nan 0.034445
96 60 nan 0.009316
97 60 nan 0.002473
98 60 nan 0.000653
99 60 nan 0.000172
100 60 nan 0.000045
101 60 nan 0.000172
102 60 nan 0.000653
103 60 nan 0.002473
104 60 nan 0.009316
105 60 nan 0.034445
106 60 nan 0.119203
107 60 nan 0.339244
108 60 nan 0.660756
109 60 nan 0.880797
110 60 nan 0.965555
111 60 nan 0.990684
112 60 nan 0.997527
113 60 nan 0.999347
114 60 nan 0.999828
115 60 nan 0.999955
116 60 nan 0.999988
117 60 nan 0.999997
118 60 nan 0.999999
119 60 nan 1.000000
120 60 nan 1.000000
121 60 nan 1.000000
122 60 nan 1.000000
123 60 nan 1.000000
124 60 nan 1.000000
125 60 nan 1.000000
126 60 nan 1.000000
127 60 nan 1.000000
128 60 nan 1.000000
129 60 nan 1.000000
130 60 nan 1.000000
131 60 nan 1.000000
132 60 nan 1.000000
133 60 nan 1.000000
134 60 nan 1.000000
135 60 nan 1.000000
136 60 nan 1.000000
137 60 nan 1.000000
138 60 nan 1.000000
139 60 nan 1.000000
140 60 nan 1.000000
141 60 nan 1.000000
142 60 nan 1.000000
143 60 nan 1.000000
144 60 nan 1.000000
145 60 nan 1.000000
146 60 nan 1.000000
147 60 nan 1.000000
148 60 nan 1.000000
149 60 nan 1.000000
150 60 nan 1.000000
151 60 nan 1.000000
152 60 nan 1.000000
153 60 nan 1.000000
154 60 nan 1.000000
155 60 nan 1.000000
156 60 nan 1.000000
157 60 nan 0.999999
158 60 nan 0.999997
159 60 nan 0.999991
160 60 nan 0.999973
161 60 nan 0.999918
162 60 nan 0.999749
163 60 nan 0.999228
164 60 nan 0.997618
165 60 nan 0.992641
166 60 nan 0.977390
167 60 nan 0.932387
168 60 nan 0.814103
169 60 nan 0.580663
170 60 nan 0.303623
171 60 nan 0.120281
172 60 nan 0.040958
173 60 nan 0.013115
174 60 nan 0.004103
175 60 nan 0.001271
176 60 nan 0.000392
177 60 nan 0.000120
178 60 nan 0.000037
179 60 nan 0.000011
180 60 nan 0.000003
181 60 nan 0.000001
182 60 nan 0.000000
183 60 nan 0.000000
184 60 nan 0.000000
185 60 nan 0.000000
186 60 nan 0.000000
187 60 nan 0.000000
188 60 nan 0.000000
189 60 nan 0.000000
190 60 nan 0.000000
191 60 nan 0.000000
192 60 nan 0.000000
193 60 nan 0.000000
194 60 nan 0.000000
195 60 nan 0.000000
196 60 nan 0.000000
197 60 nan 0.000000
198 60 nan 0.000000
199 60 nan 0.000000
0 61 nan 0.000000
1 61 nan 0.000000
2 61 nan 0.000000
3 61 nan 0.000000
4 61 nan 0.000000
5 61 nan 0.000000
6 61 nan 0.000000
7 61 nan 0.000000
8 61 nan 0.000000
9 61 nan 0.000000
10 61 nan 0.000000
11 61 nan 0.000000
12 61 nan 0.000000
13 61 nan 0.000000
14 61 nan 0.000000
15 61 nan 0.000000
16 61 nan 0.000000
17 61 nan 0.000000
18 61 nan 0.000001
19 61 nan 0.000002
20 61 nan 0.000006
21 61 nan 0.000020
22 61 nan 0.000067
23 61 nan 0.000221
24 61 nan 0.000724
25 61 nan 0.002363
26 61 nan 0.007660
27 61 nan 0.024452
28 61 nan 0.075015
29 61 nan 0.207253
30 61 nan 0.456397
31 61 nan 0.728675
32 61 nan 0.895351
33 61 nan 0.964466
34 61 nan 0.988470
35 61 nan 0.996304
36 61 nan 0.998816
37 61 nan 0.999620
38 61 nan 0.999877
39 61 nan 0.999960
40 61 nan 0.999987
41 61 nan 0.999996
42 61 nan 0.999999
43 61 nan 1.000000
44 61 nan 1.000000
45 61 nan 1.000000
46 61 nan 1.000000
47 61 nan 1.000000
48 61 nan 1.000000
49 61 nan 1.000000
50 61 nan 1.000000
51 61 nan 1.000000
52 61 nan 1.000000
53 61 nan 1.000000
54 61 nan 1.000000
55 61 nan 1.000000
56 61 nan 1.000000
57 61 nan 1.000000
58 61 nan 1.000000
59 61 nan 1.000000
60 61 nan 1.000000
61 61 nan 1.000000
62 61 nan 1.000000
63 61 nan 1.000000
64 61 nan 1.000000
65 61 nan 1.000000
66 61 nan 1.000000
67 61 nan 1.000000
68 61 nan 1.000000
69 61 nan 1.000000
70 61 nan 1.000000
71 61 nan 1.000000
72 61 nan 1.000000
73 61 nan 1.000000
74 61 nan 1.000000
75 61 nan 1.000000
76 61 nan 1.000000
77 61 nan 1.000000
78 61 nan 1.000000
79 61 nan 1.000000
80 61 nan 1.000000
81 61 nan 1.000000
82 61 nan 0.999999
83 61 nan 0.999997
84 61 nan 0.999988
85 61 nan 0.999955
86 61 nan 0.999828
87 61 nan 0.999347
88 61 nan 0.997527
89 61 nan 0.990684
90 61 nan 0.965555
91 61 nan 0.880797
92 61 nan 0.660756
93 61 nan 0.339244
94 61 nan 0.119203
95 61 nan 0.034445
96 61 nan 0.009316
97 61 nan 0.002473
98 61 nan 0.000653
99 61 nan 0.000172
100 61 nan 0.000045
101 61 nan 0.000172
102 61 nan 0.000653
103 61 nan 0.002473
104 61 nan 0.009316
105 61 nan 0.034445
106 61 nan 0.119203
107 61 nan 0.339244
108 61 nan 0.660756
109 61 nan 0.880797
110 61 nan 0.965555
111 61 nan 0.990684
112 61 nan 0.997527
113 61 nan 0.999347
114 61 nan 0.999828
115 61 nan 0.999955
116 61 nan 0.999988
117 61 nan 0.999997
118 61 nan 0.999999
119 61 nan 1.000000
120 61 nan 1.000000
121 61 nan 1.000000
122 61 nan 1.000000
123 61 nan 1.000000
124 61 nan 1.000000
125 61 nan 1.000000
126 61 nan 1.000000
127 61 nan 1.000000
128 61 nan 1.000000
129 61 nan 1.000000
130 61 nan 1.000000
131 61 nan 1.000000
132 61 nan 1.000000
133 61 nan 1.000000
134 61 nan 1.000000
135 61 nan 1.000000
136 61 nan 1.000000
137 61 nan 1.000000
138 61 nan 1.000000
139 61 nan 1.000000
140 61 nan 1.000000
141 61 nan 1.000000
142 61 nan 1.000000
143 61 nan 1.000000
144 61 nan 1.000000
145 61 nan 1.000000
146 61 nan 1.000000
147 61 nan 1.000000
148 61 nan 1.000000
149 61 nan 1.000000
150 61 nan 1.000000
151 61 nan 1.000000
152 61 nan 1.000000
153 61 nan 1.000000
154 61 nan 1.000000
155 61 nan 1.000000
156 61 nan 1.000000
157 61 nan 1.000000
158 61 nan 0.999999
159 61 nan 0.999996
160 61 nan 0.999987
161 61 nan 0.999960
162 61 nan 0.999877
163 61 nan 0.999620
164 61 nan 0.998816
165 61 nan 0.996304
166 61 nan 0.988470
167 61 nan 0.964466
168 61 nan 0.895351
169 61 nan 0.728675
170 61 nan 0.456397
171 61 nan 0.207253
172 61 nan 0.075015
173 61 nan 0.024452
174 61 nan 0.007660
175 61 nan 0.002363
176 61 nan 0.000724
177 61 nan 0.000221
178 61 nan 0.000067
179 61 nan 0.000020
180 61 nan 0.000006
181 61 nan 0.000002
182 61 nan 0.000001
183 61 nan 0.000000
184 61 nan 0.000000
185 61 nan 0.000000
186 61 nan 0.000000
187 61 nan 0.000000
188 61 nan 0.000000
189 61 nan 0.000000
190 61 nan 0.000000
191 61 nan 0.000000
192 61 nan 0.000000
193 61 nan 0.000000
194 61 nan 0.000000
195 61 nan 0.000000
196 61 nan 0.000000
197 61 nan 0.000000
198 61 nan 0.000000
199 61 nan 0.000000
0 62 nan 0.000000
1 62 nan 0.000000
2 62 nan 0.000000
3 62 nan 0.000000
4 62 nan 0.000000
5 62 nan 0.000000
6 62 nan 0.000000
7 62 nan 0.000000
8 62 nan 0.000000
9 62 nan 0.000000
10 62 nan 0.000000
11 62 nan 0.000000
12 62 nan 0.000000
13 62 nan 0.000000
14 62 nan 0.000000
15 62 nan 0.000000
16 62 nan 0.000000
17 62 nan 0.000000
18 62 nan 0.000001
19 62 nan 0.000003
20 62 nan 0.000011
21 62 nan 0.000036
22 62 nan 0.000121
23 62 nan 0.000401
24 62 nan 0.001322
25 62 nan 0.004336
26 62 nan 0.014081
27 62 nan 0.044603
28 62 nan 0.132002
29 62 nan 0.330484
30 62 nan 0.614837
31 62 nan 0.837204
32 62 nan 0.942865
33 62 nan 0.981392
34 62 nan 0.994077
35 62 nan 0.998123
36 62 nan 0.999404
37 62 nan 0.999810
38 62 nan 0.999939
39 62 nan 0.999980
40 62 nan 0.999994
41 62 nan 0.999998
42 62 nan 0.999999
43 62 nan 1.000000
44 62 nan 1.000000
45 62 nan 1.000000
46 62 nan 1.000000
47 62 nan 1.000000
48 62 nan 1.000000
49 62 nan 1.000000
50 62 nan 1.000000
51 62 nan 1.000000
52 62 nan 1.000000
53 62 nan 1.000000
54 62 nan 1.000000
55 62 nan 1.000000
56 62 nan 1.000000
57 62 nan 1.000000
58 62 nan 1.000000
59 62 nan 1.000000
60 62 nan 1.000000
61 62 nan 1.000000
62 62 nan 1.000000
63 62 nan 1.000000
64 62 nan 1.000000
65 62 nan 1.000000
66 62 nan 1.000000
67 62 nan 1.000000
68 62 nan 1.000000
69 62 nan 1.000000
70 62 nan 1.000000
71 62 nan 1.000000
72 62 nan 1.000000
73 62 nan 1.000000
74 62 nan 1.000000
75 62 nan 1.000000
76 62 nan 1.000000
77 62 nan 1.000000
78 62 nan 1.000000
79 62 nan 1.000000
80 62 nan 1.000000
81 62 nan 1.000000
82 62 nan 0.999999
83 62 nan 0.999997
84 62 nan 0.999988
85 62 nan 0.999955
86 62 nan 0.999828
87 62 nan 0.999347
88 62 nan 0.997527
89 62 nan 0.990684
90 62 nan 0.965555
91 62 nan 0.880797
92 62 nan 0.660756
93 62 nan 0.339244
94 62 nan 0.119203
95 62 nan 0.034445
96 62 nan 0.009316
97 62 nan 0.002473
98 62 nan 0.000653
99 62 nan 0.000172
100 62 nan 0.000045
101 62 nan 0.000172
102 62 nan 0.000653
103 62 nan 0.002473
104 62 nan 0.009316
105 62 nan 0.034445
106 62 nan 0.119203
107 62 nan 0.339244
108 62 nan 0.660756
109 62 nan 0.880797
110 62 nan 0.965555
111 62 nan 0.990684
112 62 nan 0.997527
113 62 nan 0.999347
114 62 nan 0.999828
115 62 nan 0.999955
116 62 nan 0.999988
117 62 nan 0.999997
118 62 nan 0.999999
119 62 nan 1.000000
120 62 nan 1.000000
121 62 nan 1.000000
122 62 nan 1.000000
123 62 nan 1.000000
124 62 nan 1.000000
125 62 nan 1.000000
126 62 nan 1.000000
127 62 nan 1.000000
128 62 nan 1.000000
129 62 nan 1.000000
130 62 nan 1.000000
131 62 nan 1.000000
132 62 nan 1.000000
133 62 nan 1.000000
134 62 nan 1.000000
135 62 nan 1.000000
136 62 nan 1.000000
137 62 nan 1.000000
138 62 nan 1.000000
139 62 nan 1.000000
140 62 nan 1.000000
141 62 nan 1.000000
142 62 nan 1.000000
143 62 nan 1.000000
144 62 nan 1.000000
145 62 nan 1.000000
146 62 nan 1.000000
147 62 nan 1.000000
148 62 nan 1.000000
149 62 nan 1.000000
150 62 nan 1.000000
151 62 nan 1.000000
152 62 nan 1.000000
153 62 nan 1.000000
154 62 nan 1.000000
155 62 nan 1.000000
156 62 nan 1.000000
157 62 nan 1.000000
158 62 nan 0.999999
159 62 nan 0.999998
160 62 nan 0.999994
161 62 nan 0.999980
162 62 nan 0.999939
163 62 nan 0.999810
164 62 nan 0.999404
165 62 nan 0.998123
166 62 nan 0.994077
167 62 nan 0.981392
168 62 nan 0.942865
169 62 nan 0.837204
170 62 nan 0.614837
171 62 nan 0.330484
172 62 nan 0.132002
173 62 nan 0.044603
174 62 nan 0.014081
175 62 nan 0.004336
176 62 nan 0.001322
177 62 nan 0.000401
178 62 nan 0.000121
179 62 nan 0.000036
180 62 nan 0.000011
181 62 nan 0.000003
182 62 nan 0.000001
183 62 nan 0.000000
184 62 nan 0.000000
185 62 nan 0.000000
186 62 nan 0.000000
187 62 nan 0.000000
188 62 nan 0.000000
189 62 nan 0.000000
190 62 nan 0.000000
191 62 nan 0.000000
192 62 nan 0.000000
193 62 nan 0.000000
194 62 nan 0.000000
195 62 nan 0.000000
196 62 nan 0.000000
197 62 nan 0.000000
198 62 nan 0.000000
199 62 nan 0.000000
0 63 nan 0.000000
1 63 nan 0.000000
2 63 nan 0.000000
3 63 nan 0.000000
4 63 nan 0.000000
5 63 nan 0.000000
6 63 nan 0.000000
7 63 nan 0.000000
8 63 nan 0.000000
9 63 nan 0.000000
10 63 nan 0.000000
11 63 nan 0.000000
12 63 nan 0.000000
13 63 nan 0.000000
14 63 nan 0.000000
15 63 nan 0.000000
16 63 nan 0.000000
17 63 nan 0.000001
18 63 nan 0.000002
19 63 nan 0.000006
20 63 nan 0.000019
21 63 nan 0.000065
22 63 nan 0.000216
23 63 nan 0.000718
24 63 nan 0.002382
25 63 nan 0.007844
26 63 nan 0.025431
27 63 nan 0.079068
28 63 nan 0.219691
29 63 nan 0.479187
30 63 nan 0.749756
31 63 nan 0.906721
32 63 nan 0.969153
33 63 nan 0.990210
34 63 nan 0.996926
35 63 nan 0.999035
36 63 nan 0.999696
37 63 nan 0.999904
38 63 nan 0.999970
39 63 nan 0.999990
40 63 nan 0.999997
41 63 nan 0.999999
42 63 nan 1.000000
43 63 nan 1.000000
44 63 nan 1.000000
45 63 nan 1.000000
46 63 nan 1.000000
47 63 nan 1.000000
48 63 nan 1.000000
49 63 nan 1.000000
50 63 nan 1.000000
51 63 nan 1.000000
52 63 nan 1.000000
53 63 nan 1.000000
54 63 nan 1.000000
55 63 nan 1.000000
56 63 nan 1.000000
57 63 nan 1.000000
58 63 nan 1.000000
59 63 nan 1.000000
60 63 nan 1.000000
61 63 nan 1.000000
62 63 nan 1.000000
63 63 nan 1.000000
64 63 nan 1.000000
65 63 nan 1.000000
66 63 nan 1.000000
67 63 nan 1.000000
68 63 nan 1.000000
69 63 nan 1.000000
70 63 nan 1.000000
71 63 nan 1.000000
72 63 nan 1.000000
73 63 nan 1.000000
74 63 nan 1.000000
75 63 nan 1.000000
76 63 nan 1.000000
77 63 nan 1.000000
78 63 nan 1.000000
79 63 nan 1.000000
80 63 nan 1.000000
81 63 nan 1.000000
82 63 nan 0.999999
83 63 nan 0.999997
84 63 nan 0.999988
85 63 nan 0.999955
86 63 nan 0.999828
87 63 nan 0.999347
88 63 nan 0.997527
89 63 nan 0.990684
90 63 nan 0.965555
91 63 nan 0.880797
92 63 nan 0.660756
93 63 nan 0.339244
94 63 nan 0.119203
95 63 nan 0.034445
96 63 nan 0.009316
97 63 nan 0.002473
98 63 nan 0.000653
99 63 nan 0.000172
100 63 nan 0.000045
101 63 nan 0.000172
102 63 nan 0.000653
103 63 nan 0.002473
104 63 nan 0.009316
105 63 nan 0.034445
106 63 nan 0.119203
107 63 nan 0.339244
108 63 nan 0.660756
109 63 nan 0.880797
110 63 nan 0.965555
111 63 nan 0.990684
112 63 nan 0.997527
113 63 nan 0.999347
114 63 nan 0.999828
115 63 nan 0.999955
116 63 nan 0.999988
117 63 nan 0.999997
118 63 nan 0.999999
119 63 nan 1.000000
120 63 nan 1.000000
121 63 nan 1.000000
122 63 nan 1.000000
123 63 nan 1.000000
124 63 nan 1.000000
125 63 nan 1.000000
126 63 nan 1.000000
127 63 nan 1.000000
128 63 nan 1.000000
129 63 nan 1.000000
130 63 nan 1.000000
131 63 nan 1.000000
132 63 nan 1.000000
133 63 nan 1.000000
134 63 nan 1.000000
135 63 nan 1.000000
136 63 nan 1.000000
137 63 nan 1.000000
138 63 nan 1.000000
139 63 nan 1.000000
140 63 nan 1.000000
141 63 nan 1.000000
142 63 nan 1.000000
143 63 nan 1.000000
144 63 nan 1.000000
145 63 nan 1.000000
146 63 nan 1.000000
147 63 nan 1.000000
148 63 nan 1.000000
149 63 nan 1.000000
150 63 nan 1.000000
151 63 nan 1.000000
152 63 nan 1.000000
153 63 nan 1.000000
154 63 nan 1.000000
155 63 nan 1.000000
156 63 nan 1.000000
157 63 nan 1.000000
158 63 nan 1.000000
159 63 nan 0.999999
160 63 nan 0.999997
161 63 nan 0.999990
162 63 nan 0.999970
163 63 nan 0.999904
164 63 nan 0.999696
165 63 nan 0.999035
166 63 nan 0.996926
167 63 nan 0.990210
168 63 nan 0.969153
169 63 nan 0.906721
170 63 nan 0.749756
171 63 nan 0.479187
172 63 nan 0.219691
173 63 nan 0.079068
174 63 nan 0.025431
175 63 nan 0.007844
176 63 nan 0.002382
177 63 nan 0.000718
178 63 nan 0.000216
179 63 nan 0.000065
180 63 nan 0.000019
181 63 nan 0.000006
182 63 nan 0.000002
183 63 nan 0.000001
184 63 nan 0.000000
185 63 nan 0.000000
186 63 nan 0.000000
187 63 nan 0.000000
188 63 nan 0.000000
189 63 nan 0.000000
190 63 nan 0.000000
191 63 nan 0.000000
192 63 nan 0.000000
193 63 nan 0.000000
194 63 nan 0.000000
195 63 nan 0.000000
196 63 nan 0.000000
197 63 nan 0.000000
198 63 nan 0.000000
199 63 nan 0.000000
0 64 nan 0.000000
1 64 nan 0.000000
2 64 nan 0.000000
3 64 nan 0.000000
4 64 nan 0.000000
5 64 nan 0.000000
6 64 nan 0.000000
7 64 nan 0.000000
8 64 nan 0.000000
9 64 nan 0.000000
10 64 nan 0.000000
11 64 nan 0.000000
12 64 nan 0.000000
13 64 nan 0.000000
14 64 nan 0.000000
15 64 nan 0.000000
16 64 nan 0.000000
17 64 nan 0.000001
18 64 nan 0.000003
19 64 nan 0.000010
20 64 nan 0.000034
21 64 nan 0.000113
22 64 nan 0.000380
23 64 nan 0.001271
24 64 nan 0.004235
25 64 nan 0.013971
26 64 nan 0.044950
27 64 nan 0.134843
28 64 nan 0.339708
29 64 nan 0.628619
30 64 nan 0.847324
31 64 nan 0.947732
32 64 nan 0.983340
33 64 nan 0.994803
34 64 nan 0.998385
35 64 nan 0.999498
36 64 nan 0.999843
37 64 nan 0.999951
38 64 nan 0.999985
39 64 nan 0.999995
40 64 nan 0.999998
41 64 nan 1.000000
42 64 nan 1.000000
43 64 nan 1.000000
44 64 nan 1.000000
45 64 nan 1.000000
46 64 nan 1.000000
47 64 nan 1.000000
48 64 nan 1.000000
49 64 nan 1.000000
50 64 nan 1.000000
51 64 nan 1.000000
52 64 nan 1.000000
53 64 nan 1.000000
54 64 nan 1.000000
55 64 nan 1.000000
56 64 nan 1.000000
57 64 nan 1.000000
58 64 nan 1.000000
59 64 nan 1.000000
60 64 nan 1.000000
61 64 nan 1.000000
62 64 nan 1.000000
63 64 nan 1.000000
64 64 nan 1.000000
65 64 nan 1.000000
66 64 nan 1.000000
67 64 nan 1.000000
68 64 nan 1.000000
69 64 nan 1.000000
70 64 nan 1.000000
71 64 nan 1.000000
72 64 nan 1.000000
73 64 nan 1.000000
74 64 nan 1.000000
75 64 nan 1.000000
76 64 nan 1.000000
77 64 nan 1.000000
78 64 nan 1.000000
79 64 nan 1.000000
80 64 nan 1.000000
81 64 nan 1.000000
82 64 nan 0.999999
83 64 nan 0.999997
84 64 nan 0.999988
85 64 nan 0.999955
86 64 nan 0.999828
87 64 nan 0.999347
88 64 nan 0.997527
89 64 nan 0.990684
90 64 nan 0.965555
91 64 nan 0.880797
92 64 nan 0.660756
93 64 nan 0.339244
94 64 nan 0.119203
95 64 nan 0.034445
96 64 nan 0.009316
97 64 nan 0.002473
98 64 nan 0.000653
99 64 nan 0.000172
100 64 nan 0.000045
101 64 nan 0.000172
102 64 nan 0.000653
103 64 nan 0.002473
104 64 nan 0.009316
105 64 nan 0.034445
106 64 nan 0.119203
107 64 nan 0.339244
108 64 nan 0.660756
109 64 nan 0.880797
110 64 nan 0.965555
111 64 nan 0.990684
112 64 nan 0.997527
113 64 nan 0.999347
114 64 nan 0.999828
115 64 nan 0.999955
116 64 nan 0.999988
117 64 nan 0.999997
118 64 nan 0.999999
119 64 nan 1.000000
120 64 nan 1.000000
121 64 nan 1.000000
122 64 nan 1.000000
123 64 nan 1.000000
124 64 nan 1.000000
125 64 nan 1.000000
126 64 nan 1.000000
127 64 nan 1.000000
128 64 nan 1.000000
129 64 nan 1.000000
130 64 nan 1.000000
131 64 nan 1.000000
132 64 nan 1.000000
133 64 nan 1.000000
134 64 nan 1.000000
135 64 nan 1.000000
136 64 nan 1.000000
137 64 nan 1.000000
138 64 nan 1.000000
139 64 nan 1.000000
140 64 nan 1.000000
141 64 nan 1.000000
142 64 nan 1.000000
143 64 nan 1.000000
144 64 nan 1.000000
145 64 nan 1.000000
146 64 nan 1.000000
147 64 nan 1.000000
148 64 nan 1.000000
149 64 nan 1.000000
150 64 nan 1.000000
151 64 nan 1.000000
152 64 nan 1.000000
153 64 nan 1.000000
154 64 nan 1.000000
155 64 nan 1.000000
156 64 nan 1.000000
157 64 nan 1.000000
158 64 nan 1.000000
159 64 nan 1.000000
160 64 nan 0.999998
161 64 nan 0.999995
162 64 nan 0.999985
163 64 nan 0.999951
164 64 nan 0.999843
165 64 nan 0.999498
166 64 nan 0.998385
167 64 nan 0.994803
168 64 nan 0.983340
169 64 nan 0.947732
170 64 nan 0.847324
171 64 nan 0.628619
172 64 nan 0.339708
173 64 nan 0.134843
174 64 nan 0.044950
175 64 nan 0.013971
176 64 nan 0.004235
177 64 nan 0.001271
178 64 nan 0.000380
179 64 nan 0.000113
180 64 nan 0.000034
181 64 nan 0.000010
182 64 nan 0.000003
183 64 nan 0.000001
184 64 nan 0.000000
185 64 nan 0.000000
186 64 nan 0.000000
187 64 nan 0.000000
188 64 nan 0.000000
189 64 nan 0.000000
190 64 nan 0.000000
191 64 nan 0.000000
192 64 nan 0.000000
193 64 nan 0.000000
194 64 nan 0.000000
195 64 nan 0.000000
196 64 nan 0.000000
197 64 nan 0.000000
198 64 nan 0.000000
199 64 nan 0.000000
0 65 nan 0.000000
1 65 nan 0.000000
2 65 nan 0.000000
3 65 nan 0.000000
4 65 nan 0.000000
5 65 nan 0.000000
6 65 nan 0.000000
7 65 nan 0.000000
8 65 nan 0.000000
9 65 nan 0.000000
10 65 nan 0.000000
11 65 nan 0.000000
12 65 nan 0.000000
13 65 nan 0.000000
14 65 nan 0.000000
15 65 nan 0.000000
16 65 nan 0.000000
17 65 nan 0.000001
18 65 nan 0.000005
19 65 nan 0.000017
20 65 nan 0.000058
21 65 nan 0.000195
22 65 nan 0.000659
23 65 nan 0.002219
24 65 nan 0.007421
25 65 nan 0.024452
26 65 nan 0.077307
27 65 nan 0.218282
28 65 nan 0.481265
29 65 nan 0.754466
30 65 nan 0.910261
31 65 nan 0.970905
32 65 nan 0.990942
33 65 nan 0.997209
34 65 nan 0.999141
35 65 nan 0.999735
36 65 nan 0.999918
37 65 nan 0.999974
38 65 nan 0.999992
39 65 nan 0.999997
40 65 nan 0.999999
41 65 nan 1.000000
42 65 nan 1.000000
43 65 nan 1.000000
44 65 nan 1.000000
45 65 nan 1.000000
46 65 nan 1.000000
47 65 nan 1.000000
48 65 nan 1.000000
49 65 nan 1.000000
50 65 nan 1.000000
51 65 nan 1.000000
52 65 nan 1.000000
53 65 nan 1.000000
54 65 nan 1.000000
55 65 nan 1.000000
56 65 nan 1.000000
57 65 nan 1.000000
58 65 nan 1.000000
59 65 nan 1.000000
60 65 nan 1.000000
61 65 nan 1.000000
62 65 nan 1.000000
63 65 nan 1.000000
64 65 nan 1.000000
65 65 nan 1.000000
66 65 nan 1.000000
67 65 nan 1.000000
68 65 nan 1.000000
69 65 nan 1.000000
70 65 nan 1.000000
71 65 nan 1.000000
72 65 nan 1.000000
73 65 nan 1.000000
74 65 nan 1.000000
75 65 nan 1.000000
76 65 nan 1.000000
77 65 nan 1.000000
78 65 nan 1.000000
79 65 nan 1.000000
80 65 nan 1.000000
81 65 nan 1.000000
82 65 nan 0.999999
83 65 nan 0.999997
84 65 nan 0.999988
85 65 nan 0.999955
86 65 nan 0.999828
87 65 nan 0.999347
88 65 nan 0.997527
89 65 nan 0.990684
90 65 nan 0.965555
91 65 nan 0.880797
92 65 nan 0.660756
93 65 nan 0.339244
94 65 nan 0.119203
95 65 nan 0.034445
96 65 nan 0.009316
97 65 nan 0.002473
98 65 nan 0.000653
99 65 nan 0.000172
100 65 nan 0.000045
101 65 nan 0.000172
102 65 nan 0.000653
103 65 nan 0.002473
104 65 nan 0.009316
105 65 nan 0.034445
106 65 nan 0.119203
107 65 nan 0.339244
108 65 nan 0.660756
109 65 nan 0.880797
110 65 nan 0.965555
111 65 nan 0.990684
112 65 nan 0.997527
113 65 nan 0.999347
114 65 nan 0.999828
115 65 nan 0.999955
116 65 nan 0.999988
117 65 nan 0.999997
118 65 nan 0.999999
119 65 nan 1.000000
120 65 nan 1.000000
121 65 nan 1.000000
122 65 nan 1.000000
123 65 nan 1.000000
124 65 nan 1.000000
125 65 nan 1.000000
126 65 nan 1.000000
127 65 nan 1.000000
128 65 nan 1.000000
129 65 nan 1.000000
130 65 nan 1.000000
131 65 nan 1.000000
132 65 nan 1.000000
133 65 nan 1.000000
134 65 nan 1.000000
135 65 nan 1.000000
136 65 nan 1.000000
137 65 nan 1.000000
138 65 nan 1.000000
139 65 nan 1.000000
140 65 nan 1.000000
141 65 nan 1.000000
142 65 nan 1.000000
143 65 nan 1.000000
144 65 nan 1.000000
145 65 nan 1.000000
146 65 nan 1.000000
147 65 nan 1.000000
148 65 nan 1.000000
149 65 nan 1.000000
150 65 nan 1.000000
151 65 nan 1.000000
152 65 nan 1.000000
153 65 nan 1.000000
154 65 nan 1.000000
155 65 nan 1.000000
156 65 nan 1.000000
157 65 nan 1.000000
158 65 nan 1.000000
159 65 nan 1.000000
160 65 nan 0.999999
161 65 nan 0.999997
162 65 nan 0.999992
163 65 nan 0.999974
164 65 nan 0.999918
165 65 nan 0.999735
166 65 nan 0.999141
167 65 nan 0.997209
168 65 nan 0.990942
169 65 nan 0.970905
170 65 nan 0.910261
171 65 nan 0.754466
172 65 nan 0.481265
173 65 nan 0.218282
174 65 nan 0.077307
175 65 nan 0.024452
176 65 nan 0.007421
177 65 nan 0.002219
178 65 nan 0.000659
179 65 nan 0.000195
180 65 nan 0.000058
181 65 nan 0.000017
182 65 nan 0.000005
183 65 nan 0.000001
184 65 nan 0.000000
185 65 nan 0.000000
186 65 nan 0.000000
187 65 nan 0.000000
188 65 nan 0.000000
189 65 nan 0.000000
190 65 nan 0.000000
191 65 nan 0.000000
192 65 nan 0.000000
193 65 nan 0.000000
194 65 nan 0.000000
195 65 nan 0.000000
196 65 nan 0.000000
197 65 nan 0.000000
198 65 nan 0.000000
199 65 nan 0.000000
0 66 nan 0.000000
1 66 nan 0.000000
2 66 nan 0.000000
3 66 nan 0.000000
4 66 nan 0.000000
5 66 nan 0.000000
6 66 nan 0.000000
7 66 nan 0.000000
8 66 nan 0.000000
9 66 nan 0.000000
10 66 nan 0.000000
11 66 nan 0.000000
12 66 nan 0.000000
13 66 nan 0.000000
14 66 nan 0.000000
15 66 nan 0.000000
16 66 nan 0.000001
17 66 nan 0.000002
18 66 nan 0.000008
19 66 nan 0.000029
20 66 nan 0.000098
21 66 nan 0.000333
22 66 nan 0.001130
23 66 nan 0.003822
24 66 nan 0.012807
25 66 nan 0.041923
26 66 nan 0.128295
27 66 nan 0.330484
28 66 nan 0.622736
29 66 nan 0.846225
30 66 nan 0.948155
31 66 nan 0.983761
32 66 nan 0.995025
33 66 nan 0.998482
34 66 nan 0.999536
35 66 nan 0.999858
36 66 nan 0.999956
37 66 nan 0.999987
38 66 nan 0.999996
39 66 nan 0.999999
40 66 nan 1.000000
41 66 nan 1.000000
42 66 nan 1.000000
43 66 nan 1.000000
44 66 nan 1.000000
45 66 nan 1.000000
46 66 nan 1.000000
47 66 nan 1.000000
48 66 nan 1.000000
49 66 nan 1.000000
50 66 nan 1.000000
51 66 nan 1.000000
52 66 nan 1.000000
53 66 nan 1.000000
54 66 nan 1.000000
55 66 nan 1.000000
56 66 nan 1.000000
57 66 nan 1.000000
58 66 nan 1.000000
59 66 nan 1.000000
60 66 nan 1.000000
61 66 nan 1.000000
62 66 nan 1.000000
63 66 nan 1.000000
64 66 nan 1.000000
65 66 nan 1.000000
66 66 nan 1.000000
67 66 nan 1.000000
68 66 nan 1.000000
69 66 nan 1.000000
70 66 nan 1.000000
71 66 nan 1.000000
72 66 nan 1.000000
73 66 nan 1.000000
74 66 nan 1.000000
75 66 nan 1.000000
76 66 nan 1.000000
77 66 nan 1.000000
78 66 nan 1.000000
79 66 nan 1.000000
80 66 nan 1.000000
81 66 nan 1.000000
82 66 nan 0.999999
83 66 nan 0.999997
84 66 nan 0.999988
85 66 nan 0.999955
86 66 nan 0.999828
87 66 nan 0.999347
88 66 nan 0.997527
89 66 nan 0.990684
90 66 nan 0.965555
91 66 nan 0.880797
92 66 nan 0.660756
93 66 nan 0.339244
94 66 nan 0.119203
95 66 nan 0.034445
96 66 nan 0.009316
97 66 nan 0.002473
98 66 nan 0.000653
99 66 nan 0.000172
100 66 nan 0.000045
101 66 nan 0.000172
102 66 nan 0.000653
103 66 nan 0.002473
104 66 nan 0.009316
105 66 nan 0.034445
106 66 nan 0.119203
107 66 nan 0.339244
108 66 nan 0.660756
109 66 nan 0.880797
110 66 nan 0.965555
111 66 nan 0.990684
112 66 nan 0.997527
113 66 nan 0.999347
114 66 nan 0.999828
115 66 nan 0.999955
116 66 nan 0.999988
117 66 nan 0.999997
118 66 nan 0.999999
119 66 nan 1.000000
120 66 nan 1.000000
121 66 nan 1.000000
122 66 nan 1.000000
123 66 nan 1.000000
124 66 nan 1.000000
125 66 nan 1.000000
126 66 nan 1.000000
127 66 nan 1.000000
128 66 nan 1.000000
129 66 nan 1.000000
130 66 nan 1.000000
131 66 nan 1.000000
132 66 nan 1.000000
133 66 nan 1.000000
134 66 nan 1.000000
135 66 nan 1.000000
136 66 nan 1.000000
137 66 nan 1.000000
138 66 nan 1.000000
139 66 nan 1.000000
140 66 nan 1.000000
141 66 nan 1.000000
142 66 nan 1.000000
143 66 nan 1.000000
144 66 nan 1.000000
145 66 nan 1.000000
146 66 nan 1.000000
147 66 nan 1.000000
148 66 nan 1.000000
149 66 nan 1.000000
150 66 nan 1.000000
151 66 nan 1.000000
152 66 nan 1.000000
153 66 nan 1.000000
154 66 nan 1.000000
155 66 nan 1.000000
156 66 nan 1.000000
157 66 nan 1.000000
158 66 nan 1.000000
159 66 nan 1.000000
160 66 nan 1.000000
161 66 nan 0.999999
162 66 nan 0.999996
163 66 nan 0.999987
164 66 nan 0.999956
165 66 nan 0.999858
166 66 nan 0.999536
167 66 nan 0.998482
168 66 nan 0.995025
169 66 nan 0.983761
170 66 nan 0.948155
171 66 nan 0.846225
172 66 nan 0.622736
173 66 nan 0.330484
174 66 nan 0.128295
175 66 nan 0.041923
176 66 nan 0.012807
177 66 nan 0.003822
178 66 nan 0.001130
179 66 nan 0.000333
180 66 nan 0.000098
181 66 nan 0.000029
182 66 nan 0.000008
183 66 nan 0.000002
184 66 nan 0.000001
185 66 nan 0.000000
186 66 nan 0.000000
187 66 nan 0.000000
188 66 nan 0.000000
189 66 nan 0.000000
190 66 nan 0.000000
191 66 nan 0.000000
192 66 nan 0.000000
193 66 nan 0.000000
194 66 nan 0.000000
195 66 nan 0.000000
196 66 nan 0.000000
197 66 nan 0.000000
198 66 nan 0.000000
199 66 nan 0.000000
0 67 nan 0.000000
1 67 nan 0.000000
2 67 nan 0.000000
3 67 nan 0.000000
4 67 nan 0.000000
5 67 nan 0.000000
6 67 nan 0.000000
7 67 nan 0.000000
8 67 nan 0.000000
9 67 nan 0.000000
10 67 nan 0.000000
11 67 nan 0.000000
12 67 nan 0.000000
13 67 nan 0.000000
14 67 nan 0.000000
15 67 nan 0.000000
16 67 nan 0.000001
17 67 nan 0.000004
18 67 nan 0.000014
19 67 nan 0.000048
20 67 nan 0.000163
21 67 nan 0.000560
22 67 nan 0.001911
23 67 nan 0.006488
24 67 nan 0.021731
25 67 nan 0.070088
26 67 nan 0.203226
27 67 nan 0.462596
28 67 nan 0.743385
29 67 nan 0.906721
30 67 nan 0.970166
31 67 nan 0.990863
32 67 nan 0.997234
33 67 nan 0.999163
34 67 nan 0.999746
35 67 nan 0.999923
36 67 nan 0.999976
37 67 nan 0.999993
38 67 nan 0.999998
39 67 nan 0.999999
40 67 nan 1.000000
41 67 nan 1.000000
42 67 nan 1.000000
43 67 nan 1.000000
44 67 nan 1.000000
45 67 nan 1.000000
46 67 nan 1.000000
47 67 nan 1.000000
48 67 nan 1.000000
49 67 nan 1.000000
50 67 nan 1.000000
51 67 nan 1.000000
52 67 nan 1.000000
53 67 nan 1.000000
54 67 nan 1.000000
55 67 nan 1.000000
56 67 nan 1.000000
57 67 nan 1.000000
58 67 nan 1.000000
59 67 nan 1.000000
60 67 nan 1.000000
61 67 nan 1.000000
62 67 nan 1.000000
63 67 nan 1.000000
64 67 nan 1.000000
65 67 nan 1.000000
66 67 nan 1.000000
67 67 nan 1.000000
68 67 nan 1.000000
69 67 nan 1.000000
70 67 nan 1.000000
71 67 nan 1.000000
72 67 nan 1.000000
73 67 nan 1.000000
74 67 nan 1.000000
75 67 nan 1.000000
76 67 nan 1.000000
77 67 nan 1.000000
78 67 nan 1.000000
79 67 nan 1.000000
80 67 nan 1.000000
81 67 nan 1.000000
82 67 nan 0.999999
83 67 nan 0.999997
84 67 nan 0.999988
85 67 nan 0.999955
86 67 nan 0.999828
87 67 nan 0.999347
88 67 nan 0.997527
89 67 nan 0.990684
90 67 nan 0.965555
91 67 nan 0.880797
92 67 nan 0.660756
93 67 nan 0.339244
94 67 nan 0.119203
95 67 nan 0.034445
96 67 nan 0.009316
97 67 nan 0.002473
98 67 nan 0.000653
99 67 nan 0.000172
100 67 nan 0.000045
101 67 nan 0.000172
102 67 nan 0.000653
103 67 nan 0.002473
104 67 nan 0.009316
105 67 nan 0.034445
106 67 nan 0.119203
107 67 nan 0.339244
108 67 nan 0.660756
109 67 nan 0.880797
110 67 nan 0.965555
111 67 nan 0.990684
112 67 nan 0.997527
113 67 nan 0.999347
114 67 nan 0.999828
115 67 nan 0.999955
116 67 nan 0.999988
117 67 nan 0.999997
118 67 nan 0.999999
119 67 nan 1.000000
120 67 nan 1.000000
121 67 nan 1.000000
122 67 nan 1.000000
123 67 nan 1.000000
124 67 nan 1.000000
125 67 nan 1.000000
126 67 nan 1.000000
127 67 nan 1.000000
128 67 nan 1.000000
129 67 nan 1.000000
130 67 nan 1.000000
131 67 nan 1.000000
132 67 nan 1.000000
133 67 nan 1.000000
134 67 nan 1.000000
135 67 nan 1.000000
136 67 nan 1.000000
137 67 nan 1.000000
138 67 nan 1.000000
139 67 nan 1.000000
140 67 nan 1.000000
141 67 nan 1.000000
142 67 nan 1.000000
143 67 nan 1.000000
144 67 nan 1.000000
145 67 nan 1.000000
146 67 nan 1.000000
147 67 nan 1.000000
148 67 nan 1.000000
149 67 nan 1.000000
150 67 nan 1.000000
151 67 nan 1.000000
152 67 nan 1.000000
153 67 nan 1.000000
154 67 nan 1.000000
155 67 nan 1.000000
156 67 nan 1.000000
157 67 nan 1.000000
158 67 nan 1.000000
159 67 nan 1.000000
160 67 nan 1.000000
161 67 nan 0.999999
162 67 nan 0.999998
163 67 nan 0.999993
164 67 nan 0.999976
165 67 nan 0.999923
166 67 nan 0.999746
167 67 nan 0.999163
168 67 nan 0.997234
169 67 nan 0.990863
170 67 nan 0.970166
171 67 nan 0.906721
172 67 nan 0.743385
173 67 nan 0.462596
174 67 nan 0.203226
175 67 nan 0.070088
176 67 nan 0.021731
177 67 nan 0.006488
178 67 nan 0.001911
179 67 nan 0.000560
180 67 nan 0.000163
181 67 nan 0.000048
182 67 nan 0.000014
183 67 nan 0.000004
184 67 nan 0.000001
185 67 nan 0.000000
186 67 nan 0.000000
187 67 nan 0.000000
188 67 nan 0.000000
189 67 nan 0.000000
190 67 nan 0.000000
191 67 nan 0.000000
192 67 nan 0.000000
193 67 nan 0.000000
194 67 nan 0.000000
195 67 nan 0.000000
196 67 nan 0.000000
197 67 nan 0.000000
198 67 nan 0.000000
199 67 nan 0.000000
0 68 nan 0.000000
1 68 nan 0.000000
2 68 nan 0.000000
3 68 nan 0.000000
4 68 nan 0.000000
5 68 nan 0.000000
6 68 nan 0.000000
7 68 nan 0.000000
8 68 nan 0.000000
9 68 nan 0.000000
10 68 nan 0.000000
11 68 nan 0.000000
12 68 nan 0.000000
13 68 nan 0.000000
14 68 nan 0.000000
15 68 nan 0.000001
16 68 nan 0.000002
17 68 nan 0.000007
18 68 nan 0.000023
19 68 nan 0.000078
20 68 nan 0.000270
21 68 nan 0.000929
22 68 nan 0.003188
23 68 nan 0.010848
24 68 nan 0.036165
25 68 nan 0.113528
26 68 nan 0.303623
27 68 nan 0.596858
28 68 nan 0.833714
29 68 nan 0.944233
30 68 nan 0.982763
31 68 nan 0.994803
32 68 nan 0.998441
33 68 nan 0.999532
34 68 nan 0.999859
35 68 nan 0.999958
36 68 nan 0.999987
37 68 nan 0.999996
38 68 nan 0.999999
39 68 nan 1.000000
40 68 nan 1.000000
41 68 nan 1.000000
42 68 nan 1.000000
43 68 nan 1.000000
44 68 nan 1.000000
45 68 nan 1.000000
46 68 nan 1.000000
47 68 nan 1.000000
48 68 nan 1.000000
49 68 nan 1.000000
50 68 nan 1.000000
51 68 nan 1.000000
52 68 nan 1.000000
53 68 nan 1.000000
54 68 nan 1.000000
55 68 nan 1.000000
56 68 nan 1.000000
57 68 nan 1.000000
58 68 nan 1.000000
59 68 nan 1.000000
60 68 nan 1.000000
61 68 nan 1.000000
62 68 nan 1.000000
63 68 nan 1.000000
64 68 nan 1.000000
65 68 nan 1.000000
66 68 nan 1.000000
67 68 nan 1.000000
68 68 nan 1.000000
69 68 nan 1.000000
70 68 nan 1.000000
71 68 nan 1.000000
72 68 nan 1.000000
73 68 nan 1.000000
74 68 nan 1.000000
75 68 nan 1.000000
76 68 nan 1.000000
77 68 nan 1.000000
78 68 nan 1.000000
79 68 nan 1.000000
80 68 nan 1.000000
81 68 nan 1.000000
82 68 nan 0.999999
83 68 nan 0.999997
84 68 nan 0.999988
85 68 nan 0.999955
86 68 nan 0.999828
87 68 nan 0.999347
88 68 nan 0.997527
89 68 nan 0.990684
90 68 nan 0.965555
91 68 nan 0.880797
92 68 nan 0.660756
93 68 nan 0.339244
94 68 nan 0.119203
95 68 nan 0.034445
96 68 nan 0.009316
97 68 nan 0.002473
98 68 nan 0.000653
99 68 nan 0.000172
100 68 nan 0.000045
101 68 nan 0.000172
102 68 nan 0.000653
103 68 nan 0.002473
104 68 nan 0.009316
105 68 nan 0.034445
106 68 nan 0.119203
107 68 nan 0.339244
108 68 nan 0.660756
109 68 nan 0.880797
110 68 nan 0.965555
111 68 nan 0.990684
112 68 nan 0.997527
113 68 nan 0.999347
114 68 nan 0.999828
115 68 nan 0.999955
116 68 nan 0.999988
117 68 nan 0.999997
118 68 nan 0.999999
119 68 nan 1.000000
120 68 nan 1.000000
121 68 nan 1.000000
122 68 nan 1.000000
123 68 nan 1.000000
124 68 nan 1.000000
125 68 nan 1.000000
126 68 nan 1.000000
127 68 nan 1.000000
128 68 nan 1.000000
129 68 nan 1.000000
130 68 nan 1.000000
131 68 nan 1.000000
132 68 nan 1.000000
133 68 nan 1.000000
134 68 nan 1.000000
135 68 nan 1.000000
136 68 nan 1.000000
137 68 nan 1.000000
138 68 nan 1.000000
139 68 nan 1.000000
140 68 nan 1.000000
141 68 nan 1.000000
142 68 nan 1.000000
143 68 nan 1.000000
144 68 nan 1.000000
145 68 nan 1.000000
146 68 nan 1.000000
147 68 nan 1.000000
148 68 nan 1.000000
149 68 nan 1.000000
150 68 nan 1.000000
151 68 nan 1.000000
152 68 nan 1.000000
153 68 nan 1.000000
154 68 nan 1.000000
155 68 nan 1.000000
156 68 nan 1.000000
157 68 nan 1.000000
158 68 nan 1.000000
159 68 nan 1.000000
160 68 nan 1.000000
161 68 nan 1.000000
162 68 nan 0.999999
163 68 nan 0.999996
164 68 nan 0.999987
165 68 nan 0.999958
166 68 nan 0.999859
167 68 nan 0.999532
168 68 nan 0.998441
169 68 nan 0.994803
170 68 nan 0.982763
171 68 nan 0.944233
172 68 nan 0.833714
173 68 nan 0.596858
174 68 nan 0.303623
175 68 nan 0.113528
176 68 nan 0.036165
177 68 nan 0.010848
178 68 nan 0.003188
179 68 nan 0.000929
180 68 nan 0.000270
181 68 nan 0.000078
182 68 nan 0.000023
183 68 nan 0.000007
184 68 nan 0.000002
185 68 nan 0.000001
186 68 nan 0.000000
187 68 nan 0.000000
188 68 nan 0.000000
189 68 nan 0.000000
190 68 nan 0.000000
191 68 nan 0.000000
192 68 nan 0.000000
193 68 nan 0.000000
194 68 nan 0.000000
195 68 nan 0.000000
196 68 nan 0.000000
197 68 nan 0.000000
198 68 nan 0.000000
199 68 nan 0.000000
0 69 nan 0.000000
1 69 nan 0.000000
2 69 nan 0.000000
3 69 nan 0.000000
4 69 nan 0.000000
5 69 nan 0.000000
6 69 nan 0.000000
7 69 nan 0.000000
8 69 nan 0.000000
9 69 nan 0.000000
10 69 nan 0.000000
11 69 nan 0.000000
12 69 nan 0.000000
13 69 nan 0.000000
14 69 nan 0.000000
15 69 nan 0.000001
16 69 nan 0.000003
17 69 nan 0.000010
18 69 nan 0.000036
19 69 nan 0.000127
20 69 nan 0.000440
21 69 nan 0.001522
22 69 nan 0.005241
23 69 nan 0.017845
24 69 nan 0.058839
25 69 nan 0.176695
26 69 nan 0.423630
27 69 nan 0.715172
28 69 nan 0.895351
29 69 nan 0.966750
30 69 nan 0.989954
31 69 nan 0.997006
32 69 nan 0.999110
33 69 nan 0.999735
34 69 nan 0.999921
35 69 nan 0.999976
36 69 nan 0.999993
37 69 nan 0.999998
38 69 nan 0.999999
39 69 nan 1.000000
40 69 nan 1.000000
41 69 nan 1.000000
42 69 nan 1.000000
43 69 nan 1.000000
44 69 nan 1.000000
45 69 nan 1.000000
46 69 nan 1.000000
47 69 nan 1.000000
48 69 nan 1.000000
49 69 nan 1.000000
50 69 nan 1.000000
51 69 nan 1.000000
52 69 nan 1.000000
53 69 nan 1.000000
54 69 nan 1.000000
55 69 nan 1.000000
56 69 nan 1.000000
57 69 nan 1.000000
58 69 nan 1.000000
59 69 nan 1.000000
60 69 nan 1.000000
61 69 nan 1.000000
62 69 nan 1.000000
63 69 nan 1.000000
64 69 nan 1.000000
65 69 nan 1.000000
66 69 nan 1.000000
67 69 nan 1.000000
68 69 nan 1.000000
69 69 nan 1.000000
70 69 nan 1.000000
71 69 nan 1.000000
72 69 nan 1.000000
73 69 nan 1.000000
74 69 nan 1.000000
75 69 nan 1.000000
76 69 nan 1.000000
77 69 nan 1.000000
78 69 nan 1.000000
79 69 nan 1.000000
80 69 nan 1.000000
81 69 nan 1.000000
82 69 nan 0.999999
83 69 nan 0.999997
84 69 nan 0.999988
85 69 nan 0.999955
86 69 nan 0.999828
87 69 nan 0.999347
88 69 nan 0.997527
89 69 nan 0.990684
90 69 nan 0.965555
91 69 nan 0.880797
92 69 nan 0.660756
93 69 nan 0.339244
94 69 nan 0.119203
95 69 nan 0.034445
96 69 nan 0.009316
97 69 nan 0.002473
98 69 nan 0.000653
99 69 nan 0.000172
100 69 nan 0.000045
101 69 nan 0.000172
102 69 nan 0.000653
103 69 nan 0.002473
104 69 nan 0.009316
105 69 nan 0.034445
106 69 nan 0.119203
107 69 nan 0.339244
108 69 nan 0.660756
109 69 nan 0.880797
110 69 nan 0.965555
111 69 nan 0.990684
112 69 nan 0.997527
113 69 nan 0.999347
114 69 nan 0.999828
115 69 nan 0.999955
116 69 nan 0.999988
117 69 nan 0.999997
118 69 nan 0.999999
119 69 nan 1.000000
120 69 nan 1.000000
121 69 nan 1.000000
122 69 nan 1.000000
123 69 nan 1.000000
124 69 nan 1.000000
125 69 nan 1.000000
126 69 nan 1.000000
127 69 nan 1.000000
128 69 nan 1.000000
129 69 nan 1.000000
130 69 nan 1.000000
131 69 nan 1.000000
132 69 nan 1.000000
133 69 nan 1.000000
134 69 nan 1.000000
135 69 nan 1.000000
136 69 nan 1.000000
137 69 nan 1.000000
138 69 nan 1.000000
139 69 nan 1.000000
140 69 nan 1.000000
141 69 nan 1.000000
142 69 nan 1.000000
143 69 nan 1.000000
144 69 nan 1.000000
145 69 nan 1.000000
146 69 nan 1.000000
147 69 nan 1.000000
148 69 nan 1.000000
149 69 nan 1.000000
150 69 nan 1.000000
151 69 nan 1.000000
152 69 nan 1.000000
153 69 nan 1.000000
154 69 nan 1.000000
155 69 nan 1.000000
156 69 nan 1.000000
157 69 nan 1.000000
158 69 nan 1.000000
159 69 nan 1.000000
160 69 nan 1.000000
161 69 nan 1.000000
162 69 nan 0.999999
163 69 nan 0.999998
164 69 nan 0.999993
165 69 nan 0.999976
166 69 nan 0.999921
167 69 nan 0.999735
168 69 nan 0.999110
169 69 nan 0.997006
170 69 nan 0.989954
171 69 nan 0.966750
172 69 nan 0.895351
173 69 nan 0.715172
174 69 nan 0.423630
175 69 nan 0.176695
176 69 nan 0.058839
177 69 nan 0.017845
178 69 nan 0.005241
179 69 nan 0.001522
180 69 nan 0.000440
181 69 nan 0.000127
182 69 nan 0.000036
183 69 nan 0.000010
184 69 nan 0.000003
185 69 nan 0.000001
186 69 nan 0.000000
187 69 nan 0.000000
188 69 nan 0.000000
189 69 nan 0.000000
190 69 nan 0.000000
191 69 nan 0.000000
192 69 nan 0.000000
193 69 nan 0.000000
194 69 nan 0.000000
195 69 nan 0.000000
196 69 nan 0.000000
197 69 nan 0.000000
198 69 nan 0.000000
199 69 nan 0.000000
0 70 nan 0.000000
1 70 nan 0.000000
2 70 nan 0.000000
3 70 nan 0.000000
4 70 nan 0.000000
5 70 nan 0.000000
6 70 nan 0.000000
7 70 nan 0.000000
8 70 nan 0.000000
9 70 nan 0.000000
10 70 nan 0.000000
11 70 nan 0.000000
12 70 nan 0.000000
13 70 nan 0.000000
14 70 nan 0.000000
15 70 nan 0.000001
16 70 nan 0.000005
17 70 nan 0.000017
18 70 nan 0.000058
19 70 nan 0.000203
20 70 nan 0.000707
21 70 nan 0.002458
22 70 nan 0.008489
23 70 nan 0.028832
24 70 nan 0.093154
25 70 nan 0.261801
26 70 nan 0.549880
27 70 nan 0.807624
28 70 nan 0.935031
29 70 nan 0.980085
30 70 nan 0.994077
31 70 nan 0.998251
32 70 nan 0.999484
33 70 nan 0.999847
34 70 nan 0.999955
35 70 nan 0.999987
36 70 nan 0.999996
37 70 nan 0.999999
38 70 nan 1.000000
39 70 nan 1.000000
40 70 nan 1.000000
41 70 nan 1.000000
42 70 nan 1.000000
43 70 nan 1.000000
44 70 nan 1.000000
45 70 nan 1.000000
46 70 nan 1.000000
47 70 nan 1.000000
48 70 nan 1.000000
49 70 nan 1.000000
50 70 nan 1.000000
51 70 nan 1.000000
52 70 nan 1.000000
53 70 nan 1.000000
54 70 nan 1.000000
55 70 nan 1.000000
56 70 nan 1.000000
57 70 nan 1.000000
58 70 nan 1.000000
59 70 nan 1.000000
60 70 nan 1.000000
61 70 nan 1.000000
62 70 nan 1.000000
63 70 nan 1.000000
64 70 nan 1.000000
65 70 nan 1.000000
66 70 nan 1.000000
67 70 nan 1.000000
68 70 nan 1.000000
69 70 nan 1.000000
70 70 nan 1.000000
71 70 nan 1.000000
72 70 nan 1.000000
73 70 nan 1.000000
74 70 nan 1.000000
75 70 nan 1.000000
76 70 nan 1.000000
77 70 nan 1.000000
78 70 nan 1.000000
79 70 nan 1.000000
80 70 nan 1.000000
81 70 nan 1.000000
82 70 nan 0.999999
83 70 nan 0.999997
84 70 nan 0.999988
85 70 nan 0.999955
86 70 nan 0.999828
87 70 nan 0.999347
88 70 nan 0.997527
89 70 nan 0.990684
90 70 nan 0.965555
91 70 nan 0.880797
92 70 nan 0.660756
93 70 nan 0.339244
94 70 nan 0.119203
95 70 nan 0.034445
96 70 nan 0.009316
97 70 nan 0.002473
98 70 nan 0.000653
99 70 nan 0.000172
100 70 nan 0.000045
101 70 nan 0.000172
102 70 nan 0.000653
103 70 nan 0.002473
104 70 nan 0.009316
105 70 nan 0.034445
106 70 nan 0.119203
107 70 nan 0.339244
108 70 nan 0.660756
109 70 nan 0.880797
110 70 nan 0.965555
111 70 nan 0.990684
112 70 nan 0.997527
113 70 nan 0.999347
114 70 nan 0.999828
115 70 nan 0.999955
116 70 nan 0.999988
117 70 nan 0.999997
118 70 nan 0.999999
119 70 nan 1.000000
120 70 nan 1.000000
121 70 nan 1.000000
122 70 nan 1.000000
123 70 nan 1.000000
124 70 nan 1.000000
125 70 nan 1.000000
126 70 nan 1.000000
127 70 nan 1.000000
128 70 nan 1.000000
129 70 nan 1.000000
130 70 nan 1.000000
131 70 nan 1.000000
132 70 nan 1.000000
133 70 nan 1.000000
134 70 nan 1.000000
135 70 nan 1.000000
136 70 nan 1.000000
137 70 nan 1.000000
138 70 nan 1.000000
139 70 nan 1.000000
140 70 nan 1.000000
141 70 nan 1.000000
142 70 nan 1.000000
143 70 nan 1.000000
144 70 nan 1.000000
145 70 nan 1.000000
146 70 nan 1.000000
147 70 nan 1.000000
148 70 nan 1.000000
149 70 nan 1.000000
150 70 nan 1.000000
151 70 nan 1.000000
152 70 nan 1.000000
153 70 nan 1.000000
154 70 nan 1.000000
155 70 nan 1.000000
156 70 nan 1.000000
157 70 nan 1.000000
158 70 nan 1.000000
159 70 nan 1.000000
160 70 nan 1.000000
161 70 nan 1.000000
162 70 nan 1.000000
163 70 nan 0.999999
164 70 nan 0.999996
165 70 nan 0.999987
166 70 nan 0.999955
167 70 nan 0.999847
168 70 nan 0.999484
169 70 nan 0.998251
170 70 nan 0.994077
171 70 nan 0.980085
172 70 nan 0.935031
173 70 nan 0.807624
174 70 nan 0.549880
175 70 nan 0.261801
176 70 nan 0.093154
177 70 nan 0.028832
178 70 nan 0.008489
179 70 nan 0.002458
180 70 nan 0.000707
181 70 nan 0.000203
182 70 nan 0.000058
183 70 nan 0.000017
184 70 nan 0.000005
185 70 nan 0.000001
186 70 nan 0.000000
187 70 nan 0.000000
188 70 nan 0.000000
189 70 nan 0.000000
190 70 nan 0.000000
191 70 nan 0.000000
192 70 nan 0.000000
193 70 nan 0.000000
194 70 nan 0.000000
195 70 nan 0.000000
196 70 nan 0.000000
197 70 nan 0.000000
198 70 nan 0.000000
199 70 nan 0.000000
0 71 nan 0.000000
1 71 nan 0.000000
2 71 nan 0.000000
3 71 nan 0.000000
4 71 nan 0.000000
5 71 nan 0.000000
6 71 nan 0.000000
7 71 nan 0.000000
8 71 nan 0.000000
9 71 nan 0.000000
10 71 nan 0.000000
11 71 nan 0.000000
12 71 nan 0.000000
13 71 nan 0.000000
14 71 nan 0.000001
15 71 nan 0.000002
16 71 nan 0.000007
17 71 nan 0.000026
18 71 nan 0.000091
19 71 nan 0.000320
20 71 nan 0.001121
21 71 nan 0.003913
22 71 nan 0.013536
23 71 nan 0.045651
24 71 nan 0.142674
25 71 nan 0.366192
26 71 nan 0.666839
27 71 nan 0.873714
28 71 nan 0.959773
29 71 nan 0.987964
30 71 nan 0.996463
31 71 nan 0.998964
32 71 nan 0.999696
33 71 nan 0.999911
34 71 nan 0.999974
35 71 nan 0.999992
36 71 nan 0.999998
37 71 nan 0.999999
38 71 nan 1.000000
39 71 nan 1.000000
40 71 nan 1.000000
41 71 nan 1.000000
42 71 nan 1.000000
43 71 nan 1.000000
44 71 nan 1.000000
45 71 nan 1.000000
46 71 nan 1.000000
47 71 nan 1.000000
48 71 nan 1.000000
49 71 nan 1.000000
50 71 nan 1.000000
51 71 nan 1.000000
52 71 nan 1.000000
53 71 nan 1.000000
54 71 nan 1.000000
55 71 nan 1.000000
56 71 nan 1.000000
57 71 nan 1.000000
58 71 nan 1.000000
59 71 nan 1.000000
60 71 nan 1.000000
61 71 nan 1.000000
62 71 nan 1.000000
63 71 nan 1.000000
64 71 nan 1.000000
65 71 nan 1.000000
66 71 nan 1.000000
67 71 nan 1.000000
68 71 nan 1.000000
69 71 nan 1.000000
70 71 nan 1.000000
71 71 nan 1.000000
72 71 nan 1.000000
73 71 nan 1.000000
74 71 nan 1.000000
75 71 nan 1.000000
76 71 nan 1.000000
77 71 nan 1.000000
78 71 nan 1.000000
79 71 nan 1.000000
80 71 nan 1.000000
81 71 nan 1.000000
82 71 nan 0.999999
83 71 nan 0.999997
84 71 nan 0.999988
85 71 nan 0.999955
86 71 nan 0.999828
87 71 nan 0.999347
88 71 nan 0.997527
89 71 nan 0.990684
90 71 nan 0.965555
91 71 nan 0.880797
92 71 nan 0.660756
93 71 nan 0.339244
94 71 nan 0.119203
95 71 nan 0.034445
96 71 nan 0.009316
97 71 nan 0.002473
98 71 nan 0.000653
99 71 nan 0.000172
100 71 nan 0.000045
101 71 nan 0.000172
102 71 nan 0.000653
103 71 nan 0.002473
104 71 nan 0.009316
105 71 nan 0.034445
106 71 nan 0.119203
107 71 nan 0.339244
108 71 nan 0.660756
109 71 nan 0.880797
110 71 nan 0.965555
111 71 nan 0.990684
112 71 nan 0.997527
113 71 nan 0.999347
114 71 nan 0.999828
115 71 nan 0.999955
116 71 nan 0.999988
117 71 nan 0.999997
118 71 nan 0.999999
119 71 nan 1.000000
120 71 nan 1.000000
121 71 nan 1.000000
122 71 nan 1.000000
123 71 nan 1.000000
124 71 nan 1.000000
125 71 nan 1.000000
126 71 nan 1.000000
127 71 nan 1.000000
128 71 nan 1.000000
129 71 nan 1.000000
130 71 nan 1.000000
131 71 nan 1.000000
132 71 nan 1.000000
133 71 nan 1.000000
134 71 nan 1.000000
135 71 nan 1.000000
136 71 nan 1.000000
137 71 nan 1.000000
138 71 nan 1.000000
139 71 nan 1.000000
140 71 nan 1.000000
141 71 nan 1.000000
142 71 nan 1.000000
143 71 nan 1.000000
144 71 nan 1.000000
145 71 nan 1.000000
146 71 nan 1.000000
147 71 nan 1.000000
148 71 nan 1.000000
149 71 nan 1.000000
150 71 nan 1.000000
151 71 nan 1.000000
152 71 nan 1.000000
153 71 nan 1.000000
154 71 nan 1.000000
155 71 nan 1.000000
156 71 nan 1.000000
157 71 nan 1.000000
158 71 nan 1.000000
159 71 nan 1.000000
160 71 nan 1.000000
161 71 nan 1.000000
162 71 nan 1.000000
163 71 nan 0.999999
164 71 nan 0.999998
165 71 nan 0.999992
166 71 nan 0.999974
167 71 nan 0.999911
168 71 nan 0.999696
169 71 nan 0.998964
170 71 nan 0.996463
171 71 nan 0.987964
172 71 nan 0.959773
173 71 nan 0.873714
174 71 nan 0.666839
175 71 nan 0.366192
176 71 nan 0.142674
177 71 nan 0.045651
178 71 nan 0.013536
179 71 nan 0.003913
180 71 nan 0.001121
181 71 nan 0.000320
182 71 nan 0.000091
183 71 nan 0.000026
184 71 nan 0.000007
185 71 nan 0.000002
186 71 nan 0.000001
187 71 nan 0.000000
188 71 nan 0.000000
189 71 nan 0.000000
190 71 nan 0.000000
191 71 nan 0.000000
192 71 nan 0.000000
193 71 nan 0.000000
194 71 nan 0.000000
195 71 nan 0.000000
196 71 nan 0.000000
197 71 nan 0.000000
198 71 nan 0.000000
199 71 nan 0.000000
0 72 nan 0.000000
1 72 nan 0.000000
2 72 nan 0.000000
3 72 nan 0.000000
4 72 nan 0.000000
5 72 nan 0.000000
6 72 nan 0.000000
7 72 nan 0.000000
8 72 nan 0.000000
9 72 nan 0.000000
10 72 nan 0.000000
11 72 nan 0.000000
12 72 nan 0.000000
13 72 nan 0.000000
14 72 nan 0.000001
15 72 nan 0.000003
16 72 nan 0.000011
17 72 nan 0.000040
18 72 nan 0.000141
19 72 nan 0.000498
20 72 nan 0.001753
21 72 nan 0.006138
22 72 nan 0.021223
23 72 nan 0.070620
24 72 nan 0.209971
25 72 nan 0.481265
26 72 nan 0.763708
27 72 nan 0.918272
28 72 nan 0.974984
29 72 nan 0.992641
30 72 nan 0.997857
31 72 nan 0.999377
32 72 nan 0.999819
33 72 nan 0.999947
34 72 nan 0.999985
35 72 nan 0.999995
36 72 nan 0.999999
37 72 nan 1.000000
38 72 nan 1.000000
39 72 nan 1.000000
40 72 nan 1.000000
41 72 nan 1.000000
42 72 nan 1.000000
43 72 nan 1.000000
44 72 nan 1.000000
45 72 nan 1.000000
46 72 nan 1.000000
47 72 nan 1.000000
48 72 nan 1.000000
49 72 nan 1.000000
50 72 nan 1.000000
51 72 nan 1.000000
52 72 nan 1.000000
53 72 nan 1.000000
54 72 nan 1.000000
55 72 nan 1.000000
56 72 nan 1.000000
57 72 nan 1.000000
58 72 nan 1.000000
59 72 nan 1.000000
60 72 nan 1.000000
61 72 nan 1.000000
62 72 nan 1.000000
63 72 nan 1.000000
64 72 nan 1.000000
65 72 nan 1.000000
66 72 nan 1.000000
67 72 nan 1.000000
68 72 nan 1.000000
69 72 nan 1.000000
70 72 nan 1.000000
71 72 nan 1.000000
72 72 nan 1.000000
73 72 nan 1.000000
74 72 nan 1.000000
75 72 nan 1.000000
76 72 nan 1.000000
77 72 nan 1.000000
78 72 nan 1.000000
79 72 nan 1.000000
80 72 nan 1.000000
81 72 nan 1.000000
82 72 nan 0.999999
83 72 nan 0.999997
84 72 nan 0.999988
85 72 nan 0.999955
86 72 nan 0.999828
87 72 nan 0.999347
88 72 nan 0.997527
89 72 nan 0.990684
90 72 nan 0.965555
91 72 nan 0.880797
92 72 nan 0.660756
93 72 nan 0.339244
94 72 nan 0.119203
95 72 nan 0.034445
96 72 nan 0.009316
97 72 nan 0.002473
98 72 nan 0.000653
99 72 nan 0.000172
100 72 nan 0.000045
101 72 nan 0.000172
102 72 nan 0.000653
103 72 nan 0.002473
104 72 nan 0.009316
105 72 nan 0.034445
106 72 nan 0.119203
107 72 nan 0.339244
108 72 nan 0.660756
109 72 nan 0.880797
110 72 nan 0.965555
111 72 nan 0.990684
112 72 nan 0.997527
113 72 nan 0.999347
114 72 nan 0.999828
115 72 nan 0.999955
116 72 nan 0.999988
117 72 nan 0.999997
118 72 nan 0.999999
119 72 nan 1.000000
120 72 nan 1.000000
121 72 nan 1.000000
122 72 nan 1.000000
123 72 nan 1.000000
124 72 nan 1.000000
125 72 nan 1.000000
126 72 nan 1.000000
127 72 nan 1.000000
128 72 nan 1.000000
129 72 nan 1.000000
130 72 nan 1.000000
131 72 nan 1.000000
132 72 nan 1.000000
133 72 nan 1.000000
134 72 nan 1.000000
135 72 nan 1.000000
136 72 nan 1.000000
137 72 nan 1.000000
138 72 nan 1.000000
139 72 nan 1.000000
140 72 nan 1.000000
141 72 nan 1.000000
142 72 nan 1.000000
143 72 nan 1.000000
144 72 nan 1.000000
145 72 nan 1.000000
146 72 nan 1.000000
147 72 nan 1.000000
148 72 nan 1.000000
149 72 nan 1.000000
150 72 nan 1.000000
151 72 nan 1.000000
152 72 nan 1.000000
153 72 nan 1.000000
154 72 nan 1.000000
155 72 nan 1.000000
156 72 nan 1.000000
157 72 nan 1.000000
158 72 nan 1.000000
159 72 nan 1.000000
160 72 nan 1.000000
161 72 nan 1.000000
162 72 nan 1.000000
163 72 nan 1.000000
164 72 nan 0.999999
165 72 nan 0.999995
166 72 nan 0.999985
167 72 nan 0.999947
168 72 nan 0.999819
169 72 nan 0.999377
170 72 nan 0.997857
171 72 nan 0.992641
172 72 nan 0.974984
173 72 nan 0.918272
174 72 nan 0.763708
175 72 nan 0.481265
176 72 nan 0.209971
177 72 nan 0.070620
178 72 nan 0.021223
179 72 nan 0.006138
180 72 nan 0.001753
181 72 nan 0.000498
182 72 nan 0.000141
183 72 nan 0.000040
184 72 nan 0.000011
185 72 nan 0.000003
186 72 nan 0.000001
187 72 nan 0.000000
188 72 nan 0.000000
189 72 nan 0.000000
190 72 nan 0.000000
191 72 nan 0.000000
192 72 nan 0.000000
193 72 nan 0.000000
194 72 nan 0.000000
195 72 nan 0.000000
196 72 nan 0.000000
197 72 nan 0.000000
198 72 nan 0.000000
199 72 nan 0.000000
0 73 nan 0.000000
1 73 nan 0.000000
2 73 nan 0.000000
3 73 nan 0.000000
4 73 nan 0.000000
5 73 nan 0.000000
6 73 nan 0.000000
7 73 nan 0.000000
8 73 nan 0.000000
9 73 nan 0.000000
10 73 nan 0.000000
11 73 nan 0.000000
12 73 nan 0.000000
13 73 nan 0.000000
14 73 nan 0.000001
15 73 nan 0.000005
16 73 nan 0.000017
17 73 nan 0.000061
18 73 nan 0.000216
19 73 nan 0.000765
20 73 nan 0.002702
21 73 nan 0.009483
22 73 nan 0.032677
23 73 nan 0.106333
24 73 nan 0.294955
25 73 nan 0.594843
26 73 nan 0.837204
27 73 nan 0.947306
28 73 nan 0.984305
29 73 nan 0.995441
30 73 nan 0.998683
31 73 nan 0.999620
32 73 nan 0.999890
33 73 nan 0.999968
34 73 nan 0.999991
35 73 nan 0.999997
36 73 nan 0.999999
37 73 nan 1.000000
38 73 nan 1.000000
39 73 nan 1.000000
40 73 nan 1.000000
41 73 nan 1.000000
42 73 nan 1.000000
43 73 nan 1.000000
44 73 nan 1.000000
45 73 nan 1.000000
46 73 nan 1.000000
47 73 nan 1.000000
48 73 nan 1.000000
49 73 nan 1.000000
50 73 nan 1.000000
51 73 nan 1.000000
52 73 nan 1.000000
53 73 nan 1.000000
54 73 nan 1.000000
55 73 nan 1.000000
56 73 nan 1.000000
57 73 nan 1.000000
58 73 nan 1.000000
59 73 nan 1.000000
60 73 nan 1.000000
61 73 nan 1.000000
62 73 nan 1.000000
63 73 nan 1.000000
64 73 nan 1.000000
65 73 nan 1.000000
66 73 nan 1.000000
67 73 nan 1.000000
68 73 nan 1.000000
69 73 nan 1.000000
70 73 nan 1.000000
71 73 nan 1.000000
72 73 nan 1.000000
73 73 nan 1.000000
74 73 nan 1.000000
75 73 nan 1.000000
76 73 nan 1.000000
77 73 nan 1.000000
78 73 nan 1.000000
79 73 nan 1.000000
80 73 nan 1.000000
81 73 nan 1.000000
82 73 nan 0.999999
83 73 nan 0.999997
84 73 nan 0.999988
85 73 nan 0.999955
86 73 nan 0.999828
87 73 nan 0.999347
88 73 nan 0.997527
89 73 nan 0.990684
90 73 nan 0.965555
91 73 nan 0.880797
92 73 nan 0.660756
93 73 nan 0.339244
94 73 nan 0.119203
95 73 nan 0.034445
96 73 nan 0.009316
97 73 nan 0.002473
98 73 nan 0.000653
99 73 nan 0.000172
100 73 nan 0.000045
101 73 nan 0.000172
102 73 nan 0.000653
103 73 nan 0.002473
104 73 nan 0.009316
105 73 nan 0.034445
106 73 nan 0.119203
107 73 nan 0.339244
108 73 nan 0.660756
109 73 nan 0.880797
110 73 nan 0.965555
111 73 nan 0.990684
112 73 nan 0.997527
113 73 nan 0.999347
114 73 nan 0.999828
115 73 nan 0.999955
116 73 nan 0.999988
117 73 nan 0.999997
118 73 nan 0.999999
119 73 nan 1.000000
120 73 nan 1.000000
121 73 nan 1.000000
122 73 nan 1.000000
123 73 nan 1.000000
124 73 nan 1.000000
125 73 nan 1.000000
126 73 nan 1.000000
127 73 nan 1.000000
128 73 nan 1.000000
129 73 nan 1.000000
130 73 nan 1.000000
131 73 nan 1.000000
132 73 nan 1.000000
133 73 nan 1.000000
134 73 nan 1.000000
135 73 nan 1.000000
136 73 nan 1.000000
137 73 nan 1.000000
138 73 nan 1.000000
139 73 nan 1.000000
140 73 nan 1.000000
141 73 nan 1.000000
142 73 nan 1.000000
143 73 nan 1.000000
144 73 nan 1.000000
145 73 nan 1.000000
146 73 nan 1.000000
147 73 nan 1.000000
148 73 nan 1.000000
149 73 nan 1.000000
150 73 nan 1.000000
151 73 nan 1.000000
152 73 nan 1.000000
153 73 nan 1.000000
154 73 nan 1.000000
155 73 nan 1.000000
156 73 nan 1.000000
157 73 nan 1.000000
158 73 nan 1.000000
159 73 nan 1.000000
160 73 nan 1.000000
161 73 nan 1.000000
162 73 nan 1.000000
163 73 nan 1.000000
164 73 nan 0.999999
165 73 nan 0.999997
166 73 nan 0.999991
167 73 nan 0.999968
168 73 nan 0.999890
169 73 nan 0.999620
170 73 nan 0.998683
171 73 nan 0.995441
172 73 nan 0.984305
173 73 nan 0.947306
174 73 nan 0.837204
175 73 nan 0.594843
176 73 nan 0.294955
177 73 nan 0.106333
178 73 nan 0.032677
179 73 nan 0.009483
180 73 nan 0.002702
181 73 nan 0.000765
182 73 nan 0.000216
183 73 nan 0.000061
184 73 nan 0.000017
185 73 nan 0.000005
186 73 nan 0.000001
187 73 nan 0.000000
188 73 nan 0.000000
189 73 nan 0.000000
190 73 nan 0.000000
191 73 nan 0.000000
192 73 nan 0.000000
193 73 nan 0.000000
194 73 nan 0.000000
195 73 nan 0.000000
196 73 nan 0.000000
197 73 nan 0.000000
198 73 nan 0.000000
199 73 nan 0.000000
0 74 nan 0.000000
1 74 nan 0.000000
2 74 nan 0.000000
3 74 nan 0.000000
4 74 nan 0.000000
5 74 nan 0.000000
6 74 nan 0.000000
7 74 nan 0.000000
8 74 nan 0.000000
9 74 nan 0.000000
10 74 nan 0.000000
11 74 nan 0.000000
12 74 nan 0.000000
13 74 nan 0.000001
14 74 nan 0.000002
15 74 nan 0.000007
16 74 nan 0.000026
17 74 nan 0.000091
18 74 nan 0.000325
19 74 nan 0.001157
20 74 nan 0.004103
21 74 nan 0.014419
22 74 nan 0.049315
23 74 nan 0.155137
24 74 nan 0.393540
25 74 nan 0.695977
26 74 nan 0.889642
27 74 nan 0.965911
28 74 nan 0.990040
29 74 nan 0.997135
30 74 nan 0.999178
31 74 nan 0.999764
32 74 nan 0.999932
33 74 nan 0.999980
34 74 nan 0.999994
35 74 nan 0.999998
36 74 nan 1.000000
37 74 nan 1.000000
38 74 nan 1.000000
39 74 nan 1.000000
40 74 nan 1.000000
41 74 nan 1.000000
42 74 nan 1.000000
43 74 nan 1.000000
44 74 nan 1.000000
45 74 nan 1.000000
46 74 nan 1.000000
47 74 nan 1.000000
48 74 nan 1.000000
49 74 nan 1.000000
50 74 nan 1.000000
51 74 nan 1.000000
52 74 nan 1.000000
53 74 nan 1.000000
54 74 nan 1.000000
55 74 nan 1.000000
56 74 nan 1.000000
57 74 nan 1.000000
58 74 nan 1.000000
59 74 nan 1.000000
60 74 nan 1.000000
61 74 nan 1.000000
62 74 nan 1.000000
63 74 nan 1.000000
64 74 nan 1.000000
65 74 nan 1.000000
66 74 nan 1.000000
67 74 nan 1.000000
68 74 nan 1.000000
69 74 nan 1.000000
70 74 nan 1.000000
71 74 nan 1.000000
72 74 nan 1.000000
73 74 nan 1.000000
74 74 nan 1.000000
75 74 nan 1.000000
76 74 nan 1.000000
77 74 nan 1.000000
78 74 nan 1.000000
79 74 nan 1.000000
80 74 nan 1.000000
81 74 nan 1.000000
82 74 nan 0.999999
83 74 nan 0.999997
84 74 nan 0.999988
85 74 nan 0.999955
86 74 nan 0.999828
87 74 nan 0.999347
88 74 nan 0.997527
89 74 nan 0.990684
90 74 nan 0.965555
91 74 nan 0.880797
92 74 nan 0.660756
93 74 nan 0.339244
94 74 nan 0.119203
95 74 nan 0.034445
96 74 nan 0.009316
97 74 nan 0.002473
98 74 nan 0.000653
99 74 nan 0.000172
100 74 nan 0.000045
101 74 nan 0.000172
102 74 nan 0.000653
103 74 nan 0.002473
104 74 nan 0.009316
105 74 nan 0.034445
106 74 nan 0.119203
107 74 nan 0.339244
108 74 nan 0.660756
109 74 nan 0.880797
110 74 nan 0.965555
111 74 nan 0.990684
112 74 nan 0.997527
113 74 nan 0.999347
114 74 nan 0.999828
115 74 nan 0.999955
116 74 nan 0.999988
117 74 nan 0.999997
118 74 nan 0.999999
119 74 nan 1.000000
120 74 nan 1.000000
121 74 nan 1.000000
122 74 nan 1.000000
123 74 nan 1.000000
124 74 nan 1.000000
125 74 nan 1.000000
126 74 nan 1.000000
127 74 nan 1.000000
128 74 nan 1.000000
129 74 nan 1.000000
130 74 nan 1.000000
131 74 nan 1.000000
132 74 nan 1.000000
133 74 nan 1.000000
134 74 nan 1.000000
135 74 nan 1.000000
136 74 nan 1.000000
137 74 nan 1.000000
138 74 nan 1.000000
139 74 nan 1.000000
140 74 nan 1.000000
141 74 nan 1.000000
142 74 nan 1.000000
143 74 nan 1.000000
144 74 nan 1.000000
145 74 nan 1.000000
146 74 nan 1.000000
147 74 nan 1.000000
148 74 nan 1.000000
149 74 nan 1.000000
150 74 nan 1.000000
151 74 nan 1.000000
152 74 nan 1.000000
153 74 nan 1.000000
154 74 nan 1.000000
155 74 nan 1.000000
156 74 nan 1.000000
157 74 nan 1.000000
158 74 nan 1.000000
159 74 nan 1.000000
160 74 nan 1.000000
161 74 nan 1.000000
162 74 nan 1.000000
163 74 nan 1.000000
164 74 nan 1.000000
165 74 nan 0.999998
166 74 nan 0.999994
167 74 nan 0.999980
168 74 nan 0.999932
169 74 nan 0.999764
170 74 nan 0.999178
171 74 nan 0.997135
172 74 nan 0.990040
173 74 nan 0.965911
174 74 nan 0.889642
175 74 nan 0.695977
176 74 nan 0.393540
177 74 nan 0.155137
178 74 nan 0.049315
179 74 nan 0.014419
180 74 nan 0.004103
181 74 nan 0.001157
182 74 nan 0.000325
183 74 nan 0.000091
184 74 nan 0.000026
185 74 nan 0.000007
186 74 nan 0.000002
187 74 nan 0.000001
188 74 nan 0.000000
189 74 nan 0.000000
190 74 nan 0.000000
191 74 nan 0.000000
192 74 nan 0.000000
193 74 nan 0.000000
194 74 nan 0.000000
195 74 nan 0.000000
196 74 nan 0.000000
197 74 nan 0.000000
198 74 nan 0.000000
199 74 nan 0.000000
0 75 nan 0.000000
1 75 nan 0.000000
2 75 nan 0.000000
3 75 nan 0.000000
4 75 nan 0.000000
5 75 nan 0.000000
6 75 nan 0.000000
7 75 nan 0.000000
8 75 nan 0.000000
9 75 nan 0.000000
10 75 nan 0.000000
11 75 nan 0.000000
12 75 nan 0.000000
13 75 nan 0.000001
14 75 nan 0.000003
15 75 nan 0.000010
16 75 nan 0.000038
17 75 nan 0.000135
18 75 nan 0.000483
19 75 nan 0.001726
20 75 nan 0.006138
21 75 nan 0.021560
22 75 nan 0.072787
23 75 nan 0.218282
24 75 nan 0.497917
25 75 nan 0.778580
26 75 nan 0.925633
27 75 nan 0.977769
28 75 nan 0.993595
29 75 nan 0.998172
30 75 nan 0.999479
31 75 nan 0.999851
32 75 nan 0.999958
33 75 nan 0.999988
34 75 nan 0.999997
35 75 nan 0.999999
36 75 nan 1.000000
37 75 nan 1.000000
38 75 nan 1.000000
39 75 nan 1.000000
40 75 nan 1.000000
41 75 nan 1.000000
42 75 nan 1.000000
43 75 nan 1.000000
44 75 nan 1.000000
45 75 nan 1.000000
46 75 nan 1.000000
47 75 nan 1.000000
48 75 nan 1.000000
49 75 nan 1.000000
50 75 nan 1.000000
51 75 nan 1.000000
52 75 nan 1.000000
53 75 nan 1.000000
54 75 nan 1.000000
55 75 nan 1.000000
56 75 nan 1.000000
57 75 nan 1.000000
58 75 nan 1.000000
59 75 nan 1.000000
60 75 nan 1.000000
61 75 nan 1.000000
62 75 nan 1.000000
63 75 nan 1.000000
64 75 nan 1.000000
65 75 nan 1.000000
66 75 nan 1.000000
67 75 nan 1.000000
68 75 nan 1.000000
69 75 nan 1.000000
70 75 nan 1.000000
71 75 nan 1.000000
72 75 nan 1.000000
73 75 nan 1.000000
74 75 nan 1.000000
75 75 nan 1.000000
76 75 nan 1.000000
77 75 nan 1.000000
78 75 nan 1.000000
79 75 nan 1.000000
80 75 nan 1.000000
81 75 nan 1.000000
82 75 nan 0.999999
83 75 nan 0.999997
84 75 nan 0.999988
85 75 nan 0.999955
86 75 nan 0.999828
87 75 nan 0.999347
88 75 nan 0.997527
89 75 nan 0.990684
90 75 nan 0.965555
91 75 nan 0.880797
92 75 nan 0.660756
93 75 nan 0.339244
94 75 nan 0.119203
95 75 nan 0.034445
96 75 nan 0.009316
97 75 nan 0.002473
98 75 nan 0.000653
99 75 nan 0.000172
100 75 nan 0.000045
101 75 nan 0.000172
102 75 nan 0.000653
103 75 nan 0.002473
104 75 nan 0.009316
105 75 nan 0.034445
106 75 nan 0.119203
107 75 nan 0.339244
108 75 nan 0.660756
109 75 nan 0.880797
110 75 nan 0.965555
111 75 nan 0.990684
112 75 nan 0.997527
113 75 nan 0.999347
114 75 nan 0.999828
115 75 nan 0.999955
116 75 nan 0.999988
117 75 nan 0.999997
118 75 nan 0.999999
119 75 nan 1.000000
120 75 nan 1.000000
121 75 nan 1.000000
122 75 nan 1.000000
123 75 nan 1.000000
124 75 nan 1.000000
125 75 nan 1.000000
126 75 nan 1.000000
127 75 nan 1.000000
128 75 nan 1.000000
129 75 nan 1.000000
130 75 nan 1.000000
131 75 nan 1.000000
132 75 nan 1.000000
133 75 nan 1.000000
134 75 nan 1.000000
135 75 nan 1.000000
136 75 nan 1.000000
137 75 nan 1.000000
138 75 nan 1.000000
139 75 nan 1.000000
140 75 nan 1.000000
141 75 nan 1.000000
142 75 nan 1.000000
143 75 nan 1.000000
144 75 nan 1.000000
145 75 nan 1.000000
146 75 nan 1.000000
147 75 nan 1.000000
148 75 nan 1.000000
149 75 nan 1.000000
150 75 nan 1.000000
151 75 nan 1.000000
152 75 nan 1.000000
153 75 nan 1.000000
154 75 nan 1.000000
155 75 nan 1.000000
156 75 nan 1.000000
157 75 nan 1.000000
158 75 nan 1.000000
159 75 nan 1.000000
160 75 nan 1.000000
161 75 nan 1.000000
162 75 nan 1.000000
163 75 nan 1.000000
164 75 nan 1.000000
165 75 nan 0.999999
166 75 nan 0.999997
167 75 nan 0.999988
168 75 nan 0.999958
169 75 nan 0.999851
170 75 nan 0.999479
171 75 nan 0.998172
172 75 nan 0.993595
173 75 nan 0.977769
174 75 nan 0.925633
175 75 nan 0.778580
176 75 nan 0.497917
177 75 nan 0.218282
178 75 nan 0.072787
179 75 nan 0.021560
180 75 nan 0.006138
181 75 nan 0.001726
182 75 nan 0.000483
183 75 nan 0.000135
184 75 nan 0.000038
185 75 nan 0.000010
186 75 nan 0.000003
187 75 nan 0.000001
188 75 nan 0.000000
189 75 nan 0.000000
190 75 nan 0.000000
191 75 nan 0.000000
192 75 nan 0.000000
193 75 nan 0.000000
194 75 nan 0.000000
195 75 nan 0.000000
196 75 nan 0.000000
197 75 nan 0.000000
198 75 nan 0.000000
199 75 nan 0.000000
0 76 nan 0.000000
1 76 nan 0.000000
2 76 nan 0.000000
3 76 nan 0.000000
4 76 nan 0.000000
5 76 nan 0.000000
6 76 nan 0.000000
7 76 nan 0.000000
8 76 nan 0.000000
9 76 nan 0.000000
10 76 nan 0.000000
11 76 nan 0.000000
12 76 nan 0.000000
13 76 nan 0.000001
14 76 nan 0.000004
15 76 nan 0.000015
16 76 nan 0.000055
17 76 nan 0.000197
18 76 nan 0.000707
19 76 nan 0.002537
20 76 nan 0.009044
21 76 nan 0.031671
22 76 nan 0.104790
23 76 nan 0.294955
24 76 nan 0.598869
25 76 nan 0.841766
26 76 nan 0.949814
27 76 nan 0.985342
28 76 nan 0.995822
29 76 nan 0.998816
30 76 nan 0.999665
31 76 nan 0.999905
32 76 nan 0.999973
33 76 nan 0.999992
34 76 nan 0.999998
35 76 nan 0.999999
36 76 nan 1.000000
37 76 nan 1.000000
38 76 nan 1.000000
39 76 nan 1.000000
40 76 nan 1.000000
41 76 nan 1.000000
42 76 nan 1.000000
43 76 nan 1.000000
44 76 nan 1.000000
45 76 nan 1.000000
46 76 nan 1.000000
47 76 nan 1.000000
48 76 nan 1.000000
49 76 nan 1.000000
50 76 nan 1.000000
51 76 nan 1.000000
52 76 nan 1.000000
53 76 nan 1.000000
54 76 nan 1.000000
55 76 nan 1.000000
56 76 nan 1.000000
57 76 nan 1.000000
58 76 nan 1.000000
59 76 nan 1.000000
60 76 nan 1.000000
61 76 nan 1.000000
62 76 nan 1.000000
63 76 nan 1.000000
64 76 nan 1.000000
65 76 nan 1.000000
66 76 nan 1.000000
67 76 nan 1.000000
68 76 nan 1.000000
69 76 nan 1.000000
70 76 nan 1.000000
71 76 nan 1.000000
72 76 nan 1.000000
73 76 nan 1.000000
74 76 nan 1.000000
75 76 nan 1.000000
76 76 nan 1.000000
77 76 nan 1.000000
78 76 nan 1.000000
79 76 nan 1.000000
80 76 nan 1.000000
81 76 nan 1.000000
82 76 nan 0.999999
83 76 nan 0.999997
84 76 nan 0.999988
85 76 nan 0.999955
86 76 nan 0.999828
87 76 nan 0.999347
88 76 nan 0.997527
89 76 nan 0.990684
90 76 nan 0.965555
91 76 nan 0.880797
92 76 nan 0.660756
93 76 nan 0.339244
94 76 nan 0.119203
95 76 nan 0.034445
96 76 nan 0.009316
97 76 nan 0.002473
98 76 nan 0.000653
99 76 nan 0.000172
100 76 nan 0.000045
101 76 nan 0.000172
102 76 nan 0.000653
103 76 nan 0.002473
104 76 nan 0.009316
105 76 nan 0.034445
106 76 nan 0.119203
107 76 nan 0.339244
108 76 nan 0.660756
109 76 nan 0.880797
110 76 nan 0.965555
111 76 nan 0.990684
112 76 nan 0.997527
113 76 nan 0.999347
114 76 nan 0.999828
115 76 nan 0.999955
116 76 nan 0.999988
117 76 nan 0.999997
118 76 nan 0.999999
119 76 nan 1.000000
120 76 nan 1.000000
121 76 nan 1.000000
122 76 nan 1.000000
123 76 nan 1.000000
124 76 nan 1.000000
125 76 nan 1.000000
126 76 nan 1.000000
127 76 nan 1.000000
128 76 nan 1.000000
129 76 nan 1.000000
130 76 nan 1.000000
131 76 nan 1.000000
132 76 nan 1.000000
133 76 nan 1.000000
134 76 nan 1.000000
135 76 nan 1.000000
136 76 nan 1.000000
137 76 nan 1.000000
138 76 nan 1.000000
139 76 nan 1.000000
140 76 nan 1.000000
141 76 nan 1.000000
142 76 nan 1.000000
143 76 nan 1.000000
144 76 nan 1.000000
145 76 nan 1.000000
146 76 nan 1.000000
147 76 nan 1.000000
148 76 nan 1.000000
149 76 nan 1.000000
150 76 nan 1.000000
151 76 nan 1.000000
152 76 nan 1.000000
153 76 nan 1.000000
154 76 nan 1.000000
155 76 nan 1.000000
156 76 nan 1.000000
157 76 nan 1.000000
158 76 nan 1.000000
159 76 nan 1.000000
160 76 nan 1.000000
161 76 nan 1.000000
162 76 nan 1.000000
163 76 nan 1.000000
164 76 nan 1.000000
165 76 nan 0.999999
166 76 nan 0.999998
167 76 nan 0.999992
168 76 nan 0.999973
169 76 nan 0.999905
170 76 nan 0.999665
171 76 nan 0.998816
172 76 nan 0.995822
173 76 nan 0.985342
174 76 nan 0.949814
175 76 nan 0.841766
176 76 nan 0.598869
177 76 nan 0.294955
178 76 nan 0.104790
179 76 nan 0.031671
180 76 nan 0.009044
181 76 nan 0.002537
182 76 nan 0.000707
183 76 nan 0.000197
184 76 nan 0.000055
185 76 nan 0.000015
186 76 nan 0.000004
187 76 nan 0.000001
188 76 nan 0.000000
189 76 nan 0.000000
190 76 nan 0.000000
191 76 nan 0.000000
192 76 nan 0.000000
193 76 nan 0.000000
194 76 nan 0.000000
195 76 nan 0.000000
196 76 nan 0.000000
197 76 nan 0.000000
198 76 nan 0.000000
199 76 nan 0.000000
0 77 nan 0.000000
1 77 nan 0.000000
2 77 nan 0.000000
3 77 nan 0.000000
4 77 nan 0.000000
5 77 nan 0.000000
6 77 nan 0.000000
7 77 nan 0.000000
8 77 nan 0.000000
9 77 nan 0.000000
10 77 nan 0.000000
11 77 nan 0.000000
12 77 nan 0.000000
13 77 nan 0.000002
14 77 nan 0.000006
15 77 nan 0.000022
16 77 nan 0.000078
17 77 nan 0.000283
18 77 nan 0.001021
19 77 nan 0.003674
20 77 nan 0.013115
21 77 nan 0.045651
22 77 nan 0.146731
23 77 nan 0.381723
24 77 nan 0.688824
25 77 nan 0.887962
26 77 nan 0.965911
27 77 nan 0.990210
28 77 nan 0.997234
29 77 nan 0.999221
30 77 nan 0.999781
31 77 nan 0.999938
32 77 nan 0.999983
33 77 nan 0.999995
34 77 nan 0.999999
35 77 nan 1.000000
36 77 nan 1.000000
37 77 nan 1.000000
38 77 nan 1.000000
39 77 nan 1.000000
40 77 nan 1.000000
41 77 nan 1.000000
42 77 nan 1.000000
43 77 nan 1.000000
44 77 nan 1.000000
45 77 nan 1.000000
46 77 nan 1.000000
47 77 nan 1.000000
48 77 nan 1.000000
49 77 nan 1.000000
50 77 nan 1.000000
51 77 nan 1.000000
52 77 nan 1.000000
53 77 nan 1.000000
54 77 nan 1.000000
55 77 nan 1.000000
56 77 nan 1.000000
57 77 nan 1.000000
58 77 nan 1.000000
59 77 nan 1.000000
60 77 nan 1.000000
61 77 nan 1.000000
62 77 nan 1.000000
63 77 nan 1.000000
64 77 nan 1.000000
65 77 nan 1.000000
66 77 nan 1.000000
67 77 nan 1.000000
68 77 nan 1.000000
69 77 nan 1.000000
70 77 nan 1.000000
71 77 nan 1.000000
72 77 nan 1.000000
73 77 nan 1.000000
74 77 nan 1.000000
75 77 nan 1.000000
76 77 nan 1.000000
77 77 nan 1.000000
78 77 nan 1.000000
79 77 nan 1.000000
80 77 nan 1.000000
81 77 nan 1.000000
82 77 nan 0.999999
83 77 nan 0.999997
84 77 nan 0.999988
85 77 nan 0.999955
86 77 nan 0.999828
87 77 nan 0.999347
88 77 nan 0.997527
89 77 nan 0.990684
90 77 nan 0.965555
91 77 nan 0.880797
92 77 nan 0.660756
93 77 nan 0.339244
94 77 nan 0.119203
95 77 nan 0.034445
96 77 nan 0.009316
97 77 nan 0.002473
98 77 nan 0.000653
99 77 nan 0.000172
100 77 nan 0.000045
101 77 nan 0.000172
102 77 nan 0.000653
103 77 nan 0.002473
104 77 nan 0.009316
105 77 nan 0.034445
106 77 nan 0.119203
107 77 nan 0.339244
108 77 nan 0.660756
109 77 nan 0.880797
110 77 nan 0.965555
111 77 nan 0.990684
112 77 nan 0.997527
113 77 nan 0.999347
114 77 nan 0.999828
115 77 nan 0.999955
116 77 nan 0.999988
117 77 nan 0.999997
118 77 nan 0.999999
119 77 nan 1.000000
120 77 nan 1.000000
121 77 nan 1.000000
122 77 nan 1.000000
123 77 nan 1.000000
124 77 nan 1.000000
125 77 nan 1.000000
126 77 nan 1.000000
127 77 nan 1.000000
128 77 nan 1.000000
129 77 nan 1.000000
130 77 nan 1.000000
131 77 nan 1.000000
132 77 nan 1.000000
133 77 nan 1.000000
134 77 nan 1.000000
135 77 nan 1.000000
136 77 nan 1.000000
137 77 nan 1.000000
138 77 nan 1.000000
139 77 nan 1.000000
140 77 nan 1.000000
141 77 nan 1.000000
142 77 nan 1.000000
143 77 nan 1.000000
144 77 nan 1.000000
145 77 nan 1.000000
146 77 nan 1.000000
147 77 nan 1.000000
148 77 nan 1.000000
149 77 nan 1.000000
150 77 nan 1.000000
151 77 nan 1.000000
152 77 nan 1.000000
153 77 nan 1.000000
154 77 nan 1.000000
155 77 nan 1.000000
156 77 nan 1.000000
157 77 nan 1.000000
158 77 nan 1.000000
159 77 nan 1.000000
160 77 nan 1.000000
161 77 nan 1.000000
162 77 nan 1.000000
163 77 nan 1.000000
164 77 nan 1.000000
165 77 nan 1.000000
166 77 nan 0.999999
167 77 nan 0.999995
168 77 nan 0.999983
169 77 nan 0.999938
170 77 nan 0.999781
171 77 nan 0.999221
172 77 nan 0.997234
173 77 nan 0.990210
174 77 nan 0.965911
175 77 nan 0.887962
176 77 nan 0.688824
177 77 nan 0.381723
178 77 nan 0.146731
179 77 nan 0.045651
180 77 nan 0.013115
181 77 nan 0.003674
182 77 nan 0.001021
183 77 nan 0.000283
184 77 nan 0.000078
185 77 nan 0.000022
186 77 nan 0.000006
187 77 nan 0.000002
188 77 nan 0.000000
189 77 nan 0.000000
190 77 nan 0.000000
191 77 nan 0.000000
192 77 nan 0.000000
193 77 nan 0.000000
194 77 nan 0.000000
195 77 nan 0.000000
196 77 nan 0.000000
197 77 nan 0.000000
198 77 nan 0.000000
199 77 nan 0.000000
0 78 nan 0.000000
1 78 nan 0.000000
2 78 nan 0.000000
3 78 nan 0.000000
4 78 nan 0.000000
5 78 nan 0.000000
6 78 nan 0.000000
7 78 nan 0.000000
8 78 nan 0.000000
9 78 nan 0.000000
10 78 nan 0.000000
11 78 nan 0.000000
12 78 nan 0.000001
13 78 nan 0.000002
14 78 nan 0.000008
15 78 nan 0.000030
16 78 nan 0.000110
17 78 nan 0.000401
18 78 nan 0.001452
19 78 nan 0.005241
20 78 nan 0.018710
21 78 nan 0.064477
22 78 nan 0.199259
23 78 nan 0.472957
24 78 nan 0.763708
25 78 nan 0.920796
26 78 nan 0.976614
27 78 nan 0.993369
28 78 nan 0.998140
29 78 nan 0.999479
30 78 nan 0.999854
31 78 nan 0.999959
32 78 nan 0.999988
33 78 nan 0.999997
34 78 nan 0.999999
35 78 nan 1.000000
36 78 nan 1.000000
37 78 nan 1.000000
38 78 nan 1.000000
39 78 nan 1.000000
40 78 nan 1.000000
41 78 nan 1.000000
42 78 nan 1.000000
43 78 nan 1.000000
44 78 nan 1.000000
45 78 nan 1.000000
46 78 nan 1.000000
47 78 nan 1.000000
48 78 nan 1.000000
49 78 nan 1.000000
50 78 nan 1.000000
51 78 nan 1.000000
52 78 nan 1.000000
53 78 nan 1.000000
54 78 nan 1.000000
55 78 nan 1.000000
56 78 nan 1.000000
57 78 nan 1.000000
58 78 nan 1.000000
59 78 nan 1.000000
60 78 nan 1.000000
61 78 nan 1.000000
62 78 nan 1.000000
63 78 nan 1.000000
64 78 nan 1.000000
65 78 nan 1.000000
66 78 nan 1.000000
67 78 nan 1.000000
68 78 nan 1.000000
69 78 nan 1.000000
70 78 nan 1.000000
71 78 nan 1.000000
72 78 nan 1.000000
73 78 nan 1.000000
74 78 nan 1.000000
75 78 nan 1.000000
76 78 nan 1.000000
77 78 nan 1.000000
78 78 nan 1.000000
79 78 nan 1.000000
80 78 nan 1.000000
81 78 nan 1.000000
82 78 nan 0.999999
83 78 nan 0.999997
84 78 nan 0.999988
85 78 nan 0.999955
86 78 nan 0.999828
87 78 nan 0.999347
88 78 nan 0.997527
89 78 nan 0.990684
90 78 nan 0.965555
91 78 nan 0.880797
92 78 nan 0.660756
93 78 nan 0.339244
94 78 nan 0.119203
95 78 nan 0.034445
96 78 nan 0.009316
97 78 nan 0.002473
98 78 nan 0.000653
99 78 nan 0.000172
100 78 nan 0.000045
101 78 nan 0.000172
102 78 nan 0.000653
103 78 nan 0.002473
104 78 nan 0.009316
105 78 nan 0.034445
106 78 nan 0.119203
107 78 nan 0.339244
108 78 nan 0.660756
109 78 nan 0.880797
110 78 nan 0.965555
111 78 nan 0.990684
112 78 nan 0.997527
113 78 nan 0.999347
114 78 nan 0.999828
115 78 nan 0.999955
116 78 nan 0.999988
117 78 nan 0.999997
118 78 nan 0.999999
119 78 nan 1.000000
120 78 nan 1.000000
121 78 nan 1.000000
122 78 nan 1.000000
123 78 nan 1.000000
124 78 nan 1.000000
125 78 nan 1.000000
126 78 nan 1.000000
127 78 nan 1.000000
128 78 nan 1.000000
129 78 nan 1.000000
130 78 nan 1.000000
131 78 nan 1.000000
132 78 nan 1.000000
133 78 nan 1.000000
134 78 nan 1.000000
135 78 nan 1.000000
136 78 nan 1.000000
137 78 nan 1.000000
138 78 nan 1.000000
139 78 nan 1.000000
140 78 nan 1.000000
141 78 nan 1.000000
142 78 nan 1.000000
143 78 nan 1.000000
144 78 nan 1.000000
145 78 nan 1.000000
146 78 nan 1.000000
147 78 nan 1.000000
148 78 nan 1.000000
149 78 nan 1.000000
150 78 nan 1.000000
151 78 nan 1.000000
152 78 nan 1.000000
153 78 nan 1.000000
154 78 nan 1.000000
155 78 nan 1.000000
156 78 nan 1.000000
157 78 nan 1.000000
158 78 nan 1.000000
159 78 nan 1.000000
160 78 nan 1.000000
161 78 nan 1.000000
162 78 nan 1.000000
163 78 nan 1.000000
164 78 nan 1.000000
165 78 nan 1.000000
166 78 nan 0.999999
167 78 nan 0.999997
168 78 nan 0.999988
169 78 nan 0.999959
170 78 nan 0.999854
171 78 nan 0.999479
172 78 nan 0.998140
173 78 nan 0.993369
174 78 nan 0.976614
175 78 nan 0.920796
176 78 nan 0.763708
177 78 nan 0.472957
178 78 nan 0.199259
179 78 nan 0.064477
180 78 nan 0.018710
181 78 nan 0.005241
182 78 nan 0.001452
183 78 nan 0.000401
184 78 nan 0.000110
185 78 nan 0.000030
186 78 nan 0.000008
187 78 nan 0.000002
188 78 nan 0.000001
189 78 nan 0.000000
190 78 nan 0.000000
191 78 nan 0.000000
192 78 nan 0.000000
193 78 nan 0.000000
194 78 nan 0.000000
195 78 nan 0.000000
196 78 nan 0.000000
197 78 nan 0.000000
198 78 nan 0.000000
199 78 nan 0.000000
0 79 nan 0.000000
1 79 nan 0.000000
2 79 nan 0.000000
3 79 nan 0.000000
4 79 nan 0.000000
5 79 nan 0.000000
6 79 nan 0.000000
7 79 nan 0.000000
8 79 nan 0.000000
9 79 nan 0.000000
10 79 nan 0.000000
11 79 nan 0.000000
12 79 nan 0.000001
13 79 nan 0.000003
14 79 nan 0.000012
15 79 nan 0.000042
16 79 nan 0.000154
17 79 nan 0.000560
18 79 nan 0.002035
19 79 nan 0.007363
20 79 nan 0.026242
21 79 nan 0.089100
22 79 nan 0.261801
23 79 nan 0.562249
24 79 nan 0.822891
25 79 nan 0.943780
26 79 nan 0.983761
27 79 nan 0.995441
28 79 nan 0.998729
29 79 nan 0.999646
30 79 nan 0.999901
31 79 nan 0.999972
32 79 nan 0.999992
33 79 nan 0.999998
34 79 nan 0.999999
35 79 nan 1.000000
36 79 nan 1.000000
37 79 nan 1.000000
38 79 nan 1.000000
39 79 nan 1.000000
40 79 nan 1.000000
41 79 nan 1.000000
42 79 nan 1.000000
43 79 nan 1.000000
44 79 nan 1.000000
45 79 nan 1.000000
46 79 nan 1.000000
47 79 nan 1.000000
48 79 nan 1.000000
49 79 nan 1.000000
50 79 nan 1.000000
51 79 nan 1.000000
52 79 nan 1.000000
53 79 nan 1.000000
54 79 nan 1.000000
55 79 nan 1.000000
56 79 nan 1.000000
57 79 nan 1.000000
58 79 nan 1.000000
59 79 nan 1.000000
60 79 nan 1.000000
61 79 nan 1.000000
62 79 nan 1.000000
63 79 nan 1.000000
64 79 nan 1.000000
65 79 nan 1.000000
66 79 nan 1.000000
67 79 nan 1.000000
68 79 nan 1.000000
69 79 nan 1.000000
70 79 nan 1.000000
71 79 nan 1.000000
72 79 nan 1.000000
73 79 nan 1.000000
74 79 nan 1.000000
75 79 nan 1.000000
76 79 nan 1.000000
77 79 nan 1.000000
78 79 nan 1.000000
79 79 nan 1.000000
80 79 nan 1.000000
81 79 nan 1.000000
82 79 nan 0.999999
83 79 nan 0.999997
84 79 nan 0.999988
85 79 nan 0.999955
86 79 nan 0.999828
87 79 nan 0.999347
88 79 nan 0.997527
89 79 nan 0.990684
90 79 nan 0.965555
91 79 nan 0.880797
92 79 nan 0.660756
93 79 nan 0.339244
94 79 nan 0.119203
95 79 nan 0.034445
96 79 nan 0.009316
97 79 nan 0.002473
98 79 nan 0.000653
99 79 nan 0.000172
100 79 nan 0.000045
101 79 nan 0.000172
102 79 nan 0.000653
103 79 nan 0.002473
104 79 nan 0.009316
105 79 nan 0.034445
106 79 nan 0.119203
107 79 nan 0.339244
108 79 nan 0.660756
109 79 nan 0.880797
110 79 nan 0.965555
111 79 nan 0.990684
112 79 nan 0.997527
113 79 nan 0.999347
114 79 nan 0.999828
115 79 nan 0.999955
116 79 nan 0.999988
117 79 nan 0.999997
118 79 nan 0.999999
119 79 nan 1.000000
120 79 nan 1.000000
121 79 nan 1.000000
122 79 nan 1.000000
123 79 nan 1.000000
124 79 nan 1.000000
125 79 nan 1.000000
126 79 nan 1.000000
127 79 nan 1.000000
128 79 nan 1.000000
129 79 nan 1.000000
130 79 nan 1.000000
131 79 nan 1.000000
132 79 nan 1.000000
133 79 nan 1.000000
134 79 nan 1.000000
135 79 nan 1.000000
136 79 nan 1.000000
137 79 nan 1.000000
138 79 nan 1.000000
139 79 nan 1.000000
140 79 nan 1.000000
141 79 nan 1.000000
142 79 nan 1.000000
143 79 nan 1.000000
144 79 nan 1.000000
145 79 nan 1.000000
146 79 nan 1.000000
147 79 nan 1.000000
148 79 nan 1.000000
149 79 nan 1.000000
150 79 nan 1.000000
151 79 nan 1.000000
152 79 nan 1.000000
153 79 nan 1.000000
154 79 nan 1.000000
155 79 nan 1.000000
156 79 nan 1.000000
157 79 nan 1.000000
158 79 nan 1.000000
159 79 nan 1.000000
160 79 nan 1.000000
161 79 nan 1.000000
162 79 nan 1.000000
163 79 nan 1.000000
164 79 nan 1.000000
165 79 nan 1.000000
166 79 nan 0.999999
167 79 nan 0.999998
168 79 nan 0.999992
169 79 nan 0.999972
170 79 nan 0.999901
171 79 nan 0.999646
172 79 nan 0.998729
173 79 nan 0.995441
174 79 nan 0.983761
175 79 nan 0.943780
176 79 nan 0.822891
177 79 nan 0.562249
178 79 nan 0.261801
179 79 nan 0.089100
180 79 nan 0.026242
181 79 nan 0.007363
182 79 nan 0.002035
183 79 nan 0.000560
184 79 nan 0.000154
185 79 nan 0.000042
186 79 nan 0.000012
187 79 nan 0.000003
188 79 nan 0.000001
189 79 nan 0.000000
190 79 nan 0.000000
191 79 nan 0.000000
192 79 nan 0.000000
193 79 nan 0.000000
194 79 nan 0.000000
195 79 nan 0.000000
196 79 nan 0.000000
197 79 nan 0.000000
198 79 nan 0.000000
199 79 nan 0.000000
0 80 nan 0.000000
1 80 nan 0.000000
2 80 nan 0.000000
3 80 nan 0.000000
4 80 nan 0.000000
5 80 nan 0.000000
6 80 nan 0.000000
7 80 nan 0.000000
8 80 nan 0.000000
9 80 nan 0.000000
10 80 nan 0.000000
11 80 nan 0.000000
12 80 nan 0.000001
13 80 nan 0.000004
14 80 nan 0.000016
15 80 nan 0.000058
16 80 nan 0.000211
17 80 nan 0.000771
18 80 nan 0.002810
19 80 nan 0.010183
20 80 nan 0.036165
21 80 nan 0.120281
22 80 nan 0.332318
23 80 nan 0.644126
24 80 nan 0.867989
25 80 nan 0.959773
26 80 nan 0.988569
27 80 nan 0.996816
28 80 nan 0.999117
29 80 nan 0.999755
30 80 nan 0.999932
31 80 nan 0.999981
32 80 nan 0.999995
33 80 nan 0.999999
34 80 nan 1.000000
35 80 nan 1.000000
36 80 nan 1.000000
37 80 nan 1.000000
38 80 nan 1.000000
39 80 nan 1.000000
40 80 nan 1.000000
41 80 nan 1.000000
42 80 nan 1.000000
43 80 nan 1.000000
44 80 nan 1.000000
45 80 nan 1.000000
46 80 nan 1.000000
47 80 nan 1.000000
48 80 nan 1.000000
49 80 nan 1.000000
50 80 nan 1.000000
51 80 nan 1.000000
52 80 nan 1.000000
53 80 nan 1.000000
54 80 nan 1.000000
55 80 nan 1.000000
56 80 nan 1.000000
57 80 nan 1.000000
58 80 nan 1.000000
59 80 nan 1.000000
60 80 nan 1.000000
61 80 nan 1.000000
62 80 nan 1.000000
63 80 nan 1.000000
64 80 nan 1.000000
65 80 nan 1.000000
66 80 nan 1.000000
67 80 nan 1.000000
68 80 nan 1.000000
69 80 nan 1.000000
70 80 nan 1.000000
71 80 nan 1.000000
72 80 nan 1.000000
73 80 nan 1.000000
74 80 nan 1.000000
75 80 nan 1.000000
76 80 nan 1.000000
77 80 nan 1.000000
78 80 nan 1.000000
79 80 nan 1.000000
80 80 nan 1.000000
81 80 nan 1.000000
82 80 nan 0.999999
83 80 nan 0.999997
84 80 nan 0.999988
85 80 nan 0.999955
86 80 nan 0.999828
87 80 nan 0.999347
88 80 nan 0.997527
89 80 nan 0.990684
90 80 nan 0.965555
91 80 nan 0.880797
92 80 nan 0.660756
93 80 nan 0.339244
94 80 nan 0.119203
95 80 nan 0.034445
96 80 nan 0.009316
97 80 nan 0.002473
98 80 nan 0.000653
99 80 nan 0.000172
100 80 nan 0.000045
101 80 nan 0.000172
102 80 nan 0.000653
103 80 nan 0.002473
104 80 nan 0.009316
105 80 nan 0.034445
106 80 nan 0.119203
107 80 nan 0.339244
108 80 nan 0.660756
109 80 nan 0.880797
110 80 nan 0.965555
111 80 nan 0.990684
112 80 nan 0.997527
113 80 nan 0.999347
114 80 nan 0.999828
115 80 nan 0.999955
116 80 nan 0.999988
117 80 nan 0.999997
118 80 nan 0.999999
119 80 nan 1.000000
120 80 nan 1.000000
121 80 nan 1.000000
122 80 nan 1.000000
123 80 nan 1.000000
124 80 nan 1.000000
125 80 nan 1.000000
126 80 nan 1.000000
127 80 nan 1.000000
128 80 nan 1.000000
129 80 nan 1.000000
130 80 nan 1.000000
131 80 nan 1.000000
132 80 nan 1.000000
133 80 nan 1.000000
134 80 nan 1.000000
135 80 nan 1.000000
136 80 nan 1.000000
137 80 nan 1.000000
138 80 nan 1.000000
139 80 nan 1.000000
140 80 nan 1.000000
141 80 nan 1.000000
142 80 nan 1.000000
143 80 nan 1.000000
144 80 nan 1.000000
145 80 nan 1.000000
146 80 nan 1.000000
147 80 nan 1.000000
148 80 nan 1.000000
149 80 nan 1.000000
150 80 nan 1.000000
151 80 nan 1.000000
152 80 nan 1.000000
153 80 nan 1.000000
154 80 nan 1.000000
155 80 nan 1.000000
156 80 nan 1.000000
157 80 nan 1.000000
158 80 nan 1.000000
159 80 nan 1.000000
160 80 nan 1.000000
161 80 nan 1.000000
162 80 nan 1.000000
163 80 nan 1.000000
164 80 nan 1.000000
165 80 nan 1.000000
166 80 nan 1.000000
167 80 nan 0.999999
168 80 nan 0.999995
169 80 nan 0.999981
170 80 nan 0.999932
171 80 nan 0.999755
172 80 nan 0.999117
173 80 nan 0.996816
174 80 nan 0.988569
175 80 nan 0.959773
176 80 nan 0.867989
177 80 nan 0.644126
178 80 nan 0.332318
179 80 nan 0.120281
180 80 nan 0.036165
181 80 nan 0.010183
182 80 nan 0.002810
183 80 nan 0.000771
184 80 nan 0.000211
185 80 nan 0.000058
186 80 nan 0.000016
187 80 nan 0.000004
188 80 nan 0.000001
189 80 nan 0.000000
190 80 nan 0.000000
191 80 nan 0.000000
192 80 nan 0.000000
193 80 nan 0.000000
194 80 nan 0.000000
195 80 nan 0.000000
196 80 nan 0.000000
197 80 nan 0.000000
198 80 nan 0.000000
199 80 nan 0.000000
0 81 nan 0.000000
1 81 nan 0.000000
2 81 nan 0.000000
3 81 nan 0.000000
4 81 nan 0.000000
5 81 nan 0.000000
6 81 nan 0.000000
7 81 nan 0.000000
8 81 nan 0.000000
9 81 nan 0.000000
10 81 nan 0.000000
11 81 nan 0.000000
12 81 nan 0.000002
13 81 nan 0.000006
14 81 nan 0.000021
15 81 nan 0.000078
16 81 nan 0.000285
17 81 nan 0.001045
18 81 nan 0.003822
19 81 nan 0.013861
20 81 nan 0.048936
21 81 nan 0.158390
22 81 nan 0.407492
23 81 nan 0.715172
24 81 nan 0.901558
25 81 nan 0.970905
26 81 nan 0.991835
27 81 nan 0.997741
28 81 nan 0.999377
29 81 nan 0.999828
30 81 nan 0.999953
31 81 nan 0.999987
32 81 nan 0.999996
33 81 nan 0.999999
34 81 nan 1.000000
35 81 nan 1.000000
36 81 nan 1.000000
37 81 nan 1.000000
38 81 nan 1.000000
39 81 nan 1.000000
40 81 nan 1.000000
41 81 nan 1.000000
42 81 nan 1.000000
43 81 nan 1.000000
44 81 nan 1.000000
45 81 nan 1.000000
46 81 nan 1.000000
47 81 nan 1.000000
48 81 nan 1.000000
49 81 nan 1.000000
50 81 nan 1.000000
51 81 nan 1.000000
52 81 nan 1.000000
53 81 nan 1.000000
54 81 nan 1.000000
55 81 nan 1.000000
56 81 nan 1.000000
57 81 nan 1.000000
58 81 nan 1.000000
59 81 nan 1.000000
60 81 nan 1.000000
61 81 nan 1.000000
62 81 nan 1.000000
63 81 nan 1.000000
64 81 nan 1.000000
65 81 nan 1.000000
66 81 nan 1.000000
67 81 nan 1.000000
68 81 nan 1.000000
69 81 nan 1.000000
70 81 nan 1.000000
71 81 nan 1.000000
72 81 nan 1.000000
73 81 nan 1.000000
74 81 nan 1.000000
75 81 nan 1.000000
76 81 nan 1.000000
77 81 nan 1.000000
78 81 nan 1.000000
79 81 nan 1.000000
80 81 nan 1.000000
81 81 nan 1.000000
82 81 nan 0.999999
83 81 nan 0.999997
84 81 nan 0.999988
85 81 nan 0.999955
86 81 nan 0.999828
87 81 nan 0.999347
88 81 nan 0.997527
89 81 nan 0.990684
90 81 nan 0.965555
91 81 nan 0.880797
92 81 nan 0.660756
93 81 nan 0.339244
94 81 nan 0.119203
95 81 nan 0.034445
96 81 nan 0.009316
97 81 nan 0.002473
98 81 nan 0.000653
99 81 nan 0.000172
100 81 nan 0.000045
101 81 nan 0.000172
102 81 nan 0.000653
103 81 nan 0.002473
104 81 nan 0.009316
105 81 nan 0.034445
106 81 nan 0.119203
107 81 nan 0.339244
108 81 nan 0.660756
109 81 nan 0.880797
110 81 nan 0.965555
111 81 nan 0.990684
112 81 nan 0.997527
113 81 nan 0.999347
114 81 nan 0.999828
115 81 nan 0.999955
116 81 nan 0.999988
117 81 nan 0.999997
118 81 nan 0.999999
119 81 nan 1.000000
120 81 nan 1.000000
121 81 nan 1.000000
122 81 nan 1.000000
123 81 nan 1.000000
124 81 nan 1.000000
125 81 nan 1.000000
126 81 nan 1.000000
127 81 nan 1.000000
128 81 nan 1.000000
129 81 nan 1.000000
130 81 nan 1.000000
131 81 nan 1.000000
132 81 nan 1.000000
133 81 nan 1.000000
134 81 nan 1.000000
135 81 nan 1.000000
136 81 nan 1.000000
137 81 nan 1.000000
138 81 nan 1.000000
139 81 nan 1.000000
140 81 nan 1.000000
141 81 nan 1.000000
142 81 nan 1.000000
143 81 nan 1.000000
144 81 nan 1.000000
145 81 nan 1.000000
146 81 nan 1.000000
147 81 nan 1.000000
148 81 nan 1.000000
149 81 nan 1.000000
150 81 nan 1.000000
151 81 nan 1.000000
152 81 nan 1.000000
153 81 nan 1.000000
154 81 nan 1.000000
155 81 nan 1.000000
156 81 nan 1.000000
157 81 nan 1.000000
158 81 nan 1.000000
159 81 nan 1.000000
160 81 nan 1.000000
161 81 nan 1.000000
162 81 nan 1.000000
163 81 nan 1.000000
164 81 nan 1.000000
165 81 nan 1.000000
166 81 nan 1.000000
167 81 nan 0.999999
168 81 nan 0.999996
169 81 nan 0.999987
170 81 nan 0.999953
171 81 nan 0.999828
172 81 nan 0.999377
173 81 nan 0.997741
174 81 nan 0.991835
175 81 nan 0.970905
176 81 nan 0.901558
177 81 nan 0.715172
178 81 nan 0.407492
179 81 nan 0.158390
180 81 nan 0.048936
181 81 nan 0.013861
182 81 nan 0.003822
183 81 nan 0.001045
184 81 nan 0.000285
185 81 nan 0.000078
186 81 nan 0.000021
187 81 nan 0.000006
188 81 nan 0.000002
189 81 nan 0.000000
190 81 nan 0.000000
191 81 nan 0.000000
192 81 nan 0.000000
193 81 nan 0.000000
194 81 nan 0.000000
195 81 nan 0.000000
196 81 nan 0.000000
197 81 nan 0.000000
198 81 nan 0.000000
199 81 nan 0.000000
0 82 nan 0.000000
1 82 nan 0.000000
2 82 nan 0.000000
3 82 nan 0.000000
4 82 nan 0.000000
5 82 nan 0.000000
6 82 nan 0.000000
7 82 nan 0.000000
8 82 nan 0.000000
9 82 nan 0.000000
10 82 nan 0.000000
11 82 nan 0.000001
12 82 nan 0.000002
13 82 nan 0.000008
14 82 nan 0.000028
15 82 nan 0.000103
16 82 nan 0.000380
17 82 nan 0.001396
18 82 nan 0.005118
19 82 nan 0.018563
20 82 nan 0.064969
21 82 nan 0.203226
22 82 nan 0.483345
23 82 nan 0.774189
24 82 nan 0.926219
25 82 nan 0.978689
26 82 nan 0.994077
27 82 nan 0.998371
28 82 nan 0.999553
29 82 nan 0.999877
30 82 nan 0.999966
31 82 nan 0.999991
32 82 nan 0.999997
33 82 nan 0.999999
34 82 nan 1.000000
35 82 nan 1.000000
36 82 nan 1.000000
37 82 nan 1.000000
38 82 nan 1.000000
39 82 nan 1.000000
40 82 nan 1.000000
41 82 nan 1.000000
42 82 nan 1.000000
43 82 nan 1.000000
44 82 nan 1.000000
45 82 nan 1.000000
46 82 nan 1.000000
47 82 nan 1.000000
48 82 nan 1.000000
49 82 nan 1.000000
50 82 nan 1.000000
51 82 nan 1.000000
52 82 nan 1.000000
53 82 nan 1.000000
54 82 nan 1.000000
55 82 nan 1.000000
56 82 nan 1.000000
57 82 nan 1.000000
58 82 nan 1.000000
59 82 nan 1.000000
60 82 nan 1.000000
61 82 nan 1.000000
62 82 nan 1.000000
63 82 nan 1.000000
64 82 nan 1.000000
65 82 nan 1.000000
66 82 nan 1.000000
67 82 nan 1.000000
68 82 nan 1.000000
69 82 nan 1.000000
70 82 nan 1.000000
71 82 nan 1.000000
72 82 nan 1.000000
73 82 nan 1.000000
74 82 nan 1.000000
75 82 nan 1.000000
76 82 nan 1.000000
77 82 nan 1.000000
78 82 nan 1.000000
79 82 nan 1.000000
80 82 nan 1.000000
81 82 nan 1.000000
82 82 nan 0.999999
83 82 nan 0.999997
84 82 nan 0.999988
85 82 nan 0.999955
86 82 nan 0.999828
87 82 nan 0.999347
88 82 nan 0.997527
89 82 nan 0.990684
90 82 nan 0.965555
91 82 nan 0.880797
92 82 nan 0.660756
93 82 nan 0.339244
94 82 nan 0.119203
95 82 nan 0.034445
96 82 nan 0.009316
97 82 nan 0.002473
98 82 nan 0.000653
99 82 nan 0.000172
100 82 nan 0.000045
101 82 nan 0.000172
102 82 nan 0.000653
103 82 nan 0.002473
104 82 nan 0.009316
105 82 nan 0.034445
106 82 nan 0.119203
107 82 nan 0.339244
108 82 nan 0.660756
109 82 nan 0.880797
110 82 nan 0.965555
111 82 nan 0.990684
112 82 nan 0.997527
113 82 nan 0.999347
114 82 nan 0.999828
115 82 nan 0.999955
116 82 nan 0.999988
117 82 nan 0.999997
118 82 nan 0.999999
119 82 nan 1.000000
120 82 nan 1.000000
121 82 nan 1.000000
122 82 nan 1.000000
123 82 nan 1.000000
124 82 nan 1.000000
125 82 nan 1.000000
126 82 nan 1.000000
127 82 nan 1.000000
128 82 nan 1.000000
129 82 nan 1.000000
130 82 nan 1.000000
131 82 nan 1.000000
132 82 nan 1.000000
133 82 nan 1.000000
134 82 nan 1.000000
135 82 nan 1.000000
136 82 nan 1.000000
137 82 nan 1.000000
138 82 nan 1.000000
139 82 nan 1.000000
140 82 nan 1.000000
141 82 nan 1.000000
142 82 nan 1.000000
143 82 nan 1.000000
144 82 nan 1.000000
145 82 nan 1.000000
146 82 nan 1.000000
147 82 nan 1.000000
148 82 nan 1.000000
149 82 nan 1.000000
150 82 nan 1.000000
151 82 nan 1.000000
152 82 nan 1.000000
153 82 nan 1.000000
154 82 nan 1.000000
155 82 nan 1.000000
156 82 nan 1.000000
157 82 nan 1.000000
158 82 nan 1.000000
159 82 nan 1.000000
160 82 nan 1.000000
161 82 nan 1.000000
162 82 nan 1.000000
163 82 nan 1.000000
164 82 nan 1.000000
165 82 nan 1.000000
166 82 nan 1.000000
167 82 nan 0.999999
168 82 nan 0.999997
169 82 nan 0.999991
170 82 nan 0.999966
171 82 nan 0.999877
172 82 nan 0.999553
173 82 nan 0.998371
174 82 nan 0.994077
175 82 nan 0.978689
176 82 nan 0.926219
177 82 nan 0.774189
178 82 nan 0.483345
179 82 nan 0.203226
180 82 nan 0.064969
181 82 nan 0.018563
182 82 nan 0.005118
183 82 nan 0.001396
184 82 nan 0.000380
185 82 nan 0.000103
186 82 nan 0.000028
187 82 nan 0.000008
188 82 nan 0.000002
189 82 nan 0.000001
190 82 nan 0.000000
191 82 nan 0.000000
192 82 nan 0.000000
193 82 nan 0.000000
194 82 nan 0.000000
195 82 nan 0.000000
196 82 nan 0.000000
197 82 nan 0.000000
198 82 nan 0.000000
199 82 nan 0.000000
0 83 nan 0.000000
1 83 nan 0.000000
2 83 nan 0.000000
3 83 nan 0.000000
4 83 nan 0.000000
5 83 nan 0.000000
6 83 nan 0.000000
7 83 nan 0.000000
8 83 nan 0.000000
9 83 nan 0.000000
10 83 nan 0.000000
11 83 nan 0.000001
12 83 nan 0.000003
13 83 nan 0.000010
14 83 nan 0.000036
15 83 nan 0.000135
16 83 nan 0.000498
17 83 nan 0.001838
18 83 nan 0.006749
19 83 nan 0.024452
20 83 nan 0.084576
21 83 nan 0.253906
22 83 nan 0.556073
23 83 nan 0.821656
24 83 nan 0.944233
25 83 nan 0.984171
26 83 nan 0.995635
27 83 nan 0.998806
28 83 nan 0.999674
29 83 nan 0.999911
30 83 nan 0.999976
31 83 nan 0.999993
32 83 nan 0.999998
33 83 nan 0.999999
34 83 nan 1.000000
35 83 nan 1.000000
36 83 nan 1.000000
37 83 nan 1.000000
38 83 nan 1.000000
39 83 nan 1.000000
40 83 nan 1.000000
41 83 nan 1.000000
42 83 nan 1.000000
43 83 nan 1.000000
44 83 nan 1.000000
45 83 nan 1.000000
46 83 nan 1.000000
47 83 nan 1.000000
48 83 nan 1.000000
49 83 nan 1.000000
50 83 nan 1.000000
51 83 nan 1.000000
52 83 nan 1.000000
53 83 nan 1.000000
54 83 nan 1.000000
55 83 nan 1.000000
56 83 nan 1.000000
57 83 nan 1.000000
58 83 nan 1.000000
59 83 nan 1.000000
60 83 nan 1.000000
61 83 nan 1.000000
62 83 nan 1.000000
63 83 nan 1.000000
64 83 nan 1.000000
65 83 nan 1.000000
66 83 nan 1.000000
67 83 nan 1.000000
68 83 nan 1.000000
69 83 nan 1.000000
70 83 nan 1.000000
71 83 nan 1.000000
72 83 nan 1.000000
73 83 nan 1.000000
74 83 nan 1.000000
75 83 nan 1.000000
76 83 nan 1.000000
77 83 nan 1.000000
78 83 nan 1.000000
79 83 nan 1.000000
80 83 nan 1.000000
81 83 nan 1.000000
82 83 nan 0.999999
83 83 nan 0.999997
84 83 nan 0.999988
85 83 nan 0.999955
86 83 nan 0.999828
87 83 nan 0.999347
88 83 nan 0.997527
89 83 nan 0.990684
90 83 nan 0.965555
91 83 nan 0.880797
92 83 nan 0.660756
93 83 nan 0.339244
94 83 nan 0.119203
95 83 nan 0.034445
96 83 nan 0.009316
97 83 nan 0.002473
98 83 nan 0.000653
99 83 nan 0.000172
100 83 nan 0.000045
101 83 nan 0.000172
102 83 nan 0.000653
103 83 nan 0.002473
104 83 nan 0.009316
105 83 nan 0.034445
106 83 nan 0.119203
107 83 nan 0.339244
108 83 nan 0.660756
109 83 nan 0.880797
110 83 nan 0.965555
111 83 nan 0.990684
112 83 nan 0.997527
113 83 nan 0.999347
114 83 nan 0.999828
115 83 nan 0.999955
116 83 nan 0.999988
117 83 nan 0.999997
118 83 nan 0.999999
119 83 nan 1.000000
120 83 nan 1.000000
121 83 nan 1.000000
122 83 nan 1.000000
123 83 nan 1.000000
124 83 nan 1.000000
125 83 nan 1.000000
126 83 nan 1.000000
127 83 nan 1.000000
128 83 nan 1.000000
129 83 nan 1.000000
130 83 nan 1.000000
131 83 nan 1.000000
132 83 nan 1.000000
133 83 nan 1.000000
134 83 nan 1.000000
135 83 nan 1.000000
136 83 nan 1.000000
137 83 nan 1.000000
138 83 nan 1.000000
139 83 nan 1.000000
140 83 nan 1.000000
141 83 nan 1.000000
142 83 nan 1.000000
143 83 nan 1.000000
144 83 nan 1.000000
145 83 nan 1.000000
146 83 nan 1.000000
147 83 nan 1.000000
148 83 nan 1.000000
149 83 nan 1.000000
150 83 nan 1.000000
151 83 nan 1.000000
152 83 nan 1.000000
153 83 nan 1.000000
154 83 nan 1.000000
155 83 nan 1.000000
156 83 nan 1.000000
157 83 nan 1.000000
158 83 nan 1.000000
159 83 nan 1.000000
160 83 nan 1.000000
161 83 nan 1.000000
162 83 nan 1.000000
163 83 nan 1.000000
164 83 nan 1.000000
165 83 nan 1.000000
166 83 nan 1.000000
167 83 nan 0.999999
168 83 nan 0.999998
169 83 nan 0.999993
170 83 nan 0.999976
171 83 nan 0.999911
172 83 nan 0.999674
173 83 nan 0.998806
174 83 nan 0.995635
175 83 nan 0.984171
176 83 nan 0.944233
177 83 nan 0.821656
178 83 nan 0.556073
179 83 nan 0.253906
180 83 nan 0.084576
181 83 nan 0.024452
182 83 nan 0.006749
183 83 nan 0.001838
184 83 nan 0.000498
185 83 nan 0.000135
186 83 nan 0.000036
187 83 nan 0.000010
188 83 nan 0.000003
189 83 nan 0.000001
190 83 nan 0.000000
191 83 nan 0.000000
192 83 nan 0.000000
193 83 nan 0.000000
194 83 nan 0.000000
195 83 nan 0.000000
196 83 nan 0.000000
197 83 nan 0.000000
198 83 nan 0.000000
199 83 nan 0.000000
0 84 nan 0.000000
1 84 nan 0.000000
2 84 nan 0.000000
3 84 nan 0.000000
4 84 nan 0.000000
5 84 nan 0.000000
6 84 nan 0.000000
7 84 nan 0.000000
8 84 nan 0.000000
9 84 nan 0.000000
10 84 nan 0.000000
11 84 nan 0.000001
12 84 nan 0.000003
13 84 nan 0.000013
14 84 nan 0.000047
15 84 nan 0.000174
16 84 nan 0.000644
17 84 nan 0.002382
18 84 nan 0.008762
19 84 nan 0.031671
20 84 nan 0.107896
21 84 nan 0.308894
22 84 nan 0.622736
23 84 nan 0.858996
24 84 nan 0.957388
25 84 nan 0.988067
26 84 nan 0.996731
27 84 nan 0.999110
28 84 nan 0.999758
29 84 nan 0.999934
30 84 nan 0.999982
31 84 nan 0.999995
32 84 nan 0.999999
33 84 nan 1.000000
34 84 nan 1.000000
35 84 nan 1.000000
36 84 nan 1.000000
37 84 nan 1.000000
38 84 nan 1.000000
39 84 nan 1.000000
40 84 nan 1.000000
41 84 nan 1.000000
42 84 nan 1.000000
43 84 nan 1.000000
44 84 nan 1.000000
45 84 nan 1.000000
46 84 nan 1.000000
47 84 nan 1.000000
48 84 nan 1.000000
49 84 nan 1.000000
50 84 nan 1.000000
51 84 nan 1.000000
52 84 nan 1.000000
53 84 nan 1.000000
54 84 nan 1.000000
55 84 nan 1.000000
56 84 nan 1.000000
57 84 nan 1.000000
58 84 nan 1.000000
59 84 nan 1.000000
60 84 nan 1.000000
61 84 nan 1.000000
62 84 nan 1.000000
63 84 nan 1.000000
64 84 nan 1.000000
65 84 nan 1.000000
66 84 nan 1.000000
67 84 nan 1.000000
68 84 nan 1.000000
69 84 nan 1.000000
70 84 nan 1.000000
71 84 nan 1.000000
72 84 nan 1.000000
73 84 nan 1.000000
74 84 nan 1.000000
75 84 nan 1.000000
76 84 nan 1.000000
77 84 nan 1.000000
78 84 nan 1.000000
79 84 nan 1.000000
80 84 nan 1.000000
81 84 nan 1.000000
82 84 nan 0.999999
83 84 nan 0.999997
84 84 nan 0.999988
85 84 nan 0.999955
86 84 nan 0.999828
87 84 nan 0.999347
88 84 nan 0.997527
89 84 nan 0.990684
90 84 nan 0.965555
91 84 nan 0.880797
92 84 nan 0.660756
93 84 nan 0.339244
94 84 nan 0.119203
95 84 nan 0.034445
96 84 nan 0.009316
97 84 nan 0.002473
98 84 nan 0.000653
99 84 nan 0.000172
100 84 nan 0.000045
101 84 nan 0.000172
102 84 nan 0.000653
103 84 nan 0.002473
104 84 nan 0.009316
105 84 nan 0.034445
106 84 nan 0.119203
107 84 nan 0.339244
108 84 nan 0.660756
109 84 nan 0.880797
110 84 nan 0.965555
111 84 nan 0.990684
112 84 nan 0.997527
113 84 nan 0.999347
114 84 nan 0.999828
115 84 nan 0.999955
116 84 nan 0.999988
117 84 nan 0.999997
118 84 nan 0.999999
119 84 nan 1.000000
120 84 nan 1.000000
121 84 nan 1.000000
122 84 nan 1.000000
123 84 nan 1.000000
124 84 nan 1.000000
125 84 nan 1.000000
126 84 nan 1.000000
127 84 nan 1.000000
128 84 nan 1.000000
129 84 nan 1.000000
130 84 nan 1.000000
131 84 nan 1.000000
132 84 nan 1.000000
133 84 nan 1.000000
134 84 nan 1.000000
135 84 nan 1.000000
136 84 nan 1.000000
137 84 nan 1.000000
138 84 nan 1.000000
139 84 nan 1.000000
140 84 nan 1.000000
141 84 nan 1.000000
142 84 nan 1.000000
143 84 nan 1.000000
144 84 nan 1.000000
145 84 nan 1.000000
146 84 nan 1.000000
147 84 nan 1.000000
148 84 nan 1.000000
149 84 nan 1.000000
150 84 nan 1.000000
151 84 nan 1.000000
152 84 nan 1.000000
153 84 nan 1.000000
154 84 nan 1.000000
155 84 nan 1.000000
156 84 nan 1.000000
157 84 nan 1.000000
158 84 nan 1.000000
159 84 nan 1.000000
160 84 nan 1.000000
161 84 nan 1.000000
162 84 nan 1.000000
163 84 nan 1.000000
164 84 nan 1.000000
165 84 nan 1.000000
166 84 nan 1.000000
167 84 nan 1.000000
168 84 nan 0.999999
169 84 nan 0.999995
170 84 nan 0.999982
171 84 nan 0.999934
172 84 nan 0.999758
173 84 nan 0.999110
174 84 nan 0.996731
175 84 nan 0.988067
176 84 nan 0.957388
177 84 nan 0.858996
178 84 nan 0.622736
179 84 nan 0.308894
180 84 nan 0.107896
181 84 nan 0.031671
182 84 nan 0.008762
183 84 nan 0.002382
184 84 nan 0.000644
185 84 nan 0.000174
186 84 nan 0.000047
187 84 nan 0.000013
188 84 nan 0.000003
189 84 nan 0.000001
190 84 nan 0.000000
191 84 nan 0.000000
192 84 nan 0.000000
193 84 nan 0.000000
194 84 nan 0.000000
195 84 nan 0.000000
196 84 nan 0.000000
197 84 nan 0.000000
198 84 nan 0.000000
199 84 nan 0.000000
0 85 nan 0.000000
1 85 nan 0.000000
2 85 nan 0.000000
3 85 nan 0.000000
4 85 nan 0.000000
5 85 nan 0.000000
6 85 nan 0.000000
7 85 nan 0.000000
8 85 nan 0.000000
9 85 nan 0.000000
10 85 nan 0.000000
11 85 nan 0.000001
12 85 nan 0.000004
13 85 nan 0.000016
14 85 nan 0.000059
15 85 nan 0.000221
16 85 nan 0.000820
17 85 nan 0.003040
18 85 nan 0.011197
19 85 nan 0.040327
20 85 nan 0.134843
21 85 nan 0.366192
22 85 nan 0.681581
23 85 nan 0.887962
24 85 nan 0.967026
25 85 nan 0.990863
26 85 nan 0.997511
27 85 nan 0.999325
28 85 nan 0.999817
29 85 nan 0.999950
30 85 nan 0.999987
31 85 nan 0.999996
32 85 nan 0.999999
33 85 nan 1.000000
34 85 nan 1.000000
35 85 nan 1.000000
36 85 nan 1.000000
37 85 nan 1.000000
38 85 nan 1.000000
39 85 nan 1.000000
40 85 nan 1.000000
41 85 nan 1.000000
42 85 nan 1.000000
43 85 nan 1.000000
44 85 nan 1.000000
45 85 nan 1.000000
46 85 nan 1.000000
47 85 nan 1.000000
48 85 nan 1.000000
49 85 nan 1.000000
50 85 nan 1.000000
51 85 nan 1.000000
52 85 nan 1.000000
53 85 nan 1.000000
54 85 nan 1.000000
55 85 nan 1.000000
56 85 nan 1.000000
57 85 nan 1.000000
58 85 nan 1.000000
59 85 nan 1.000000
60 85 nan 1.000000
61 85 nan 1.000000
62 85 nan 1.000000
63 85 nan 1.000000
64 85 nan 1.000000
65 85 nan 1.000000
66 85 nan 1.000000
67 85 nan 1.000000
68 85 nan 1.000000
69 85 nan 1.000000
70 85 nan 1.000000
71 85 nan 1.000000
72 85 nan 1.000000
73 85 nan 1.000000
74 85 nan 1.000000
75 85 nan 1.000000
76 85 nan 1.000000
77 85 nan 1.000000
78 85 nan 1.000000
79 85 nan 1.000000
80 85 nan 1.000000
81 85 nan 1.000000
82 85 nan 0.999999
83 85 nan 0.999997
84 85 nan 0.999988
85 85 nan 0.999955
86 85 nan 0.999828
87 85 nan 0.999347
88 85 nan 0.997527
89 85 nan 0.990684
90 85 nan 0.965555
91 85 nan 0.880797
92 85 nan 0.660756
93 85 nan 0.339244
94 85 nan 0.119203
95 85 nan 0.034445
96 85 nan 0.009316
97 85 nan 0.002473
98 85 nan 0.000653
99 85 nan 0.000172
100 85 nan 0.000045
101 85 nan 0.000172
102 85 nan 0.000653
103 85 nan 0.002473
104 85 nan 0.009316
105 85 nan 0.034445
106 85 nan 0.119203
107 85 nan 0.339244
108 85 nan 0.660756
109 85 nan 0.880797
110 85 nan 0.965555
111 85 nan 0.990684
112 85 nan 0.997527
113 85 nan 0.999347
114 85 nan 0.999828
115 85 nan 0.999955
116 85 nan 0.999988
117 85 nan 0.999997
118 85 nan 0.999999
119 85 nan 1.000000
120 85 nan 1.000000
121 85 nan 1.000000
122 85 nan 1.000000
123 85 nan 1.000000
124 85 nan 1.000000
125 85 nan 1.000000
126 85 nan 1.000000
127 85 nan 1.000000
128 85 nan 1.000000
129 85 nan 1.000000
130 85 nan 1.000000
131 85 nan 1.000000
132 85 nan 1.000000
133 85 nan 1.000000
134 85 nan 1.000000
135 85 nan 1.000000
136 85 nan 1.000000
137 85 nan 1.000000
138 85 nan 1.000000
139 85 nan 1.000000
140 85 nan 1.000000
141 85 nan 1.000000
142 85 nan 1.000000
143 85 nan 1.000000
144 85 nan 1.000000
145 85 nan 1.000000
146 85 nan 1.000000
147 85 nan 1.000000
148 85 nan 1.000000
149 85 nan 1.000000
150 85 nan 1.000000
151 85 nan 1.000000
152 85 nan 1.000000
153 85 nan 1.000000
154 85 nan 1.000000
155 85 nan 1.000000
156 85 nan 1.000000
157 85 nan 1.000000
158 85 nan 1.000000
159 85 nan 1.000000
160 85 nan 1.000000
161 85 nan 1.000000
162 85 nan 1.000000
163 85 nan 1.000000
164 85 nan 1.000000
165 85 nan 1.000000
166 85 nan 1.000000
167 85 nan 1.000000
168 85 nan 0.999999
169 85 nan 0.999996
170 85 nan 0.999987
171 85 nan 0.999950
172 85 nan 0.999817
173 85 nan 0.999325
174 85 nan 0.997511
175 85 nan 0.990863
176 85 nan 0.967026
177 85 nan 0.887962
178 85 nan 0.681581
179 85 nan 0.366192
180 85 nan 0.134843
181 85 nan 0.040327
182 85 nan 0.011197
183 85 nan 0.003040
184 85 nan 0.000820
185 85 nan 0.000221
186 85 nan 0.000059
187 85 nan 0.000016
188 85 nan 0.000004
189 85 nan 0.000001
190 85 nan 0.000000
191 85 nan 0.000000
192 85 nan 0.000000
193 85 nan 0.000000
194 85 nan 0.000000
195 85 nan 0.000000
196 85 nan 0.000000
197 85 nan 0.000000
198 85 nan 0.000000
199 85 nan 0.000000
0 86 nan 0.000000
1 86 nan 0.000000
2 86 nan 0.000000
3 86 nan 0.000000
4 86 nan 0.000000
5 86 nan 0.000000
6 86 nan 0.000000
7 86 nan 0.000000
8 86 nan 0.000000
9 86 nan 0.000000
10 86 nan 0.000000
11 86 nan 0.000001
12 86 nan 0.000005
13 86 nan 0.000020
14 86 nan 0.000074
15 86 nan 0.000276
16 86 nan 0.001029
17 86 nan 0.003822
18 86 nan 0.014081
19 86 nan 0.050468
20 86 nan 0.165065
21 86 nan 0.423630
22 86 nan 0.731988
23 86 nan 0.910261
24 86 nan 0.974128
25 86 nan 0.992892
26 86 nan 0.998073
27 86 nan 0.999479
28 86 nan 0.999859
29 86 nan 0.999962
30 86 nan 0.999990
31 86 nan 0.999997
32 86 nan 0.999999
33 86 nan 1.000000
34 86 nan 1.000000
35 86 nan 1.000000
36 86 nan 1.000000
37 86 nan 1.000000
38 86 nan 1.000000
39 86 nan 1.000000
40 86 nan 1.000000
41 86 nan 1.000000
42 86 nan 1.000000
43 86 nan 1.000000
44 86 nan 1.000000
45 86 nan 1.000000
46 86 nan 1.000000
47 86 nan 1.000000
48 86 nan 1.000000
49 86 nan 1.000000
50 86 nan 1.000000
51 86 nan 1.000000
52 86 nan 1.000000
53 86 nan 1.000000
54 86 nan 1.000000
55 86 nan 1.000000
56 86 nan 1.000000
57 86 nan 1.000000
58 86 nan 1.000000
59 86 nan 1.000000
60 86 nan 1.000000
61 86 nan 1.000000
62 86 nan 1.000000
63 86 nan 1.000000
64 86 nan 1.000000
65 86 nan 1.000000
66 86 nan 1.000000
67 86 nan 1.000000
68 86 nan 1.000000
69 86 nan 1.000000
70 86 nan 1.000000
71 86 nan 1.000000
72 86 nan 1.000000
73 86 nan 1.000000
74 86 nan 1.000000
75 86 nan 1.000000
76 86 nan 1.000000
77 86 nan 1.000000
78 86 nan 1.000000
79 86 nan 1.000000
80 86 nan 1.000000
81 86 nan 1.000000
82 86 nan 0.999999
83 86 nan 0.999997
84 86 nan 0.999988
85 86 nan 0.999955
86 86 nan 0.999828
87 86 nan 0.999347
88 86 nan 0.997527
89 86 nan 0.990684
90 86 nan 0.965555
91 86 nan 0.880797
92 86 nan 0.660756
93 86 nan 0.339244
94 86 nan 0.119203
95 86 nan 0.034445
96 86 nan 0.009316
97 86 nan 0.002473
98 86 nan 0.000653
99 86 nan 0.000172
100 86 nan 0.000045
101 86 nan 0.000172
102 86 nan 0.000653
103 86 nan 0.002473
104 86 nan 0.009316
105 86 nan 0.034445
106 86 nan 0.119203
107 86 nan 0.339244
108 86 nan 0.660756
109 86 nan 0.880797
110 86 nan 0.965555
111 86 nan 0.990684
112 86 nan 0.997527
113 86 nan 0.999347
114 86 nan 0.999828
115 86 nan 0.999955
116 86 nan 0.999988
117 86 nan 0.999997
118 86 nan 0.999999
119 86 nan 1.000000
120 86 nan 1.000000
121 86 nan 1.000000
122 86 nan 1.000000
123 86 nan 1.000000
124 86 nan 1.000000
125 86 nan 1.000000
126 86 nan 1.000000
127 86 nan 1.000000
128 86 nan 1.000000
129 86 nan 1.000000
130 86 nan 1.000000
131 86 nan 1.000000
132 86 nan 1.000000
133 86 nan 1.000000
134 86 nan 1.000000
135 86 nan 1.000000
136 86 nan 1.000000
137 86 nan 1.000000
138 86 nan 1.000000
139 86 nan 1.000000
140 86 nan 1.000000
141 86 nan 1.000000
142 86 nan 1.000000
143 86 nan 1.000000
144 86 nan 1.000000
145 86 nan 1.000000
146 86 nan 1.000000
147 86 nan 1.000000
148 86 nan 1.000000
149 86 nan 1.000000
150 86 nan 1.000000
151 86 nan 1.000000
152 86 nan 1.000000
153 86 nan 1.000000
154 86 nan 1.000000
155 86 nan 1.000000
156 86 nan 1.000000
157 86 nan 1.000000
158 86 nan 1.000000
159 86 nan 1.000000
160 86 nan 1.000000
161 86 nan 1.000000
162 86 nan 1.000000
163 86 nan 1.000000
164 86 nan 1.000000
165 86 nan 1.000000
166 86 nan 1.000000
167 86 nan 1.000000
168 86 nan 0.999999
169 86 nan 0.999997
170 86 nan 0.999990
171 86 nan 0.999962
172 86 nan 0.999859
173 86 nan 0.999479
174 86 nan 0.998073
175 86 nan 0.992892
176 86 nan 0.974128
177 86 nan 0.910261
178 86 nan 0.731988
179 86 nan 0.423630
180 86 nan 0.165065
181 86 nan 0.050468
182 86 nan 0.014081
183 86 nan 0.003822
184 86 nan 0.001029
185 86 nan 0.000276
186 86 nan 0.000074
187 86 nan 0.000020
188 86 nan 0.000005
189 86 nan 0.000001
190 86 nan 0.000000
191 86 nan 0.000000
192 86 nan 0.000000
193 86 nan 0.000000
194 86 nan 0.000000
195 86 nan 0.000000
196 86 nan 0.000000
197 86 nan 0.000000
198 86 nan 0.000000
199 86 nan 0.000000
0 87 nan 0.000000
1 87 nan 0.000000
2 87 nan 0.000000
3 87 nan 0.000000
4 87 nan 0.000000
5 87 nan 0.000000
6 87 nan 0.000000
7 87 nan 0.000000
8 87 nan 0.000000
9 87 nan 0.000000
10 87 nan 0.000000
11 87 nan 0.000002
12 87 nan 0.000007
13 87 nan 0.000024
14 87 nan 0.000091
15 87 nan 0.000341
16 87 nan 0.001271
17 87 nan 0.004729
18 87 nan 0.017428
19 87 nan 0.062069
20 87 nan 0.197950
21 87 nan 0.479187
22 87 nan 0.774189
23 87 nan 0.927377
24 87 nan 0.979398
25 87 nan 0.994379
26 87 nan 0.998482
27 87 nan 0.999591
28 87 nan 0.999890
29 87 nan 0.999970
30 87 nan 0.999992
31 87 nan 0.999998
32 87 nan 0.999999
33 87 nan 1.000000
34 87 nan 1.000000
35 87 nan 1.000000
36 87 nan 1.000000
37 87 nan 1.000000
38 87 nan 1.000000
39 87 nan 1.000000
40 87 nan 1.000000
41 87 nan 1.000000
42 87 nan 1.000000
43 87 nan 1.000000
44 87 nan 1.000000
45 87 nan 1.000000
46 87 nan 1.000000
47 87 nan 1.000000
48 87 nan 1.000000
49 87 nan 1.000000
50 87 nan 1.000000
51 87 nan 1.000000
52 87 nan 1.000000
53 87 nan 1.000000
54 87 nan 1.000000
55 87 nan 1.000000
56 87 nan 1.000000
57 87 nan 1.000000
58 87 nan 1.000000
59 87 nan 1.000000
60 87 nan 1.000000
61 87 nan 1.000000
62 87 nan 1.000000
63 87 nan 1.000000
64 87 nan 1.000000
65 87 nan 1.000000
66 87 nan 1.000000
67 87 nan 1.000000
68 87 nan 1.000000
69 87 nan 1.000000
70 87 nan 1.000000
71 87 nan 1.000000
72 87 nan 1.000000
73 87 nan 1.000000
74 87 nan 1.000000
75 87 nan 1.000000
76 87 nan 1.000000
77 87 nan 1.000000
78 87 nan 1.000000
79 87 nan 1.000000
80 87 nan 1.000000
81 87 nan 1.000000
82 87 nan 0.999999
83 87 nan 0.999997
84 87 nan 0.999988
85 87 nan 0.999955
86 87 nan 0.999828
87 87 nan 0.999347
88 87 nan 0.997527
89 87 nan 0.990684
90 87 nan 0.965555
91 87 nan 0.880797
92 87 nan 0.660756
93 87 nan 0.339244
94 87 nan 0.119203
95 87 nan 0.034445
96 87 nan 0.009316
97 87 nan 0.002473
98 87 nan 0.000653
99 87 nan 0.000172
100 87 nan 0.000045
101 87 nan 0.000172
102 87 nan 0.000653
103 87 nan 0.002473
104 87 nan 0.009316
105 87 nan 0.034445
106 87 nan 0.119203
107 87 nan 0.339244
108 87 nan 0.660756
109 87 nan 0.880797
110 87 nan 0.965555
111 87 nan 0.990684
112 87 nan 0.997527
113 87 nan 0.999347
114 87 nan 0.999828
115 87 nan 0.999955
116 87 nan 0.999988
117 87 nan 0.999997
118 87 nan 0.999999
119 87 nan 1.000000
120 87 nan 1.000000
121 87 nan 1.000000
122 87 nan 1.000000
123 87 nan 1.000000
124 87 nan 1.000000
125 87 nan 1.000000
126 87 nan 1.000000
127 87 nan 1.000000
128 87 nan 1.000000
129 87 nan 1.000000
130 87 nan 1.000000
131 87 nan 1.000000
132 87 nan 1.000000
133 87 nan 1.000000
134 87 nan 1.000000
135 87 nan 1.000000
136 87 nan 1.000000
137 87 nan 1.000000
138 87 nan 1.000000
139 87 nan 1.000000
140 87 nan 1.000000
141 87 nan 1.000000
142 87 nan 1.000000
143 87 nan 1.000000
144 87 nan 1.000000
145 87 nan 1.000000
146 87 nan 1.000000
147 87 nan 1.000000
148 87 nan 1.000000
149 87 nan 1.000000
150 87 nan 1.000000
151 87 nan 1.000000
152 87 nan 1.000000
153 87 nan 1.000000
154 87 nan 1.000000
155 87 nan 1.000000
156 87 nan 1.000000
157 87 nan 1.000000
158 87 nan 1.000000
159 87 nan 1.000000
160 87 nan 1.000000
161 87 nan 1.000000
162 87 nan 1.000000
163 87 nan 1.000000
164 87 nan 1.000000
165 87 nan 1.000000
166 87 nan 1.000000
167 87 nan 1.000000
168 87 nan 0.999999
169 87 nan 0.999998
170 87 nan 0.999992
171 87 nan 0.999970
172 87 nan 0.999890
173 87 nan 0.999591
174 87 nan 0.998482
175 87 nan 0.994379
176 87 nan 0.979398
177 87 nan 0.927377
178 87 nan 0.774189
179 87 nan 0.479187
180 87 nan 0.197950
181 87 nan 0.062069
182 87 nan 0.017428
183 87 nan 0.004729
184 87 nan 0.001271
185 87 nan 0.000341
186 87 nan 0.000091
187 87 nan 0.000024
188 87 nan 0.000007
189 87 nan 0.000002
190 87 nan 0.000000
191 87 nan 0.000000
192 87 nan 0.000000
193 87 nan 0.000000
194 87 nan 0.000000
195 87 nan 0.000000
196 87 nan 0.000000
197 87 nan 0.000000
198 87 nan 0.000000
199 87 nan 0.000000
0 88 nan 0.000000
1 88 nan 0.000000
2 88 nan 0.000000
3 88 nan 0.000000
4 88 nan 0.000000
5 88 nan 0.000000
6 88 nan 0.000000
7 88 nan 0.000000
8 88 nan 0.000000
9 88 nan 0.000000
10 88 nan 0.000001
11 88 nan 0.000002
12 88 nan 0.000008
13 88 nan 0.000029
14 88 nan 0.000110
15 88 nan 0.000413
16 88 nan 0.001546
17 88 nan 0.005762
18 88 nan 0.021223
19 88 nan 0.075015
20 88 nan 0.232665
21 88 nan 0.531228
22 88 nan 0.808933
23 88 nan 0.940516
24 88 nan 0.983340
25 88 nan 0.995480
26 88 nan 0.998784
27 88 nan 0.999674
28 88 nan 0.999912
29 88 nan 0.999976
30 88 nan 0.999994
31 88 nan 0.999998
32 88 nan 1.000000
33 88 nan 1.000000
34 88 nan 1.000000
35 88 nan 1.000000
36 88 nan 1.000000
37 88 nan 1.000000
38 88 nan 1.000000
39 88 nan 1.000000
40 88 nan 1.000000
41 88 nan 1.000000
42 88 nan 1.000000
43 88 nan 1.000000
44 88 nan 1.000000
45 88 nan 1.000000
46 88 nan 1.000000
47 88 nan 1.000000
48 88 nan 1.000000
49 88 nan 1.000000
50 88 nan 1.000000
51 88 nan 1.000000
52 88 nan 1.000000
53 88 nan 1.000000
54 88 nan 1.000000
55 88 nan 1.000000
56 88 nan 1.000000
57 88 nan 1.000000
58 88 nan 1.000000
59 88 nan 1.000000
60 88 nan 1.000000
61 88 nan 1.000000
62 88 nan 1.000000
63 88 nan 1.000000
64 88 nan 1.000000
65 88 nan 1.000000
66 88 nan 1.000000
67 88 nan 1.000000
68 88 nan 1.000000
69 88 nan 1.000000
70 88 nan 1.000000
71 88 nan 1.000000
72 88 nan 1.000000
73 88 nan 1.000000
74 88 nan 1.000000
75 88 nan 1.000000
76 88 nan 1.000000
77 88 nan 1.000000
78 88 nan 1.000000
79 88 nan 1.000000
80 88 nan 1.000000
81 88 nan 1.000000
82 88 nan 0.999999
83 88 nan 0.999997
84 88 nan 0.999988
85 88 nan 0.999955
86 88 nan 0.999828
87 88 nan 0.999347
88 88 nan 0.997527
89 88 nan 0.990684
90 88 nan 0.965555
91 88 nan 0.880797
92 88 nan 0.660756
93 88 nan 0.339244
94 88 nan 0.119203
95 88 nan 0.034445
96 88 nan 0.009316
97 88 nan 0.002473
98 88 nan 0.000653
99 88 nan 0.000172
100 88 nan 0.000045
101 88 nan 0.000172
102 88 nan 0.000653
103 88 nan 0.002473
104 88 nan 0.009316
105 88 nan 0.034445
106 88 nan 0.119203
107 88 nan 0.339244
108 88 nan 0.660756
109 88 nan 0.880797
110 88 nan 0.965555
111 88 nan 0.990684
112 88 nan 0.997527
113 88 nan 0.999347
114 88 nan 0.999828
115 88 nan 0.999955
116 88 nan 0.999988
117 88 nan 0.999997
118 88 nan 0.999999
119 88 nan 1.000000
120 88 nan 1.000000
121 88 nan 1.000000
122 88 nan 1.000000
123 88 nan 1.000000
124 88 nan 1.000000
125 88 nan 1.000000
126 88 nan 1.000000
127 88 nan 1.000000
128 88 nan 1.000000
129 88 nan 1.000000
130 88 nan 1.000000
131 88 nan 1.000000
132 88 nan 1.000000
133 88 nan 1.000000
134 88 nan 1.000000
135 88 nan 1.000000
136 88 nan 1.000000
137 88 nan 1.000000
138 88 nan 1.000000
139 88 nan 1.000000
140 88 nan 1.000000
141 88 nan 1.000000
142 88 nan 1.000000
143 88 nan 1.000000
144 88 nan 1.000000
145 88 nan 1.000000
146 88 nan 1.000000
147 88 nan 1.000000
148 88 nan 1.000000
149 88 nan 1.000000
150 88 nan 1.000000
151 88 nan 1.000000
152 88 nan 1.000000
153 88 nan 1.000000
154 88 nan 1.000000
155 88 nan 1.000000
156 88 nan 1.000000
157 88 nan 1.000000
158 88 nan 1.000000
159 88 nan 1.000000
160 88 nan 1.000000
161 88 nan 1.000000
162 88 nan 1.000000
163 88 nan 1.000000
164 88 nan 1.000000
165 88 nan 1.000000
166 88 nan 1.000000
167 88 nan 1.000000
168 88 nan 1.000000
169 88 nan 0.999998
170 88 nan 0.999994
171 88 nan 0.999976
172 88 nan 0.999912
173 88 nan 0.999674
174 88 nan 0.998784
175 88 nan 0.995480
176 88 nan 0.983340
177 88 nan 0.940516
178 88 nan 0.808933
179 88 nan 0.531228
180 88 nan 0.232665
181 88 nan 0.075015
182 88 nan 0.021223
183 88 nan 0.005762
184 88 nan 0.001546
185 88 nan 0.000413
186 88 nan 0.000110
187 88 nan 0.000029
188 88 nan 0.000008
189 88 nan 0.000002
190 88 nan 0.000001
191 88 nan 0.000000
192 88 nan 0.000000
193 88 nan 0.000000
194 88 nan 0.000000
195 88 nan 0.000000
196 88 nan 0.000000
197 88 nan 0.000000
198 88 nan 0.000000
199 88 nan 0.000000
0 89 nan 0.000000
1 89 nan 0.000000
2 89 nan 0.000000
3 89 nan 0.000000
4 89 nan 0.000000
5 89 nan 0.000000
6 89 nan 0.000000
7 89 nan 0.000000
8 89 nan 0.000000
9 89 nan 0.000000
10 89 nan 0.000001
11 89 nan 0.000002
12 89 nan 0.000009
13 89 nan 0.000035
14 89 nan 0.000132
15 89 nan 0.000494
16 89 nan 0.001852
17 89 nan 0.006911
18 89 nan 0.025431
19 89 nan 0.089100
20 89 nan 0.268232
21 89 nan 0.578627
22 89 nan 0.837204
23 89 nan 0.950625
24 89 nan 0.986312
25 89 nan 0.996304
26 89 nan 0.999009
27 89 nan 0.999735
28 89 nan 0.999929
29 89 nan 0.999981
30 89 nan 0.999995
31 89 nan 0.999999
32 89 nan 1.000000
33 89 nan 1.000000
34 89 nan 1.000000
35 89 nan 1.000000
36 89 nan 1.000000
37 89 nan 1.000000
38 89 nan 1.000000
39 89 nan 1.000000
40 89 nan 1.000000
41 89 nan 1.000000
42 89 nan 1.000000
43 89 nan 1.000000
44 89 nan 1.000000
45 89 nan 1.000000
46 89 nan 1.000000
47 89 nan 1.000000
48 89 nan 1.000000
49 89 nan 1.000000
50 89 nan 1.000000
51 89 nan 1.000000
52 89 nan 1.000000
53 89 nan 1.000000
54 89 nan 1.000000
55 89 nan 1.000000
56 89 nan 1.000000
57 89 nan 1.000000
58 89 nan 1.000000
59 89 nan 1.000000
60 89 nan 1.000000
61 89 nan 1.000000
62 89 nan 1.000000
63 89 nan 1.000000
64 89 nan 1.000000
65 89 nan 1.000000
66 89 nan 1.000000
67 89 nan 1.000000
68 89 nan 1.000000
69 89 nan 1.000000
70 89 nan 1.000000
71 89 nan 1.000000
72 89 nan 1.000000
73 89 nan 1.000000
74 89 nan 1.000000
75 89 nan 1.000000
76 89 nan 1.000000
77 89 nan 1.000000
78 89 nan 1.000000
79 89 nan 1.000000
80 89 nan 1.000000
81 89 nan 1.000000
82 89 nan 0.999999
83 89 nan 0.999997
84 89 nan 0.999988
85 89 nan 0.999955
86 89 nan 0.999828
87 89 nan 0.999347
88 89 nan 0.997527
89 89 nan 0.990684
90 89 nan 0.965555
91 89 nan 0.880797
92 89 nan 0.660756
93 89 nan 0.339244
94 89 nan 0.119203
95 89 nan 0.034445
96 89 nan 0.009316
97 89 nan 0.002473
98 89 nan 0.000653
99 89 nan 0.000172
100 89 nan 0.000045
101 89 nan 0.000172
102 89 nan 0.000653
103 89 nan 0.002473
104 89 nan 0.009316
105 89 nan 0.034445
106 89 nan 0.119203
107 89 nan 0.339244
108 89 nan 0.660756
109 89 nan 0.880797
110 89 nan 0.965555
111 89 nan 0.990684
112 89 nan 0.997527
113 89 nan 0.999347
114 89 nan 0.999828
115 89 nan 0.999955
116 89 nan 0.999988
117 89 nan 0.999997
118 89 nan 0.999999
119 89 nan 1.000000
120 89 nan 1.000000
121 89 nan 1.000000
122 89 nan 1.000000
123 89 nan 1.000000
124 89 nan 1.000000
125 89 nan 1.000000
126 89 nan 1.000000
127 89 nan 1.000000
128 89 nan 1.000000
129 89 nan 1.000000
130 89 nan 1.000000
131 89 nan 1.000000
132 89 nan 1.000000
133 89 nan 1.000000
134 89 nan 1.000000
135 89 nan 1.000000
136 89 nan 1.000000
137 89 nan 1.000000
138 89 nan 1.000000
139 89 nan 1.000000
140 89 nan 1.000000
141 89 nan 1.000000
142 89 nan 1.000000
143 89 nan 1.000000
144 89 nan 1.000000
145 89 nan 1.000000
146 89 nan 1.000000
147 89 nan 1.000000
148 89 nan 1.000000
149 89 nan 1.000000
150 89 nan 1.000000
151 89 nan 1.000000
152 89 nan 1.000000
153 89 nan 1.000000
154 89 nan 1.000000
155 89 nan 1.000000
156 89 nan 1.000000
157 89 nan 1.000000
158 89 nan 1.000000
159 89 nan 1.000000
160 89 nan 1.000000
161 89 nan 1.000000
162 89 nan 1.000000
163 89 nan 1.000000
164 89 nan 1.000000
165 89 nan 1.000000
166 89 nan 1.000000
167 89 nan 1.000000
168 89 nan 1.000000
169 89 nan 0.999999
170 89 nan 0.999995
171 89 nan 0.999981
172 89 nan 0.999929
173 89 nan 0.999735
174 89 nan 0.999009
175 89 nan 0.996304
176 89 nan 0.986312
177 89 nan 0.950625
178 89 nan 0.837204
179 89 nan 0.578627
180 89 nan 0.268232
181 89 nan 0.089100
182 89 nan 0.025431
183 89 nan 0.006911
184 89 nan 0.001852
185 89 nan 0.000494
186 89 nan 0.000132
187 89 nan 0.000035
188 89 nan 0.000009
189 89 nan 0.000002
190 89 nan 0.000001
191 89 nan 0.000000
192 89 nan 0.000000
193 89 nan 0.000000
194 89 nan 0.000000
195 89 nan 0.000000
196 89 nan 0.000000
197 89 nan 0.000000
198 89 nan 0.000000
199 89 nan 0.000000
0 90 nan 0.000000
1 90 nan 0.000000
2 90 nan 0.000000
3 90 nan 0.000000
4 90 nan 0.000000
5 90 nan 0.000000
6 90 nan 0.000000
7 90 nan 0.000000
8 90 nan 0.000000
9 90 nan 0.000000
10 90 nan 0.000001
11 90 nan 0.000003
12 90 nan 0.000011
13 90 nan 0.000041
14 90 nan 0.000155
15 90 nan 0.000582
16 90 nan 0.002184
17 90 nan 0.008160
18 90 nan 0.029983
19 90 nan 0.104026
20 90 nan 0.303623
21 90 nan 0.620767
22 90 nan 0.860019
23 90 nan 0.958426
24 90 nan 0.988569
25 90 nan 0.996926
26 90 nan 0.999178
27 90 nan 0.999781
28 90 nan 0.999941
29 90 nan 0.999984
30 90 nan 0.999996
31 90 nan 0.999999
32 90 nan 1.000000
33 90 nan 1.000000
34 90 nan 1.000000
35 90 nan 1.000000
36 90 nan 1.000000
37 90 nan 1.000000
38 90 nan 1.000000
39 90 nan 1.000000
40 90 nan 1.000000
41 90 nan 1.000000
42 90 nan 1.000000
43 90 nan 1.000000
44 90 nan 1.000000
45 90 nan 1.000000
46 90 nan 1.000000
47 90 nan 1.000000
48 90 nan 1.000000
49 90 nan 1.000000
50 90 nan 1.000000
51 90 nan 1.000000
52 90 nan 1.000000
53 90 nan 1.000000
54 90 nan 1.000000
55 90 nan 1.000000
56 90 nan 1.000000
57 90 nan 1.000000
58 90 nan 1.000000
59 90 nan 1.000000
60 90 nan 1.000000
61 90 nan 1.000000
62 90 nan 1.000000
63 90 nan 1.000000
64 90 nan 1.000000
65 90 nan 1.000000
66 90 nan 1.000000
67 90 nan 1.000000
68 90 nan 1.000000
69 90 nan 1.000000
70 90 nan 1.000000
71 90 nan 1.000000
72 90 nan 1.000000
73 90 nan 1.000000
74 90 nan 1.000000
75 90 nan 1.000000
76 90 nan 1.000000
77 90 nan 1.000000
78 90 nan 1.000000
79 90 nan 1.000000
80 90 nan 1.000000
81 90 nan 1.000000
82 90 nan 0.999999
83 90 nan 0.999997
84 90 nan 0.999988
85 90 nan 0.999955
86 90 nan 0.999828
87 90 nan 0.999347
88 90 nan 0.997527
89 90 nan 0.990684
90 90 nan 0.965555
91 90 nan 0.880797
92 90 nan 0.660756
93 90 nan 0.339244
94 90 nan 0.119203
95 90 nan 0.034445
96 90 nan 0.009316
97 90 nan 0.002473
98 90 nan 0.000653
99 90 nan 0.000172
100 90 nan 0.000045
101 90 nan 0.000172
102 90 nan 0.000653
103 90 nan 0.002473
104 90 nan 0.009316
105 90 nan 0.034445
106 90 nan 0.119203
107 90 nan 0.339244
108 90 nan 0.660756
109 90 nan 0.880797
110 90 nan 0.965555
111 90 nan 0.990684
112 90 nan 0.997527
113 90 nan 0.999347
114 90 nan 0.999828
115 90 nan 0.999955
116 90 nan 0.999988
117 90 nan 0.999997
118 90 nan 0.999999
119 90 nan 1.000000
120 90 nan 1.000000
121 90 nan 1.000000
122 90 nan 1.000000
123 90 nan 1.000000
124 90 nan 1.000000
125 90 nan 1.000000
126 90 nan 1.000000
127 90 nan 1.000000
128 90 nan 1.000000
129 90 nan 1.000000
130 90 nan 1.000000
131 90 nan 1.000000
132 90 nan 1.000000
133 90 nan 1.000000
134 90 nan 1.000000
135 90 nan 1.000000
136 90 nan 1.000000
137 90 nan 1.000000
138 90 nan 1.000000
139 90 nan 1.000000
140 90 nan 1.000000
141 90 nan 1.000000
142 90 nan 1.000000
143 90 nan 1.000000
144 90 nan 1.000000
145 90 nan 1.000000
146 90 nan 1.000000
147 90 nan 1.000000
148 90 nan 1.000000
149 90 nan 1.000000
150 90 nan 1.000000
151 90 nan 1.000000
152 90 nan 1.000000
153 90 nan 1.000000
154 90 nan 1.000000
155 90 nan 1.000000
156 90 nan 1.000000
157 90 nan 1.000000
158 90 nan 1.000000
159 90 nan 1.000000
160 90 nan 1.000000
161 90 nan 1.000000
162 90 nan 1.000000
163 90 nan 1.000000
164 90 nan 1.000000
165 90 nan 1.000000
166 90 nan 1.000000
167 90 nan 1.000000
168 90 nan 1.000000
169 90 nan 0.999999
170 90 nan 0.999996
171 90 nan 0.999984
172 90 nan 0.999941
173 90 nan 0.999781
174 90 nan 0.999178
175 90 nan 0.996926
176 90 nan 0.988569
177 90 nan 0.958426
178 90 nan 0.860019
179 90 nan 0.620767
180 90 nan 0.303623
181 90 nan 0.104026
182 90 nan 0.029983
183 90 nan 0.008160
184 90 nan 0.002184
185 90 nan 0.000582
186 90 nan 0.000155
187 90 nan 0.000041
188 90 nan 0.000011
189 90 nan 0.000003
190 90 nan 0.000001
191 90 nan 0.000000
192 90 nan 0.000000
193 90 nan 0.000000
194 90 nan 0.000000
195 90 nan 0.000000
196 90 nan 0.000000
197 90 nan 0.000000
198 90 nan 0.000000
199 90 nan 0.000000
0 91 nan 0.000000
1 91 nan 0.000000
2 91 nan 0.000000
3 91 nan 0.000000
4 91 nan 0.000000
5 91 nan 0.000000
6 91 nan 0.000000
7 91 nan 0.000000
8 91 nan 0.000000
9 91 nan 0.000000
10 91 nan 0.000001
11 91 nan 0.000003
12 91 nan 0.000013
13 91 nan 0.000048
14 91 nan 0.000179
15 91 nan 0.000675
16 91 nan 0.002537
17 91 nan 0.009483
18 91 nan 0.034783
19 91 nan 0.119418
20 91 nan 0.337853
21 91 nan 0.657459
22 91 nan 0.878323
23 91 nan 0.964466
24 91 nan 0.990294
25 91 nan 0.997399
26 91 nan 0.999306
27 91 nan 0.999815
28 91 nan 0.999951
29 91 nan 0.999987
30 91 nan 0.999997
31 91 nan 0.999999
32 91 nan 1.000000
33 91 nan 1.000000
34 91 nan 1.000000
35 91 nan 1.000000
36 91 nan 1.000000
37 91 nan 1.000000
38 91 nan 1.000000
39 91 nan 1.000000
40 91 nan 1.000000
41 91 nan 1.000000
42 91 nan 1.000000
43 91 nan 1.000000
44 91 nan 1.000000
45 91 nan 1.000000
46 91 nan 1.000000
47 91 nan 1.000000
48 91 nan 1.000000
49 91 nan 1.000000
50 91 nan 1.000000
51 91 nan 1.000000
52 91 nan 1.000000
53 91 nan 1.000000
54 91 nan 1.000000
55 91 nan 1.000000
56 91 nan 1.000000
57 91 nan 1.000000
58 91 nan 1.000000
59 91 nan 1.000000
60 91 nan 1.000000
61 91 nan 1.000000
62 91 nan 1.000000
63 91 nan 1.000000
64 91 nan 1.000000
65 91 nan 1.000000
66 91 nan 1.000000
67 91 nan 1.000000
68 91 nan 1.000000
69 91 nan 1.000000
70 91 nan 1.000000
71 91 nan 1.000000
72 91 nan 1.000000
73 91 nan 1.000000
74 91 nan 1.000000
75 91 nan 1.000000
76 91 nan 1.000000
77 91 nan 1.000000
78 91 nan 1.000000
79 91 nan 1.000000
80 91 nan 1.000000
81 91 nan 1.000000
82 91 nan 0.999999
83 91 nan 0.999997
84 91 nan 0.999988
85 91 nan 0.999955
86 91 nan 0.999828
87 91 nan 0.999347
88 91 nan 0.997527
89 91 nan 0.990684
90 91 nan 0.965555
91 91 nan 0.880797
92 91 nan 0.660756
93 91 nan 0.339244
94 91 nan 0.119203
95 91 nan 0.034445
96 91 nan 0.009316
97 91 nan 0.002473
98 91 nan 0.000653
99 91 nan 0.000172
100 91 nan 0.000045
101 91 nan 0.000172
102 91 nan 0.000653
103 91 nan 0.002473
104 91 nan 0.009316
105 91 nan 0.034445
106 91 nan 0.119203
107 91 nan 0.339244
108 91 nan 0.660756
109 91 nan 0.880797
110 91 nan 0.965555
111 91 nan 0.990684
112 91 nan 0.997527
113 91 nan 0.999347
114 91 nan 0.999828
115 91 nan 0.999955
116 91 nan 0.999988
117 91 nan 0.999997
118 91 nan 0.999999
119 91 nan 1.000000
120 91 nan 1.000000
121 91 nan 1.000000
122 91 nan 1.000000
123 91 nan 1.000000
124 91 nan 1.000000
125 91 nan 1.000000
126 91 nan 1.000000
127 91 nan 1.000000
128 91 nan 1.000000
129 91 nan 1.000000
130 91 nan 1.000000
131 91 nan 1.000000
132 91 nan 1.000000
133 91 nan 1.000000
134 91 nan 1.000000
135 91 nan 1.000000
136 91 nan 1.000000
137 91 nan 1.000000
138 91 nan 1.000000
139 91 nan 1.000000
140 91 nan 1.000000
141 91 nan 1.000000
142 91 nan 1.000000
143 91 nan 1.000000
144 91 nan 1.000000
145 91 nan 1.000000
146 91 nan 1.000000
147 91 nan 1.000000
148 91 nan 1.000000
149 91 nan 1.000000
150 91 nan 1.000000
151 91 nan 1.000000
152 91 nan 1.000000
153 91 nan 1.000000
154 91 nan 1.000000
155 91 nan 1.000000
156 91 nan 1.000000
157 91 nan 1.000000
158 91 nan 1.000000
159 91 nan 1.000000
160 91 nan 1.000000
161 91 nan 1.000000
162 91 nan 1.000000
163 91 nan 1.000000
164 91 nan 1.000000
165 91 nan 1.000000
166 91 nan 1.000000
167 91 nan 1.000000
168 91 nan 1.000000
169 91 nan 0.999999
170 91 nan 0.999997
171 91 nan 0.999987
172 91 nan 0.999951
173 91 nan 0.999815
174 91 nan 0.999306
175 91 nan 0.997399
176 91 nan 0.990294
177 91 nan 0.964466
178 91 nan 0.878323
179 91 nan 0.657459
180 91 nan 0.337853
181 91 nan 0.119418
182 91 nan 0.034783
183 91 nan 0.009483
184 91 nan 0.002537
185 91 nan 0.000675
186 91 nan 0.000179
187 91 nan 0.000048
188 91 nan 0.000013
189 91 nan 0.000003
190 91 nan 0.000001
191 91 nan 0.000000
192 91 nan 0.000000
193 91 nan 0.000000
194 91 nan 0.000000
195 91 nan 0.000000
196 91 nan 0.000000
197 91 nan 0.000000
198 91 nan 0.000000
199 91 nan 0.000000
0 92 nan 0.000000
1 92 nan 0.000000
2 92 nan 0.000000
3 92 nan 0.000000
4 92 nan 0.000000
5 92 nan 0.000000
6 92 nan 0.000000
7 92 nan 0.000000
8 92 nan 0.000000
9 92 nan 0.000000
10 92 nan 0.000001
11 92 nan 0.000004
12 92 nan 0.000014
13 92 nan 0.000054
14 92 nan 0.000204
15 92 nan 0.000771
16 92 nan 0.002900
17 92 nan 0.010848
18 92 nan 0.039705
19 92 nan 0.134843
20 92 nan 0.370049
21 92 nan 0.688824
22 92 nan 0.892936
23 92 nan 0.969153
24 92 nan 0.991620
25 92 nan 0.997761
26 92 nan 0.999404
27 92 nan 0.999842
28 92 nan 0.999958
29 92 nan 0.999989
30 92 nan 0.999997
31 92 nan 0.999999
32 92 nan 1.000000
33 92 nan 1.000000
34 92 nan 1.000000
35 92 nan 1.000000
36 92 nan 1.000000
37 92 nan 1.000000
38 92 nan 1.000000
39 92 nan 1.000000
40 92 nan 1.000000
41 92 nan 1.000000
42 92 nan 1.000000
43 92 nan 1.000000
44 92 nan 1.000000
45 92 nan 1.000000
46 92 nan 1.000000
47 92 nan 1.000000
48 92 nan 1.000000
49 92 nan 1.000000
50 92 nan 1.000000
51 92 nan 1.000000
52 92 nan 1.000000
53 92 nan 1.000000
54 92 nan 1.000000
55 92 nan 1.000000
56 92 nan 1.000000
57 92 nan 1.000000
58 92 nan 1.000000
59 92 nan 1.000000
60 92 nan 1.000000
61 92 nan 1.000000
62 92 nan 1.000000
63 92 nan 1.000000
64 92 nan 1.000000
65 92 nan 1.000000
66 92 nan 1.000000
67 92 nan 1.000000
68 92 nan 1.000000
69 92 nan 1.000000
70 92 nan 1.000000
71 92 nan 1.000000
72 92 nan 1.000000
73 92 nan 1.000000
74 92 nan 1.000000
75 92 nan 1.000000
76 92 nan 1.000000
77 92 nan 1.000000
78 92 nan 1.000000
79 92 nan 1.000000
80 92 nan 1.000000
81 92 nan 1.000000
82 92 nan 0.999999
83 92 nan 0.999997
84 92 nan 0.999988
85 92 nan 0.999955
86 92 nan 0.999828
87 92 nan 0.999347
88 92 nan 0.997527
89 92 nan 0.990684
90 92 nan 0.965555
91 92 nan 0.880797
92 92 nan 0.660756
93 92 nan 0.339244
94 92 nan 0.119203
95 92 nan 0.034445
96 92 nan 0.009316
97 92 nan 0.002473
98 92 nan 0.000653
99 92 nan 0.000172
100 92 nan 0.000045
101 92 nan 0.000172
102 92 nan 0.000653
103 92 nan 0.002473
104 92 nan 0.009316
105 92 nan 0.034445
106 92 nan 0.119203
107 92 nan 0.339244
108 92 nan 0.660756
109 92 nan 0.880797
110 92 nan 0.965555
111 92 nan 0.990684
112 92 nan 0.997527
113 92 nan 0.999347
114 92 nan 0.999828
115 92 nan 0.999955
116 92 nan 0.999988
117 92 nan 0.999997
118 92 nan 0.999999
119 92 nan 1.000000
120 92 nan 1.000000
121 92 nan 1.000000
122 92 nan 1.000000
123 92 nan 1.000000
124 92 nan 1.000000
125 92 nan 1.000000
126 92 nan 1.000000
127 92 nan 1.000000
128 92 nan 1.000000
129 92 nan 1.000000
130 92 nan 1.000000
131 92 nan 1.000000
132 92 nan 1.000000
133 92 nan 1.000000
134 92 nan 1.000000
135 92 nan 1.000000
136 92 nan 1.000000
137 92 nan 1.000000
138 92 nan 1.000000
139 92 nan 1.000000
140 92 nan 1.000000
141 92 nan 1.000000
142 92 nan 1.000000
143 92 nan 1.000000
144 92 nan 1.000000
145 92 nan 1.000000
146 92 nan 1.000000
147 92 nan 1.000000
148 92 nan 1.000000
149 92 nan 1.000000
150 92 nan 1.000000
151 92 nan 1.000000
152 92 nan 1.000000
153 92 nan 1.000000
154 92 nan 1.000000
155 92 nan 1.000000
156 92 nan 1.000000
157 92 nan 1.000000
158 92 nan 1.000000
159 92 nan 1.000000
160 92 nan 1.000000
161 92 nan 1.000000
162 92 nan 1.000000
163 92 nan 1.000000
164 92 nan 1.000000
165 92 nan 1.000000
166 92 nan 1.000000
167 92 nan 1.000000
168 92 nan 1.000000
169 92 nan 0.999999
170 92 nan 0.999997
171 92 nan 0.999989
172 92 nan 0.999958
173 92 nan 0.999842
174 92 nan 0.999404
175 92 nan 0.997761
176 92 nan 0.991620
177 92 nan 0.969153
178 92 nan 0.892936
179 92 nan 0.688824
180 92 nan 0.370049
181 92 nan 0.134843
182 92 nan 0.039705
183 92 nan 0.010848
184 92 nan 0.002900
185 92 nan 0.000771
186 92 nan 0.000204
187 92 nan 0.000054
188 92 nan 0.000014
189 92 nan 0.000004
190 92 nan 0.000001
191 92 nan 0.000000
192 92 nan 0.000000
193 92 nan 0.000000
194 92 nan 0.000000
195 92 nan 0.000000
196 92 nan 0.000000
197 92 nan 0.000000
198 92 nan 0.000000
199 92 nan 0.000000
0 93 nan 0.000000
1 93 nan 0.000000
2 93 nan 0.000000
3 93 nan 0.000000
4 93 nan 0.000000
5 93 nan 0.000000
6 93 nan 0.000000
7 93 nan 0.000000
8 93 nan 0.000000
9 93 nan 0.000000
10 93 nan 0.000001
11 93 nan 0.000004
12 93 nan 0.000016
13 93 nan 0.000061
14 93 nan 0.000230
15 93 nan 0.000866
16 93 nan 0.003264
17 93 nan 0.012214
18 93 nan 0.044603
19 93 nan 0.149838
20 93 nan 0.399499
21 93 nan 0.715172
22 93 nan 0.904539
23 93 nan 0.972791
24 93 nan 0.992641
25 93 nan 0.998038
26 93 nan 0.999479
27 93 nan 0.999862
28 93 nan 0.999963
29 93 nan 0.999990
30 93 nan 0.999997
31 93 nan 0.999999
32 93 nan 1.000000
33 93 nan 1.000000
34 93 nan 1.000000
35 93 nan 1.000000
36 93 nan 1.000000
37 93 nan 1.000000
38 93 nan 1.000000
39 93 nan 1.000000
40 93 nan 1.000000
41 93 nan 1.000000
42 93 nan 1.000000
43 93 nan 1.000000
44 93 nan 1.000000
45 93 nan 1.000000
46 93 nan 1.000000
47 93 nan 1.000000
48 93 nan 1.000000
49 93 nan 1.000000
50 93 nan 1.000000
51 93 nan 1.000000
52 93 nan 1.000000
53 93 nan 1.000000
54 93 nan 1.000000
55 93 nan 1.000000
56 93 nan 1.000000
57 93 nan 1.000000
58 93 nan 1.000000
59 93 nan 1.000000
60 93 nan 1.000000
61 93 nan 1.000000
62 93 nan 1.000000
63 93 nan 1.000000
64 93 nan 1.000000
65 93 nan 1.000000
66 93 nan 1.000000
67 93 nan 1.000000
68 93 nan 1.000000
69 93 nan 1.000000
70 93 nan 1.000000
71 93 nan 1.000000
72 93 nan 1.000000
73 93 nan 1.000000
74 93 nan 1.000000
75 93 nan 1.000000
76 93 nan 1.000000
77 93 nan 1.000000
78 93 nan 1.000000
79 93 nan 1.000000
80 93 nan 1.000000
81 93 nan 1.000000
82 93 nan 0.999999
83 93 nan 0.999997
84 93 nan 0.999988
85 93 nan 0.999955
86 93 nan 0.999828
87 93 nan 0.999347
88 93 nan 0.997527
89 93 nan 0.990684
90 93 nan 0.965555
91 93 nan 0.880797
92 93 nan 0.660756
93 93 nan 0.339244
94 93 nan 0.119203
95 93 nan 0.034445
96 93 nan 0.009316
97 93 nan 0.002473
98 93 nan 0.000653
99 93 nan 0.000172
100 93 nan 0.000088
101 93 nan 0.000172
102 93 nan 0.000653
103 93 nan 0.002473
104 93 nan 0.009316
105 93 nan 0.034445
106 93 nan 0.119203
107 93 nan 0.339244
108 93 nan 0.660756
109 93 nan 0.880797
110 93 nan 0.965555
111 93 nan 0.990684
112 93 nan 0.997527
113 93 nan 0.999347
114 93 nan 0.999828
115 93 nan 0.999955
116 93 nan 0.999988
117 93 nan 0.999997
118 93 nan 0.999999
119 93 nan 1.000000
120 93 nan 1.000000
121 93 nan 1.000000
122 93 nan 1.000000
123 93 nan 1.000000
124 93 nan 1.000000
125 93 nan 1.000000
126 93 nan 1.000000
127 93 nan 1.000000
128 93 nan 1.000000
129 93 nan 1.000000
130 93 nan 1.000000
131 93 nan 1.000000
132 93 nan 1.000000
133 93 nan 1.000000
134 93 nan 1.000000
135 93 nan 1.000000
136 93 nan 1.000000
137 93 nan 1.000000
138 93 nan 1.000000
139 93 nan 1.000000
140 93 nan 1.000000
141 93 nan 1.000000
142 93 nan 1.000000
143 93 nan 1.000000
144 93 nan 1.000000
145 93 nan 1.000000
146 93 nan 1.000000
147 93 nan 1.000000
148 93 nan 1.000000
149 93 nan 1.000000
150 93 nan 1.000000
151 93 nan 1.000000
152 93 nan 1.000000
153 93 nan 1.000000
154 93 nan 1.000000
155 93 nan 1.000000
156 93 nan 1.000000
157 93 nan 1.000000
158 93 nan 1.000000
159 93 nan 1.000000
160 93 nan 1.000000
161 93 nan 1.000000
162 93 nan 1.000000
163 93 nan 1.000000
164 93 nan 1.000000
165 93 nan 1.000000
166 93 nan 1.000000
167 93 nan 1.000000
168 93 nan 1.000000
169 93 nan 0.999999
170 93 nan 0.999997
171 93 nan 0.999990
172 93 nan 0.999963
173 93 nan 0.999862
174 93 nan 0.999479
175 93 nan 0.998038
176 93 nan 0.992641
177 93 nan 0.972791
178 93 nan 0.904539
179 93 nan 0.715172
180 93 nan 0.399499
181 93 nan 0.149838
182 93 nan 0.044603
183 93 nan 0.012214
184 93 nan 0.003264
185 93 nan 0.000866
186 93 nan 0.000230
187 93 nan 0.000061
188 93 nan 0.000016
189 93 nan 0.000004
190 93 nan 0.000001
191 93 nan 0.000000
192 93 nan 0.000000
193 93 nan 0.000000
194 93 nan 0.000000
195 93 nan 0.000000
196 93 nan 0.000000
197 93 nan 0.000000
198 93 nan 0.000000
199 93 nan 0.000000
0 94 nan 0.000000
1 94 nan 0.000000
2 94 nan 0.000000
3 94 nan 0.000000
4 94 nan 0.000000
5 94 nan 0.000000
6 94 nan 0.000000
7 94 nan 0.000000
8 94 nan 0.000000
9 94 nan 0.000000
10 94 nan 0.000001
11 94 nan 0.000005
12 94 nan 0.000018
13 94 nan 0.000067
14 94 nan 0.000254
15 94 nan 0.000959
16 94 nan 0.003616
17 94 nan 0.013536
18 94 nan 0.049315
19 94 nan 0.163937
20 94 nan 0.425660
21 94 nan 0.736911
22 94 nan 0.913681
23 94 nan 0.975607
24 94 nan 0.993426
25 94 nan 0.998251
26 94 nan 0.999536
27 94 nan 0.999877
28 94 nan 0.999967
29 94 nan 0.999991
30 94 nan 0.999998
31 94 nan 0.999999
32 94 nan 1.000000
33 94 nan 1.000000
34 94 nan 1.000000
35 94 nan 1.000000
36 94 nan 1.000000
37 94 nan 1.000000
38 94 nan 1.000000
39 94 nan 1.000000
40 94 nan 1.000000
41 94 nan 1.000000
42 94 nan 1.000000
43 94 nan 1.000000
44 94 nan 1.000000
45 94 nan 1.000000
46 94 nan 1.000000
47 94 nan 1.000000
48 94 nan 1.000000
49 94 nan 1.000000
50 94 nan 1.000000
51 94 nan 1.000000
52 94 nan 1.000000
53 94 nan 1.000000
54 94 nan 1.000000
55 94 nan 1.000000
56 94 nan 1.000000
57 94 nan 1.000000
58 94 nan 1.000000
59 94 nan 1.000000
60 94 nan 1.000000
61 94 nan 1.000000
62 94 nan 1.000000
63 94 nan 1.000000
64 94 nan 1.000000
65 94 nan 1.000000
66 94 nan 1.000000
67 94 nan 1.000000
68 94 nan 1.000000
69 94 nan 1.000000
70 94 nan 1.000000
71 94 nan 1.000000
72 94 nan 1.000000
73 94 nan 1.000000
74 94 nan 1.000000
75 94 nan 1.000000
76 94 nan 1.000000
77 94 nan 1.000000
78 94 nan 1.000000
79 94 nan 1.000000
80 94 nan 1.000000
81 94 nan 1.000000
82 94 nan 0.999999
83 94 nan 0.999997
84 94 nan 0.999988
85 94 nan 0.999955
86 94 nan 0.999828
87 94 nan 0.999347
88 94 nan 0.997527
89 94 nan 0.990684
90 94 nan 0.965555
91 94 nan 0.880797
92 94 nan 0.660756
93 94 nan 0.339244
94 94 nan 0.119203
95 94 nan 0.034445
96 94 nan 0.009316
97 94 nan 0.002473
98 94 nan 0.000653
99 94 nan 0.000335
100 94 nan 0.000335
101 94 nan 0.000335
102 94 nan 0.000653
103 94 nan 0.002473
104 94 nan 0.009316
105 94 nan 0.034445
106 94 nan 0.119203
107 94 nan 0.339244
108 94 nan 0.660756
109 94 nan 0.880797
110 94 nan 0.965555
111 94 nan 0.990684
112 94 nan 0.997527
113 94 nan 0.999347
114 94 nan 0.999828
115 94 nan 0.999955
116 94 nan 0.999988
117 94 nan 0.999997
118 94 nan 0.999999
119 94 nan 1.000000
120 94 nan 1.000000
121 94 nan 1.000000
122 94 nan 1.000000
123 94 nan 1.000000
124 94 nan 1.000000
125 94 nan 1.000000
126 94 nan 1.000000
127 94 nan 1.000000
128 94 nan 1.000000
129 94 nan 1.000000
130 94 nan 1.000000
131 94 nan 1.000000
132 94 nan 1.000000
133 94 nan 1.000000
134 94 nan 1.000000
135 94 nan 1.000000
136 94 nan 1.000000
137 94 nan 1.000000
138 94 nan 1.000000
139 94 nan 1.000000
140 94 nan 1.000000
141 94 nan 1.000000
142 94 nan 1.000000
143 94 nan 1.000000
144 94 nan 1.000000
145 94 nan 1.000000
146 94 nan 1.000000
147 94 nan 1.000000
148 94 nan 1.000000
149 94 nan 1.000000
150 94 nan 1.000000
151 94 nan 1.000000
152 94 nan 1.000000
153 94 nan 1.000000
154 94 nan 1.000000
155 94 nan 1.000000
156 94 nan 1.000000
157 94 nan 1.000000
158 94 nan 1.000000
159 94 nan 1.000000
160 94 nan 1.000000
161 94 nan 1.000000
162 94 nan 1.000000
163 94 nan 1.000000
164 94 nan 1.000000
165 94 nan 1.000000
166 94 nan 1.000000
167 94 nan 1.000000
168 94 nan 1.000000
169 94 nan 0.999999
170 94 nan 0.999998
171 94 nan 0.999991
172 94 nan 0.999967
173 94 nan 0.999877
174 94 nan 0.999536
175 94 nan 0.998251
176 94 nan 0.993426
177 94 nan 0.975607
178 94 nan 0.913681
179 94 nan 0.736911
180 94 nan 0.425660
181 94 nan 0.163937
182 94 nan 0.049315
183 94 nan 0.013536
184 94 nan 0.003616
185 94 nan 0.000959
186 94 nan 0.000254
187 94 nan 0.000067
188 94 nan 0.000018
189 94 nan 0.000005
190 94 nan 0.000001
191 94 nan 0.000000
192 94 nan 0.000000
193 94 nan 0.000000
194 94 nan 0.000000
195 94 nan 0.000000
196 94 nan 0.000000
197 94 nan 0.000000
198 94 nan 0.000000
199 94 nan 0.000000
0 95 nan 0.000000
1 95 nan 0.000000
2 95 nan 0.000000
3 95 nan 0.000000
4 95 nan 0.000000
5 95 nan 0.000000
6 95 nan 0.000000
7 95 nan 0.000000
8 95 nan 0.000000
9 95 nan 0.000000
10 95 nan 0.000001
11 95 nan 0.000005
12 95 nan 0.000019
13 95 nan 0.000073
14 95 nan 0.000276
15 95 nan 0.001045
16 95 nan 0.003944
17 95 nan 0.014765
18 95 nan 0.053670
19 95 nan 0.176695
20 95 nan 0.448154
21 95 nan 0.754466
22 95 nan 0.920796
23 95 nan 0.977769
24 95 nan 0.994026
25 95 nan 0.998414
26 95 nan 0.999580
27 95 nan 0.999889
28 95 nan 0.999971
29 95 nan 0.999992
30 95 nan 0.999998
31 95 nan 0.999999
32 95 nan 1.000000
33 95 nan 1.000000
34 95 nan 1.000000
35 95 nan 1.000000
36 95 nan 1.000000
37 95 nan 1.000000
38 95 nan 1.000000
39 95 nan 1.000000
40 95 nan 1.000000
41 95 nan 1.000000
42 95 nan 1.000000
43 95 nan 1.000000
44 95 nan 1.000000
45 95 nan 1.000000
46 95 nan 1.000000
47 95 nan 1.000000
48 95 nan 1.000000
49 95 nan 1.000000
50 95 nan 1.000000
51 95 nan 1.000000
52 95 nan 1.000000
53 95 nan 1.000000
54 95 nan 1.000000
55 95 nan 1.000000
56 95 nan 1.000000
57 95 nan 1.000000
58 95 nan 1.000000
59 95 nan 1.000000
60 95 nan 1.000000
61 95 nan 1.000000
62 95 nan 1.000000
63 95 nan 1.000000
64 95 nan 1.000000
65 95 nan 1.000000
66 95 nan 1.000000
67 95 nan 1.000000
68 95 nan 1.000000
69 95 nan 1.000000
70 95 nan 1.000000
71 95 nan 1.000000
72 95 nan 1.000000
73 95 nan 1.000000
74 95 nan 1.000000
75 95 nan 1.000000
76 95 nan 1.000000
77 95 nan 1.000000
78 95 nan 1.000000
79 95 nan 1.000000
80 95 nan 1.000000
81 95 nan 1.000000
82 95 nan 0.999999
83 95 nan 0.999997
84 95 nan 0.999988
85 95 nan 0.999955
86 95 nan 0.999828
87 95 nan 0.999347
88 95 nan 0.997527
89 95 nan 0.990684
90 95 nan 0.965555
91 95 nan 0.880797
92 95 nan 0.660756
93 95 nan 0.339244
94 95 nan 0.119203
95 95 nan 0.034445
96 95 nan 0.009316
97 95 nan 0.002473
98 95 nan 0.001271
99 95 nan 0.001271
100 95 nan 0.001271
101 95 nan 0.001271
102 95 nan 0.001271
103 95 nan 0.002473
104 95 nan 0.009316
105 95 nan 0.034445
106 95 nan 0.119203
107 95 nan 0.339244
108 95 nan 0.660756
109 95 nan 0.880797
110 95 nan 0.965555
111 95 nan 0.990684
112 95 nan 0.997527
113 95 nan 0.999347
114 95 nan 0.999828
115 95 nan 0.999955
116 95 nan 0.999988
117 95 nan 0.999997
118 95 nan 0.999999
119 95 nan 1.000000
120 95 nan 1.000000
121 95 nan 1.000000
122 95 nan 1.000000
123 95 nan 1.000000
124 95 nan 1.000000
125 95 nan 1.000000
126 95 nan 1.000000
127 95 nan 1.000000
128 95 nan 1.000000
129 95 nan 1.000000
130 95 nan 1.000000
131 95 nan 1.000000
132 95 nan 1.000000
133 95 nan 1.000000
134 95 nan 1.000000
135 95 nan 1.000000
136 95 nan 1.000000
137 95 nan 1.000000
138 95 nan 1.000000
139 95 nan 1.000000
140 95 nan 1.000000
141 95 nan 1.000000
142 95 nan 1.000000
143 95 nan 1.000000
144 95 nan 1.000000
145 95 nan 1.000000
146 95 nan 1.000000
147 95 nan 1.000000
148 95 nan 1.000000
149 95 nan 1.000000
150 95 nan 1.000000
151 95 nan 1.000000
152 95 nan 1.000000
153 95 nan 1.000000
154 95 nan 1.000000
155 95 nan 1.000000
156 95 nan 1.000000
157 95 nan 1.000000
158 95 nan 1.000000
159 95 nan 1.000000
160 95 nan 1.000000
161 95 nan 1.000000
162 95 nan 1.000000
163 95 nan 1.000000
164 95 nan 1.000000
165 95 nan 1.000000
166 95 nan 1.000000
167 95 nan 1.000000
168 95 nan 1.000000
169 95 nan 0.999999
170 95 nan 0.999998
171 95 nan 0.999992
172 95 nan 0.999971
173 95 nan 0.999889
174 95 nan 0.999580
175 95 nan 0.998414
176 95 nan 0.994026
177 95 nan 0.977769
178 95 nan 0.920796
179 95 nan 0.754466
180 95 nan 0.448154
181 95 nan 0.176695
182 95 nan 0.053670
183 95 nan 0.014765
184 95 nan 0.003944
185 95 nan 0.001045
186 95 nan 0.000276
187 95 nan 0.000073
188 95 nan 0.000019
189 95 nan 0.000005
190 95 nan 0.000001
191 95 nan 0.000000
192 95 nan 0.000000
193 95 nan 0.000000
194 95 nan 0.000000
195 95 nan 0.000000
196 95 nan 0.000000
197 95 nan 0.000000
198 95 nan 0.000000
199 95 nan 0.000000
0 96 nan 0.000000
1 96 nan 0.000000
2 96 nan 0.000000
3 96 nan 0.000000
4 96 nan 0.000000
5 96 nan 0.000000
6 96 nan 0.000000
7 96 nan 0.000000
8 96 nan 0.000000
9 96 nan 0.000000
10 96 nan 0.000001
11 96 nan 0.000005
12 96 nan 0.000021
13 96 nan 0.000078
14 96 nan 0.000296
15 96 nan 0.001121
16 96 nan 0.004235
17 96 nan 0.015853
18 96 nan 0.057504
19 96 nan 0.187713
20 96 nan 0.466737
21 96 nan 0.768240
22 96 nan 0.926219
23 96 nan 0.979398
24 96 nan 0.994476
25 96 nan 0.998535
26 96 nan 0.999613
27 96 nan 0.999898
28 96 nan 0.999973
29 96 nan 0.999993
30 96 nan 0.999998
31 96 nan 1.000000
32 96 nan 1.000000
33 96 nan 1.000000
34 96 nan 1.000000
35 96 nan 1.000000
36 96 nan 1.000000
37 96 nan 1.000000
38 96 nan 1.000000
39 96 nan 1.000000
40 96 nan 1.000000
41 96 nan 1.000000
42 96 nan 1.000000
43 96 nan 1.000000
44 96 nan 1.000000
45 96 nan 1.000000
46 96 nan 1.000000
47 96 nan 1.000000
48 96 nan 1.000000
49 96 nan 1.000000
50 96 nan 1.000000
51 96 nan 1.000000
52 96 nan 1.000000
53 96 nan 1.000000
54 96 nan 1.000000
55 96 nan 1.000000
56 96 nan 1.000000
57 96 nan 1.000000
58 96 nan 1.000000
59 96 nan 1.000000
60 96 nan 1.000000
61 96 nan 1.000000
62 96 nan 1.000000
63 96 nan 1.000000
64 96 nan 1.000000
65 96 nan 1.000000
66 96 nan 1.000000
67 96 nan 1.000000
68 96 nan 1.000000
69 96 nan 1.000000
70 96 nan 1.000000
71 96 nan 1.000000
72 96 nan 1.000000
73 96 nan 1.000000
74 96 nan 1.000000
75 96 nan 1.000000
76 96 nan 1.000000
77 96 nan 1.000000
78 96 nan 1.000000
79 96 nan 1.000000
80 96 nan 1.000000
81 96 nan 1.000000
82 96 nan 0.999999
83 96 nan 0.999997
84 96 nan 0.999988
85 96 nan 0.999955
86 96 nan 0.999828
87 96 nan 0.999347
88 96 nan 0.997527
89 96 nan 0.990684
90 96 nan 0.965555
91 96 nan 0.880797
92 96 nan 0.660756
93 96 nan 0.339244
94 96 nan 0.119203
95 96 nan 0.034445
96 96 nan 0.009316
97 96 nan 0.004805
98 96 nan 0.004805
99 96 nan 0.004805
100 96 nan 0.004805
101 96 nan 0.004805
102 96 nan 0.004805
103 96 nan 0.004805
104 96 nan 0.009316
105 96 nan 0.034445
106 96 nan 0.119203
107 96 nan 0.339244
108 96 nan 0.660756
109 96 nan 0.880797
110 96 nan 0.965555
111 96 nan 0.990684
112 96 nan 0.997527
113 96 nan 0.999347
114 96 nan 0.999828
115 96 nan 0.999955
116 96 nan 0.999988
117 96 nan 0.999997
118 96 nan 0.999999
119 96 nan 1.000000
120 96 nan 1.000000
121 96 nan 1.000000
122 96 nan 1.000000
123 96 nan 1.000000
124 96 nan 1.000000
125 96 nan 1.000000
126 96 nan 1.000000
127 96 nan 1.000000
128 96 nan 1.000000
129 96 nan 1.000000
130 96 nan 1.000000
131 96 nan 1.000000
132 96 nan 1.000000
133 96 nan 1.000000
134 96 nan 1.000000
135 96 nan 1.000000
136 96 nan 1.000000
137 96 nan 1.000000
138 96 nan 1.000000
139 96 nan 1.000000
140 96 nan 1.000000
141 96 nan 1.000000
142 96 nan 1.000000
143 96 nan 1.000000
144 96 nan 1.000000
145 96 nan 1.000000
146 96 nan 1.000000
147 96 nan 1.000000
148 96 nan 1.000000
149 96 nan 1.000000
150 96 nan 1.000000
151 96 nan 1.000000
152 96 nan 1.000000
153 96 nan 1.000000
154 96 nan 1.000000
155 96 nan 1.000000
156 96 nan 1.000000
157 96 nan 1.000000
158 96 nan 1.000000
159 96 nan 1.000000
160 96 nan 1.000000
161 96 nan 1.000000
162 96 nan 1.000000
163 96 nan 1.000000
164 96 nan 1.000000
165 96 nan 1.000000
166 96 nan 1.000000
167 96 nan 1.000000
168 96 nan 1.000000
169 96 nan 1.000000
170 96 nan 0.999998
171 96 nan 0.999993
172 96 nan 0.999973
173 96 nan 0.999898
174 96 nan 0.999613
175 96 nan 0.998535
176 96 nan 0.994476
177 96 nan 0.979398
178 96 nan 0.926219
179 96 nan 0.768240
180 96 nan 0.466737
181 96 nan 0.187713
182 96 nan 0.057504
183 96 nan 0.015853
184 96 nan 0.004235
185 96 nan 0.001121
186 96 nan 0.000296
187 96 nan 0.000078
188 96 nan 0.000021
189 96 nan 0.000005
190 96 nan 0.000001
191 96 nan 0.000000
192 96 nan 0.000000
193 96 nan 0.000000
194 96 nan 0.000000
195 96 nan 0.000000
196 96 nan 0.000000
197 96 nan 0.000000
198 96 nan 0.000000
199 96 nan 0.000000
0 97 nan 0.000000
1 97 nan 0.000000
2 97 nan 0.000000
3 97 nan 0.000000
4 97 nan 0.000000
5 97 nan 0.000000
6 97 nan 0.000000
7 97 nan 0.000000
8 97 nan 0.000000
9 97 nan 0.000000
10 97 nan 0.000002
11 97 nan 0.000006
12 97 nan 0.000022
13 97 nan 0.000083
14 97 nan 0.000313
15 97 nan 0.001185
16 97 nan 0.004475
17 97 nan 0.016753
18 97 nan 0.060665
19 97 nan 0.196647
20 97 nan 0.481265
21 97 nan 0.778580
22 97 nan 0.930200
23 97 nan 0.980585
24 97 nan 0.994803
25 97 nan 0.998623
26 97 nan 0.999636
27 97 nan 0.999904
28 97 nan 0.999975
29 97 nan 0.999993
30 97 nan 0.999998
31 97 nan 1.000000
32 97 nan 1.000000
33 97 nan 1.000000
34 97 nan 1.000000
35 97 nan 1.000000
36 97 nan 1.000000
37 97 nan 1.000000
38 97 nan 1.000000
39 97 nan 1.000000
40 97 nan 1.000000
41 97 nan 1.000000
42 97 nan 1.000000
43 97 nan 1.000000
44 97 nan 1.000000
45 97 nan 1.000000
46 97 nan 1.000000
47 97 nan 1.000000
48 97 nan 1.000000
49 97 nan 1.000000
50 97 nan 1.000000
51 97 nan 1.000000
52 97 nan 1.000000
53 97 nan 1.000000
54 97 nan 1.000000
55 97 nan 1.000000
56 97 nan 1.000000
57 97 nan 1.000000
58 97 nan 1.000000
59 97 nan 1.000000
60 97 nan 1.000000
61 97 nan 1.000000
62 97 nan 1.000000
63 97 nan 1.000000
64 97 nan 1.000000
65 97 nan 1.000000
66 97 nan 1.000000
67 97 nan 1.000000
68 97 nan 1.000000
69 97 nan 1.000000
70 97 nan 1.000000
71 97 nan 1.000000
72 97 nan 1.000000
73 97 nan 1.000000
74 97 nan 1.000000
75 97 nan 1.000000
76 97 nan 1.000000
77 97 nan 1.000000
78 97 nan 1.000000
79 97 nan 1.000000
80 97 nan 1.000000
81 97 nan 1.000000
82 97 nan 0.999999
83 97 nan 0.999997
84 97 nan 0.999988
85 97 nan 0.999955
86 97 nan 0.999828
87 97 nan 0.999347
88 97 nan 0.997527
89 97 nan 0.990684
90 97 nan 0.965555
91 97 nan 0.880797
92 97 nan 0.660756
93 97 nan 0.339244
94 97 nan 0.119203
95 97 nan 0.034445
96 97 nan 0.017986
97 97 nan 0.017986
98 97 nan 0.017986
99 97 nan 0.017986
100 97 nan 0.017986
101 97 nan 0.017986
102 97 nan 0.017986
103 97 nan 0.017986
104 97 nan 0.017986
105 97 nan 0.034445
106 97 nan 0.119203
107 97 nan 0.339244
108 97 nan 0.660756
109 97 nan 0.880797
110 97 nan 0.965555
111 97 nan 0.990684
112 97 nan 0.997527
113 97 nan 0.999347
114 97 nan 0.999828
115 97 nan 0.999955
116 97 nan 0.999988
117 97 nan 0.999997
118 97 nan 0.999999
119 97 nan 1.000000
120 97 nan 1.000000
121 97 nan 1.000000
122 97 nan 1.000000
123 97 nan 1.000000
124 97 nan 1.000000
125 97 nan 1.000000
126 97 nan 1.000000
127 97 nan 1.000000
128 97 nan 1.000000
129 97 nan 1.000000
130 97 nan 1.000000
131 97 nan 1.000000
132 97 nan 1.000000
133 97 nan 1.000000
134 97 nan 1.000000
135 97 nan 1.000000
136 97 nan 1.000000
137 97 nan 1.000000
138 97 nan 1.000000
139 97 nan 1.000000
140 97 nan 1.000000
141 97 nan 1.000000
142 97 nan 1.000000
143 97 nan 1.000000
144 97 nan 1.000000
145 97 nan 1.000000
146 97 nan 1.000000
147 97 nan 1.000000
148 97 nan 1.000000
149 97 nan 1.000000
150 97 nan 1.000000
151 97 nan 1.000000
152 97 nan 1.000000
153 97 nan 1.000000
154 97 nan 1.000000
155 97 nan 1.000000
156 97 nan 1.000000
157 97 nan 1.000000
158 97 nan 1.000000
159 97 nan 1.000000
160 97 nan 1.000000
161 97 nan 1.000000
162 97 nan 1.000000
163 97 nan 1.000000
164 97 nan 1.000000
165 97 nan 1.000000
166 97 nan 1.000000
167 97 nan 1.000000
168 97 nan 1.000000
169 97 nan 1.000000
170 97 nan 0.999998
171 97 nan 0.999993
172 97 nan 0.999975
173 97 nan 0.999904
174 97 nan 0.999636
175 97 nan 0.998623
176 97 nan 0.994803
177 97 nan 0.980585
178 97 nan 0.930200
179 97 nan 0.778580
180 97 nan 0.481265
181 97 nan 0.196647
182 97 nan 0.060665
183 97 nan 0.016753
184 97 nan 0.004475
185 97 nan 0.001185
186 97 nan 0.000313
187 97 nan 0.000083
188 97 nan 0.000022
189 97 nan 0.000006
190 97 nan 0.000002
191 97 nan 0.000000
192 97 nan 0.000000
193 97 nan 0.000000
194 97 nan 0.000000
195 97 nan 0.000000
196 97 nan 0.000000
197 97 nan 0.000000
198 97 nan 0.000000
199 97 nan 0.000000
0 98 nan 0.000000
1 98 nan 0.000000
2 98 nan 0.000000
3 98 nan 0.000000
4 98 nan 0.000000
5 98 nan 0.000000
6 98 nan 0.000000
7 98 nan 0.000000
8 98 nan 0.000000
9 98 nan 0.000000
10 98 nan 0.000002
11 98 nan 0.000006
12 98 nan 0.000023
13 98 nan 0.000086
14 98 nan 0.000325
15 98 nan 0.001232
16 98 nan 0.004655
17 98 nan 0.017428
18 98 nan 0.063022
19 98 nan 0.203226
20 98 nan 0.491669
21 98 nan 0.785765
22 98 nan 0.932923
23 98 nan 0.981392
24 98 nan 0.995025
25 98 nan 0.998683
26 98 nan 0.999652
27 98 nan 0.999908
28 98 nan 0.999976
29 98 nan 0.999994
30 98 nan 0.999998
31 98 nan 1.000000
32 98 nan 1.000000
33 98 nan 1.000000
34 98 nan 1.000000
35 98 nan 1.000000
36 98 nan 1.000000
37 98 nan 1.000000
38 98 nan 1.000000
39 98 nan 1.000000
40 98 nan 1.000000
41 98 nan 1.000000
42 98 nan 1.000000
43 98 nan 1.000000
44 98 nan 1.000000
45 98 nan 1.000000
46 98 nan 1.000000
47 98 nan 1.000000
48 98 nan 1.000000
49 98 nan 1.000000
50 98 nan 1.000000
51 98 nan 1.000000
52 98 nan 1.000000
53 98 nan 1.000000
54 98 nan 1.000000
55 98 nan 1.000000
56 98 nan 1.000000
57 98 nan 1.000000
58 98 nan 1.000000
59 98 nan 1.000000
60 98 nan 1.000000
61 98 nan 1.000000
62 98 nan 1.000000
63 98 nan 1.000000
64 98 nan 1.000000
65 98 nan 1.000000
66 98 nan 1.000000
67 98 nan 1.000000
68 98 nan 1.000000
69 98 nan 1.000000
70 98 nan 1.000000
71 98 nan 1.000000
72 98 nan 1.000000
73 98 nan 1.000000
74 98 nan 1.000000
75 98 nan 1.000000
76 98 nan 1.000000
77 98 nan 1.000000
78 98 nan 1.000000
79 98 nan 1.000000
80 98 nan 1.000000
81 98 nan 1.000000
82 98 nan 0.999999
83 98 nan 0.999997
84 98 nan 0.999988
85 98 nan 0.999955
86 98 nan 0.999828
87 98 nan 0.999347
88 98 nan 0.997527
89 98 nan 0.990684
90 98 nan 0.965555
91 98 nan 0.880797
92 98 nan 0.660756
93 98 nan 0.339244
94 98 nan 0.119203
95 98 nan 0.064969
96 98 nan 0.064969
97 98 nan 0.064969
98 98 nan 0.064969
99 98 nan 0.064969
100 98 nan 0.064969
101 98 nan 0.064969
102 98 nan 0.064969
103 98 nan 0.064969
104 98 nan 0.064969
105 98 nan 0.064969
106 98 nan 0.119203
107 98 nan 0.339244
108 98 nan 0.660756
109 98 nan 0.880797
110 98 nan 0.965555
111 98 nan 0.990684
112 98 nan 0.997527
113 98 nan 0.999347
114 98 nan 0.999828
115 98 nan 0.999955
116 98 nan 0.999988
117 98 nan 0.999997
118 98 nan 0.999999
119 98 nan 1.000000
120 98 nan 1.000000
121 98 nan 1.000000
122 98 nan 1.000000
123 98 nan 1.000000
124 98 nan 1.000000
125 98 nan 1.000000
126 98 nan 1.000000
127 98 nan 1.000000
128 98 nan 1.000000
129 98 nan 1.000000
130 98 nan 1.000000
131 98 nan 1.000000
132 98 nan 1.000000
133 98 nan 1.000000
134 98 nan 1.000000
135 98 nan 1.000000
136 98 nan 1.000000
137 98 nan 1.000000
138 98 nan 1.000000
139 98 nan 1.000000
140 98 nan 1.000000
141 98 nan 1.000000
142 98 nan 1.000000
143 98 nan 1.000000
144 98 nan 1.000000
145 98 nan 1.000000
146 98 nan 1.000000
147 98 nan 1.000000
148 98 nan 1.000000
149 98 nan 1.000000
150 98 nan 1.000000
151 98 nan 1.000000
152 98 nan 1.000000
153 98 nan 1.000000
154 98 nan 1.000000
155 98 nan 1.000000
156 98 nan 1.000000
157 98 nan 1.000000
158 98 nan 1.000000
159 98 nan 1.000000
160 98 nan 1.000000
161 98 nan 1.000000
162 98 nan 1.000000
163 98 nan 1.000000
164 98 nan 1.000000
165 98 nan 1.000000
166 98 nan 1.000000
167 98 nan 1.000000
168 98 nan 1.000000
169 98 nan 1.000000
170 98 nan 0.999998
171 98 nan 0.999994
172 98 nan 0.999976
173 98 nan 0.999908
174 98 nan 0.999652
175 98 nan 0.998683
176 98 nan 0.995025
177 98 nan 0.981392
178 98 nan 0.932923
179 98 nan 0.785765
180 98 nan 0.491669
181 98 nan 0.203226
182 98 nan 0.063022
183 98 nan 0.017428
184 98 nan 0.004655
185 98 nan 0.001232
186 98 nan 0.000325
187 98 nan 0.000086
188 98 nan 0.000023
189 98 nan 0.000006
190 98 nan 0.000002
191 98 nan 0.000000
192 98 nan 0.000000
193 98 nan 0.000000
194 98 nan 0.000000
195 98 nan 0.000000
196 98 nan 0.000000
197 98 nan 0.000000
198 98 nan 0.000000
199 98 nan 0.000000
0 99 nan 0.000000
1 99 nan 0.000000
2 99 nan 0.000000
3 99 nan 0.000000
4 99 nan 0.000000
5 99 nan 0.000000
6 99 nan 0.000000
7 99 nan 0.000000
8 99 nan 0.000000
9 99 nan 0.000000
10 99 nan 0.000002
11 99 nan 0.000006
12 99 nan 0.000023
13 99 nan 0.000088
14 99 nan 0.000333
15 99 nan 0.001261
16 99 nan 0.004767
17 99 nan 0.017845
18 99 nan 0.064477
19 99 nan 0.207253
20 99 nan 0.497917
21 99 nan 0.789995
22 99 nan 0.934510
23 99 nan 0.981860
24 99 nan 0.995153
25 99 nan 0.998718
26 99 nan 0.999662
27 99 nan 0.999911
28 99 nan 0.999976
29 99 nan 0.999994
30 99 nan 0.999998
31 99 nan 1.000000
32 99 nan 1.000000
33 99 nan 1.000000
34 99 nan 1.000000
35 99 nan 1.000000
36 99 nan 1.000000
37 99 nan 1.000000
38 99 nan 1.000000
39 99 nan 1.000000
40 99 nan 1.000000
41 99 nan 1.000000
42 99 nan 1.000000
43 99 nan 1.000000
44 99 nan 1.000000
45 99 nan 1.000000
46 99 nan 1.000000
47 99 nan 1.000000
48 99 nan 1.000000
49 99 nan 1.000000
50 99 nan 1.000000
51 99 nan 1.000000
52 99 nan 1.000000
53 99 nan 1.000000
54 99 nan 1.000000
55 99 nan 1.000000
56 99 nan 1.000000
57 99 nan 1.000000
58 99 nan 1.000000
59 99 nan 1.000000
60 99 nan 1.000000
61 99 nan 1.000000
62 99 nan 1.000000
63 99 nan 1.000000
64 99 nan 1.000000
65 99 nan 1.000000
66 99 nan 1.000000
67 99 nan 1.000000
68 99 nan 1.000000
69 99 nan 1.000000
70 99 nan 1.000000
71 99 nan 1.000000
72 99 nan 1.000000
73 99 nan 1.000000
74 99 nan 1.000000
75 99 nan 1.000000
76 99 nan 1.000000
77 99 nan 1.000000
78 99 nan 1.000000
79 99 nan 1.000000
80 99 nan 1.000000
81 99 nan 1.000000
82 99 nan 0.999999
83 99 nan 0.999997
84 99 nan 0.999988
85 99 nan 0.999955
86 99 nan 0.999828
87 99 nan 0.999347
88 99 nan 0.997527
89 99 nan 0.990684
90 99 nan 0.965555
91 99 nan 0.880797
92 99 nan 0.660756
93 99 nan 0.339244
94 99 nan 0.208609
95 99 nan 0.208609
96 99 nan 0.208609
97 99 nan 0.208609
98 99 nan 0.208609
99 99 nan 0.208609
100 99 nan 0.208609
101 99 nan 0.208609
102 99 nan 0.208609
103 99 nan 0.208609
104 99 nan 0.208609
105 99 nan 0.208609
106 99 nan 0.208609
107 99 nan 0.339244
108 99 nan 0.660756
109 99 nan 0.880797
110 99 nan 0.965555
111 99 nan 0.990684
112 99 nan 0.997527
113 99 nan 0.999347
114 99 nan 0.999828
115 99 nan 0.999955
116 99 nan 0.999988
117 99 nan 0.999997
118 99 nan 0.999999
119 99 nan 1.000000
120 99 nan 1.000000
121 99 nan 1.000000
122 99 nan 1.000000
123 99 nan 1.000000
124 99 nan 1.000000
125 99 nan 1.000000
126 99 nan 1.000000
127 99 nan 1.000000
128 99 nan 1.000000
129 99 nan 1.000000
130 99 nan 1.000000
131 99 nan 1.000000
132 99 nan 1.000000
133 99 nan 1.000000
134 99 nan 1.000000
135 99 nan 1.000000
136 99 nan 1.000000
137 99 nan 1.000000
138 99 nan 1.000000
139 99 nan 1.000000
140 99 nan 1.000000
141 99 nan 1.000000
142 99 nan 1.000000
143 99 nan 1.000000
144 99 nan 1.000000
145 99 nan 1.000000
146 99 nan 1.000000
147 99 nan 1.000000
148 99 nan 1.000000
149 99 nan 1.000000
150 99 nan 1.000000
151 99 nan 1.000000
152 99 nan 1.000000
153 99 nan 1.000000
154 99 nan 1.000000
155 99 nan 1.000000
156 99 nan 1.000000
157 99 nan 1.000000
158 99 nan 1.000000
159 99 nan 1.000000
160 99 nan 1.000000
161 99 nan 1.000000
162 99 nan 1.000000
163 99 nan 1.000000
164 99 nan 1.000000
165 99 nan 1.000000
166 99 nan 1.000000
167 99 nan 1.000000
168 99 nan 1.000000
169 99 nan 1.000000
170 99 nan 0.999998
171 99 nan 0.999994
172 99 nan 0.999976
173 99 nan 0.999911
174 99 nan 0.999662
175 99 nan 0.998718
176 99 nan 0.995153
177 99 nan 0.981860
178 99 nan 0.934510
179 99 nan 0.789995
180 99 nan 0.497917
181 99 nan 0.207253
182 99 nan 0.064477
183 99 nan 0.017845
184 99 nan 0.004767
185 99 nan 0.001261
186 99 nan 0.000333
187 99 nan 0.000088
188 99 nan 0.000023
189 99 nan 0.000006
190 99 nan 0.000002
191 99 nan 0.000000
192 99 nan 0.000000
193 99 nan 0.000000
194 99 nan 0.000000
195 99 nan 0.000000
196 99 nan 0.000000
197 99 nan 0.000000
198 99 nan 0.000000
199 99 nan 0.000000
0 100 nan 0.000000
1 100 nan 0.000000
2 100 nan 0.000000
3 100 nan 0.000000
4 100 nan 0.000000
5 100 nan 0.000000
6 100 nan 0.000000
7 100 nan 0.000000
8 100 nan 0.000000
9 100 nan 0.000000
10 100 nan 0.000002
11 100 nan 0.000006
12 100 nan 0.000023
13 100 nan 0.000088
14 100 nan 0.000335
15 100 nan 0.001271
16 100 nan 0.004805
17 100 nan 0.017986
18 100 nan 0.064969
19 100 nan 0.208609
20 100 nan 0.500000
21 100 nan 0.791391
22 100 nan 0.935031
23 100 nan 0.982014
24 100 nan 0.995195
25 100 nan 0.998729
26 100 nan 0.999665
27 100 nan 0.999912
28 100 nan 0.999977
29 100 nan 0.999994
30 100 nan 0.999998
31 100 nan 1.000000
32 100 nan 1.000000
33 100 nan 1.000000
34 100 nan 1.000000
35 100 nan 1.000000
36 100 nan 1.000000
37 100 nan 1.000000
38 100 nan 1.000000
39 100 nan 1.000000
40 100 nan 1.000000
41 100 nan 1.000000
42 100 nan 1.000000
43 100 nan 1.000000
44 100 nan 1.000000
45 100 nan 1.000000
46 100 nan 1.000000
47 100 nan 1.000000
48 100 nan 1.000000
49 100 nan 1.000000
50 100 nan 1.000000
51 100 nan 1.000000
52 100 nan 1.000000
53 100 nan 1.000000
54 100 nan 1.000000
55 100 nan 1.000000
56 100 nan 1.000000
57 100 nan 1.000000
58 100 nan 1.000000
59 100 nan 1.000000
60 100 nan 1.000000
61 100 nan 1.000000
62 100 nan 1.000000
63 100 nan 1.000000
64 100 nan 1.000000
65 100 nan 1.000000
66 100 nan 1.000000
67 100 nan 1.000000
68 100 nan 1.000000
69 100 nan 1.000000
70 100 nan 1.000000
71 100 nan 1.000000
72 100 nan 1.000000
73 100 nan 1.000000
74 100 nan 1.000000
75 100 nan 1.000000
76 100 nan 1.000000
77 100 nan 1.000000
78 100 nan 1.000000
79 100 nan 1.000000
80 100 nan 1.000000
81 100 nan 1.000000
82 100 nan 0.999999
83 100 nan 0.999997
84 100 nan 0.999988
85 100 nan 0.999955
86 100 nan 0.999828
87 100 nan 0.999347
88 100 nan 0.997527
89 100 nan 0.990684
90 100 nan 0.965555
91 100 nan 0.880797
92 100 nan 0.660756
93 100 nan 0.500000
94 100 nan 0.500000
95 100 nan 0.500000
96 100 nan 0.500000
97 100 nan 0.500000
98 100 nan 0.500000
99 100 nan 0.500000
100 100 nan 0.500000
101 100 nan 0.500000
102 100 nan 0.500000
103 100 nan 0.500000
104 100 nan 0.500000
105 100 nan 0.500000
106 100 nan 0.500000
107 100 nan 0.500000
108 100 nan 0.660756
109 100 nan 0.880797
110 100 nan 0.965555
111 100 nan 0.990684
112 100 nan 0.997527
113 100 nan 0.999347
114 100 nan 0.999828
115 100 nan 0.999955
116 100 nan 0.999988
117 100 nan 0.999997
118 100 nan 0.999999
119 100 nan 1.000000
120 100 nan 1.000000
121 100 nan 1.000000
122 100 nan 1.000000
123 100 nan 1.000000
124 100 nan 1.000000
125 100 nan 1.000000
126 100 nan 1.000000
127 100 nan 1.000000
128 100 nan 1.000000
129 100 nan 1.000000
130 100 nan 1.000000
131 100 nan 1.000000
132 100 nan 1.000000
133 100 nan 1.000000
134 100 nan 1.000000
135 100 nan 1.000000
136 100 nan 1.000000
137 100 nan 1.000000
138 100 nan 1.000000
139 100 nan 1.000000
140 100 nan 1.000000
141 100 nan 1.000000
142 100 nan 1.000000
143 100 nan 1.000000
144 100 nan 1.000000
145 100 nan 1.000000
146 100 nan 1.000000
147 100 nan 1.000000
148 100 nan 1.000000
149 100 nan 1.000000
150 100 nan 1.000000
151 100 nan 1.000000
152 100 nan 1.000000
153 100 nan 1.000000
154 100 nan 1.000000
155 100 nan 1.000000
156 100 nan 1.000000
157 100 nan 1.000000
158 100 nan 1.000000
159 100 nan 1.000000
160 100 nan 1.000000
161 100 nan 1.000000
162 100 nan 1.000000
163 100 nan 1.000000
164 100 nan 1.000000
165 100 nan 1.000000
166 100 nan 1.000000
167 100 nan 1.000000
168 100 nan 1.000000
169 100 nan 1.000000
170 100 nan 0.999998
171 100 nan 0.999994
172 100 nan 0.999977
173 100 nan 0.999912
174 100 nan 0.999665
175 100 nan 0.998729
176 100 nan 0.995195
177 100 nan 0.982014
178 100 nan 0.935031
179 100 nan 0.791391
180 100 nan 0.500000
181 100 nan 0.208609
182 100 nan 0.064969
183 100 nan 0.017986
184 100 nan 0.004805
185 100 nan 0.001271
186 100 nan 0.000335
187 100 nan 0.000088
188 100 nan 0.000023
189 100 nan 0.000006
190 100 nan 0.000002
191 100 nan 0.000000
192 100 nan 0.000000
193 100 nan 0.000000
194 100 nan 0.000000
195 100 nan 0.000000
196 100 nan 0.000000
197 100 nan 0.000000
198 100 nan 0.000000
199 100 nan 0.000000
0 101 nan 0.000000
1 101 nan 0.000000
2 101 nan 0.000000
3 101 nan 0.000000
4 101 nan 0.000000
5 101 nan 0.000000
6 101 nan 0.000000
7 101 nan 0.000000
8 101 nan 0.000000
9 101 nan 0.000000
10 101 nan 0.000002
11 101 nan 0.000006
12 101 nan 0.000023
13 101 nan 0.000088
14 101 nan 0.000333
15 101 nan 0.001261
16 101 nan 0.004767
17 101 nan 0.017845
18 101 nan 0.064477
19 101 nan 0.207253
20 101 nan 0.497917
21 101 nan 0.789995
22 101 nan 0.934510
23 101 nan 0.981860
24 101 nan 0.995153
25 101 nan 0.998718
26 101 nan 0.999662
27 101 nan 0.999911
28 101 nan 0.999976
29 101 nan 0.999994
30 101 nan 0.999998
31 101 nan 1.000000
32 101 nan 1.000000
33 101 nan 1.000000
34 101 nan 1.000000
35 101 nan 1.000000
36 101 nan 1.000000
37 101 nan 1.000000
38 101 nan 1.000000
39 101 nan 1.000000
40 101 nan 1.000000
41 101 nan 1.000000
42 101 nan 1.000000
43 101 nan 1.000000
44 101 nan 1.000000
45 101 nan 1.000000
46 101 nan 1.000000
47 101 nan 1.000000
48 101 nan 1.000000
49 101 nan 1.000000
50 101 nan 1.000000
51 101 nan 1.000000
52 101 nan 1.000000
53 101 nan 1.000000
54 101 nan 1.000000
55 101 nan 1.000000
56 101 nan 1.000000
57 101 nan 1.000000
58 101 nan 1.000000
59 101 nan 1.000000
60 101 nan 1.000000
61 101 nan 1.000000
62 101 nan 1.000000
63 101 nan 1.000000
64 101 nan 1.000000
65 101 nan 1.000000
66 101 nan 1.000000
67 101 nan 1.000000
68 101 nan 1.000000
69 101 nan 1.000000
70 101 nan 1.000000
71 101 nan 1.000000
72 101 nan 1.000000
73 101 nan 1.000000
74 101 nan 1.000000
75 101 nan 1.000000
76 101 nan 1.000000
77 101 nan 1.000000
78 101 nan 1.000000
79 101 nan 1.000000
80 101 nan 1.000000
81 101 nan 1.000000
82 101 nan 0.999999
83 101 nan 0.999997
84 101 nan 0.999989
85 101 nan 0.999958
86 101 nan 0.999844
87 101 nan 0.999421
88 101 nan 0.997863
89 101 nan 0.992259
90 101 nan 0.973146
91 101 nan 0.917109
92 101 nan 0.816185
93 101 nan 0.791391
94 101 nan 0.791391
95 101 nan 0.791391
96 101 nan 0.791391
97 101 nan 0.791391
98 101 nan 0.791391
99 101 nan 0.791391
100 101 nan 0.791391
101 101 nan 0.791391
102 101 nan 0.791391
103 101 nan 0.791391
104 101 nan 0.791391
105 101 nan 0.791391
106 101 nan 0.791391
107 101 nan 0.791391
108 101 nan 0.816185
109 101 nan 0.917109
110 101 nan 0.973146
111 101 nan 0.992259
112 101 nan 0.997863
113 101 nan 0.999421
114 101 nan 0.999844
115 101 nan 0.999958
116 101 nan 0.999989
117 101 nan 0.999997
118 101 nan 0.999999
119 101 nan 1.000000
120 101 nan 1.000000
121 101 nan 1.000000
122 101 nan 1.000000
123 101 nan 1.000000
124 101 nan 1.000000
125 101 nan 1.000000
126 101 nan 1.000000
127 101 nan 1.000000
128 101 nan 1.000000
129 101 nan 1.000000
130 101 nan 1.000000
131 101 nan 1.000000
132 101 nan 1.000000
133 101 nan 1.000000
134 101 nan 1.000000
135 101 nan 1.000000
136 101 nan 1.000000
137 101 nan 1.000000
138 101 nan 1.000000
139 101 nan 1.000000
140 101 nan 1.000000
141 101 nan 1.000000
142 101 nan 1.000000
143 101 nan 1.000000
144 101 nan 1.000000
145 101 nan 1.000000
146 101 nan 1.000000
147 101 nan 1.000000
148 101 nan 1.000000
149 101 nan 1.000000
150 101 nan 1.000000
151 101 nan 1.000000
152 101 nan 1.000000
153 101 nan 1.000000
154 101 nan 1.000000
155 101 nan 1.000000
156 101 nan 1.000000
157 101 nan 1.000000
158 101 nan 1.000000
159 101 nan 1.000000
160 101 nan 1.000000
161 101 nan 1.000000
162 101 nan 1.000000
163 101 nan 1.000000
164 101 nan 1.000000
165 101 nan 1.000000
166 101 nan 1.000000
167 101 nan 1.000000
168 101 nan 1.000000
169 101 nan 1.000000
170 101 nan 0.999998
171 101 nan 0.999994
172 101 nan 0.999976
173 101 nan 0.999911
174 101 nan 0.999662
175 101 nan 0.998718
176 101 nan 0.995153
177 101 nan 0.981860
178 101 nan 0.934510
179 101 nan 0.789995
180 101 nan 0.497917
181 101 nan 0.207253
182 101 nan 0.064477
183 101 nan 0.017845
184 101 nan 0.004767
185 101 nan 0.001261
186 101 nan 0.000333
187 101 nan 0.000088
188 101 nan 0.000023
189 101 nan 0.000006
190 101 nan 0.000002
191 101 nan 0.000000
192 101 nan 0.000000
193 101 nan 0.000000
194 101 nan 0.000000
195 101 nan 0.000000
196 101 nan 0.000000
197 101 nan 0.000000
198 101 nan 0.000000
199 101 nan 0.000000
0 102 nan 0.000000
1 102 nan 0.000000
2 102 nan 0.000000
3 102 nan 0.000000
4 102 nan 0.000000
5 102 nan 0.000000
6 102 nan 0.000000
7 102 nan 0.000000
8 102 nan 0.000000
9 102 nan 0.000000
10 102 nan 0.000002
11 102 nan 0.000006
12 102 nan 0.000023
13 102 nan 0.000086
14 102 nan 0.000325
15 102 nan 0.001232
16 102 nan 0.004655
17 102 nan 0.017428
18 102 nan 0.063022
19 102 nan 0.203226
20 102 nan 0.491669
21 102 nan 0.785765
22 102 nan 0.932923
23 102 nan 0.981392
24 102 nan 0.995025
25 102 nan 0.998683
26 102 nan 0.999652
27 102 nan 0.999908
28 102 nan 0.999976
29 102 nan 0.999994
30 102 nan 0.999998
31 102 nan 1.000000
32 102 nan 1.000000
33 102 nan 1.000000
34 102 nan 1.000000
35 102 nan 1.000000
36 102 nan 1.000000
37 102 nan 1.000000
38 102 nan 1.000000
39 102 nan 1.000000
40 102 nan 1.000000
41 102 nan 1.000000
42 102 nan 1.000000
43 102 nan 1.000000
44 102 nan 1.000000
45 102 nan 1.000000
46 102 nan 1.000000
47 102 nan 1.000000
48 102 nan 1.000000
49 102 nan 1.000000
50 102 nan 1.000000
51 102 nan 1.000000
52 102 nan 1.000000
53 102 nan 1.000000
54 102 nan 1.000000
55 102 nan 1.000000
56 102 nan 1.000000
57 102 nan 1.000000
58 102 nan 1.000000
59 102 nan 1.000000
60 102 nan 1.000000
61 102 nan 1.000000
62 102 nan 1.000000
63 102 nan 1.000000
64 102 nan 1.000000
65 102 nan 1.000000
66 102 nan 1.000000
67 102 nan 1.000000
68 102 nan 1.000000
69 102 nan 1.000000
70 102 nan 1.000000
71 102 nan 1.000000
72 102 nan 1.000000
73 102 nan 1.000000
74 102 nan 1.000000
75 102 nan 1.000000
76 102 nan 1.000000
77 102 nan 1.000000
78 102 nan 1.000000
79 102 nan 1.000000
80 102 nan 1.000000
81 102 nan 1.000000
82 102 nan 0.999999
83 102 nan 0.999998
84 102 nan 0.999991
85 102 nan 0.999968
86 102 nan 0.999885
87 102 nan 0.999592
88 102 nan 0.998594
89 102 nan 0.995390
90 102 nan 0.986194
91 102 nan 0.965555
92 102 nan 0.939842
93 102 nan 0.935031
94 102 nan 0.935031
95 102 nan 0.935031
96 102 nan 0.935031
97 102 nan 0.935031
98 102 nan 0.935031
99 102 nan 0.935031
100 102 nan 0.935031
101 102 nan 0.935031
102 102 nan 0.935031
103 102 nan 0.935031
104 102 nan 0.935031
105 102 nan 0.935031
106 102 nan 0.935031
107 102 nan 0.935031
108 102 nan 0.939842
109 102 nan 0.965555
110 102 nan 0.986194
111 102 nan 0.995390
112 102 nan 0.998594
113 102 nan 0.999592
114 102 nan 0.999885
115 102 nan 0.999968
116 102 nan 0.999991
117 102 nan 0.999998
118 102 nan 0.999999
119 102 nan 1.000000
120 102 nan 1.000000
121 102 nan 1.000000
122 102 nan 1.000000
123 102 nan 1.000000
124 102 nan 1.000000
125 102 nan 1.000000
126 102 nan 1.000000
127 102 nan 1.000000
128 102 nan 1.000000
129 102 nan 1.000000
130 102 nan 1.000000
131 102 nan 1.000000
132 102 nan 1.000000
133 102 nan 1.000000
134 102 nan 1.000000
135 102 nan 1.000000
136 102 nan 1.000000
137 102 nan 1.000000
138 102 nan 1.000000
139 102 nan 1.000000
140 102 nan 1.000000
141 102 nan 1.000000
142 102 nan 1.000000
143 102 nan 1.000000
144 102 nan 1.000000
145 102 nan 1.000000
146 102 nan 1.000000
147 102 nan 1.000000
148 102 nan 1.000000
149 102 nan 1.000000
150 102 nan 1.000000
151 102 nan 1.000000
152 102 nan 1.000000
153 102 nan 1.000000
154 102 nan 1.000000
155 102 nan 1.000000
156 102 nan 1.000000
157 102 nan 1.000000
158 102 nan 1.000000
159 102 nan 1.000000
160 102 nan 1.000000
161 102 nan 1.000000
162 102 nan 1.000000
163 102 nan 1.000000
164 102 nan 1.000000
165 102 nan 1.000000
166 102 nan 1.000000
167 102 nan 1.000000
168 102 nan 1.000000
169 102 nan 1.000000
170 102 nan 0.999998
171 102 nan 0.999994
172 102 nan 0.999976
173 102 nan 0.999908
174 102 nan 0.999652
175 102 nan 0.998683
176 102 nan 0.995025
177 102 nan 0.981392
178 102 nan 0.932923
179 102 nan 0.785765
180 102 nan 0.491669
181 102 nan 0.203226
182 102 nan 0.063022
183 102 nan 0.017428
184 102 nan 0.004655
185 102 nan 0.001232
186 102 nan 0.000325
187 102 nan 0.000086
188 102 nan 0.000023
189 102 nan 0.000006
190 102 nan 0.000002
191 102 nan 0.000000
192 102 nan 0.000000
193 102 nan 0.000000
194 102 nan 0.000000
195 102 nan 0.000000
196 102 nan 0.000000
197 102 nan 0.000000
198 102 nan 0.000000
199 102 nan 0.000000
0 103 nan 0.000000
1 103 nan 0.000000
2 103 nan 0.000000
3 103 nan 0.000000
4 103 nan 0.000000
5 103 nan 0.000000
6 103 nan 0.000000
7 103 nan 0.000000
8 103 nan 0.000000
9 103 nan 0.000000
10 103 nan 0.000002
11 103 nan 0.000006
12 103 nan 0.000022
13 103 nan 0.000083
14 103 nan 0.000313
15 103 nan 0.001185
16 103 nan 0.004475
17 103 nan 0.016753
18 103 nan 0.060665
19 103 nan 0.196647
20 103 nan 0.481265
21 103 nan 0.778580
22 103 nan 0.930200
23 103 nan 0.980585
24 103 nan 0.994803
25 103 nan 0.998623
26 103 nan 0.999636
27 103 nan 0.999904
28 103 nan 0.999975
29 103 nan 0.999993
30 103 nan 0.999998
31 103 nan 1.000000
32 103 nan 1.000000
33 103 nan 1.000000
34 103 nan 1.000000
35 103 nan 1.000000
36 103 nan 1.000000
37 103 nan 1.000000
38 103 nan 1.000000
39 103 nan 1.000000
40 103 nan 1.000000
41 103 nan 1.000000
42 103 nan 1.000000
43 103 nan 1.000000
44 103 nan 1.000000
45 103 nan 1.000000
46 103 nan 1.000000
47 103 nan 1.000000
48 103 nan 1.000000
49 103 nan 1.000000
50 103 nan 1.000000
51 103 nan 1.000000
52 103 nan 1.000000
53 103 nan 1.000000
54 103 nan 1.000000
55 103 nan 1.000000
56 103 nan 1.000000
57 103 nan 1.000000
58 103 nan 1.000000
59 103 nan 1.000000
60 103 nan 1.000000
61 103 nan 1.000000
62 103 nan 1.000000
63 103 nan 1.000000
64 103 nan 1.000000
65 103 nan 1.000000
66 103 nan 1.000000
67 103 nan 1.000000
68 103 nan 1.000000
69 103 nan 1.000000
70 103 nan 1.000000
71 103 nan 1.000000
72 103 nan 1.000000
73 103 nan 1.000000
74 103 nan 1.000000
75 103 nan 1.000000
76 103 nan 1.000000
77 103 nan 1.000000
78 103 nan 1.000000
79 103 nan 1.000000
80 103 nan 1.000000
81 103 nan 1.000000
82 103 nan 1.000000
83 103 nan 0.999998
84 103 nan 0.999994
85 103 nan 0.999979
86 103 nan 0.999928
87 103 nan 0.999764
88 103 nan 0.999262
89 103 nan 0.997863
90 103 nan 0.994551
91 103 nan 0.988706
92 103 nan 0.982963
93 103 nan 0.982014
94 103 nan 0.982014
95 103 nan 0.982014
96 103 nan 0.982014
97 103 nan 0.982014
98 103 nan 0.982014
99 103 nan 0.982014
100 103 nan 0.982014
101 103 nan 0.982014
102 103 nan 0.982014
103 103 nan 0.982014
104 103 nan 0.982014
105 103 nan 0.982014
106 103 nan 0.982014
107 103 nan 0.982014
108 103 nan 0.982963
109 103 nan 0.988706
110 103 nan 0.994551
111 103 nan 0.997863
112 103 nan 0.999262
113 103 nan 0.999764
114 103 nan 0.999928
115 103 nan 0.999979
116 103 nan 0.999994
117 103 nan 0.999998
118 103 nan 1.000000
119 103 nan 1.000000
120 103 nan 1.000000
121 103 nan 1.000000
122 103 nan 1.000000
123 103 nan 1.000000
124 103 nan 1.000000
125 103 nan 1.000000
126 103 nan 1.000000
127 103 nan 1.000000
128 103 nan 1.000000
129 103 nan 1.000000
130 103 nan 1.000000
131 103 nan 1.000000
132 103 nan 1.000000
133 103 nan 1.000000
134 103 nan 1.000000
135 103 nan 1.000000
136 103 nan 1.000000
137 103 nan 1.000000
138 103 nan 1.000000
139 103 nan 1.000000
140 103 nan 1.000000
141 103 nan 1.000000
142 103 nan 1.000000
143 103 nan 1.000000
144 103 nan 1.000000
145 103 nan 1.000000
146 103 nan 1.000000
147 103 nan 1.000000
148 103 nan 1.000000
149 103 nan 1.000000
150 103 nan 1.000000
151 103 nan 1.000000
152 103 nan 1.000000
153 103 nan 1.000000
154 103 nan 1.000000
155 103 nan 1.000000
156 103 nan 1.000000
157 103 nan 1.000000
158 103 nan 1.000000
159 103 nan 1.000000
160 103 nan 1.000000
161 103 nan 1.000000
162 103 nan 1.000000
163 103 nan 1.000000
164 103 nan 1.000000
165 103 nan 1.000000
166 103 nan 1.000000
167 103 nan 1.000000
168 103 nan 1.000000
169 103 nan 1.000000
170 103 nan 0.999998
171 103 nan 0.999993
172 103 nan 0.999975
173 103 nan 0.999904
174 103 nan 0.999636
175 103 nan 0.998623
176 103 nan 0.994803
177 103 nan 0.980585
178 103 nan 0.930200
179 103 nan 0.778580
180 103 nan 0.481265
181 103 nan 0.196647
182 103 nan 0.060665
183 103 nan 0.016753
184 103 nan 0.004475
185 103 nan 0.001185
186 103 nan 0.000313
187 103 nan 0.000083
188 103 nan 0.000022
189 103 nan 0.000006
190 103 nan 0.000002
191 103 nan 0.000000
192 103 nan 0.000000
193 103 nan 0.000000
194 103 nan 0.000000
195 103 nan 0.000000
196 103 nan 0.000000
197 103 nan 0.000000
198 103 nan 0.000000
199 103 nan 0.000000
0 104 nan 0.000000
1 104 nan 0.000000
2 104 nan 0.000000
3 104 nan 0.000000
4 104 nan 0.000000
5 104 nan 0.000000
6 104 nan 0.000000
7 104 nan 0.000000
8 104 nan 0.000000
9 104 nan 0.000000
10 104 nan 0.000001
11 104 nan 0.000005
12 104 nan 0.000021
13 104 nan 0.000078
14 104 nan 0.000296
15 104 nan 0.001121
16 104 nan 0.004235
17 104 nan 0.015853
18 104 nan 0.057504
19 104 nan 0.187713
20 104 nan 0.466737
21 104 nan 0.768240
22 104 nan 0.926219
23 104 nan 0.979398
24 104 nan 0.994476
25 104 nan 0.998535
26 104 nan 0.999613
27 104 nan 0.999898
28 104 nan 0.999973
29 104 nan 0.999993
30 104 nan 0.999998
31 104 nan 1.000000
32 104 nan 1.000000
33 104 nan 1.000000
34 104 nan 1.000000
35 104 nan 1.000000
36 104 nan 1.000000
37 104 nan 1.000000
38 104 nan 1.000000
39 104 nan 1.000000
40 104 nan 1.000000
41 104 nan 1.000000
42 104 nan 1.000000
43 104 nan 1.000000
44 104 nan 1.000000
45 104 nan 1.000000
46 104 nan 1.000000
47 104 nan 1.000000
48 104 nan 1.000000
49 104 nan 1.000000
50 104 nan 1.000000
51 104 nan 1.000000
52 104 nan 1.000000
53 104 nan 1.000000
54 104 nan 1.000000
55 104 nan 1.000000
56 104 nan 1.000000
57 104 nan 1.000000
58 104 nan 1.000000
59 104 nan 1.000000
60 104 nan 1.000000
61 104 nan 1.000000
62 104 nan 1.000000
63 104 nan 1.000000
64 104 nan 1.000000
65 104 nan 1.000000
66 104 nan 1.000000
67 104 nan 1.000000
68 104 nan 1.000000
69 104 nan 1.000000
70 104 nan 1.000000
71 104 nan 1.000000
72 104 nan 1.000000
73 104 nan 1.000000
74 104 nan 1.000000
75 104 nan 1.000000
76 104 nan 1.000000
77 104 nan 1.000000
78 104 nan 1.000000
79 104 nan 1.000000
80 104 nan 1.000000
81 104 nan 1.000000
82 104 nan 1.000000
83 104 nan 0.999999
84 104 nan 0.999996
85 104 nan 0.999988
86 104 nan 0.999962
87 104 nan 0.999885
88 104 nan 0.999674
89 104 nan 0.999165
90 104 nan 0.998147
91 104 nan 0.996652
92 104 nan 0.995390
93 104 nan 0.995195
94 104 nan 0.995195
95 104 nan 0.995195
96 104 nan 0.995195
97 104 nan 0.995195
98 104 nan 0.995195
99 104 nan 0.995195
100 104 nan 0.995195
101 104 nan 0.995195
102 104 nan 0.995195
103 104 nan 0.995195
104 104 nan 0.995195
105 104 nan 0.995195
106 104 nan 0.995195
107 104 nan 0.995195
108 104 nan 0.995390
109 104 nan 0.996652
110 104 nan 0.998147
111 104 nan 0.999165
112 104 nan 0.999674
113 104 nan 0.999885
114 104 nan 0.999962
115 104 nan 0.999988
116 104 nan 0.999996
117 104 nan 0.999999
118 104 nan 1.000000
119 104 nan 1.000000
120 104 nan 1.000000
121 104 nan 1.000000
122 104 nan 1.000000
123 104 nan 1.000000
124 104 nan 1.000000
125 104 nan 1.000000
126 104 nan 1.000000
127 104 nan 1.000000
128 104 nan 1.000000
129 104 nan 1.000000
130 104 nan 1.000000
131 104 nan 1.000000
132 104 nan 1.000000
133 104 nan 1.000000
134 104 nan 1.000000
135 104 nan 1.000000
136 104 nan 1.000000
137 104 nan 1.000000
138 104 nan 1.000000
139 104 nan 1.000000
140 104 nan 1.000000
141 104 nan 1.000000
142 104 nan 1.000000
143 104 nan 1.000000
144 104 nan 1.000000
145 104 nan 1.000000
146 104 nan 1.000000
147 104 nan 1.000000
148 104 nan 1.000000
149 104 nan 1.000000
150 104 nan 1.000000
151 104 nan 1.000000
152 104 nan 1.000000
153 104 nan 1.000000
154 104 nan 1.000000
155 104 nan 1.000000
156 104 nan 1.000000
157 104 nan 1.000000
158 104 nan 1.000000
159 104 nan 1.000000
160 104 nan 1.000000
161 104 nan 1.000000
162 104 nan 1.000000
163 104 nan 1.000000
164 104 nan 1.000000
165 104 nan 1.000000
166 104 nan 1.000000
167 104 nan 1.000000
168 104 nan 1.000000
169 104 nan 1.000000
170 104 nan 0.999998
171 104 nan 0.999993
172 104 nan 0.999973
173 104 nan 0.999898
174 104 nan 0.999613
175 104 nan 0.998535
176 104 nan 0.994476
177 104 nan 0.979398
178 104 nan 0.926219
179 104 nan 0.768240
180 104 nan 0.466737
181 104 nan 0.187713
182 104 nan 0.057504
183 104 nan 0.015853
184 104 nan 0.004235
185 104 nan 0.001121
186 104 nan 0.000296
187 104 nan 0.000078
188 104 nan 0.000021
189 104 nan 0.000005
190 104 nan 0.000001
191 104 nan 0.000000
192 104 nan 0.000000
193 104 nan 0.000000
194 104 nan 0.000000
195 104 nan 0.000000
196 104 nan 0.000000
197 104 nan 0.000000
198 104 nan 0.000000
199 104 nan 0.000000
0 105 nan 0.000000
1 105 nan 0.000000
2 105 nan 0.000000
3 105 nan 0.000000
4 105 nan 0.000000
5 105 nan 0.000000
6 105 nan 0.000000
7 105 nan 0.000000
8 105 nan 0.000000
9 105 nan 0.000000
10 105 nan 0.000001
11 105 nan 0.000005
12 105 nan 0.000019
13 105 nan 0.000073
14 105 nan 0.000276
15 105 nan 0.001045
16 105 nan 0.003944
17 105 nan 0.014765
18 105 nan 0.053670
19 105 nan 0.176695
20 105 nan 0.448154
21 105 nan 0.754466
22 105 nan 0.920796
23 105 nan 0.977769
24 105 nan 0.994026
25 105 nan 0.998414
26 105 nan 0.999580
27 105 nan 0.999889
28 105 nan 0.999971
29 105 nan 0.999992
30 105 nan 0.999998
31 105 nan 0.999999
32 105 nan 1.000000
33 105 nan 1.000000
34 105 nan 1.000000
35 105 nan 1.000000
36 105 nan 1.000000
37 105 nan 1.000000
38 105 nan 1.000000
39 105 nan 1.000000
40 105 nan 1.000000
41 105 nan 1.000000
42 105 nan 1.000000
43 105 nan 1.000000
44 105 nan 1.000000
45 105 nan 1.000000
46 105 nan 1.000000
47 105 nan 1.000000
48 105 nan 1.000000
49 105 nan 1.000000
50 105 nan 1.000000
51 105 nan 1.000000
52 105 nan 1.000000
53 105 nan 1.000000
54 105 nan 1.000000
55 105 nan 1.000000
56 105 nan 1.000000
57 105 nan 1.000000
58 105 nan 1.000000
59 105 nan 1.000000
60 105 nan 1.000000
61 105 nan 1.000000
62 105 nan 1.000000
63 105 nan 1.000000
64 105 nan 1.000000
65 105 nan 1.000000
66 105 nan 1.000000
67 105 nan 1.000000
68 105 nan 1.000000
69 105 nan 1.000000
70 105 nan 1.000000
71 105 nan 1.000000
72 105 nan 1.000000
73 105 nan 1.000000
74 105 nan 1.000000
75 105 nan 1.000000
76 105 nan 1.000000
77 105 nan 1.000000
78 105 nan 1.000000
79 105 nan 1.000000
80 105 nan 1.000000
81 105 nan 1.000000
82 105 nan 1.000000
83 105 nan 0.999999
84 105 nan 0.999998
85 105 nan 0.999994
86 105 nan 0.999982
87 105 nan 0.999950
88 105 nan 0.999873
89 105 nan 0.999708
90 105 nan 0.999421
91 105 nan 0.999052
92 105 nan 0.998770
93 105 nan 0.998729
94 105 nan 0.998729
95 105 nan 0.998729
96 105 nan 0.998729
97 105 nan 0.998729
98 105 nan 0.998729
99 105 nan 0.998729
100 105 nan 0.998729
101 105 nan 0.998729
102 105 nan 0.998729
103 105 nan 0.998729
104 105 nan 0.998729
105 105 nan 0.998729
106 105 nan 0.998729
107 105 nan 0.998729
108 105 nan 0.998770
109 105 nan 0.999052
110 105 nan 0.999421
111 105 nan 0.999708
112 105 nan 0.999873
113 105 nan 0.999950
114 105 nan 0.999982
115 105 nan 0.999994
116 105 nan 0.999998
117 105 nan 0.999999
118 105 nan 1.000000
119 105 nan 1.000000
120 105 nan 1.000000
121 105 nan 1.000000
122 105 nan 1.000000
123 105 nan 1.000000
124 105 nan 1.000000
125 105 nan 1.000000
126 105 nan 1.000000
127 105 nan 1.000000
128 105 nan 1.000000
129 105 nan 1.000000
130 105 nan 1.000000
131 105 nan 1.000000
132 105 nan 1.000000
133 105 nan 1.000000
134 105 nan 1.000000
135 105 nan 1.000000
136 105 nan 1.000000
137 105 nan 1.000000
138 105 nan 1.000000
139 105 nan 1.000000
140 105 nan 1.000000
141 105 nan 1.000000
142 105 nan 1.000000
143 105 nan 1.000000
144 105 nan 1.000000
145 105 nan 1.000000
146 105 nan 1.000000
147 105 nan 1.000000
148 105 nan 1.000000
149 105 nan 1.000000
150 105 nan 1.000000
151 105 nan 1.000000
152 105 nan 1.000000
153 105 nan 1.000000
154 105 nan 1.000000
155 105 nan 1.000000
156 105 nan 1.000000
157 105 nan 1.000000
158 105 nan 1.000000
159 105 nan 1.000000
160 105 nan 1.000000
161 105 nan 1.000000
162 105 nan 1.000000
163 105 nan 1.000000
164 105 nan 1.000000
165 105 nan 1.000000
166 105 nan 1.000000
167 105 nan 1.000000
168 105 nan 1.000000
169 105 nan 0.999999
170 105 nan 0.999998
171 105 nan 0.999992
172 105 nan 0.999971
173 105 nan 0.999889
174 105 nan 0.999580
175 105 nan 0.998414
176 105 nan 0.994026
177 105 nan 0.977769
178 105 nan 0.920796
179 105 nan 0.754466
180 105 nan 0.448154
181 105 nan 0.176695
182 105 nan 0.053670
183 105 nan 0.014765
184 105 nan 0.003944
185 105 nan 0.001045
186 105 nan 0.000276
187 105 nan 0.000073
188 105 nan 0.000019
189 105 nan 0.000005
190 105 nan 0.000001
191 105 nan 0.000000
192 105 nan 0.000000
193 105 nan 0.000000
194 105 nan 0.000000
195 105 nan 0.000000
196 105 nan 0.000000
197 105 nan 0.000000
198 105 nan 0.000000
199 105 nan 0.000000
0 106 nan 0.000000
1 106 nan 0.000000
2 106 nan 0.000000
3 106 nan 0.000000
4 106 nan 0.000000
5 106 nan 0.000000
6 106 nan 0.000000
7 106 nan 0.000000
8 106 nan 0.000000
9 106 nan 0.000000
10 106 nan 0.000001
11 106 nan 0.000005
12 106 nan 0.000018
13 106 nan 0.000067
14 106 nan 0.000254
15 106 nan 0.000959
16 106 nan 0.003616
17 106 nan 0.013536
18 106 nan 0.049315
19 106 nan 0.163937
20 106 nan 0.425660
21 106 nan 0.736911
22 106 nan 0.913681
23 106 nan 0.975607
24 106 nan 0.993426
25 106 nan 0.998251
26 106 nan 0.999536
27 106 nan 0.999877
28 106 nan 0.999967
29 106 nan 0.999991
30 106 nan 0.999998
31 106 nan 0.999999
32 106 nan 1.000000
33 106 nan 1.000000
34 106 nan 1.000000
35 106 nan 1.000000
36 106 nan 1.000000
37 106 nan 1.000000
38 106 nan 1.000000
39 106 nan 1.000000
40 106 nan 1.000000
41 106 nan 1.000000
42 106 nan 1.000000
43 106 nan 1.000000
44 106 nan 1.000000
45 106 nan 1.000000
46 106 nan 1.000000
47 106 nan 1.000000
48 106 nan 1.000000
49 106 nan 1.000000
50 106 nan 1.000000
51 106 nan 1.000000
52 106 nan 1.000000
53 106 nan 1.000000
54 106 nan 1.000000
55 106 nan 1.000000
56 106 nan 1.000000
57 106 nan 1.000000
58 106 nan 1.000000
59 106 nan 1.000000
60 106 nan 1.000000
61 106 nan 1.000000
62 106 nan 1.000000
63 106 nan 1.000000
64 106 nan 1.000000
65 106 nan 1.000000
66 106 nan 1.000000
67 106 nan 1.000000
68 106 nan 1.000000
69 106 nan 1.000000
70 106 nan 1.000000
71 106 nan 1.000000
72 106 nan 1.000000
73 106 nan 1.000000
74 106 nan 1.000000
75 106 nan 1.000000
76 106 nan 1.000000
77 106 nan 1.000000
78 106 nan 1.000000
79 106 nan 1.000000
80 106 nan 1.000000
81 106 nan 1.000000
82 106 nan 1.000000
83 106 nan 1.000000
84 106 nan 0.999999
85 106 nan 0.999997
86 106 nan 0.999992
87 106 nan 0.999981
88 106 nan 0.999955
89 106 nan 0.999905
90 106 nan 0.999828
91 106 nan 0.999738
92 106 nan 0.999674
93 106 nan 0.999665
94 106 nan 0.999665
95 106 nan 0.999665
96 106 nan 0.999665
97 106 nan 0.999665
98 106 nan 0.999665
99 106 nan 0.999665
100 106 nan 0.999665
101 106 nan 0.999665
102 106 nan 0.999665
103 106 nan 0.999665
104 106 nan 0.999665
105 106 nan 0.999665
106 106 nan 0.999665
107 106 nan 0.999665
108 106 nan 0.999674
109 106 nan 0.999738
110 106 nan 0.999828
111 106 nan 0.999905
112 106 nan 0.999955
113 106 nan 0.999981
114 106 nan 0.999992
115 106 nan 0.999997
116 106 nan 0.999999
117 106 nan 1.000000
118 106 nan 1.000000
119 106 nan 1.000000
120 106 nan 1.000000
121 106 nan 1.000000
122 106 nan 1.000000
123 106 nan 1.000000
124 106 nan 1.000000
125 106 nan 1.000000
126 106 nan 1.000000
127 106 nan 1.000000
128 106 nan 1.000000
129 106 nan 1.000000
130 106 nan 1.000000
131 106 nan 1.000000
132 106 nan 1.000000
133 106 nan 1.000000
134 106 nan 1.000000
135 106 nan 1.000000
136 106 nan 1.000000
137 106 nan 1.000000
138 106 nan 1.000000
139 106 nan 1.000000
140 106 nan 1.000000
141 106 nan 1.000000
142 106 nan 1.000000
143 106 nan 1.000000
144 106 nan 1.000000
145 106 nan 1.000000
146 106 nan 1.000000
147 106 nan 1.000000
148 106 nan 1.000000
149 106 nan 1.000000
150 106 nan 1.000000
151 106 nan 1.000000
152 106 nan 1.000000
153 106 nan 1.000000
154 106 nan 1.000000
155 106 nan 1.000000
156 106 nan 1.000000
157 106 nan 1.000000
158 106 nan 1.000000
159 106 nan 1.000000
160 106 nan 1.000000
161 106 nan 1.000000
162 106 nan 1.000000
163 106 nan 1.000000
164 106 nan 1.000000
165 106 nan 1.000000
166 106 nan 1.000000
167 106 nan 1.000000
168 106 nan 1.000000
169 106 nan 0.999999
170 106 nan 0.999998
171 106 nan 0.999991
172 106 nan 0.999967
173 106 nan 0.999877
174 106 nan 0.999536
175 106 nan 0.998251
176 106 nan 0.993426
177 106 nan 0.975607
178 106 nan 0.913681
179 106 nan 0.736911
180 106 nan 0.425660
181 106 nan 0.163937
182 106 nan 0.049315
183 106 nan 0.013536
184 106 nan 0.003616
185 106 nan 0.000959
186 106 nan 0.000254
187 106 nan 0.000067
188 106 nan 0.000018
189 106 nan 0.000005
190 106 nan 0.000001
191 106 nan 0.000000
192 106 nan 0.000000
193 106 nan 0.000000
194 106 nan 0.000000
195 106 nan 0.000000
196 106 nan 0.000000
197 106 nan 0.000000
198 106 nan 0.000000
199 106 nan 0.000000
0 107 nan 0.000000
1 107 nan 0.000000
2 107 nan 0.000000
3 107 nan 0.000000
4 107 nan 0.000000
5 107 nan 0.000000
6 107 nan 0.000000
7 107 nan 0.000000
8 107 nan 0.000000
9 107 nan 0.000000
10 107 nan 0.000001
11 107 nan 0.000004
12 107 nan 0.000016
13 107 nan 0.000061
14 107 nan 0.000230
15 107 nan 0.000866
16 107 nan 0.003264
17 107 nan 0.012214
18 107 nan 0.044603
19 107 nan 0.149838
20 107 nan 0.399499
21 107 nan 0.715172
22 107 nan 0.904539
23 107 nan 0.972791
24 107 nan 0.992641
25 107 nan 0.998038
26 107 nan 0.999479
27 107 nan 0.999862
28 107 nan 0.999963
29 107 nan 0.999990
30 107 nan 0.999997
31 107 nan 0.999999
32 107 nan 1.000000
33 107 nan 1.000000
34 107 nan 1.000000
35 107 nan 1.000000
36 107 nan 1.000000
37 107 nan 1.000000
38 107 nan 1.000000
39 107 nan 1.000000
40 107 nan 1.000000
41 107 nan 1.000000
42 107 nan 1.000000
43 107 nan 1.000000
44 107 nan 1.000000
45 107 nan 1.000000
46 107 nan 1.000000
47 107 nan 1.000000
48 107 nan 1.000000
49 107 nan 1.000000
50 107 nan 1.000000
51 107 nan 1.000000
52 107 nan 1.000000
53 107 nan 1.000000
54 107 nan 1.000000
55 107 nan 1.000000
56 107 nan 1.000000
57 107 nan 1.000000
58 107 nan 1.000000
59 107 nan 1.000000
60 107 nan 1.000000
61 107 nan 1.000000
62 107 nan 1.000000
63 107 nan 1.000000
64 107 nan 1.000000
65 107 nan 1.000000
66 107 nan 1.000000
67 107 nan 1.000000
68 107 nan 1.000000
69 107 nan 1.000000
70 107 nan 1.000000
71 107 nan 1.000000
72 107 nan 1.000000
73 107 nan 1.000000
74 107 nan 1.000000
75 107 nan 1.000000
76 107 nan 1.000000
77 107 nan 1.000000
78 107 nan 1.000000
79 107 nan 1.000000
80 107 nan 1.000000
81 107 nan 1.000000
82 107 nan 1.000000
83 107 nan 1.000000
84 107 nan 1.000000
85 107 nan 0.999999
86 107 nan 0.999997
87 107 nan 0.999993
88 107 nan 0.999985
89 107 nan 0.999971
90 107 nan 0.999950
91 107 nan 0.999928
92 107 nan 0.999914
93 107 nan 0.999912
94 107 nan 0.999912
95 107 nan 0.999912
96 107 nan 0.999912
97 107 nan 0.999912
98 107 nan 0.999912
99 107 nan 0.999912
100 107 nan 0.999912
101 107 nan 0.999912
102 107 nan 0.999912
103 107 nan 0.999912
104 107 nan 0.999912
105 107 nan 0.999912
106 107 nan 0.999912
107 107 nan 0.999912
108 107 nan 0.999914
109 107 nan 0.999928
110 107 nan 0.999950
111 107 nan 0.999971
112 107 nan 0.999985
113 107 nan 0.999993
114 107 nan 0.999997
115 107 nan 0.999999
116 107 nan 1.000000
117 107 nan 1.000000
118 107 nan 1.000000
119 107 nan 1.000000
120 107 nan 1.000000
121 107 nan 1.000000
122 107 nan 1.000000
123 107 nan 1.000000
124 107 nan 1.000000
125 107 nan 1.000000
126 107 nan 1.000000
127 107 nan 1.000000
128 107 nan 1.000000
129 107 nan 1.000000
130 107 nan 1.000000
131 107 nan 1.000000
132 107 nan 1.000000
133 107 nan 1.000000
134 107 nan 1.000000
135 107 nan 1.000000
136 107 nan 1.000000
137 107 nan 1.000000
138 107 nan 1.000000
139 107 nan 1.000000
140 107 nan 1.000000
141 107 nan 1.000000
142 107 nan 1.000000
143 107 nan 1.000000
144 107 nan 1.000000
145 107 nan 1.000000
146 107 nan 1.000000
147 107 nan 1.000000
148 107 nan 1.000000
149 107 nan 1.000000
150 107 nan 1.000000
151 107 nan 1.000000
152 107 nan 1.000000
153 107 nan 1.000000
154 107 nan 1.000000
155 107 nan 1.000000
156 107 nan 1.000000
157 107 nan 1.000000
158 107 nan 1.000000
159 107 nan 1.000000
160 107 nan 1.000000
161 107 nan 1.000000
162 107 nan 1.000000
163 107 nan 1.000000
164 107 nan 1.000000
165 107 nan 1.000000
166 107 nan 1.000000
167 107 nan 1.000000
168 107 nan 1.000000
169 107 nan 0.999999
170 107 nan 0.999997
171 107 nan 0.999990
172 107 nan 0.999963
173 107 nan 0.999862
174 107 nan 0.999479
175 107 nan 0.998038
176 107 nan 0.992641
177 107 nan 0.972791
178 107 nan 0.904539
179 107 nan 0.715172
180 107 nan 0.399499
181 107 nan 0.149838
182 107 nan 0.044603
183 107 nan 0.012214
184 107 nan 0.003264
185 107 nan 0.000866
186 107 nan 0.000230
187 107 nan 0.000061
188 107 nan 0.000016
189 107 nan 0.000004
190 107 nan 0.000001
191 107 nan 0.000000
192 107 nan 0.000000
193 107 nan 0.000000
194 107 nan 0.000000
195 107 nan 0.000000
196 107 nan 0.000000
197 107 nan 0.000000
198 107 nan 0.000000
199 107 nan 0.000000
0 108 nan 0.000000
1 108 nan 0.000000
2 108 nan 0.000000
3 108 nan 0.000000
4 108 nan 0.000000
5 108 nan 0.000000
6 108 nan 0.000000
7 108 nan 0.000000
8 108 nan 0.000000
9 108 nan 0.000000
10 108 nan 0.000001
11 108 nan 0.000004
12 108 nan 0.000014
13 108 nan 0.000054
14 108 nan 0.000204
15 108 nan 0.000771
16 108 nan 0.002900
17 108 nan 0.010848
18 108 nan 0.039705
19 108 nan 0.134843
20 108 nan 0.370049
21 108 nan 0.688824
22 108 nan 0.892936
23 108 nan 0.969153
24 108 nan 0.991620
25 108 nan 0.997761
26 108 nan 0.999404
27 108 nan 0.999842
28 108 nan 0.999958
29 108 nan 0.999989
30 108 nan 0.999997
31 108 nan 0.999999
32 108 nan 1.000000
33 108 nan 1.000000
34 108 nan 1.000000
35 108 nan 1.000000
36 108 nan 1.000000
37 108 nan 1.000000
38 108 nan 1.000000
39 108 nan 1.000000
40 108 nan 1.000000
41 108 nan 1.000000
42 108 nan 1.000000
43 108 nan 1.000000
44 108 nan 1.000000
45 108 nan 1.000000
46 108 nan 1.000000
47 108 nan 1.000000
48 108 nan 1.000000
49 108 nan 1.000000
50 108 nan 1.000000
51 108 nan 1.000000
52 108 nan 1.000000
53 108 nan 1.000000
54 108 nan 1.000000
55 108 nan 1.000000
56 108 nan 1.000000
57 108 nan 1.000000
58 108 nan 1.000000
59 108 nan 1.000000
60 108 nan 1.000000
61 108 nan 1.000000
62 108 nan 1.000000
63 108 nan 1.000000
64 108 nan 1.000000
65 108 nan 1.000000
66 108 nan 1.000000
67 108 nan 1.000000
68 108 nan 1.000000
69 108 nan 1.000000
70 108 nan 1.000000
71 108 nan 1.000000
72 108 nan 1.000000
73 108 nan 1.000000
74 108 nan 1.000000
75 108 nan 1.000000
76 108 nan 1.000000
77 108 nan 1.000000
78 108 nan 1.000000
79 108 nan 1.000000
80 108 nan 1.000000
81 108 nan 1.000000
82 108 nan 1.000000
83 108 nan 1.000000
84 108 nan 1.000000
85 108 nan 1.000000
86 108 nan 0.999999
87 108 nan 0.999998
88 108 nan 0.999995
89 108 nan 0.999991
90 108 nan 0.999986
91 108 nan 0.999981
92 108 nan 0.999977
93 108 nan 0.999977
94 108 nan 0.999977
95 108 nan 0.999977
96 108 nan 0.999977
97 108 nan 0.999977
98 108 nan 0.999977
99 108 nan 0.999977
100 108 nan 0.999977
101 108 nan 0.999977
102 108 nan 0.999977
103 108 nan 0.999977
104 108 nan 0.999977
105 108 nan 0.999977
106 108 nan 0.999977
107 108 nan 0.999977
108 108 nan 0.999977
109 108 nan 0.999981
110 108 nan 0.999986
111 108 nan 0.999991
112 108 nan 0.999995
113 108 nan 0.999998
114 108 nan 0.999999
115 108 nan 1.000000
116 108 nan 1.000000
117 108 nan 1.000000
118 108 nan 1.000000
119 108 nan 1.000000
120 108 nan 1.000000
121 108 nan 1.000000
122 108 nan 1.000000
123 108 nan 1.000000
124 108 nan 1.000000
125 108 nan 1.000000
126 108 nan 1.000000
127 108 nan 1.000000
128 108 nan 1.000000
129 108 nan 1.000000
130 108 nan 1.000000
131 108 nan 1.000000
132 108 nan 1.000000
133 108 nan 1.000000
134 108 nan 1.000000
135 108 nan 1.000000
136 108 nan 1.000000
137 108 nan 1.000000
138 108 nan 1.000000
139 108 nan 1.000000
140 108 nan 1.000000
141 108 nan 1.000000
142 108 nan 1.000000
143 108 nan 1.000000
144 108 nan 1.000000
145 108 nan 1.000000
146 108 nan 1.000000
147 108 nan 1.000000
148 108 nan 1.000000
149 108 nan 1.000000
150 108 nan 1.000000
151 108 nan 1.000000
152 108 nan 1.000000
153 108 nan 1.000000
154 108 nan 1.000000
155 108 nan 1.000000
156 108 nan 1.000000
157 108 nan 1.000000
158 108 nan 1.000000
159 108 nan 1.000000
160 108 nan 1.000000
161 108 nan 1.000000
162 108 nan 1.000000
163 108 nan 1.000000
164 108 nan 1.000000
165 108 nan 1.000000
166 108 nan 1.000000
167 108 nan 1.000000
168 108 nan 1.000000
169 108 nan 0.999999
170 108 nan 0.999997
171 108 nan 0.999989
172 108 nan 0.999958
173 108 nan 0.999842
174 108 nan 0.999404
175 108 nan 0.997761
176 108 nan 0.991620
177 108 nan 0.969153
178 108 nan 0.892936
179 108 nan 0.688824
180 108 nan 0.370049
181 108 nan 0.134843
182 108 nan 0.039705
183 108 nan 0.010848
184 108 nan 0.002900
185 108 nan 0.000771
186 108 nan 0.000204
187 108 nan 0.000054
188 108 nan 0.000014
189 108 nan 0.000004
190 108 nan 0.000001
191 108 nan 0.000000
192 108 nan 0.000000
193 108 nan 0.000000
194 108 nan 0.000000
195 108 nan 0.000000
196 108 nan 0.000000
197 108 nan 0.000000
198 108 nan 0.000000
199 108 nan 0.000000
0 109 nan 0.000000
1 109 nan 0.000000
2 109 nan 0.000000
3 109 nan 0.000000
4 109 nan 0.000000
5 109 nan 0.000000
6 109 nan 0.000000
7 109 nan 0.000000
8 109 nan 0.000000
9 109 nan 0.000000
10 109 nan 0.000001
11 109 nan 0.000003
12 109 nan 0.000013
13 109 nan 0.000048
14 109 nan 0.000179
15 109 nan 0.000675
16 109 nan 0.002537
17 109 nan 0.009483
18 109 nan 0.034783
19 109 nan 0.119418
20 109 nan 0.337853
21 109 nan 0.657459
22 109 nan 0.878323
23 109 nan 0.964466
24 109 nan 0.990294
25 109 nan 0.997399
26 109 nan 0.999306
27 109 nan 0.999815
28 109 nan 0.999951
29 109 nan 0.999987
30 109 nan 0.999997
31 109 nan 0.999999
32 109 nan 1.000000
33 109 nan 1.000000
34 109 nan 1.000000
35 109 nan 1.000000
36 109 nan 1.000000
37 109 nan 1.000000
38 109 nan 1.000000
39 109 nan 1.000000
40 109 nan 1.000000
41 109 nan 1.000000
42 109 nan 1.000000
43 109 nan 1.000000
44 109 nan 1.000000
45 109 nan 1.000000
46 109 nan 1.000000
47 109 nan 1.000000
48 109 nan 1.000000
49 109 nan 1.000000
50 109 nan 1.000000
51 109 nan 1.000000
52 109 nan 1.000000
53 109 nan 1.000000
54 109 nan 1.000000
55 109 nan 1.000000
56 109 nan 1.000000
57 109 nan 1.000000
58 109 nan 1.000000
59 109 nan 1.000000
60 109 nan 1.000000
61 109 nan 1.000000
62 109 nan 1.000000
63 109 nan 1.000000
64 109 nan 1.000000
65 109 nan 1.000000
66 109 nan 1.000000
67 109 nan 1.000000
68 109 nan 1.000000
69 109 nan 1.000000
70 109 nan 1.000000
71 109 nan 1.000000
72 109 nan 1.000000
73 109 nan 1.000000
74 109 nan 1.000000
75 109 nan 1.000000
76 109 nan 1.000000
77 109 nan 1.000000
78 109 nan 1.000000
79 109 nan 1.000000
80 109 nan 1.000000
81 109 nan 1.000000
82 109 nan 1.000000
83 109 nan 1.000000
84 109 nan 1.000000
85 109 nan 1.000000
86 109 nan 1.000000
87 109 nan 0.999999
88 109 nan 0.999999
89 109 nan 0.999997
90 109 nan 0.999996
91 109 nan 0.999995
92 109 nan 0.999994
93 109 nan 0.999994
94 109 nan 0.999994
95 109 nan 0.999994
96 109 nan 0.999994
97 109 nan 0.999994
98 109 nan 0.999994
99 109 nan 0.999994
100 109 nan 0.999994
101 109 nan 0.999994
102 109 nan 0.999994
103 109 nan 0.999994
104 109 nan 0.999994
105 109 nan 0.999994
106 109 nan 0.999994
107 109 nan 0.999994
108 109 nan 0.999994
109 109 nan 0.999995
110 109 nan 0.999996
111 109 nan 0.999997
112 109 nan 0.999999
113 109 nan 0.999999
114 109 nan 1.000000
115 109 nan 1.000000
116 109 nan 1.000000
117 109 nan 1.000000
118 109 nan 1.000000
119 109 nan 1.000000
120 109 nan 1.000000
121 109 nan 1.000000
122 109 nan 1.000000
123 109 nan 1.000000
124 109 nan 1.000000
125 109 nan 1.000000
126 109 nan 1.000000
127 109 nan 1.000000
128 109 nan 1.000000
129 109 nan 1.000000
130 109 nan 1.000000
131 109 nan 1.000000
132 109 nan 1.000000
133 109 nan 1.000000
134 109 nan 1.000000
135 109 nan 1.000000
136 109 nan 1.000000
137 109 nan 1.000000
138 109 nan 1.000000
139 109 nan 1.000000
140 109 nan 1.000000
141 109 nan 1.000000
142 109 nan 1.000000
143 109 nan 1.000000
144 109 nan 1.000000
145 109 nan 1.000000
146 109 nan 1.000000
147 109 nan 1.000000
148 109 nan 1.000000
149 109 nan 1.000000
150 109 nan 1.000000
151 109 nan 1.000000
152 109 nan 1.000000
153 109 nan 1.000000
154 109 nan 1.000000
155 109 nan 1.000000
156 109 nan 1.000000
157 109 nan 1.000000
158 109 nan 1.000000
159 109 nan 1.000000
160 109 nan 1.000000
161 109 nan 1.000000
162 109 nan 1.000000
163 109 nan 1.000000
164 109 nan 1.000000
165 109 nan 1.000000
166 109 nan 1.000000
167 109 nan 1.000000
168 109 nan 1.000000
169 109 nan 0.999999
170 109 nan 0.999997
171 109 nan 0.999987
172 109 nan 0.999951
173 109 nan 0.999815
174 109 nan 0.999306
175 109 nan 0.997399
176 109 nan 0.990294
177 109 nan 0.964466
178 109 nan 0.878323
179 109 nan 0.657459
180 109 nan 0.337853
181 109 nan 0.119418
182 109 nan 0.034783
183 109 nan 0.009483
184 109 nan 0.002537
185 109 nan 0.000675
186 109 nan 0.000179
187 109 nan 0.000048
188 109 nan 0.000013
189 109 nan 0.000003
190 109 nan 0.000001
191 109 nan 0.000000
192 109 nan 0.000000
193 109 nan 0.000000
194 109 nan 0.000000
195 109 nan 0.000000
196 109 nan 0.000000
197 109 nan 0.000000
198 109 nan 0.000000
199 109 nan 0.000000
0 110 nan 0.000000
1 110 nan 0.000000
2 110 nan 0.000000
3 110 nan 0.000000
4 110 nan 0.000000
5 110 nan 0.000000
6 110 nan 0.000000
7 110 nan 0.000000
8 110 nan 0.000000
9 110 nan 0.000000
10 110 nan 0.000001
11 110 nan 0.000003
12 110 nan 0.000011
13 110 nan 0.000041
14 110 nan 0.000155
15 110 nan 0.000582
16 110 nan 0.002184
17 110 nan 0.008160
18 110 nan 0.029983
19 110 nan 0.104026
20 110 nan 0.303623
21 110 nan 0.620767
22 110 nan 0.860019
23 110 nan 0.958426
24 110 nan 0.988569
25 110 nan 0.996926
26 110 nan 0.999178
27 110 nan 0.999781
28 110 nan 0.999941
29 110 nan 0.999984
30 110 nan 0.999996
31 110 nan 0.999999
32 110 nan 1.000000
33 110 nan 1.000000
34 110 nan 1.000000
35 110 nan 1.000000
36 110 nan 1.000000
37 110 nan 1.000000
38 110 nan 1.000000
39 110 nan 1.000000
40 110 nan 1.000000
41 110 nan 1.000000
42 110 nan 1.000000
43 110 nan 1.000000
44 110 nan 1.000000
45 110 nan 1.000000
46 110 nan 1.000000
47 110 nan 1.000000
48 110 nan 1.000000
49 110 nan 1.000000
50 110 nan 1.000000
51 110 nan 1.000000
52 110 nan 1.000000
53 110 nan 1.000000
54 110 nan 1.000000
55 110 nan 1.000000
56 110 nan 1.000000
57 110 nan 1.000000
58 110 nan 1.000000
59 110 nan 1.000000
60 110 nan 1.000000
61 110 nan 1.000000
62 110 nan 1.000000
63 110 nan 1.000000
64 110 nan 1.000000
65 110 nan 1.000000
66 110 nan 1.000000
67 110 nan 1.000000
68 110 nan 1.000000
69 110 nan 1.000000
70 110 nan 1.000000
71 110 nan 1.000000
72 110 nan 1.000000
73 110 nan 1.000000
74 110 nan 1.000000
75 110 nan 1.000000
76 110 nan 1.000000
77 110 nan 1.000000
78 110 nan 1.000000
79 110 nan 1.000000
80 110 nan 1.000000
81 110 nan 1.000000
82 110 nan 1.000000
83 110 nan 1.000000
84 110 nan 1.000000
85 110 nan 1.000000
86 110 nan 1.000000
87 110 nan 1.000000
88 110 nan 1.000000
89 110 nan 0.999999
90 110 nan 0.999999
91 110 nan 0.999999
92 110 nan 0.999998
93 110 nan 0.999998
94 110 nan 0.999998
95 110 nan 0.999998
96 110 nan 0.999998
97 110 nan 0.999998
98 110 nan 0.999998
99 110 nan 0.999998
100 110 nan 0.999998
101 110 nan 0.999998
102 110 nan 0.999998
103 110 nan 0.999998
104 110 nan 0.999998
105 110 nan 0.999998
106 110 nan 0.999998
107 110 nan 0.999998
108 110 nan 0.999998
109 110 nan 0.999999
110 110 nan 0.999999
111 110 nan 0.999999
112 110 nan 1.000000
113 110 nan 1.000000
114 110 nan 1.000000
115 110 nan 1.000000
116 110 nan 1.000000
117 110 nan 1.000000
118 110 nan 1.000000
119 110 nan 1.000000
120 110 nan 1.000000
121 110 nan 1.000000
122 110 nan 1.000000
123 110 nan 1.000000
124 110 nan 1.000000
125 110 nan 1.000000
126 110 nan 1.000000
127 110 nan 1.000000
128 110 nan 1.000000
129 110 nan 1.000000
130 110 nan 1.000000
131 110 nan 1.000000
132 110 nan 1.000000
133 110 nan 1.000000
134 110 nan 1.000000
135 110 nan 1.000000
136 110 nan 1.000000
137 110 nan 1.000000
138 110 nan 1.000000
139 110 nan 1.000000
140 110 nan 1.000000
141 110 nan 1.000000
142 110 nan 1.000000
143 110 nan 1.000000
144 110 nan 1.000000
145 110 nan 1.000000
146 110 nan 1.000000
147 110 nan 1.000000
148 110 nan 1.000000
149 110 nan 1.000000
150 110 nan 1.000000
151 110 nan 1.000000
152 110 nan 1.000000
153 110 nan 1.000000
154 110 nan 1.000000
155 110 nan 1.000000
156 110 nan 1.000000
157 110 nan 1.000000
158 110 nan 1.000000
159 110 nan 1.000000
160 110 nan 1.000000
161 110 nan 1.000000
162 110 nan 1.000000
163 110 nan 1.000000
164 110 nan 1.000000
165 110 nan 1.000000
166 110 nan 1.000000
167 110 nan 1.000000
168 110 nan 1.000000
169 110 nan 0.999999
170 110 nan 0.999996
171 110 nan 0.999984
172 110 nan 0.999941
173 110 nan 0.999781
174 110 nan 0.999178
175 110 nan 0.996926
176 110 nan 0.988569
177 110 nan 0.958426
178 110 nan 0.860019
179 110 nan 0.620767
180 110 nan 0.303623
181 110 nan 0.104026
182 110 nan 0.029983
183 110 nan 0.008160
184 110 nan 0.002184
185 110 nan 0.000582
186 110 nan 0.000155
187 110 nan 0.000041
188 110 nan 0.000011
189 110 nan 0.000003
190 110 nan 0.000001
191 110 nan 0.000000
192 110 nan 0.000000
193 110 nan 0.000000
194 110 nan 0.000000
195 110 nan 0.000000
196 110 nan 0.000000
197 110 nan 0.000000
198 110 nan 0.000000
199 110 nan 0.000000
0 111 nan 0.000000
1 111 nan 0.000000
2 111 nan 0.000000
3 111 nan 0.000000
4 111 nan 0.000000
5 111 nan 0.000000
6 111 nan 0.000000
7 111 nan 0.000000
8 111 nan 0.000000
9 111 nan 0.000000
10 111 nan 0.000001
11 111 nan 0.000002
12 111 nan 0.000009
13 111 nan 0.000035
14 111 nan 0.000132
15 111 nan 0.000494
16 111 nan 0.001852
17 111 nan 0.006911
18 111 nan 0.025431
19 111 nan 0.089100
20 111 nan 0.268232
21 111 nan 0.578627
22 111 nan 0.837204
23 111 nan 0.950625
24 111 nan 0.986312
25 111 nan 0.996304
26 111 nan 0.999009
27 111 nan 0.999735
28 111 nan 0.999929
29 111 nan 0.999981
30 111 nan 0.999995
31 111 nan 0.999999
32 111 nan 1.000000
33 111 nan 1.000000
34 111 nan 1.000000
35 111 nan 1.000000
36 111 nan 1.000000
37 111 nan 1.000000
38 111 nan 1.000000
39 111 nan 1.000000
40 111 nan 1.000000
41 111 nan 1.000000
42 111 nan 1.000000
43 111 nan 1.000000
44 111 nan 1.000000
45 111 nan 1.000000
46 111 nan 1.000000
47 111 nan 1.000000
48 111 nan 1.000000
49 111 nan 1.000000
50 111 nan 1.000000
51 111 nan 1.000000
52 111 nan 1.000000
53 111 nan 1.000000
54 111 nan 1.000000
55 111 nan 1.000000
56 111 nan 1.000000
57 111 nan 1.000000
58 111 nan 1.000000
59 111 nan 1.000000
60 111 nan 1.000000
61 111 nan 1.000000
62 111 nan 1.000000
63 111 nan 1.000000
64 111 nan 1.000000
65 111 nan 1.000000
66 111 nan 1.000000
67 111 nan 1.000000
68 111 nan 1.000000
69 111 nan 1.000000
70 111 nan 1.000000
71 111 nan 1.000000
72 111 nan 1.000000
73 111 nan 1.000000
74 111 nan 1.000000
75 111 nan 1.000000
76 111 nan 1.000000
77 111 nan 1.000000
78 111 nan 1.000000
79 111 nan 1.000000
80 111 nan 1.000000
81 111 nan 1.000000
82 111 nan 1.000000
83 111 nan 1.000000
84 111 nan 1.000000
85 111 nan 1.000000
86 111 nan 1.000000
87 111 nan 1.000000
88 111 nan 1.000000
89 111 nan 1.000000
90 111 nan 1.000000
91 111 nan 1.000000
92 111 nan 1.000000
93 111 nan 1.000000
94 111 nan 1.000000
95 111 nan 1.000000
96 111 nan 1.000000
97 111 nan 1.000000
98 111 nan 1.000000
99 111 nan 1.000000
100 111 nan 1.000000
101 111 nan 1.000000
102 111 nan 1.000000
103 111 nan 1.000000
104 111 nan 1.000000
105 111 nan 1.000000
106 111 nan 1.000000
107 111 nan 1.000000
108 111 nan 1.000000
109 111 nan 1.000000
110 111 nan 1.000000
111 111 nan 1.000000
112 111 nan 1.000000
113 111 nan 1.000000
114 111 nan 1.000000
115 111 nan 1.000000
116 111 nan 1.000000
117 111 nan 1.000000
118 111 nan 1.000000
119 111 nan 1.000000
120 111 nan 1.000000
121 111 nan 1.000000
122 111 nan 1.000000
123 111 nan 1.000000
124 111 nan 1.000000
125 111 nan 1.000000
126 111 nan 1.000000
127 111 nan 1.000000
128 111 nan 1.000000
129 111 nan 1.000000
130 111 nan 1.000000
131 111 nan 1.000000
132 111 nan 1.000000
133 111 nan 1.000000
134 111 nan 1.000000
135 111 nan 1.000000
136 111 nan 1.000000
137 111 nan 1.000000
138 111 nan 1.000000
139 111 nan 1.000000
140 111 nan 1.000000
141 111 nan 1.000000
142 111 nan 1.000000
143 111 nan 1.000000
144 111 nan 1.000000
145 111 nan 1.000000
146 111 nan 1.000000
147 111 nan 1.000000
148 111 nan 1.000000
149 111 nan 1.000000
150 111 nan 1.000000
151 111 nan 1.000000
152 111 nan 1.000000
153 111 nan 1.000000
154 111 nan 1.000000
155 111 nan 1.000000
156 111 nan 1.000000
157 111 nan 1.000000
158 111 nan 1.000000
159 111 nan 1.000000
160 111 nan 1.000000
161 111 nan 1.000000
162 111 nan 1.000000
163 111 nan 1.000000
164 111 nan 1.000000
165 111 nan 1.000000
166 111 nan 1.000000
167 111 nan 1.000000
168 111 nan 1.000000
169 111 nan 0.999999
170 111 nan 0.999995
171 111 nan 0.999981
172 111 nan 0.999929
173 111 nan 0.999735
174 111 nan 0.999009
175 111 nan 0.996304
176 111 nan 0.986312
177 111 nan 0.950625
178 111 nan 0.837204
179 111 nan 0.578627
180 111 nan 0.268232
181 111 nan 0.089100
182 111 nan 0.025431
183 111 nan 0.006911
184 111 nan 0.001852
185 111 nan 0.000494
186 111 nan 0.000132
187 111 nan 0.000035
188 111 nan 0.000009
189 111 nan 0.000002
190 111 nan 0.000001
191 111 nan 0.000000
192 111 nan 0.000000
193 111 nan 0.000000
194 111 nan 0.000000
195 111 nan 0.000000
196 111 nan 0.000000
197 111 nan 0.000000
198 111 nan 0.000000
199 111 nan 0.000000
0 112 nan 0.000000
1 112 nan 0.000000
2 112 nan 0.000000
3 112 nan 0.000000
4 112 nan 0.000000
5 112 nan 0.000000
6 112 nan 0.000000
7 112 nan 0.000000
8 112 nan 0.000000
9 112 nan 0.000000
10 112 nan 0.000001
11 112 nan 0.000002
12 112 nan 0.000008
13 112 nan 0.000029
14 112 nan 0.000110
15 112 nan 0.000413
16 112 nan 0.001546
17 112 nan 0.005762
18 112 nan 0.021223
19 112 nan 0.075015
20 112 nan 0.232665
21 112 nan 0.531228
22 112 nan 0.808933
23 112 nan 0.940516
24 112 nan 0.983340
25 112 nan 0.995480
26 112 nan 0.998784
27 112 nan 0.999674
28 112 nan 0.999912
29 112 nan 0.999976
30 112 nan 0.999994
31 112 nan 0.999998
32 112 nan 1.000000
33 112 nan 1.000000
34 112 nan 1.000000
35 112 nan 1.000000
36 112 nan 1.000000
37 112 nan 1.000000
38 112 nan 1.000000
39 112 nan 1.000000
40 112 nan 1.000000
41 112 nan 1.000000
42 112 nan 1.000000
43 112 nan 1.000000
44 112 nan 1.000000
45 112 nan 1.000000
46 112 nan 1.000000
47 112 nan 1.000000
48 112 nan 1.000000
49 112 nan 1.000000
50 112 nan 1.000000
51 112 nan 1.000000
52 112 nan 1.000000
53 112 nan 1.000000
54 112 nan 1.000000
55 112 nan 1.000000
56 112 nan 1.000000
57 112 nan 1.000000
58 112 nan 1.000000
59 112 nan 1.000000
60 112 nan 1.000000
61 112 nan 1.000000
62 112 nan 1.000000
63 112 nan 1.000000
64 112 nan 1.000000
65 112 nan 1.000000
66 112 nan 1.000000
67 112 nan 1.000000
68 112 nan 1.000000
69 112 nan 1.000000
70 112 nan 1.000000
71 112 nan 1.000000
72 112 nan 1.000000
73 112 nan 1.000000
74 112 nan 1.000000
75 112 nan 1.000000
76 112 nan 1.000000
77 112 nan 1.000000
78 112 nan 1.000000
79 112 nan 1.000000
80 112 nan 1.000000
81 112 nan 1.000000
82 112 nan 1.000000
83 112 nan 1.000000
84 112 nan 1.000000
85 112 nan 1.000000
86 112 nan 1.000000
87 112 nan 1.000000
88 112 nan 1.000000
89 112 nan 1.000000
90 112 nan 1.000000
91 112 nan 1.000000
92 112 nan 1.000000
93 112 nan 1.000000
94 112 nan 1.000000
95 112 nan 1.000000
96 112 nan 1.000000
97 112 nan 1.000000
98 112 nan 1.000000
99 112 nan 1.000000
100 112 nan 1.000000
101 112 nan 1.000000
102 112 nan 1.000000
103 112 nan 1.000000
104 112 nan 1.000000
105 112 nan 1.000000
106 112 nan 1.000000
107 112 nan 1.000000
108 112 nan 1.000000
109 112 nan 1.000000
110 112 nan 1.000000
111 112 nan 1.000000
112 112 nan 1.000000
113 112 nan 1.000000
114 112 nan 1.000000
115 112 nan 1.000000
116 112 nan 1.000000
117 112 nan 1.000000
118 112 nan 1.000000
119 112 nan 1.000000
120 112 nan 1.000000
121 112 nan 1.000000
122 112 nan 1.000000
123 112 nan 1.000000
124 112 nan 1.000000
125 112 nan 1.000000
126 112 nan 1.000000
127 112 nan 1.000000
128 112 nan 1.000000
129 112 nan 1.000000
130 112 nan 1.000000
131 112 nan 1.000000
132 112 nan 1.000000
133 112 nan 1.000000
134 112 nan 1.000000
135 112 nan 1.000000
136 112 nan 1.000000
137 112 nan 1.000000
138 112 nan 1.000000
139 112 nan 1.000000
140 112 nan 1.000000
141 112 nan 1.000000
142 112 nan 1.000000
143 112 nan 1.000000
144 112 nan 1.000000
145 112 nan 1.000000
146 112 nan 1.000000
147 112 nan 1.000000
148 112 nan 1.000000
149 112 nan 1.000000
150 112 nan 1.000000
151 112 nan 1.000000
152 112 nan 1.000000
153 112 nan 1.000000
154 112 nan 1.000000
155 112 nan 1.000000
156 112 nan 1.000000
157 112 nan 1.000000
158 112 nan 1.000000
159 112 nan 1.000000
160 112 nan 1.000000
161 112 nan 1.000000
162 112 nan 1.000000
163 112 nan 1.000000
164 112 nan 1.000000
165 112 nan 1.000000
166 112 nan 1.000000
167 112 nan 1.000000
168 112 nan 1.000000
169 112 nan 0.999998
170 112 nan 0.999994
171 112 nan 0.999976
172 112 nan 0.999912
173 112 nan 0.999674
174 112 nan 0.998784
175 112 nan 0.995480
176 112 nan 0.983340
177 112 nan 0.940516
178 112 nan 0.808933
179 112 nan 0.531228
180 112 nan 0.232665
181 112 nan 0.075015
182 112 nan 0.021223
183 112 nan 0.005762
184 112 nan 0.001546
185 112 nan 0.000413
186 112 nan 0.000110
187 112 nan 0.000029
188 112 nan 0.000008
189 112 nan 0.000002
190 112 nan 0.000001
191 112 nan 0.000000
192 112 nan 0.000000
193 112 nan 0.000000
194 112 nan 0.000000
195 112 nan 0.000000
196 112 nan 0.000000
197 112 nan 0.000000
198 112 nan 0.000000
199 112 nan 0.000000
0 113 nan 0.000000
1 113 nan 0.000000
2 113 nan 0.000000
3 113 nan 0.000000
4 113 nan 0.000000
5 113 nan 0.000000
6 113 nan 0.000000
7 113 nan 0.000000
8 113 nan 0.000000
9 113 nan 0.000000
10 113 nan 0.000000
11 113 nan 0.000002
12 113 nan 0.000007
13 113 nan 0.000024
14 113 nan 0.000091
15 113 nan 0.000341
16 113 nan 0.001271
17 113 nan 0.004729
18 113 nan 0.017428
19 113 nan 0.062069
20 113 nan 0.197950
21 113 nan 0.479187
22 113 nan 0.774189
23 113 nan 0.927377
24 113 nan 0.979398
25 113 nan 0.994379
26 113 nan 0.998482
27 113 nan 0.999591
28 113 nan 0.999890
29 113 nan 0.999970
30 113 nan 0.999992
31 113 nan 0.999998
32 113 nan 0.999999
33 113 nan 1.000000
34 113 nan 1.000000
35 113 nan 1.000000
36 113 nan 1.000000
37 113 nan 1.000000
38 113 nan 1.000000
39 113 nan 1.000000
40 113 nan 1.000000
41 113 nan 1.000000
42 113 nan 1.000000
43 113 nan 1.000000
44 113 nan 1.000000
45 113 nan 1.000000
46 113 nan 1.000000
47 113 nan 1.000000
48 113 nan 1.000000
49 113 nan 1.000000
50 113 nan 1.000000
51 113 nan 1.000000
52 113 nan 1.000000
53 113 nan 1.000000
54 113 nan 1.000000
55 113 nan 1.000000
56 113 nan 1.000000
57 113 nan 1.000000
58 113 nan 1.000000
59 113 nan 1.000000
60 113 nan 1.000000
61 113 nan 1.000000
62 113 nan 1.000000
63 113 nan 1.000000
64 113 nan 1.000000
65 113 nan 1.000000
66 113 nan 1.000000
67 113 nan 1.000000
68 113 nan 1.000000
69 113 nan 1.000000
70 113 nan 1.000000
71 113 nan 1.000000
72 113 nan 1.000000
73 113 nan 1.000000
74 113 nan 1.000000
75 113 nan 1.000000
76 113 nan 1.000000
77 113 nan 1.000000
78 113 nan 1.000000
79 113 nan 1.000000
80 113 nan 1.000000
81 113 nan 1.000000
82 113 nan 1.000000
83 113 nan 1.000000
84 113 nan 1.000000
85 113 nan 1.000000
86 113 nan 1.000000
87 113 nan 1.000000
88 113 nan 1.000000
89 113 nan 1.000000
90 113 nan 1.000000
91 113 nan 1.000000
92 113 nan 1.000000
93 113 nan 1.000000
94 113 nan 1.000000
95 113 nan 1.000000
96 113 nan 1.000000
97 113 nan 1.000000
98 113 nan 1.000000
99 113 nan 1.000000
100 113 nan 1.000000
101 113 nan 1.000000
102 113 nan 1.000000
103 113 nan 1.000000
104 113 nan 1.000000
105 113 nan 1.000000
106 113 nan 1.000000
107 113 nan 1.000000
108 113 nan 1.000000
109 113 nan 1.000000
110 113 nan 1.000000
111 113 nan 1.000000
112 113 nan 1.000000
113 113 nan 1.000000
114 113 nan 1.000000
115 113 nan 1.000000
116 113 nan 1.000000
117 113 nan 1.000000
118 113 nan 1.000000
119 113 nan 1.000000
120 113 nan 1.000000
121 113 nan 1.000000
122 113 nan 1.000000
123 113 nan 1.000000
124 113 nan 1.000000
125 113 nan 1.000000
126 113 nan 1.000000
127 113 nan 1.000000
128 113 nan 1.000000
129 113 nan 1.000000
130 113 nan 1.000000
131 113 nan 1.000000
132 113 nan 1.000000
133 113 nan 1.000000
134 113 nan 1.000000
135 113 nan 1.000000
136 113 nan 1.000000
137 113 nan 1.000000
138 113 nan 1.000000
139 113 nan 1.000000
140 113 nan 1.000000
141 113 nan 1.000000
142 113 nan 1.000000
143 113 nan 1.000000
144 113 nan 1.000000
145 113 nan 1.000000
146 113 nan 1.000000
147 113 nan 1.000000
148 113 nan 1.000000
149 113 nan 1.000000
150 113 nan 1.000000
151 113 nan 1.000000
152 113 nan 1.000000
153 113 nan 1.000000
154 113 nan 1.000000
155 113 nan 1.000000
156 113 nan 1.000000
157 113 nan 1.000000
158 113 nan 1.000000
159 113 nan 1.000000
160 113 nan 1.000000
161 113 nan 1.000000
162 113 nan 1.000000
163 113 nan 1.000000
164 113 nan 1.000000
165 113 nan 1.000000
166 113 nan 1.000000
167 113 nan 1.000000
168 113 nan 0.999999
169 113 nan 0.999998
170 113 nan 0.999992
171 113 nan 0.999970
172 113 nan 0.999890
173 113 nan 0.999591
174 113 nan 0.998482
175 113 nan 0.994379
176 113 nan 0.979398
177 113 nan 0.927377
178 113 nan 0.774189
179 113 nan 0.479187
180 113 nan 0.197950
181 113 nan 0.062069
182 113 nan 0.017428
183 113 nan 0.004729
184 113 nan 0.001271
185 113 nan 0.000341
186 113 nan 0.000091
187 113 nan 0.000024
188 113 nan 0.000007
189 113 nan 0.000002
190 113 nan 0.000000
191 113 nan 0.000000
192 113 nan 0.000000
193 113 nan 0.000000
194 113 nan 0.000000
195 113 nan 0.000000
196 113 nan 0.000000
197 113 nan 0.000000
198 113 nan 0.000000
199 113 nan 0.000000
0 114 nan 0.000000
1 114 nan 0.000000
2 114 nan 0.000000
3 114 nan 0.000000
4 114 nan 0.000000
5 114 nan 0.000000
6 114 nan 0.000000
7 114 nan 0.000000
8 114 nan 0.000000
9 114 nan 0.000000
10 114 nan 0.000000
11 114 nan 0.000001
12 114 nan 0.000005
13 114 nan 0.000020
14 114 nan 0.000074
15 114 nan 0.000276
16 114 nan 0.001029
17 114 nan 0.003822
18 114 nan 0.014081
19 114 nan 0.050468
20 114 nan 0.165065
21 114 nan 0.423630
22 114 nan 0.731988
23 114 nan 0.910261
24 114 nan 0.974128
25 114 nan 0.992892
26 114 nan 0.998073
27 114 nan 0.999479
28 114 nan 0.999859
29 114 nan 0.999962
30 114 nan 0.999990
31 114 nan 0.999997
32 114 nan 0.999999
33 114 nan 1.000000
34 114 nan 1.000000
35 114 nan 1.000000
36 114 nan 1.000000
37 114 nan 1.000000
38 114 nan 1.000000
39 114 nan 1.000000
40 114 nan 1.000000
41 114 nan 1.000000
42 114 nan 1.000000
43 114 nan 1.000000
44 114 nan 1.000000
45 114 nan 1.000000
46 114 nan 1.000000
47 114 nan 1.000000
48 114 nan 1.000000
49 114 nan 1.000000
50 114 nan 1.000000
51 114 nan 1.000000
52 114 nan 1.000000
53 114 nan 1.000000
54 114 nan 1.000000
55 114 nan 1.000000
56 114 nan 1.000000
57 114 nan 1.000000
58 114 nan 1.000000
59 114 nan 1.000000
60 114 nan 1.000000
61 114 nan 1.000000
62 114 nan 1.000000
63 114 nan 1.000000
64 114 nan 1.000000
65 114 nan 1.000000
66 114 nan 1.000000
67 114 nan 1.000000
68 114 nan 1.000000
69 114 nan 1.000000
70 114 nan 1.000000
71 114 nan 1.000000
72 114 nan 1.000000
73 114 nan 1.000000
74 114 nan 1.000000
75 114 nan 1.000000
76 114 nan 1.000000
77 114 nan 1.000000
78 114 nan 1.000000
79 114 nan 1.000000
80 114 nan 1.000000
81 114 nan 1.000000
82 114 nan 1.000000
83 114 nan 1.000000
84 114 nan 1.000000
85 114 nan 1.000000
86 114 nan 1.000000
87 114 nan 1.000000
88 114 nan 1.000000
89 114 nan 1.000000
90 114 nan 1.000000
91 114 nan 1.000000
92 114 nan 1.000000
93 114 nan 1.000000
94 114 nan 1.000000
95 114 nan 1.000000
96 114 nan 1.000000
97 114 nan 1.000000
98 114 nan 1.000000
99 114 nan 1.000000
100 114 nan 1.000000
101 114 nan 1.000000
102 114 nan 1.000000
103 114 nan 1.000000
104 114 nan 1.000000
105 114 nan 1.000000
106 114 nan 1.000000
107 114 nan 1.000000
108 114 nan 1.000000
109 114 nan 1.000000
110 114 nan 1.000000
111 114 nan 1.000000
112 114 nan 1.000000
113 114 nan 1.000000
114 114 nan 1.000000
115 114 nan 1.000000
116 114 nan 1.000000
117 114 nan 1.000000
118 114 nan 1.000000
119 114 nan 1.000000
120 114 nan 1.000000
121 114 nan 1.000000
122 114 nan 1.000000
123 114 nan 1.000000
124 114 nan 1.000000
125 114 nan 1.000000
126 114 nan 1.000000
127 114 nan 1.000000
128 114 nan 1.000000
129 114 nan 1.000000
130 114 nan 1.000000
131 114 nan 1.000000
132 114 nan 1.000000
133 114 nan 1.000000
134 114 nan 1.000000
135 114 nan 1.000000
136 114 nan 1.000000
137 114 nan 1.000000
138 114 nan 1.000000
139 114 nan 1.000000
140 114 nan 1.000000
141 114 nan 1.000000
142 114 nan 1.000000
143 114 nan 1.000000
144 114 nan 1.000000
145 114 nan 1.000000
146 114 nan 1.000000
147 114 nan 1.000000
148 114 nan 1.000000
149 114 nan 1.000000
150 114 nan 1.000000
151 114 nan 1.000000
152 114 nan 1.000000
153 114 nan 1.000000
154 114 nan 1.000000
155 114 nan 1.000000
156 114 nan 1.000000
157 114 nan 1.000000
158 114 nan 1.000000
159 114 nan 1.000000
160 114 nan 1.000000
161 114 nan 1.000000
162 114 nan 1.000000
163 114 nan 1.000000
164 114 nan 1.000000
165 114 nan 1.000000
166 114 nan 1.000000
167 114 nan 1.000000
168 114 nan 0.999999
169 114 nan 0.999997
170 114 nan 0.999990
171 114 nan 0.999962
172 114 nan 0.999859
173 114 nan 0.999479
174 114 nan 0.998073
175 114 nan 0.992892
176 114 nan 0.974128
177 114 nan 0.910261
178 114 nan 0.731988
179 114 nan 0.423630
180 114 nan 0.165065
181 114 nan 0.050468
182 114 nan 0.014081
183 114 nan 0.003822
184 114 nan 0.001029
185 114 nan 0.000276
186 114 nan 0.000074
187 114 nan 0.000020
188 114 nan 0.000005
189 114 nan 0.000001
190 114 nan 0.000000
191 114 nan 0.000000
192 114 nan 0.000000
193 114 nan 0.000000
194 114 nan 0.000000
195 114 nan 0.000000
196 114 nan 0.000000
197 114 nan 0.000000
198 114 nan 0.000000
199 114 nan 0.000000
0 115 nan 0.000000
1 115 nan 0.000000
2 115 nan 0.000000
3 115 nan 0.000000
4 115 nan 0.000000
5 115 nan 0.000000
6 115 nan 0.000000
7 115 nan 0.000000
8 115 nan 0.000000
9 115 nan 0.000000
10 115 nan 0.000000
11 115 nan 0.000001
12 115 nan 0.000004
13 115 nan 0.000016
14 115 nan 0.000059
15 115 nan 0.000221
16 115 nan 0.000820
17 115 nan 0.003040
18 115 nan 0.011197
19 115 nan 0.040327
20 115 nan 0.134843
21 115 nan 0.366192
22 115 nan 0.681581
23 115 nan 0.887962
24 115 nan 0.967026
25 115 nan 0.990863
26 115 nan 0.997511
27 115 nan 0.999325
28 115 nan 0.999817
29 115 nan 0.999950
30 115 nan 0.999987
31 115 nan 0.999996
32 115 nan 0.999999
33 115 nan 1.000000
34 115 nan 1.000000
35 115 nan 1.000000
36 115 nan 1.000000
37 115 nan 1.000000
38 115 nan 1.000000
39 115 nan 1.000000
40 115 nan 1.000000
41 115 nan 1.000000
42 115 nan 1.000000
43 115 nan 1.000000
44 115 nan 1.000000
45 115 nan 1.000000
46 115 nan 1.000000
47 115 nan 1.000000
48 115 nan 1.000000
49 115 nan 1.000000
50 115 nan 1.000000
51 115 nan 1.000000
52 115 nan 1.000000
53 115 nan 1.000000
54 115 nan 1.000000
55 115 nan 1.000000
56 115 nan 1.000000
57 115 nan 1.000000
58 115 nan 1.000000
59 115 nan 1.000000
60 115 nan 1.000000
61 115 nan 1.000000
62 115 nan 1.000000
63 115 nan 1.000000
64 115 nan 1.000000
65 115 nan 1.000000
66 115 nan 1.000000
67 115 nan 1.000000
68 115 nan 1.000000
69 115 nan 1.000000
70 115 nan 1.000000
71 115 nan 1.000000
72 115 nan 1.000000
73 115 nan 1.000000
74 115 nan 1.000000
75 115 nan 1.000000
76 115 nan 1.000000
77 115 nan 1.000000
78 115 nan 1.000000
79 115 nan 1.000000
80 115 nan 1.000000
81 115 nan 1.000000
82 115 nan 1.000000
83 115 nan 1.000000
84 115 nan 1.000000
85 115 nan 1.000000
86 115 nan 1.000000
87 115 nan 1.000000
88 115 nan 1.000000
89 115 nan 1.000000
90 115 nan 1.000000
91 115 nan 1.000000
92 115 nan 1.000000
93 115 nan 1.000000
94 115 nan 1.000000
95 115 nan 1.000000
96 115 nan 1.000000
97 115 nan 1.000000
98 115 nan 1.000000
99 115 nan 1.000000
100 115 nan 1.000000
101 115 nan 1.000000
102 115 nan 1.000000
103 115 nan 1.000000
104 115 nan 1.000000
105 115 nan 1.000000
106 115 nan 1.000000
107 115 nan 1.000000
108 115 nan 1.000000
109 115 nan 1.000000
110 115 nan 1.000000
111 115 nan 1.000000
112 115 nan 1.000000
113 115 nan 1.000000
114 115 nan 1.000000
115 115 nan 1.000000
116 115 nan 1.000000
117 115 nan 1.000000
118 115 nan 1.000000
119 115 nan 1.000000
120 115 nan 1.000000
121 115 nan 1.000000
122 115 nan 1.000000
123 115 nan 1.000000
124 115 nan 1.000000
125 115 nan 1.000000
126 115 nan 1.000000
127 115 nan 1.000000
128 115 nan 1.000000
129 115 nan 1.000000
130 115 nan 1.000000
131 115 nan 1.000000
132 115 nan 1.000000
133 115 nan 1.000000
134 115 nan 1.000000
135 115 nan 1.000000
136 115 nan 1.000000
137 115 nan 1.000000
138 115 nan 1.000000
139 115 nan 1.000000
140 115 nan 1.000000
141 115 nan 1.000000
142 115 nan 1.000000
143 115 nan 1.000000
144 115 nan 1.000000
145 115 nan 1.000000
146 115 nan 1.000000
147 115 nan 1.000000
148 115 nan 1.000000
149 115 nan 1.000000
150 115 nan 1.000000
151 115 nan 1.000000
152 115 nan 1.000000
153 115 nan 1.000000
154 115 nan 1.000000
155 115 nan 1.000000
156 115 nan 1.000000
157 115 nan 1.000000
158 115 nan 1.000000
159 115 nan 1.000000
160 115 nan 1.000000
161 115 nan 1.000000
162 115 nan 1.000000
163 115 nan 1.000000
164 115 nan 1.000000
165 115 nan 1.000000
166 115 nan 1.000000
167 115 nan 1.000000
168 115 nan 0.999999
169 115 nan 0.999996
170 115 nan 0.999987
171 115 nan 0.999950
172 115 nan 0.999817
173 115 nan 0.999325
174 115 nan 0.997511
175 115 nan 0.990863
176 115 nan 0.967026
177 115 nan 0.887962
178 115 nan 0.681581
179 115 nan 0.366192
180 115 nan 0.134843
181 115 nan 0.040327
182 115 nan 0.011197
183 115 nan 0.003040
184 115 nan 0.000820
185 115 nan 0.000221
186 115 nan 0.000059
187 115 nan 0.000016
188 115 nan 0.000004
189 115 nan 0.000001
190 115 nan 0.000000
191 115 nan 0.000000
192 115 nan 0.000000
193 115 nan 0.000000
194 115 nan 0.000000
195 115 nan 0.000000
196 115 nan 0.000000
197 115 nan 0.000000
198 115 nan 0.000000
199 115 nan 0.000000
0 116 nan 0.000000
1 116 nan 0.000000
2 116 nan 0.000000
3 116 nan 0.000000
4 116 nan 0.000000
5 116 nan 0.000000
6 116 nan 0.000000
7 116 nan 0.000000
8 116 nan 0.000000
9 116 nan 0.000000
10 116 nan 0.000000
11 116 nan 0.000001
12 116 nan 0.000003
13 116 nan 0.000013
14 116 nan 0.000047
15 116 nan 0.000174
16 116 nan 0.000644
17 116 nan 0.002382
18 116 nan 0.008762
19 116 nan 0.031671
20 116 nan 0.107896
21 116 nan 0.308894
22 116 nan 0.622736
23 116 nan 0.858996
24 116 nan 0.957388
25 116 nan 0.988067
26 116 nan 0.996731
27 116 nan 0.999110
28 116 nan 0.999758
29 116 nan 0.999934
30 116 nan 0.999982
31 116 nan 0.999995
32 116 nan 0.999999
33 116 nan 1.000000
34 116 nan 1.000000
35 116 nan 1.000000
36 116 nan 1.000000
37 116 nan 1.000000
38 116 nan 1.000000
39 116 nan 1.000000
40 116 nan 1.000000
41 116 nan 1.000000
42 116 nan 1.000000
43 116 nan 1.000000
44 116 nan 1.000000
45 116 nan 1.000000
46 116 nan 1.000000
47 116 nan 1.000000
48 116 nan 1.000000
49 116 nan 1.000000
50 116 nan 1.000000
51 116 nan 1.000000
52 116 nan 1.000000
53 116 nan 1.000000
54 116 nan 1.000000
55 116 nan 1.000000
56 116 nan 1.000000
57 116 nan 1.000000
58 116 nan 1.000000
59 116 nan 1.000000
60 116 nan 1.000000
61 116 nan 1.000000
62 116 nan 1.000000
63 116 nan 1.000000
64 116 nan 1.000000
65 116 nan 1.000000
66 116 nan 1.000000
67 116 nan 1.000000
68 116 nan 1.000000
69 116 nan 1.000000
70 116 nan 1.000000
71 116 nan 1.000000
72 116 nan 1.000000
73 116 nan 1.000000
74 116 nan 1.000000
75 116 nan 1.000000
76 116 nan 1.000000
77 116 nan 1.000000
78 116 nan 1.000000
79 116 nan 1.000000
80 116 nan 1.000000
81 116 nan 1.000000
82 116 nan 1.000000
83 116 nan 1.000000
84 116 nan 1.000000
85 116 nan 1.000000
86 116 nan 1.000000
87 116 nan 1.000000
88 116 nan 1.000000
89 116 nan 1.000000
90 116 nan 1.000000
91 116 nan 1.000000
92 116 nan 1.000000
93 116 nan 1.000000
94 116 nan 1.000000
95 116 nan 1.000000
96 116 nan 1.000000
97 116 nan 1.000000
98 116 nan 1.000000
99 116 nan 1.000000
100 116 nan 1.000000
101 116 nan 1.000000
102 116 nan 1.000000
103 116 nan 1.000000
104 116 nan 1.000000
105 116 nan 1.000000
106 116 nan 1.000000
107 116 nan 1.000000
108 116 nan 1.000000
109 116 nan 1.000000
110 116 nan 1.000000
111 116 nan 1.000000
112 116 nan 1.000000
113 116 nan 1.000000
114 116 nan 1.000000
115 116 nan 1.000000
116 116 nan 1.000000
117 116 nan 1.000000
118 116 nan 1.000000
119 116 nan 1.000000
120 116 nan 1.000000
121 116 nan 1.000000
122 116 nan 1.000000
123 116 nan 1.000000
124 116 nan 1.000000
125 116 nan 1.000000
126 116 nan 1.000000
127 116 nan 1.000000
128 116 nan 1.000000
129 116 nan 1.000000
130 116 nan 1.000000
131 116 nan 1.000000
132 116 nan 1.000000
133 116 nan 1.000000
134 116 nan 1.000000
135 116 nan 1.000000
136 116 nan 1.000000
137 116 nan 1.000000
138 116 nan 1.000000
139 116 nan 1.000000
140 116 nan 1.000000
141 116 nan 1.000000
142 116 nan 1.000000
143 116 nan 1.000000
144 116 nan 1.000000
145 116 nan 1.000000
146 116 nan 1.000000
147 116 nan 1.000000
148 116 nan 1.000000
149 116 nan 1.000000
150 116 nan 1.000000
151 116 nan 1.000000
152 116 nan 1.000000
153 116 nan 1.000000
154 116 nan 1.000000
155 116 nan 1.000000
156 116 nan 1.000000
157 116 nan 1.000000
158 116 nan 1.000000
159 116 nan 1.000000
160 116 nan 1.000000
161 116 nan 1.000000
162 116 nan 1.000000
163 116 nan 1.000000
164 116 nan 1.000000
165 116 nan 1.000000
166 116 nan 1.000000
167 116 nan 1.000000
168 116 nan 0.999999
169 116 nan 0.999995
170 116 nan 0.999982
171 116 nan 0.999934
172 116 nan 0.999758
173 116 nan 0.999110
174 116 nan 0.996731
175 116 nan 0.988067
176 116 nan 0.957388
177 116 nan 0.858996
178 116 nan 0.622736
179 116 nan 0.308894
180 116 nan 0.107896
181 116 nan 0.031671
182 116 nan 0.008762
183 116 nan 0.002382
184 116 nan 0.000644
185 116 nan 0.000174
186 116 nan 0.000047
187 116 nan 0.000013
188 116 nan 0.000003
189 116 nan 0.000001
190 116 nan 0.000000
191 116 nan 0.000000
192 116 nan 0.000000
193 116 nan 0.000000
194 116 nan 0.000000
195 116 nan 0.000000
196 116 nan 0.000000
197 116 nan 0.000000
198 116 nan 0.000000
199 116 nan 0.000000
0 117 nan 0.000000
1 117 nan 0.000000
2 117 nan 0.000000
3 117 nan 0.000000
4 117 nan 0.000000
5 117 nan 0.000000
6 117 nan 0.000000
7 117 nan 0.000000
8 117 nan 0.000000
9 117 nan 0.000000
10 117 nan 0.000000
11 117 nan 0.000001
12 117 nan 0.000003
13 117 nan 0.000010
14 117 nan 0.000036
15 117 nan 0.000135
16 117 nan 0.000498
17 117 nan 0.001838
18 117 nan 0.006749
19 117 nan 0.024452
20 117 nan 0.084576
21 117 nan 0.253906
22 117 nan 0.556073
23 117 nan 0.821656
24 117 nan 0.944233
25 117 nan 0.984171
26 117 nan 0.995635
27 117 nan 0.998806
28 117 nan 0.999674
29 117 nan 0.999911
30 117 nan 0.999976
31 117 nan 0.999993
32 117 nan 0.999998
33 117 nan 0.999999
34 117 nan 1.000000
35 117 nan 1.000000
36 117 nan 1.000000
37 117 nan 1.000000
38 117 nan 1.000000
39 117 nan 1.000000
40 117 nan 1.000000
41 117 nan 1.000000
42 117 nan 1.000000
43 117 nan 1.000000
44 117 nan 1.000000
45 117 nan 1.000000
46 117 nan 1.000000
47 117 nan 1.000000
48 117 nan 1.000000
49 117 nan 1.000000
50 117 nan 1.000000
51 117 nan 1.000000
52 117 nan 1.000000
53 117 nan 1.000000
54 117 nan 1.000000
55 117 nan 1.000000
56 117 nan 1.000000
57 117 nan 1.000000
58 117 nan 1.000000
59 117 nan 1.000000
60 117 nan 1.000000
61 117 nan 1.000000
62 117 nan 1.000000
63 117 nan 1.000000
64 117 nan 1.000000
65 117 nan 1.000000
66 117 nan 1.000000
67 117 nan 1.000000
68 117 nan 1.000000
69 117 nan 1.000000
70 117 nan 1.000000
71 117 nan 1.000000
72 117 nan 1.000000
73 117 nan 1.000000
74 117 nan 1.000000
75 117 nan 1.000000
76 117 nan 1.000000
77 117 nan 1.000000
78 117 nan 1.000000
79 117 nan 1.000000
80 117 nan 1.000000
81 117 nan 1.000000
82 117 nan 1.000000
83 117 nan 1.000000
84 117 nan 1.000000
85 117 nan 1.000000
86 117 nan 1.000000
87 117 nan 1.000000
88 117 nan 1.000000
89 117 nan 1.000000
90 117 nan 1.000000
91 117 nan 1.000000
92 117 nan 1.000000
93 117 nan 1.000000
94 117 nan 1.000000
95 117 nan 1.000000
96 117 nan 1.000000
97 117 nan 1.000000
98 117 nan 1.000000
99 117 nan 1.000000
100 117 nan 1.000000
101 117 nan 1.000000
102 117 nan 1.000000
103 117 nan 1.000000
104 117 nan 1.000000
105 117 nan 1.000000
106 117 nan 1.000000
107 117 nan 1.000000
108 117 nan 1.000000
109 117 nan 1.000000
110 117 nan 1.000000
111 117 nan 1.000000
112 117 nan 1.000000
113 117 nan 1.000000
114 117 nan 1.000000
115 117 nan 1.000000
116 117 nan 1.000000
117 117 nan 1.000000
118 117 nan 1.000000
119 117 nan 1.000000
120 117 nan 1.000000
121 117 nan 1.000000
122 117 nan 1.000000
123 117 nan 1.000000
124 117 nan 1.000000
125 117 nan 1.000000
126 117 nan 1.000000
127 117 nan 1.000000
128 117 nan 1.000000
129 117 nan 1.000000
130 117 nan 1.000000
131 117 nan 1.000000
132 117 nan 1.000000
133 117 nan 1.000000
134 117 nan 1.000000
135 117 nan 1.000000
136 117 nan 1.000000
137 117 nan 1.000000
138 117 nan 1.000000
139 117 nan 1.000000
140 117 nan 1.000000
141 117 nan 1.000000
142 117 nan 1.000000
143 117 nan 1.000000
144 117 nan 1.000000
145 117 nan 1.000000
146 117 nan 1.000000
147 117 nan 1.000000
148 117 nan 1.000000
149 117 nan 1.000000
150 117 nan 1.000000
151 117 nan 1.000000
152 117 nan 1.000000
153 117 nan 1.000000
154 117 nan 1.000000
155 117 nan 1.000000
156 117 nan 1.000000
157 117 nan 1.000000
158 117 nan 1.000000
159 117 nan 1.000000
160 117 nan 1.000000
161 117 nan 1.000000
162 117 nan 1.000000
163 117 nan 1.000000
164 117 nan 1.000000
165 117 nan 1.000000
166 117 nan 1.000000
167 117 nan 0.999999
168 117 nan 0.999998
169 117 nan 0.999993
170 117 nan 0.999976
171 117 nan 0.999911
172 117 nan 0.999674
173 117 nan 0.998806
174 117 nan 0.995635
175 117 nan 0.984171
176 117 nan 0.944233
177 117 nan 0.821656
178 117 nan 0.556073
179 117 nan 0.253906
180 117 nan 0.084576
181 117 nan 0.024452
182 117 nan 0.006749
183 117 nan 0.001838
184 117 nan 0.000498
185 117 nan 0.000135
186 117 nan 0.000036
187 117 nan 0.000010
188 117 nan 0.000003
189 117 nan 0.000001
190 117 nan 0.000000
191 117 nan 0.000000
192 117 nan 0.000000
193 117 nan 0.000000
194 117 nan 0.000000
195 117 nan 0.000000
196 117 nan 0.000000
197 117 nan 0.000000
198 117 nan 0.000000
199 117 nan 0.000000
0 118 nan 0.000000
1 118 nan 0.000000
2 118 nan 0.000000
3 118 nan 0.000000
4 118 nan 0.000000
5 118 nan 0.000000
6 118 nan 0.000000
7 118 nan 0.000000
8 118 nan 0.000000
9 118 nan 0.000000
10 118 nan 0.000000
11 118 nan 0.000001
12 118 nan 0.000002
13 118 nan 0.000008
14 118 nan 0.000028
15 118 nan 0.000103
16 118 nan 0.000380
17 118 nan 0.001396
18 118 nan 0.005118
19 118 nan 0.018563
20 118 nan 0.064969
21 118 nan 0.203226
22 118 nan 0.483345
23 118 nan 0.774189
24 118 nan 0.926219
25 118 nan 0.978689
26 118 nan 0.994077
27 118 nan 0.998371
28 118 nan 0.999553
29 118 nan 0.999877
30 118 nan 0.999966
31 118 nan 0.999991
32 118 nan 0.999997
33 118 nan 0.999999
34 118 nan 1.000000
35 118 nan 1.000000
36 118 nan 1.000000
37 118 nan 1.000000
38 118 nan 1.000000
39 118 nan 1.000000
40 118 nan 1.000000
41 118 nan 1.000000
42 118 nan 1.000000
43 118 nan 1.000000
44 118 nan 1.000000
45 118 nan 1.000000
46 118 nan 1.000000
47 118 nan 1.000000
48 118 nan 1.000000
49 118 nan 1.000000
50 118 nan 1.000000
51 118 nan 1.000000
52 118 nan 1.000000
53 118 nan 1.000000
54 118 nan 1.000000
55 118 nan 1.000000
56 118 nan 1.000000
57 118 nan 1.000000
58 118 nan 1.000000
59 118 nan 1.000000
60 118 nan 1.000000
61 118 nan 1.000000
62 118 nan 1.000000
63 118 nan 1.000000
64 118 nan 1.000000
65 118 nan 1.000000
66 118 nan 1.000000
67 118 nan 1.000000
68 118 nan 1.000000
69 118 nan 1.000000
70 118 nan 1.000000
71 118 nan 1.000000
72 118 nan 1.000000
73 118 nan 1.000000
74 118 nan 1.000000
75 118 nan 1.000000
76 118 nan 1.000000
77 118 nan 1.000000
78 118 nan 1.000000
79 118 nan 1.000000
80 118 nan 1.000000
81 118 nan 1.000000
82 118 nan 1.000000
83 118 nan 1.000000
84 118 nan 1.000000
85 118 nan 1.000000
86 118 nan 1.000000
87 118 nan 1.000000
88 118 nan 1.000000
89 118 nan 1.000000
90 118 nan 1.000000
91 118 nan 1.000000
92 118 nan 1.000000
93 118 nan 1.000000
94 118 nan 1.000000
95 118 nan 1.000000
96 118 nan 1.000000
97 118 nan 1.000000
98 118 nan 1.000000
99 118 nan 1.000000
100 118 nan 1.000000
101 118 nan 1.000000
102 118 nan 1.000000
103 118 nan 1.000000
104 118 nan 1.000000
105 118 nan 1.000000
106 118 nan 1.000000
107 118 nan 1.000000
108 118 nan 1.000000
109 118 nan 1.000000
110 118 nan 1.000000
111 118 nan 1.000000
112 118 nan 1.000000
113 118 nan 1.000000
114 118 nan 1.000000
115 118 nan 1.000000
116 118 nan 1.000000
117 118 nan 1.000000
118 118 nan 1.000000
119 118 nan 1.000000
120 118 nan 1.000000
121 118 nan 1.000000
122 118 nan 1.000000
123 118 nan 1.000000
124 118 nan 1.000000
125 118 nan 1.000000
126 118 nan 1.000000
127 118 nan 1.000000
128 118 nan 1.000000
129 118 nan 1.000000
130 118 nan 1.000000
131 118 nan 1.000000
132 118 nan 1.000000
133 118 nan 1.000000
134 118 nan 1.000000
135 118 nan 1.000000
136 118 nan 1.000000
137 118 nan 1.000000
138 118 nan 1.000000
139 118 nan 1.000000
140 118 nan 1.000000
141 118 nan 1.000000
142 118 nan 1.000000
143 118 nan 1.000000
144 118 nan 1.000000
145 118 nan 1.000000
146 118 nan 1.000000
147 118 nan 1.000000
148 118 nan 1.000000
149 118 nan 1.000000
150 118 nan 1.000000
151 118 nan 1.000000
152 118 nan 1.000000
153 118 nan 1.000000
154 118 nan 1.000000
155 118 nan 1.000000
156 118 nan 1.000000
157 118 nan 1.000000
158 118 nan 1.000000
159 118 nan 1.000000
160 118 nan 1.000000
161 118 nan 1.000000
162 118 nan 1.000000
163 118 nan 1.000000
164 118 nan 1.000000
165 118 nan 1.000000
166 118 nan 1.000000
167 118 nan 0.999999
168 118 nan 0.999997
169 118 nan 0.999991
170 118 nan 0.999966
171 118 nan 0.999877
172 118 nan 0.999553
173 118 nan 0.998371
174 118 nan 0.994077
175 118 nan 0.978689
176 118 nan 0.926219
177 118 nan 0.774189
178 118 nan 0.483345
179 118 nan 0.203226
180 118 nan 0.064969
181 118 nan 0.018563
182 118 nan 0.005118
183 118 nan 0.001396
184 118 nan 0.000380
185 118 nan 0.000103
186 118 nan 0.000028
187 118 nan 0.000008
188 118 nan 0.000002
189 118 nan 0.000001
190 118 nan 0.000000
191 118 nan 0.000000
192 118 nan 0.000000
193 118 nan 0.000000
194 118 nan 0.000000
195 118 nan 0.000000
196 118 nan 0.000000
197 118 nan 0.000000
198 118 nan 0.000000
199 118 nan 0.000000
0 119 nan 0.000000
1 119 nan 0.000000
2 119 nan 0.000000
3 119 nan 0.000000
4 119 nan 0.000000
5 119 nan 0.000000
6 119 nan 0.000000
7 119 nan 0.000000
8 119 nan 0.000000
9 119 nan 0.000000
10 119 nan 0.000000
11 119 nan 0.000000
12 119 nan 0.000002
13 119 nan 0.000006
14 119 nan 0.000021
15 119 nan 0.000078
16 119 nan 0.000285
17 119 nan 0.001045
18 119 nan 0.003822
19 119 nan 0.013861
20 119 nan 0.048936
21 119 nan 0.158390
22 119 nan 0.407492
23 119 nan 0.715172
24 119 nan 0.901558
25 119 nan 0.970905
26 119 nan 0.991835
27 119 nan 0.997741
28 119 nan 0.999377
29 119 nan 0.999828
30 119 nan 0.999953
31 119 nan 0.999987
32 119 nan 0.999996
33 119 nan 0.999999
34 119 nan 1.000000
35 119 nan 1.000000
36 119 nan 1.000000
37 119 nan 1.000000
38 119 nan 1.000000
39 119 nan 1.000000
40 119 nan 1.000000
41 119 nan 1.000000
42 119 nan 1.000000
43 119 nan 1.000000
44 119 nan 1.000000
45 119 nan 1.000000
46 119 nan 1.000000
47 119 nan 1.000000
48 119 nan 1.000000
49 119 nan 1.000000
50 119 nan 1.000000
51 119 nan 1.000000
52 119 nan 1.000000
53 119 nan 1.000000
54 119 nan 1.000000
55 119 nan 1.000000
56 119 nan 1.000000
57 119 nan 1.000000
58 119 nan 1.000000
59 119 nan 1.000000
60 119 nan 1.000000
61 119 nan 1.000000
62 119 nan 1.000000
63 119 nan 1.000000
64 119 nan 1.000000
65 119 nan 1.000000
66 119 nan 1.000000
67 119 nan 1.000000
68 119 nan 1.000000
69 119 nan 1.000000
70 119 nan 1.000000
71 119 nan 1.000000
72 119 nan 1.000000
73 119 nan 1.000000
74 119 nan 1.000000
75 119 nan 1.000000
76 119 nan 1.000000
77 119 nan 1.000000
78 119 nan 1.000000
79 119 nan 1.000000
80 119 nan 1.000000
81 119 nan 1.000000
82 119 nan 1.000000
83 119 nan 1.000000
84 119 nan 1.000000
85 119 nan 1.000000
86 119 nan 1.000000
87 119 nan 1.000000
88 119 nan 1.000000
89 119 nan 1.000000
90 119 nan 1.000000
91 119 nan 1.000000
92 119 nan 1.000000
93 119 nan 1.000000
94 119 nan 1.000000
95 119 nan 1.000000
96 119 nan 1.000000
97 119 nan 1.000000
98 119 nan 1.000000
99 119 nan 1.000000
100 119 nan 1.000000
101 119 nan 1.000000
102 119 nan 1.000000
103 119 nan 1.000000
104 119 nan 1.000000
105 119 nan 1.000000
106 119 nan 1.000000
107 119 nan 1.000000
108 119 nan 1.000000
109 119 nan 1.000000
110 119 nan 1.000000
111 119 nan 1.000000
112 119 nan 1.000000
113 119 nan 1.000000
114 119 nan 1.000000
115 119 nan 1.000000
116 119 nan 1.000000
117 119 nan 1.000000
118 119 nan 1.000000
119 119 nan 1.000000
120 119 nan 1.000000
121 119 nan 1.000000
122 119 nan 1.000000
123 119 nan 1.000000
124 119 nan 1.000000
125 119 nan 1.000000
126 119 nan 1.000000
127 119 nan 1.000000
128 119 nan 1.000000
129 119 nan 1.000000
130 119 nan 1.000000
131 119 nan 1.000000
132 119 nan 1.000000
133 119 nan 1.000000
134 119 nan 1.000000
135 119 nan 1.000000
136 119 nan 1.000000
137 119 nan 1.000000
138 119 nan 1.000000
139 119 nan 1.000000
140 119 nan 1.000000
141 119 nan 1.000000
142 119 nan 1.000000
143 119 nan 1.000000
144 119 nan 1.000000
145 119 nan 1.000000
146 119 nan 1.000000
147 119 nan 1.000000
148 119 nan 1.000000
149 119 nan 1.000000
150 119 nan 1.000000
151 119 nan 1.000000
152 119 nan 1.000000
153 119 nan 1.000000
154 119 nan 1.000000
155 119 nan 1.000000
156 119 nan 1.000000
157 119 nan 1.000000
158 119 nan 1.000000
159 119 nan 1.000000
160 119 nan 1.000000
161 119 nan 1.000000
162 119 nan 1.000000
163 119 nan 1.000000
164 119 nan 1.000000
165 119 nan 1.000000
166 119 nan 1.000000
167 119 nan 0.999999
168 119 nan 0.999996
169 119 nan 0.999987
170 119 nan 0.999953
171 119 nan 0.999828
172 119 nan 0.999377
173 119 nan 0.997741
174 119 nan 0.991835
175 119 nan 0.970905
176 119 nan 0.901558
177 119 nan 0.715172
178 119 nan 0.407492
179 119 nan 0.158390
180 119 nan 0.048936
181 119 nan 0.013861
182 119 nan 0.003822
183 119 nan 0.001045
184 119 nan 0.000285
185 119 nan 0.000078
186 119 nan 0.000021
187 119 nan 0.000006
188 119 nan 0.000002
189 119 nan 0.000000
190 119 nan 0.000000
191 119 nan 0.000000
192 119 nan 0.000000
193 119 nan 0.000000
194 119 nan 0.000000
195 119 nan 0.000000
196 119 nan 0.000000
197 119 nan 0.000000
198 119 nan 0.000000
199 119 nan 0.000000
0 120 nan 0.000000
1 120 nan 0.000000
2 120 nan 0.000000
3 120 nan 0.000000
4 120 nan 0.000000
5 120 nan 0.000000
6 120 nan 0.000000
7 120 nan 0.000000
8 120 nan 0.000000
9 120 nan 0.000000
10 120 nan 0.000000
11 120 nan 0.000000
12 120 nan 0.000001
13 120 nan 0.000004
14 120 nan 0.000016
15 120 nan 0.000058
16 120 nan 0.000211
17 120 nan 0.000771
18 120 nan 0.002810
19 120 nan 0.010183
20 120 nan 0.036165
21 120 nan 0.120281
22 120 nan 0.332318
23 120 nan 0.644126
24 120 nan 0.867989
25 120 nan 0.959773
26 120 nan 0.988569
27 120 nan 0.996816
28 120 nan 0.999117
29 120 nan 0.999755
30 120 nan 0.999932
31 120 nan 0.999981
32 120 nan 0.999995
33 120 nan 0.999999
34 120 nan 1.000000
35 120 nan 1.000000
36 120 nan 1.000000
37 120 nan 1.000000
38 120 nan 1.000000
39 120 nan 1.000000
40 120 nan 1.000000
41 120 nan 1.000000
42 120 nan 1.000000
43 120 nan 1.000000
44 120 nan 1.000000
45 120 nan 1.000000
46 120 nan 1.000000
47 120 nan 1.000000
48 120 nan 1.000000
49 120 nan 1.000000
50 120 nan 1.000000
51 120 nan 1.000000
52 120 nan 1.000000
53 120 nan 1.000000
54 120 nan 1.000000
55 120 nan 1.000000
56 120 nan 1.000000
57 120 nan 1.000000
58 120 nan 1.000000
59 120 nan 1.000000
60 120 nan 1.000000
61 120 nan 1.000000
62 120 nan 1.000000
63 120 nan 1.000000
64 120 nan 1.000000
65 120 nan 1.000000
66 120 nan 1.000000
67 120 nan 1.000000
68 120 nan 1.000000
69 120 nan 1.000000
70 120 nan 1.000000
71 120 nan 1.000000
72 120 nan 1.000000
73 120 nan 1.000000
74 120 nan 1.000000
75 120 nan 1.000000
76 120 nan 1.000000
77 120 nan 1.000000
78 120 nan 1.000000
79 120 nan 1.000000
80 120 nan 1.000000
81 120 nan 1.000000
82 120 nan 1.000000
83 120 nan 1.000000
84 120 nan 1.000000
85 120 nan 1.000000
86 120 nan 1.000000
87 120 nan 1.000000
88 120 nan 1.000000
89 120 nan 1.000000
90 120 nan 1.000000
91 120 nan 1.000000
92 120 nan 1.000000
93 120 nan 1.000000
94 120 nan 1.000000
95 120 nan 1.000000
96 120 nan 1.000000
97 120 nan 1.000000
98 120 nan 1.000000
99 120 nan 1.000000
100 120 nan 1.000000
101 120 nan 1.000000
102 120 nan 1.000000
103 120 nan 1.000000
104 120 nan 1.000000
105 120 nan 1.000000
106 120 nan 1.000000
107 120 nan 1.000000
108 120 nan 1.000000
109 120 nan 1.000000
110 120 nan 1.000000
111 120 nan 1.000000
112 120 nan 1.000000
113 120 nan 1.000000
114 120 nan 1.000000
115 120 nan 1.000000
116 120 nan 1.000000
117 120 nan 1.000000
118 120 nan 1.000000
119 120 nan 1.000000
120 120 nan 1.000000
121 120 nan 1.000000
122 120 nan 1.000000
123 120 nan 1.000000
124 120 nan 1.000000
125 120 nan 1.000000
126 120 nan 1.000000
127 120 nan 1.000000
128 120 nan 1.000000
129 120 nan 1.000000
130 120 nan 1.000000
131 120 nan 1.000000
132 120 nan 1.000000
133 120 nan 1.000000
134 120 nan 1.000000
135 120 nan 1.000000
136 120 nan 1.000000
137 120 nan 1.000000
138 120 nan 1.000000
139 120 nan 1.000000
140 120 nan 1.000000
141 120 nan 1.000000
142 120 nan 1.000000
143 120 nan 1.000000
144 120 nan 1.000000
145 120 nan 1.000000
146 120 nan 1.000000
147 120 nan 1.000000
148 120 nan 1.000000
149 120 nan 1.000000
150 120 nan 1.000000
151 120 nan 1.000000
152 120 nan 1.000000
153 120 nan 1.000000
154 120 nan 1.000000
155 120 nan 1.000000
156 120 nan 1.000000
157 120 nan 1.000000
158 120 nan 1.000000
159 120 nan 1.000000
160 120 nan 1.000000
161 120 nan 1.000000
162 120 nan 1.000000
163 120 nan 1.000000
164 120 nan 1.000000
165 120 nan 1.000000
166 120 nan 1.000000
167 120 nan 0.999999
168 120 nan 0.999995
169 120 nan 0.999981
170 120 nan 0.999932
171 120 nan 0.999755
172 120 nan 0.999117
173 120 nan 0.996816
174 120 nan 0.988569
175 120 nan 0.959773
176 120 nan 0.867989
177 120 nan 0.644126
178 120 nan 0.332318
179 120 nan 0.120281
180 120 nan 0.036165
181 120 nan 0.010183
182 120 nan 0.002810
183 120 nan 0.000771
184 120 nan 0.000211
185 120 nan 0.000058
186 120 nan 0.000016
187 120 nan 0.000004
188 120 nan 0.000001
189 120 nan 0.000000
190 120 nan 0.000000
191 120 nan 0.000000
192 120 nan 0.000000
193 120 nan 0.000000
194 120 nan 0.000000
195 120 nan 0.000000
196 120 nan 0.000000
197 120 nan 0.000000
198 120 nan 0.000000
199 120 nan 0.000000
0 121 nan 0.000000
1 121 nan 0.000000
2 121 nan 0.000000
3 121 nan 0.000000
4 121 nan 0.000000
5 121 nan 0.000000
6 121 nan 0.000000
7 121 nan 0.000000
8 121 nan 0.000000
9 121 nan 0.000000
10 121 nan 0.000000
11 121 nan 0.000000
12 121 nan 0.000001
13 121 nan 0.000003
14 121 nan 0.000012
15 121 nan 0.000042
16 121 nan 0.000154
17 121 nan 0.000560
18 121 nan 0.002035
19 121 nan 0.007363
20 121 nan 0.026242
21 121 nan 0.089100
22 121 nan 0.261801
23 121 nan 0.562249
24 121 nan 0.822891
25 121 nan 0.943780
26 121 nan 0.983761
27 121 nan 0.995441
28 121 nan 0.998729
29 121 nan 0.999646
30 121 nan 0.999901
31 121 nan 0.999972
32 121 nan 0.999992
33 121 nan 0.999998
34 121 nan 0.999999
35 121 nan 1.000000
36 121 nan 1.000000
37 121 nan 1.000000
38 121 nan 1.000000
39 121 nan 1.000000
40 121 nan 1.000000
41 121 nan 1.000000
42 121 nan 1.000000
43 121 nan 1.000000
44 121 nan 1.000000
45 121 nan 1.000000
46 121 nan 1.000000
47 121 nan 1.000000
48 121 nan 1.000000
49 121 nan 1.000000
50 121 nan 1.000000
51 121 nan 1.000000
52 121 nan 1.000000
53 121 nan 1.000000
54 121 nan 1.000000
55 121 nan 1.000000
56 121 nan 1.000000
57 121 nan 1.000000
58 121 nan 1.000000
59 121 nan 1.000000
60 121 nan 1.000000
61 121 nan 1.000000
62 121 nan 1.000000
63 121 nan 1.000000
64 121 nan 1.000000
65 121 nan 1.000000
66 121 nan 1.000000
67 121 nan 1.000000
68 121 nan 1.000000
69 121 nan 1.000000
70 121 nan 1.000000
71 121 nan 1.000000
72 121 nan 1.000000
73 121 nan 1.000000
74 121 nan 1.000000
75 121 nan 1.000000
76 121 nan 1.000000
77 121 nan 1.000000
78 121 nan 1.000000
79 121 nan 1.000000
80 121 nan 1.000000
81 121 nan 1.000000
82 121 nan 1.000000
83 121 nan 1.000000
84 121 nan 1.000000
85 121 nan 1.000000
86 121 nan 1.000000
87 121 nan 1.000000
88 121 nan 1.000000
89 121 nan 1.000000
90 121 nan 1.000000
91 121 nan 1.000000
92 121 nan 1.000000
93 121 nan 1.000000
94 121 nan 1.000000
95 121 nan 1.000000
96 121 nan 1.000000
97 121 nan 1.000000
98 121 nan 1.000000
99 121 nan 1.000000
100 121 nan 1.000000
101 121 nan 1.000000
102 121 nan 1.000000
103 121 nan 1.000000
104 121 nan 1.000000
105 121 nan 1.000000
106 121 nan 1.000000
107 121 nan 1.000000
108 121 nan 1.000000
109 121 nan 1.000000
110 121 nan 1.000000
111 121 nan 1.000000
112 121 nan 1.000000
113 121 nan 1.000000
114 121 nan 1.000000
115 121 nan 1.000000
116 121 nan 1.000000
117 121 nan 1.000000
118 121 nan 1.000000
119 121 nan 1.000000
120 121 nan 1.000000
121 121 nan 1.000000
122 121 nan 1.000000
123 121 nan 1.000000
124 121 nan 1.000000
125 121 nan 1.000000
126 121 nan 1.000000
127 121 nan 1.000000
128 121 nan 1.000000
129 121 nan 1.000000
130 121 nan 1.000000
131 121 nan 1.000000
132 121 nan 1.000000
133 121 nan 1.000000
134 121 nan 1.000000
135 121 nan 1.000000
136 121 nan 1.000000
137 121 nan 1.000000
138 121 nan 1.000000
139 121 nan 1.000000
140 121 nan 1.000000
141 121 nan 1.000000
142 121 nan 1.000000
143 121 nan 1.000000
144 121 nan 1.000000
145 121 nan 1.000000
146 121 nan 1.000000
147 121 nan 1.000000
148 121 nan 1.000000
149 121 nan 1.000000
150 121 nan 1.000000
151 121 nan 1.000000
152 121 nan 1.000000
153 121 nan 1.000000
154 121 nan 1.000000
155 121 nan 1.000000
156 121 nan 1.000000
157 121 nan 1.000000
158 121 nan 1.000000
159 121 nan 1.000000
160 121 nan 1.000000
161 121 nan 1.000000
162 121 nan 1.000000
163 121 nan 1.000000
164 121 nan 1.000000
165 121 nan 1.000000
166 121 nan 0.999999
167 121 nan 0.999998
168 121 nan 0.999992
169 121 nan 0.999972
170 121 nan 0.999901
171 121 nan 0.999646
172 121 nan 0.998729
173 121 nan 0.995441
174 121 nan 0.983761
175 121 nan 0.943780
176 121 nan 0.822891
177 121 nan 0.562249
178 121 nan 0.261801
179 121 nan 0.089100
180 121 nan 0.026242
181 121 nan 0.007363
182 121 nan 0.002035
183 121 nan 0.000560
184 121 nan 0.000154
185 121 nan 0.000042
186 121 nan 0.000012
187 121 nan 0.000003
188 121 nan 0.000001
189 121 nan 0.000000
190 121 nan 0.000000
191 121 nan 0.000000
192 121 nan 0.000000
193 121 nan 0.000000
194 121 nan 0.000000
195 121 nan 0.000000
196 121 nan 0.000000
197 121 nan 0.000000
198 121 nan 0.000000
199 121 nan 0.000000
0 122 nan 0.000000
1 122 nan 0.000000
2 122 nan 0.000000
3 122 nan 0.000000
4 122 nan 0.000000
5 122 nan 0.000000
6 122 nan 0.000000
7 122 nan 0.000000
8 122 nan 0.000000
9 122 nan 0.000000
10 122 nan 0.000000
11 122 nan 0.000000
12 122 nan 0.000001
13 122 nan 0.000002
14 122 nan 0.000008
15 122 nan 0.000030
16 122 nan 0.000110
17 122 nan 0.000401
18 122 nan 0.001452
19 122 nan 0.005241
20 122 nan 0.018710
21 122 nan 0.064477
22 122 nan 0.199259
23 122 nan 0.472957
24 122 nan 0.763708
25 122 nan 0.920796
26 122 nan 0.976614
27 122 nan 0.993369
28 122 nan 0.998140
29 122 nan 0.999479
30 122 nan 0.999854
31 122 nan 0.999959
32 122 nan 0.999988
33 122 nan 0.999997
34 122 nan 0.999999
35 122 nan 1.000000
36 122 nan 1.000000
37 122 nan 1.000000
38 122 nan 1.000000
39 122 nan 1.000000
40 122 nan 1.000000
41 122 nan 1.000000
42 122 nan 1.000000
43 122 nan 1.000000
44 122 nan 1.000000
45 122 nan 1.000000
46 122 nan 1.000000
47 122 nan 1.000000
48 122 nan 1.000000
49 122 nan 1.000000
50 122 nan 1.000000
51 122 nan 1.000000
52 122 nan 1.000000
53 122 nan 1.000000
54 122 nan 1.000000
55 122 nan 1.000000
56 122 nan 1.000000
57 122 nan 1.000000
58 122 nan 1.000000
59 122 nan 1.000000
60 122 nan 1.000000
61 122 nan 1.000000
62 122 nan 1.000000
63 122 nan 1.000000
64 122 nan 1.000000
65 122 nan 1.000000
66 122 nan 1.000000
67 122 nan 1.000000
68 122 nan 1.000000
69 122 nan 1.000000
70 122 nan 1.000000
71 122 nan 1.000000
72 122 nan 1.000000
73 122 nan 1.000000
74 122 nan 1.000000
75 122 nan 1.000000
76 122 nan 1.000000
77 122 nan 1.000000
78 122 nan 1.000000
79 122 nan 1.000000
80 122 nan 1.000000
81 122 nan 1.000000
82 122 nan 1.000000
83 122 nan 1.000000
84 122 nan 1.000000
85 122 nan 1.000000
86 122 nan 1.000000
87 122 nan 1.000000
88 122 nan 1.000000
89 122 nan 1.000000
90 122 nan 1.000000
91 122 nan 1.000000
92 122 nan 1.000000
93 122 nan 1.000000
94 122 nan 1.000000
95 122 nan 1.000000
96 122 nan 1.000000
97 122 nan 1.000000
98 122 nan 1.000000
99 122 nan 1.000000
100 122 nan 1.000000
101 122 nan 1.000000
102 122 nan 1.000000
103 122 nan 1.000000
104 122 nan 1.000000
105 122 nan 1.000000
106 122 nan 1.000000
107 122 nan 1.000000
108 122 nan 1.000000
109 122 nan 1.000000
110 122 nan 1.000000
111 122 nan 1.000000
112 122 nan 1.000000
113 122 nan 1.000000
114 122 nan 1.000000
115 122 nan 1.000000
116 122 nan 1.000000
117 122 nan 1.000000
118 122 nan 1.000000
119 122 nan 1.000000
120 122 nan 1.000000
121 122 nan 1.000000
122 122 nan 1.000000
123 122 nan 1.000000
124 122 nan 1.000000
125 122 nan 1.000000
126 122 nan 1.000000
127 122 nan 1.000000
128 122 nan 1.000000
129 122 nan 1.000000
130 122 nan 1.000000
131 122 nan 1.000000
132 122 nan 1.000000
133 122 nan 1.000000
134 122 nan 1.000000
135 122 nan 1.000000
136 122 nan 1.000000
137 122 nan 1.000000
138 122 nan 1.000000
139 122 nan 1.000000
140 122 nan 1.000000
141 122 nan 1.000000
142 122 nan 1.000000
143 122 nan 1.000000
144 122 nan 1.000000
145 122 nan 1.000000
146 122 nan 1.000000
147 122 nan 1.000000
148 122 nan 1.000000
149 122 nan 1.000000
150 122 nan 1.000000
151 122 nan 1.000000
152 122 nan 1.000000
153 122 nan 1.000000
154 122 nan 1.000000
155 122 nan 1.000000
156 122 nan 1.000000
157 122 nan 1.000000
158 122 nan 1.000000
159 122 nan 1.000000
160 122 nan 1.000000
161 122 nan 1.000000
162 122 nan 1.000000
163 122 nan 1.000000
164 122 nan 1.000000
165 122 nan 1.000000
166 122 nan 0.999999
167 122 nan 0.999997
168 122 nan 0.999988
169 122 nan 0.999959
170 122 nan 0.999854
171 122 nan 0.999479
172 122 nan 0.998140
173 122 nan 0.993369
174 122 nan 0.976614
175 122 nan 0.920796
176 122 nan 0.763708
177 122 nan 0.472957
178 122 nan 0.199259
179 122 nan 0.064477
180 122 nan 0.018710
181 122 nan 0.005241
182 122 nan 0.001452
183 122 nan 0.000401
184 122 nan 0.000110
185 122 nan 0.000030
186 122 nan 0.000008
187 122 nan 0.000002
188 122 nan 0.000001
189 122 nan 0.000000
190 122 nan 0.000000
191 122 nan 0.000000
192 122 nan 0.000000
193 122 nan 0.000000
194 122 nan 0.000000
195 122 nan 0.000000
196 122 nan 0.000000
197 122 nan 0.000000
198 122 nan 0.000000
199 122 nan 0.000000
0 123 nan 0.000000
1 123 nan 0.000000
2 123 nan 0.000000
3 123 nan 0.000000
4 123 nan 0.000000
5 123 nan 0.000000
6 123 nan 0.000000
7 123 nan 0.000000
8 123 nan 0.000000
9 123 nan 0.000000
10 123 nan 0.000000
11 123 nan 0.000000
12 123 nan 0.000000
13 123 nan 0.000002
14 123 nan 0.000006
15 123 nan 0.000022
16 123 nan 0.000078
17 123 nan 0.000283
18 123 nan 0.001021
19 123 nan 0.003674
20 123 nan 0.013115
21 123 nan 0.045651
22 123 nan 0.146731
23 123 nan 0.381723
24 123 nan 0.688824
25 123 nan 0.887962
26 123 nan 0.965911
27 123 nan 0.990210
28 123 nan 0.997234
29 123 nan 0.999221
30 123 nan 0.999781
31 123 nan 0.999938
32 123 nan 0.999983
33 123 nan 0.999995
34 123 nan 0.999999
35 123 nan 1.000000
36 123 nan 1.000000
37 123 nan 1.000000
38 123 nan 1.000000
39 123 nan 1.000000
40 123 nan 1.000000
41 123 nan 1.000000
42 123 nan 1.000000
43 123 nan 1.000000
44 123 nan 1.000000
45 123 nan 1.000000
46 123 nan 1.000000
47 123 nan 1.000000
48 123 nan 1.000000
49 123 nan 1.000000
50 123 nan 1.000000
51 123 nan 1.000000
52 123 nan 1.000000
53 123 nan 1.000000
54 123 nan 1.000000
55 123 nan 1.000000
56 123 nan 1.000000
57 123 nan 1.000000
58 123 nan 1.000000
59 123 nan 1.000000
60 123 nan 1.000000
61 123 nan 1.000000
62 123 nan 1.000000
63 123 nan 1.000000
64 123 nan 1.000000
65 123 nan 1.000000
66 123 nan 1.000000
67 123 nan 1.000000
68 123 nan 1.000000
69 123 nan 1.000000
70 123 nan 1.000000
71 123 nan 1.000000
72 123 nan 1.000000
73 123 nan 1.000000
74 123 nan 1.000000
75 123 nan 1.000000
76 123 nan 1.000000
77 123 nan 1.000000
78 123 nan 1.000000
79 123 nan 1.000000
80 123 nan 1.000000
81 123 nan 1.000000
82 123 nan 1.000000
83 123 nan 1.000000
84 123 nan 1.000000
85 123 nan 1.000000
86 123 nan 1.000000
87 123 nan 1.000000
88 123 nan 1.000000
89 123 nan 1.000000
90 123 nan 1.000000
91 123 nan 1.000000
92 123 nan 1.000000
93 123 nan 1.000000
94 123 nan 1.000000
95 123 nan 1.000000
96 123 nan 1.000000
97 123 nan 1.000000
98 123 nan 1.000000
99 123 nan 1.000000
100 123 nan 1.000000
101 123 nan 1.000000
102 123 nan 1.000000
103 123 nan 1.000000
104 123 nan 1.000000
105 123 nan 1.000000
106 123 nan 1.000000
107 123 nan 1.000000
108 123 nan 1.000000
109 123 nan 1.000000
110 123 nan 1.000000
111 123 nan 1.000000
112 123 nan 1.000000
113 123 nan 1.000000
114 123 nan 1.000000
115 123 nan 1.000000
116 123 nan 1.000000
117 123 nan 1.000000
118 123 nan 1.000000
119 123 nan 1.000000
120 123 nan 1.000000
121 123 nan 1.000000
122 123 nan 1.000000
123 123 nan 1.000000
124 123 nan 1.000000
125 123 nan 1.000000
126 123 nan 1.000000
127 123 nan 1.000000
128 123 nan 1.000000
129 123 nan 1.000000
130 123 nan 1.000000
131 123 nan 1.000000
132 123 nan 1.000000
133 123 nan 1.000000
134 123 nan 1.000000
135 123 nan 1.000000
136 123 nan 1.000000
137 123 nan 1.000000
138 123 nan 1.000000
139 123 nan 1.000000
140 123 nan 1.000000
141 123 nan 1.000000
142 123 nan 1.000000
143 123 nan 1.000000
144 123 nan 1.000000
145 123 nan 1.000000
146 123 nan 1.000000
147 123 nan 1.000000
148 123 nan 1.000000
149 123 nan 1.000000
150 123 nan 1.000000
151 123 nan 1.000000
152 123 nan 1.000000
153 123 nan 1.000000
154 123 nan 1.000000
155 123 nan 1.000000
156 123 nan 1.000000
157 123 nan 1.000000
158 123 nan 1.000000
159 123 nan 1.000000
160 123 nan 1.000000
161 123 nan 1.000000
162 123 nan 1.000000
163 123 nan 1.000000
164 123 nan 1.000000
165 123 nan 1.000000
166 123 nan 0.999999
167 123 nan 0.999995
168 123 nan 0.999983
169 123 nan 0.999938
170 123 nan 0.999781
171 123 nan 0.999221
172 123 nan 0.997234
173 123 nan 0.990210
174 123 nan 0.965911
175 123 nan 0.887962
176 123 nan 0.688824
177 123 nan 0.381723
178 123 nan 0.146731
179 123 nan 0.045651
180 123 nan 0.013115
181 123 nan 0.003674
182 123 nan 0.001021
183 123 nan 0.000283
184 123 nan 0.000078
185 123 nan 0.000022
186 123 nan 0.000006
187 123 nan 0.000002
188 123 nan 0.000000
189 123 nan 0.000000
190 123 nan 0.000000
191 123 nan 0.000000
192 123 nan 0.000000
193 123 nan 0.000000
194 123 nan 0.000000
195 123 nan 0.000000
196 123 nan 0.000000
197 123 nan 0.000000
198 123 nan 0.000000
199 123 nan 0.000000
0 124 nan 0.000000
1 124 nan 0.000000
2 124 nan 0.000000
3 124 nan 0.000000
4 124 nan 0.000000
5 124 nan 0.000000
6 124 nan 0.000000
7 124 nan 0.000000
8 124 nan 0.000000
9 124 nan 0.000000
10 124 nan 0.000000
11 124 nan 0.000000
12 124 nan 0.000000
13 124 nan 0.000001
14 124 nan 0.000004
15 124 nan 0.000015
16 124 nan 0.000055
17 124 nan 0.000197
18 124 nan 0.000707
19 124 nan 0.002537
20 124 nan 0.009044
21 124 nan 0.031671
22 124 nan 0.104790
23 124 nan 0.294955
24 124 nan 0.598869
25 124 nan 0.841766
26 124 nan 0.949814
27 124 nan 0.985342
28 124 nan 0.995822
29 124 nan 0.998816
30 124 nan 0.999665
31 124 nan 0.999905
32 124 nan 0.999973
33 124 nan 0.999992
34 124 nan 0.999998
35 124 nan 0.999999
36 124 nan 1.000000
37 124 nan 1.000000
38 124 nan 1.000000
39 124 nan 1.000000
40 124 nan 1.000000
41 124 nan 1.000000
42 124 nan 1.000000
43 124 nan 1.000000
44 124 nan 1.000000
45 124 nan 1.000000
46 124 nan 1.000000
47 124 nan 1.000000
48 124 nan 1.000000
49 124 nan 1.000000
50 124 nan 1.000000
51 124 nan 1.000000
52 124 nan 1.000000
53 124 nan 1.000000
54 124 nan 1.000000
55 124 nan 1.000000
56 124 nan 1.000000
57 124 nan 1.000000
58 124 nan 1.000000
59 124 nan 1.000000
60 124 nan 1.000000
61 124 nan 1.000000
62 124 nan 1.000000
63 124 nan 1.000000
64 124 nan 1.000000
65 124 nan 1.000000
66 124 nan 1.000000
67 124 nan 1.000000
68 124 nan 1.000000
69 124 nan 1.000000
70 124 nan 1.000000
71 124 nan 1.000000
72 124 nan 1.000000
73 124 nan 1.000000
74 124 nan 1.000000
75 124 nan 1.000000
76 124 nan 1.000000
77 124 nan 1.000000
78 124 nan 1.000000
79 124 nan 1.000000
80 124 nan 1.000000
81 124 nan 1.000000
82 124 nan 1.000000
83 124 nan 1.000000
84 124 nan 1.000000
85 124 nan 1.000000
86 124 nan 1.000000
87 124 nan 1.000000
88 124 nan 1.000000
89 124 nan 1.000000
90 124 nan 1.000000
91 124 nan 1.000000
92 124 nan 1.000000
93 124 nan 1.000000
94 124 nan 1.000000
95 124 nan 1.000000
96 124 nan 1.000000
97 124 nan 1.000000
98 124 nan 1.000000
99 124 nan 1.000000
100 124 nan 1.000000
101 124 nan 1.000000
102 124 nan 1.000000
103 124 nan 1.000000
104 124 nan 1.000000
105 124 nan 1.000000
106 124 nan 1.000000
107 124 nan 1.000000
108 124 nan 1.000000
109 124 nan 1.000000
110 124 nan 1.000000
111 124 nan 1.000000
112 124 nan 1.000000
113 124 nan 1.000000
114 124 nan 1.000000
115 124 nan 1.000000
116 124 nan 1.000000
117 124 nan 1.000000
118 124 nan 1.000000
119 124 nan 1.000000
120 124 nan 1.000000
121 124 nan 1.000000
122 124 nan 1.000000
123 124 nan 1.000000
124 124 nan 1.000000
125 124 nan 1.000000
126 124 nan 1.000000
127 124 nan 1.000000
128 124 nan 1.000000
129 124 nan 1.000000
130 124 nan 1.000000
131 124 nan 1.000000
132 124 nan 1.000000
133 124 nan 1.000000
134 124 nan 1.000000
135 124 nan 1.000000
136 124 nan 1.000000
137 124 nan 1.000000
138 124 nan 1.000000
139 124 nan 1.000000
140 124 nan 1.000000
141 124 nan 1.000000
142 124 nan 1.000000
143 124 nan 1.000000
144 124 nan 1.000000
145 124 nan 1.000000
146 124 nan 1.000000
147 124 nan 1.000000
148 124 nan 1.000000
149 124 nan 1.000000
150 124 nan 1.000000
151 124 nan 1.000000
152 124 nan 1.000000
153 124 nan 1.000000
154 124 nan 1.000000
155 124 nan 1.000000
156 124 nan 1.000000
157 124 nan 1.000000
158 124 nan 1.000000
159 124 nan 1.000000
160 124 nan 1.000000
161 124 nan 1.000000
162 124 nan 1.000000
163 124 nan 1.000000
164 124 nan 1.000000
165 124 nan 0.999999
166 124 nan 0.999998
167 124 nan 0.999992
168 124 nan 0.999973
169 124 nan 0.999905
170 124 nan 0.999665
171 124 nan 0.998816
172 124 nan 0.995822
173 124 nan 0.985342
174 124 nan 0.949814
175 124 nan 0.841766
176 124 nan 0.598869
177 124 nan 0.294955
178 124 nan 0.104790
179 124 nan 0.031671
180 124 nan 0.009044
181 124 nan 0.002537
182 124 nan 0.000707
183 124 nan 0.000197
184 124 nan 0.000055
185 124 nan 0.000015
186 124 nan 0.000004
187 124 nan 0.000001
188 124 nan 0.000000
189 124 nan 0.000000
190 124 nan 0.000000
191 124 nan 0.000000
192 124 nan 0.000000
193 124 nan 0.000000
194 124 nan 0.000000
195 124 nan 0.000000
196 124 nan 0.000000
197 124 nan 0.000000
198 124 nan 0.000000
199 124 nan 0.000000
0 125 nan 0.000000
1 125 nan 0.000000
2 125 nan 0.000000
3 125 nan 0.000000
4 125 nan 0.000000
5 125 nan 0.000000
6 125 nan 0.000000
7 125 nan 0.000000
8 125 nan 0.000000
9 125 nan 0.000000
10 125 nan 0.000000
11 125 nan 0.000000
12 125 nan 0.000000
13 125 nan 0.000001
14 125 nan 0.000003
15 125 nan 0.000010
16 125 nan 0.000038
17 125 nan 0.000135
18 125 nan 0.000483
19 125 nan 0.001726
20 125 nan 0.006138
21 125 nan 0.021560
22 125 nan 0.072787
23 125 nan 0.218282
24 125 nan 0.497917
25 125 nan 0.778580
26 125 nan 0.925633
27 125 nan 0.977769
28 125 nan 0.993595
29 125 nan 0.998172
30 125 nan 0.999479
31 125 nan 0.999851
32 125 nan 0.999958
33 125 nan 0.999988
34 125 nan 0.999997
35 125 nan 0.999999
36 125 nan 1.000000
37 125 nan 1.000000
38 125 nan 1.000000
39 125 nan 1.000000
40 125 nan 1.000000
41 125 nan 1.000000
42 125 nan 1.000000
43 125 nan 1.000000
44 125 nan 1.000000
45 125 nan 1.000000
46 125 nan 1.000000
47 125 nan 1.000000
48 125 nan 1.000000
49 125 nan 1.000000
50 125 nan 1.000000
51 125 nan 1.000000
52 125 nan 1.000000
53 125 nan 1.000000
54 125 nan 1.000000
55 125 nan 1.000000
56 125 nan 1.000000
57 125 nan 1.000000
58 125 nan 1.000000
59 125 nan 1.000000
60 125 nan 1.000000
61 125 nan 1.000000
62 125 nan 1.000000
63 125 nan 1.000000
64 125 nan 1.000000
65 125 nan 1.000000
66 125 nan 1.000000
67 125 nan 1.000000
68 125 nan 1.000000
69 125 nan 1.000000
70 125 nan 1.000000
71 125 nan 1.000000
72 125 nan 1.000000
73 125 nan 1.000000
74 125 nan 1.000000
75 125 nan 1.000000
76 125 nan 1.000000
77 125 nan 1.000000
78 125 nan 1.000000
79 125 nan 1.000000
80 125 nan 1.000000
81 125 nan 1.000000
82 125 nan 1.000000
83 125 nan 1.000000
84 125 nan 1.000000
85 125 nan 1.000000
86 125 nan 1.000000
87 125 nan 1.000000
88 125 nan 1.000000
89 125 nan 1.000000
90 125 nan 1.000000
91 125 nan 1.000000
92 125 nan 1.000000
93 125 nan 1.000000
94 125 nan 1.000000
95 125 nan 1.000000
96 125 nan 1.000000
97 125 nan 1.000000
98 125 nan 1.000000
99 125 nan 1.000000
100 125 nan 1.000000
101 125 nan 1.000000
102 125 nan 1.000000
103 125 nan 1.000000
104 125 nan 1.000000
105 125 nan 1.000000
106 125 nan 1.000000
107 125 nan 1.000000
108 125 nan 1.000000
109 125 nan 1.000000
110 125 nan 1.000000
111 125 nan 1.000000
112 125 nan 1.000000
113 125 nan 1.000000
114 125 nan 1.000000
115 125 nan 1.000000
116 125 nan 1.000000
117 125 nan 1.000000
118 125 nan 1.000000
119 125 nan 1.000000
120 125 nan 1.000000
121 125 nan 1.000000
122 125 nan 1.000000
123 125 nan 1.000000
124 125 nan 1.000000
125 125 nan 1.000000
126 125 nan 1.000000
127 125 nan 1.000000
128 125 nan 1.000000
129 125 nan 1.000000
130 125 nan 1.000000
131 125 nan 1.000000
132 125 nan 1.000000
133 125 nan 1.000000
134 125 nan 1.000000
135 125 nan 1.000000
136 125 nan 1.000000
137 125 nan 1.000000
138 125 nan 1.000000
139 125 nan 1.000000
140 125 nan 1.000000
141 125 nan 1.000000
142 125 nan 1.000000
143 125 nan 1.000000
144 125 nan 1.000000
145 125 nan 1.000000
146 125 nan 1.000000
147 125 nan 1.000000
148 125 nan 1.000000
149 125 nan 1.000000
150 125 nan 1.000000
151 125 nan 1.000000
152 125 nan 1.000000
153 125 nan 1.000000
154 125 nan 1.000000
155 125 nan 1.000000
156 125 nan 1.000000
157 125 nan 1.000000
158 125 nan 1.000000
159 125 nan 1.000000
160 125 nan 1.000000
161 125 nan 1.000000
162 125 nan 1.000000
163 125 nan 1.000000
164 125 nan 1.000000
165 125 nan 0.999999
166 125 nan 0.999997
167 125 nan 0.999988
168 125 nan 0.999958
169 125 nan 0.999851
170 125 nan 0.999479
171 125 nan 0.998172
172 125 nan 0.993595
173 125 nan 0.977769
174 125 nan 0.925633
175 125 nan 0.778580
176 125 nan 0.497917
177 125 nan 0.218282
178 125 nan 0.072787
179 125 nan 0.021560
180 125 nan 0.006138
181 125 nan 0.001726
182 125 nan 0.000483
183 125 nan 0.000135
184 125 nan 0.000038
185 125 nan 0.000010
186 125 nan 0.000003
187 125 nan 0.000001
188 125 nan 0.000000
189 125 nan 0.000000
190 125 nan 0.000000
191 125 nan 0.000000
192 125 nan 0.000000
193 125 nan 0.000000
194 125 nan 0.000000
195 125 nan 0.000000
196 125 nan 0.000000
197 125 nan 0.000000
198 125 nan 0.000000
199 125 nan 0.000000
0 126 nan 0.000000
1 126 nan 0.000000
2 126 nan 0.000000
3 126 nan 0.000000
4 126 nan 0.000000
5 126 nan 0.000000
6 126 nan 0.000000
7 126 nan 0.000000
8 126 nan 0.000000
9 126 nan 0.000000
10 126 nan 0.000000
11 126 nan 0.000000
12 126 nan 0.000000
13 126 nan 0.000001
14 126 nan 0.000002
15 126 nan 0.000007
16 126 nan 0.000026
17 126 nan 0.000091
18 126 nan 0.000325
19 126 nan 0.001157
20 126 nan 0.004103
21 126 nan 0.014419
22 126 nan 0.049315
23 126 nan 0.155137
24 126 nan 0.393540
25 126 nan 0.695977
26 126 nan 0.889642
27 126 nan 0.965911
28 126 nan 0.990040
29 126 nan 0.997135
30 126 nan 0.999178
31 126 nan 0.999764
32 126 nan 0.999932
33 126 nan 0.999980
34 126 nan 0.999994
35 126 nan 0.999998
36 126 nan 1.000000
37 126 nan 1.000000
38 126 nan 1.000000
39 126 nan 1.000000
40 126 nan 1.000000
41 126 nan 1.000000
42 126 nan 1.000000
43 126 nan 1.000000
44 126 nan 1.000000
45 126 nan 1.000000
46 126 nan 1.000000
47 126 nan 1.000000
48 126 nan 1.000000
49 126 nan 1.000000
50 126 nan 1.000000
51 126 nan 1.000000
52 126 nan 1.000000
53 126 nan 1.000000
54 126 nan 1.000000
55 126 nan 1.000000
56 126 nan 1.000000
57 126 nan 1.000000
58 126 nan 1.000000
59 126 nan 1.000000
60 126 nan 1.000000
61 126 nan 1.000000
62 126 nan 1.000000
63 126 nan 1.000000
64 126 nan 1.000000
65 126 nan 1.000000
66 126 nan 1.000000
67 126 nan 1.000000
68 126 nan 1.000000
69 126 nan 1.000000
70 126 nan 1.000000
71 126 nan 1.000000
72 126 nan 1.000000
73 126 nan 1.000000
74 126 nan 1.000000
75 126 nan 1.000000
76 126 nan 1.000000
77 126 nan 1.000000
78 126 nan 1.000000
79 126 nan 1.000000
80 126 nan 1.000000
81 126 nan 1.000000
82 126 nan 1.000000
83 126 nan 1.000000
84 126 nan 1.000000
85 126 nan 1.000000
86 126 nan 1.000000
87 126 nan 1.000000
88 126 nan 1.000000
89 126 nan 1.000000
90 126 nan 1.000000
91 126 nan 1.000000
92 126 nan 1.000000
93 126 nan 1.000000
94 126 nan 1.000000
95 126 nan 1.000000
96 126 nan 1.000000
97 126 nan 1.000000
98 126 nan 1.000000
99 126 nan 1.000000
100 126 nan 1.000000
101 126 nan 1.000000
102 126 nan 1.000000
103 126 nan 1.000000
104 126 nan 1.000000
105 126 nan 1.000000
106 126 nan 1.000000
107 126 nan 1.000000
108 126 nan 1.000000
109 126 nan 1.000000
110 126 nan 1.000000
111 126 nan 1.000000
112 126 nan 1.000000
113 126 nan 1.000000
114 126 nan 1.000000
115 126 nan 1.000000
116 126 nan 1.000000
117 126 nan 1.000000
118 126 nan 1.000000
119 126 nan 1.000000
120 126 nan 1.000000
121 126 nan 1.000000
122 126 nan 1.000000
123 126 nan 1.000000
124 126 nan 1.000000
125 126 nan 1.000000
126 126 nan 1.000000
127 126 nan 1.000000
128 126 nan 1.000000
129 126 nan 1.000000
130 126 nan 1.000000
131 126 nan 1.000000
132 126 nan 1.000000
133 126 nan 1.000000
134 126 nan 1.000000
135 126 nan 1.000000
136 126 nan 1.000000
137 126 nan 1.000000
138 126 nan 1.000000
139 126 nan 1.000000
140 126 nan 1.000000
141 126 nan 1.000000
142 126 nan 1.000000
143 126 nan 1.000000
144 126 nan 1.000000
145 126 nan 1.000000
146 126 nan 1.000000
147 126 nan 1.000000
148 126 nan 1.000000
149 126 nan 1.000000
150 126 nan 1.000000
151 126 nan 1.000000
152 126 nan 1.000000
153 126 nan 1.000000
154 126 nan 1.000000
155 126 nan 1.000000
156 126 nan 1.000000
157 126 nan 1.000000
158 126 nan 1.000000
159 126 nan 1.000000
160 126 nan 1.000000
161 126 nan 1.000000
162 126 nan 1.000000
163 126 nan 1.000000
164 126 nan 1.000000
165 126 nan 0.999998
166 126 nan 0.999994
167 126 nan 0.999980
168 126 nan 0.999932
169 126 nan 0.999764
170 126 nan 0.999178
171 126 nan 0.997135
172 126 nan 0.990040
173 126 nan 0.965911
174 126 nan 0.889642
175 126 nan 0.695977
176 126 nan 0.393540
177 126 nan 0.155137
178 126 nan 0.049315
179 126 nan 0.014419
180 126 nan 0.004103
181 126 nan 0.001157
182 126 nan 0.000325
183 126 nan 0.000091
184 126 nan 0.000026
185 126 nan 0.000007
186 126 nan 0.000002
187 126 nan 0.000001
188 126 nan 0.000000
189 126 nan 0.000000
190 126 nan 0.000000
191 126 nan 0.000000
192 126 nan 0.000000
193 126 nan 0.000000
194 126 nan 0.000000
195 126 nan 0.000000
196 126 nan 0.000000
197 126 nan 0.000000
198 126 nan 0.000000
199 126 nan 0.000000
0 127 nan 0.000000
1 127 nan 0.000000
2 127 nan 0.000000
3 127 nan 0.000000
4 127 nan 0.000000
5 127 nan 0.000000
6 127 nan 0.000000
7 127 nan 0.000000
8 127 nan 0.000000
9 127 nan 0.000000
10 127 nan 0.000000
11 127 nan 0.000000
12 127 nan 0.000000
13 127 nan 0.000000
14 127 nan 0.000001
15 127 nan 0.000005
16 127 nan 0.000017
17 127 nan 0.000061
18 127 nan 0.000216
19 127 nan 0.000765
20 127 nan 0.002702
21 127 nan 0.009483
22 127 nan 0.032677
23 127 nan 0.106333
24 127 nan 0.294955
25 127 nan 0.594843
26 127 nan 0.837204
27 127 nan 0.947306
28 127 nan 0.984305
29 127 nan 0.995441
30 127 nan 0.998683
31 127 nan 0.999620
32 127 nan 0.999890
33 127 nan 0.999968
34 127 nan 0.999991
35 127 nan 0.999997
36 127 nan 0.999999
37 127 nan 1.000000
38 127 nan 1.000000
39 127 nan 1.000000
40 127 nan 1.000000
41 127 nan 1.000000
42 127 nan 1.000000
43 127 nan 1.000000
44 127 nan 1.000000
45 127 nan 1.000000
46 127 nan 1.000000
47 127 nan 1.000000
48 127 nan 1.000000
49 127 nan 1.000000
50 127 nan 1.000000
51 127 nan 1.000000
52 127 nan 1.000000
53 127 nan 1.000000
54 127 nan 1.000000
55 127 nan 1.000000
56 127 nan 1.000000
57 127 nan 1.000000
58 127 nan 1.000000
59 127 nan 1.000000
60 127 nan 1.000000
61 127 nan 1.000000
62 127 nan 1.000000
63 127 nan 1.000000
64 127 nan 1.000000
65 127 nan 1.000000
66 127 nan 1.000000
67 127 nan 1.000000
68 127 nan 1.000000
69 127 nan 1.000000
70 127 nan 1.000000
71 127 nan 1.000000
72 127 nan 1.000000
73 127 nan 1.000000
74 127 nan 1.000000
75 127 nan 1.000000
76 127 nan 1.000000
77 127 nan 1.000000
78 127 nan 1.000000
79 127 nan 1.000000
80 127 nan 1.000000
81 127 nan 1.000000
82 127 nan 1.000000
83 127 nan 1.000000
84 127 nan 1.000000
85 127 nan 1.000000
86 127 nan 1.000000
87 127 nan 1.000000
88 127 nan 1.000000
89 127 nan 1.000000
90 127 nan 1.000000
91 127 nan 1.000000
92 127 nan 1.000000
93 127 nan 1.000000
94 127 nan 1.000000
95 127 nan 1.000000
96 127 nan 1.000000
97 127 nan 1.000000
98 127 nan 1.000000
99 127 nan 1.000000
100 127 nan 1.000000
101 127 nan 1.000000
102 127 nan 1.000000
103 127 nan 1.000000
104 127 nan 1.000000
105 127 nan 1.000000
106 127 nan 1.000000
107 127 nan 1.000000
108 127 nan 1.000000
109 127 nan 1.000000
110 127 nan 1.000000
111 127 nan 1.000000
112 127 nan 1.000000
113 127 nan 1.000000
114 127 nan 1.000000
115 127 nan 1.000000
116 127 nan 1.000000
117 127 nan 1.000000
118 127 nan 1.000000
119 127 nan 1.000000
120 127 nan 1.000000
121 127 nan 1.000000
122 127 nan 1.000000
123 127 nan 1.000000
124 127 nan 1.000000
125 127 nan 1.000000
126 127 nan 1.000000
127 127 nan 1.000000
128 127 nan 1.000000
129 127 nan 1.000000
130 127 nan 1.000000
131 127 nan 1.000000
132 127 nan 1.000000
133 127 nan 1.000000
134 127 nan 1.000000
135 127 nan 1.000000
136 127 nan 1.000000
137 127 nan 1.000000
138 127 nan 1.000000
139 127 nan 1.000000
140 127 nan 1.000000
141 127 nan 1.000000
142 127 nan 1.000000
143 127 nan 1.000000
144 127 nan 1.000000
145 127 nan 1.000000
146 127 nan 1.000000
147 127 nan 1.000000
148 127 nan 1.000000
149 127 nan 1.000000
150 127 nan 1.000000
151 127 nan 1.000000
152 127 nan 1.000000
153 127 nan 1.000000
154 127 nan 1.000000
155 127 nan 1.000000
156 127 nan 1.000000
157 127 nan 1.000000
158 127 nan 1.000000
159 127 nan 1.000000
160 127 nan 1.000000
161 127 nan 1.000000
162 127 nan 1.000000
163 127 nan 1.000000
164 127 nan 0.999999
165 127 nan 0.999997
166 127 nan 0.999991
167 127 nan 0.999968
168 127 nan 0.999890
169 127 nan 0.999620
170 127 nan 0.998683
171 127 nan 0.995441
172 127 nan 0.984305
173 127 nan 0.947306
174 127 nan 0.837204
175 127 nan 0.594843
176 127 nan 0.294955
177 127 nan 0.106333
178 127 nan 0.032677
179 127 nan 0.009483
180 127 nan 0.002702
181 127 nan 0.000765
182 127 nan 0.000216
183 127 nan 0.000061
184 127 nan 0.000017
185 127 nan 0.000005
186 127 nan 0.000001
187 127 nan 0.000000
188 127 nan 0.000000
189 127 nan 0.000000
190 127 nan 0.000000
191 127 nan 0.000000
192 127 nan 0.000000
193 127 nan 0.000000
194 127 nan 0.000000
195 127 nan 0.000000
196 127 nan 0.000000
197 127 nan 0.000000
198 127 nan 0.000000
199 127 nan 0.000000
0 128 nan 0.000000
1 128 nan 0.000000
2 128 nan 0.000000
3 128 nan 0.000000
4 128 nan 0.000000
5 128 nan 0.000000
6 128 nan 0.000000
7 128 nan 0.000000
8 128 nan 0.000000
9 128 nan 0.000000
10 128 nan 0.000000
11 128 nan 0.000000
12 128 nan 0.000000
13 128 nan 0.000000
14 128 nan 0.000001
15 128 nan 0.000003
16 128 nan 0.000011
17 128 nan 0.000040
18 128 nan 0.000141
19 128 nan 0.000498
20 128 nan 0.001753
21 128 nan 0.006138
22 128 nan 0.021223
23 128 nan 0.070620
24 128 nan 0.209971
25 128 nan 0.481265
26 128 nan 0.763708
27 128 nan 0.918272
28 128 nan 0.974984
29 128 nan 0.992641
30 128 nan 0.997857
31 128 nan 0.999377
32 128 nan 0.999819
33 128 nan 0.999947
34 128 nan 0.999985
35 128 nan 0.999995
36 128 nan 0.999999
37 128 nan 1.000000
38 128 nan 1.000000
39 128 nan 1.000000
40 128 nan 1.000000
41 128 nan 1.000000
42 128 nan 1.000000
43 128 nan 1.000000
44 128 nan 1.000000
45 128 nan 1.000000
46 128 nan 1.000000
47 128 nan 1.000000
48 128 nan 1.000000
49 128 nan 1.000000
50 128 nan 1.000000
51 128 nan 1.000000
52 128 nan 1.000000
53 128 nan 1.000000
54 128 nan 1.000000
55 128 nan 1.000000
56 128 nan 1.000000
57 128 nan 1.000000
58 128 nan 1.000000
59 128 nan 1.000000
60 128 nan 1.000000
61 128 nan 1.000000
62 128 nan 1.000000
63 128 nan 1.000000
64 128 nan 1.000000
65 128 nan 1.000000
66 128 nan 1.000000
67 128 nan 1.000000
68 128 nan 1.000000
69 128 nan 1.000000
70 128 nan 1.000000
71 128 nan 1.000000
72 128 nan 1.000000
73 128 nan 1.000000
74 128 nan 1.000000
75 128 nan 1.000000
76 128 nan 1.000000
77 128 nan 1.000000
78 128 nan 1.000000
79 128 nan 1.000000
80 128 nan 1.000000
81 128 nan 1.000000
82 128 nan 1.000000
83 128 nan 1.000000
84 128 nan 1.000000
85 128 nan 1.000000
86 128 nan 1.000000
87 128 nan 1.000000
88 128 nan 1.000000
89 128 nan 1.000000
90 128 nan 1.000000
91 128 nan 1.000000
92 128 nan 1.000000
93 128 nan 1.000000
94 128 nan 1.000000
95 128 nan 1.000000
96 128 nan 1.000000
97 128 nan 1.000000
98 128 nan 1.000000
99 128 nan 1.000000
100 128 nan 1.000000
101 128 nan 1.000000
102 128 nan 1.000000
103 128 nan 1.000000
104 128 nan 1.000000
105 128 nan 1.000000
106 128 nan 1.000000
107 128 nan 1.000000
108 128 nan 1.000000
109 128 nan 1.000000
110 128 nan 1.000000
111 128 nan 1.000000
112 128 nan 1.000000
113 128 nan 1.000000
114 128 nan 1.000000
115 128 nan 1.000000
116 128 nan 1.000000
117 128 nan 1.000000
118 128 nan 1.000000
119 128 nan 1.000000
120 128 nan 1.000000
121 128 nan 1.000000
122 128 nan 1.000000
123 128 nan 1.000000
124 128 nan 1.000000
125 128 nan 1.000000
126 128 nan 1.000000
127 128 nan 1.000000
128 128 nan 1.000000
129 128 nan 1.000000
130 128 nan 1.000000
131 128 nan 1.000000
132 128 nan 1.000000
133 128 nan 1.000000
134 128 nan 1.000000
135 128 nan 1.000000
136 128 nan 1.000000
137 128 nan 1.000000
138 128 nan 1.000000
139 128 nan 1.000000
140 128 nan 1.000000
141 128 nan 1.000000
142 128 nan 1.000000
143 128 nan 1.000000
144 128 nan 1.000000
145 128 nan 1.000000
146 128 nan 1.000000
147 128 nan 1.000000
148 128 nan 1.000000
149 128 nan 1.000000
150 128 nan 1.000000
151 128 nan 1.000000
152 128 nan 1.000000
153 128 nan 1.000000
154 128 nan 1.000000
155 128 nan 1.000000
156 128 nan 1.000000
157 128 nan 1.000000
158 128 nan 1.000000
159 128 nan 1.000000
160 128 nan 1.000000
161 128 nan 1.000000
162 128 nan 1.000000
163 128 nan 1.000000
164 128 nan 0.999999
165 128 nan 0.999995
166 128 nan 0.999985
167 128 nan 0.999947
168 128 nan 0.999819
169 128 nan 0.999377
170 128 nan 0.997857
171 128 nan 0.992641
172 128 nan 0.974984
173 128 nan 0.918272
174 128 nan 0.763708
175 128 nan 0.481265
176 128 nan 0.209971
177 128 nan 0.070620
178 128 nan 0.021223
179 128 nan 0.006138
180 128 nan 0.001753
181 128 nan 0.000498
182 128 nan 0.000141
183 128 nan 0.000040
184 128 nan 0.000011
185 128 nan 0.000003
186 128 nan 0.000001
187 128 nan 0.000000
188 128 nan 0.000000
189 128 nan 0.000000
190 128 nan 0.000000
191 128 nan 0.000000
192 128 nan 0.000000
193 128 nan 0.000000
194 128 nan 0.000000
195 128 nan 0.000000
196 128 nan 0.000000
197 128 nan 0.000000
198 128 nan 0.000000
199 128 nan 0.000000
0 129 nan 0.000000
1 129 nan 0.000000
2 129 nan 0.000000
3 129 nan 0.000000
4 129 nan 0.000000
5 129 nan 0.000000
6 129 nan 0.000000
7 129 nan 0.000000
8 129 nan 0.000000
9 129 nan 0.000000
10 129 nan 0.000000
11 129 nan 0.000000
12 129 nan 0.000000
13 129 nan 0.000000
14 129 nan 0.000001
15 129 nan 0.000002
16 129 nan 0.000007
17 129 nan 0.000026
18 129 nan 0.000091
19 129 nan 0.000320
20 129 nan 0.001121
21 129 nan 0.003913
22 129 nan 0.013536
23 129 nan 0.045651
24 129 nan 0.142674
25 129 nan 0.366192
26 129 nan 0.666839
27 129 nan 0.873714
28 129 nan 0.959773
29 129 nan 0.987964
30 129 nan 0.996463
31 129 nan 0.998964
32 129 nan 0.999696
33 129 nan 0.999911
34 129 nan 0.999974
35 129 nan 0.999992
36 129 nan 0.999998
37 129 nan 0.999999
38 129 nan 1.000000
39 129 nan 1.000000
40 129 nan 1.000000
41 129 nan 1.000000
42 129 nan 1.000000
43 129 nan 1.000000
44 129 nan 1.000000
45 129 nan 1.000000
46 129 nan 1.000000
47 129 nan 1.000000
48 129 nan 1.000000
49 129 nan 1.000000
50 129 nan 1.000000
51 129 nan 1.000000
52 129 nan 1.000000
53 129 nan 1.000000
54 129 nan 1.000000
55 129 nan 1.000000
56 129 nan 1.000000
57 129 nan 1.000000
58 129 nan 1.000000
59 129 nan 1.000000
60 129 nan 1.000000
61 129 nan 1.000000
62 129 nan 1.000000
63 129 nan 1.000000
64 129 nan 1.000000
65 129 nan 1.000000
66 129 nan 1.000000
67 129 nan 1.000000
68 129 nan 1.000000
69 129 nan 1.000000
70 129 nan 1.000000
71 129 nan 1.000000
72 129 nan 1.000000
73 129 nan 1.000000
74 129 nan 1.000000
75 129 nan 1.000000
76 129 nan 1.000000
77 129 nan 1.000000
78 129 nan 1.000000
79 129 nan 1.000000
80 129 nan 1.000000
81 129 nan 1.000000
82 129 nan 1.000000
83 129 nan 1.000000
84 129 nan 1.000000
85 129 nan 1.000000
86 129 nan 1.000000
87 129 nan 1.000000
88 129 nan 1.000000
89 129 nan 1.000000
90 129 nan 1.000000
91 129 nan 1.000000
92 129 nan 1.000000
93 129 nan 1.000000
94 129 nan 1.000000
95 129 nan 1.000000
96 129 nan 1.000000
97 129 nan 1.000000
98 129 nan 1.000000
99 129 nan 1.000000
100 129 nan 1.000000
101 129 nan 1.000000
102 129 nan 1.000000
103 129 nan 1.000000
104 129 nan 1.000000
105 129 nan 1.000000
106 129 nan 1.000000
107 129 nan 1.000000
108 129 nan 1.000000
109 129 nan 1.000000
110 129 nan 1.000000
111 129 nan 1.000000
112 129 nan 1.000000
113 129 nan 1.000000
114 129 nan 1.000000
115 129 nan 1.000000
116 129 nan 1.000000
117 129 nan 1.000000
118 129 nan 1.000000
119 129 nan 1.000000
120 129 nan 1.000000
121 129 nan 1.000000
122 129 nan 1.000000
123 129 nan 1.000000
124 129 nan 1.000000
125 129 nan 1.000000
126 129 nan 1.000000
127 129 nan 1.000000
128 129 nan 1.000000
129 129 nan 1.000000
130 129 nan 1.000000
131 129 nan 1.000000
132 129 nan 1.000000
133 129 nan 1.000000
134 129 nan 1.000000
135 129 nan 1.000000
136 129 nan 1.000000
137 129 nan 1.000000
138 129 nan 1.000000
139 129 nan 1.000000
140 129 nan 1.000000
141 129 nan 1.000000
142 129 nan 1.000000
143 129 nan 1.000000
144 129 nan 1.000000
145 129 nan 1.000000
146 129 nan 1.000000
147 129 nan 1.000000
148 129 nan 1.000000
149 129 nan 1.000000
150 129 nan 1.000000
151 129 nan 1.000000
152 129 nan 1.000000
153 129 nan 1.000000
154 129 nan 1.000000
155 129 nan 1.000000
156 129 nan 1.000000
157 129 nan 1.000000
158 129 nan 1.000000
159 129 nan 1.000000
160 129 nan 1.000000
161 129 nan 1.000000
162 129 nan 1.000000
163 129 nan 0.999999
164 129 nan 0.999998
165 129 nan 0.999992
166 129 nan 0.999974
167 129 nan 0.999911
168 129 nan 0.999696
169 129 nan 0.998964
170 129 nan 0.996463
171 129 nan 0.987964
172 129 nan 0.959773
173 129 nan 0.873714
174 129 nan 0.666839
175 129 nan 0.366192
176 129 nan 0.142674
177 129 nan 0.045651
178 129 nan 0.013536
179 129 nan 0.003913
180 129 nan 0.001121
181 129 nan 0.000320
182 129 nan 0.000091
183 129 nan 0.000026
184 129 nan 0.000007
185 129 nan 0.000002
186 129 nan 0.000001
187 129 nan 0.000000
188 129 nan 0.000000
189 129 nan 0.000000
190 129 nan 0.000000
191 129 nan 0.000000
192 129 nan 0.000000
193 129 nan 0.000000
194 129 nan 0.000000
195 129 nan 0.000000
196 129 nan 0.000000
197 129 nan 0.000000
198 129 nan 0.000000
199 129 nan 0.000000
0 130 nan 0.000000
1 130 nan 0.000000
2 130 nan 0.000000
3 130 nan 0.000000
4 130 nan 0.000000
5 130 nan 0.000000
6 130 nan 0.000000
7 130 nan 0.000000
8 130 nan 0.000000
9 130 nan 0.000000
10 130 nan 0.000000
11 130 nan 0.000000
12 130 nan 0.000000
13 130 nan 0.000000
14 130 nan 0.000000
15 130 nan 0.000001
16 130 nan 0.000005
17 130 nan 0.000017
18 130 nan 0.000058
19 130 nan 0.000203
20 130 nan 0.000707
21 130 nan 0.002458
22 130 nan 0.008489
23 130 nan 0.028832
24 130 nan 0.093154
25 130 nan 0.261801
26 130 nan 0.549880
27 130 nan 0.807624
28 130 nan 0.935031
29 130 nan 0.980085
30 130 nan 0.994077
31 130 nan 0.998251
32 130 nan 0.999484
33 130 nan 0.999847
34 130 nan 0.999955
35 130 nan 0.999987
36 130 nan 0.999996
37 130 nan 0.999999
38 130 nan 1.000000
39 130 nan 1.000000
40 130 nan 1.000000
41 130 nan 1.000000
42 130 nan 1.000000
43 130 nan 1.000000
44 130 nan 1.000000
45 130 nan 1.000000
46 130 nan 1.000000
47 130 nan 1.000000
48 130 nan 1.000000
49 130 nan 1.000000
50 130 nan 1.000000
51 130 nan 1.000000
52 130 nan 1.000000
53 130 nan 1.000000
54 130 nan 1.000000
55 130 nan 1.000000
56 130 nan 1.000000
57 130 nan 1.000000
58 130 nan 1.000000
59 130 nan 1.000000
60 130 nan 1.000000
61 130 nan 1.000000
62 130 nan 1.000000
63 130 nan 1.000000
64 130 nan 1.000000
65 130 nan 1.000000
66 130 nan 1.000000
67 130 nan 1.000000
68 130 nan 1.000000
69 130 nan 1.000000
70 130 nan 1.000000
71 130 nan 1.000000
72 130 nan 1.000000
73 130 nan 1.000000
74 130 nan 1.000000
75 130 nan 1.000000
76 130 nan 1.000000
77 130 nan 1.000000
78 130 nan 1.000000
79 130 nan 1.000000
80 130 nan 1.000000
81 130 nan 1.000000
82 130 nan 1.000000
83 130 nan 1.000000
84 130 nan 1.000000
85 130 nan 1.000000
86 130 nan 1.000000
87 130 nan 1.000000
88 130 nan 1.000000
89 130 nan 1.000000
90 130 nan 1.000000
91 130 nan 1.000000
92 130 nan 1.000000
93 130 nan 1.000000
94 130 nan 1.000000
95 130 nan 1.000000
96 130 nan 1.000000
97 130 nan 1.000000
98 130 nan 1.000000
99 130 nan 1.000000
100 130 nan 1.000000
101 130 nan 1.000000
102 130 nan 1.000000
103 130 nan 1.000000
104 130 nan 1.000000
105 130 nan 1.000000
106 130 nan 1.000000
107 130 nan 1.000000
108 130 nan 1.000000
109 130 nan 1.000000
110 130 nan 1.000000
111 130 nan 1.000000
112 130 nan 1.000000
113 130 nan 1.000000
114 130 nan 1.000000
115 130 nan 1.000000
116 130 nan 1.000000
117 130 nan 1.000000
118 130 nan 1.000000
119 130 nan 1.000000
120 130 nan 1.000000
121 130 nan 1.000000
122 130 nan 1.000000
123 130 nan 1.000000
124 130 nan 1.000000
125 130 nan 1.000000
126 130 nan 1.000000
127 130 nan 1.000000
128 130 nan 1.000000
129 130 nan 1.000000
130 130 nan 1.000000
131 130 nan 1.000000
132 130 nan 1.000000
133 130 nan 1.000000
134 130 nan 1.000000
135 130 nan 1.000000
136 130 nan 1.000000
137 130 nan 1.000000
138 130 nan 1.000000
139 130 nan 1.000000
140 130 nan 1.000000
141 130 nan 1.000000
142 130 nan 1.000000
143 130 nan 1.000000
144 130 nan 1.000000
145 130 nan 1.000000
146 130 nan 1.000000
147 130 nan 1.000000
148 130 nan 1.000000
149 130 nan 1.000000
150 130 nan 1.000000
151 130 nan 1.000000
152 130 nan 1.000000
153 130 nan 1.000000
154 130 nan 1.000000
155 130 nan 1.000000
156 130 nan 1.000000
157 130 nan 1.000000
158 130 nan 1.000000
159 130 nan 1.000000
160 130 nan 1.000000
161 130 nan 1.000000
162 130 nan 1.000000
163 130 nan 0.999999
164 130 nan 0.999996
165 130 nan 0.999987
166 130 nan 0.999955
167 130 nan 0.999847
168 130 nan 0.999484
169 130 nan 0.998251
170 130 nan 0.994077
171 130 nan 0.980085
172 130 nan 0.935031
173 130 nan 0.807624
174 130 nan 0.549880
175 130 nan 0.261801
176 130 nan 0.093154
177 130 nan 0.028832
178 130 nan 0.008489
179 130 nan 0.002458
180 130 nan 0.000707
181 130 nan 0.000203
182 130 nan 0.000058
183 130 nan 0.000017
184 130 nan 0.000005
185 130 nan 0.000001
186 130 nan 0.000000
187 130 nan 0.000000
188 130 nan 0.000000
189 130 nan 0.000000
190 130 nan 0.000000
191 130 nan 0.000000
192 130 nan 0.000000
193 130 nan 0.000000
194 130 nan 0.000000
195 130 nan 0.000000
196 130 nan 0.000000
197 130 nan 0.000000
198 130 nan 0.000000
199 130 nan 0.000000
0 131 nan 0.000000
1 131 nan 0.000000
2 131 nan 0.000000
3 131 nan 0.000000
4 131 nan 0.000000
5 131 nan 0.000000
6 131 nan 0.000000
7 131 nan 0.000000
8 131 nan 0.000000
9 131 nan 0.000000
10 131 nan 0.000000
11 131 nan 0.000000
12 131 nan 0.000000
13 131 nan 0.000000
14 131 nan 0.000000
15 131 nan 0.000001
16 131 nan 0.000003
17 131 nan 0.000010
18 131 nan 0.000036
19 131 nan 0.000127
20 131 nan 0.000440
21 131 nan 0.001522
22 131 nan 0.005241
23 131 nan 0.017845
24 131 nan 0.058839
25 131 nan 0.176695
26 131 nan 0.423630
27 131 nan 0.715172
28 131 nan 0.895351
29 131 nan 0.966750
30 131 nan 0.989954
31 131 nan 0.997006
32 131 nan 0.999110
33 131 nan 0.999735
34 131 nan 0.999921
35 131 nan 0.999976
36 131 nan 0.999993
37 131 nan 0.999998
38 131 nan 0.999999
39 131 nan 1.000000
40 131 nan 1.000000
41 131 nan 1.000000
42 131 nan 1.000000
43 131 nan 1.000000
44 131 nan 1.000000
45 131 nan 1.000000
46 131 nan 1.000000
47 131 nan 1.000000
48 131 nan 1.000000
49 131 nan 1.000000
50 131 nan 1.000000
51 131 nan 1.000000
52 131 nan 1.000000
53 131 nan 1.000000
54 131 nan 1.000000
55 131 nan 1.000000
56 131 nan 1.000000
57 131 nan 1.000000
58 131 nan 1.000000
59 131 nan 1.000000
60 131 nan 1.000000
61 131 nan 1.000000
62 131 nan 1.000000
63 131 nan 1.000000
64 131 nan 1.000000
65 131 nan 1.000000
66 131 nan 1.000000
67 131 nan 1.000000
68 131 nan 1.000000
69 131 nan 1.000000
70 131 nan 1.000000
71 131 nan 1.000000
72 131 nan 1.000000
73 131 nan 1.000000
74 131 nan 1.000000
75 131 nan 1.000000
76 131 nan 1.000000
77 131 nan 1.000000
78 131 nan 1.000000
79 131 nan 1.000000
80 131 nan 1.000000
81 131 nan 1.000000
82 131 nan 1.000000
83 131 nan 1.000000
84 131 nan 1.000000
85 131 nan 1.000000
86 131 nan 1.000000
87 131 nan 1.000000
88 131 nan 1.000000
89 131 nan 1.000000
90 131 nan 1.000000
91 131 nan 1.000000
92 131 nan 1.000000
93 131 nan 1.000000
94 131 nan 1.000000
95 131 nan 1.000000
96 131 nan 1.000000
97 131 nan 1.000000
98 131 nan 1.000000
99 131 nan 1.000000
100 131 nan 1.000000
101 131 nan 1.000000
102 131 nan 1.000000
103 131 nan 1.000000
104 131 nan 1.000000
105 131 nan 1.000000
106 131 nan 1.000000
107 131 nan 1.000000
108 131 nan 1.000000
109 131 nan 1.000000
110 131 nan 1.000000
111 131 nan 1.000000
112 131 nan 1.000000
113 131 nan 1.000000
114 131 nan 1.000000
115 131 nan 1.000000
116 131 nan 1.000000
117 131 nan 1.000000
118 131 nan 1.000000
119 131 nan 1.000000
120 131 nan 1.000000
121 131 nan 1.000000
122 131 nan 1.000000
123 131 nan 1.000000
124 131 nan 1.000000
125 131 nan 1.000000
126 131 nan 1.000000
127 131 nan 1.000000
128 131 nan 1.000000
129 131 nan 1.000000
130 131 nan 1.000000
131 131 nan 1.000000
132 131 nan 1.000000
133 131 nan 1.000000
134 131 nan 1.000000
135 131 nan 1.000000
136 131 nan 1.000000
137 131 nan 1.000000
138 131 nan 1.000000
139 131 nan 1.000000
140 131 nan 1.000000
141 131 nan 1.000000
142 131 nan 1.000000
143 131 nan 1.000000
144 131 nan 1.000000
145 131 nan 1.000000
146 131 nan 1.000000
147 131 nan 1.000000
148 131 nan 1.000000
149 131 nan 1.000000
150 131 nan 1.000000
151 131 nan 1.000000
152 131 nan 1.000000
153 131 nan 1.000000
154 131 nan 1.000000
155 131 nan 1.000000
156 131 nan 1.000000
157 131 nan 1.000000
158 131 nan 1.000000
159 131 nan 1.000000
160 131 nan 1.000000
161 131 nan 1.000000
162 131 nan 0.999999
163 131 nan 0.999998
164 131 nan 0.999993
165 131 nan 0.999976
166 131 nan 0.999921
167 131 nan 0.999735
168 131 nan 0.999110
169 131 nan 0.997006
170 131 nan 0.989954
171 131 nan 0.966750
172 131 nan 0.895351
173 131 nan 0.715172
174 131 nan 0.423630
175 131 nan 0.176695
176 131 nan 0.058839
177 131 nan 0.017845
178 131 nan 0.005241
179 131 nan 0.001522
180 131 nan 0.000440
181 131 nan 0.000127
182 131 nan 0.000036
183 131 nan 0.000010
184 131 nan 0.000003
185 131 nan 0.000001
186 131 nan 0.000000
187 131 nan 0.000000
188 131 nan 0.000000
189 131 nan 0.000000
190 131 nan 0.000000
191 131 nan 0.000000
192 131 nan 0.000000
193 131 nan 0.000000
194 131 nan 0.000000
195 131 nan 0.000000
196 131 nan 0.000000
197 131 nan 0.000000
198 131 nan 0.000000
199 131 nan 0.000000
0 132 nan 0.000000
1 132 nan 0.000000
2 132 nan 0.000000
3 132 nan 0.000000
4 132 nan 0.000000
5 132 nan 0.000000
6 132 nan 0.000000
7 132 nan 0.000000
8 132 nan 0.000000
9 132 nan 0.000000
10 132 nan 0.000000
11 132 nan 0.000000
12 132 nan 0.000000
13 132 nan 0.000000
14 132 nan 0.000000
15 132 nan 0.000001
16 132 nan 0.000002
17 132 nan 0.000007
18 132 nan 0.000023
19 132 nan 0.000078
20 132 nan 0.000270
21 132 nan 0.000929
22 132 nan 0.003188
23 132 nan 0.010848
24 132 nan 0.036165
25 132 nan 0.113528
26 132 nan 0.303623
27 132 nan 0.596858
28 132 nan 0.833714
29 132 nan 0.944233
30 132 nan 0.982763
31 132 nan 0.994803
32 132 nan 0.998441
33 132 nan 0.999532
34 132 nan 0.999859
35 132 nan 0.999958
36 132 nan 0.999987
37 132 nan 0.999996
38 132 nan 0.999999
39 132 nan 1.000000
40 132 nan 1.000000
41 132 nan 1.000000
42 132 nan 1.000000
43 132 nan 1.000000
44 132 nan 1.000000
45 132 nan 1.000000
46 132 nan 1.000000
47 132 nan 1.000000
48 132 nan 1.000000
49 132 nan 1.000000
50 132 nan 1.000000
51 132 nan 1.000000
52 132 nan 1.000000
53 132 nan 1.000000
54 132 nan 1.000000
55 132 nan 1.000000
56 132 nan 1.000000
57 132 nan 1.000000
58 132 nan 1.000000
59 132 nan 1.000000
60 132 nan 1.000000
61 132 nan 1.000000
62 132 nan 1.000000
63 132 nan 1.000000
64 132 nan 1.000000
65 132 nan 1.000000
66 132 nan 1.000000
67 132 nan 1.000000
68 132 nan 1.000000
69 132 nan 1.000000
70 132 nan 1.000000
71 132 nan 1.000000
72 132 nan 1.000000
73 132 nan 1.000000
74 132 nan 1.000000
75 132 nan 1.000000
76 132 nan 1.000000
77 132 nan 1.000000
78 132 nan 1.000000
79 132 nan 1.000000
80 132 nan 1.000000
81 132 nan 1.000000
82 132 nan 1.000000
83 132 nan 1.000000
84 132 nan 1.000000
85 132 nan 1.000000
86 132 nan 1.000000
87 132 nan 1.000000
88 132 nan 1.000000
89 132 nan 1.000000
90 132 nan 1.000000
91 132 nan 1.000000
92 132 nan 1.000000
93 132 nan 1.000000
94 132 nan 1.000000
95 132 nan 1.000000
96 132 nan 1.000000
97 132 nan 1.000000
98 132 nan 1.000000
99 132 nan 1.000000
100 132 nan 1.000000
101 132 nan 1.000000
102 132 nan 1.000000
103 132 nan 1.000000
104 132 nan 1.000000
105 132 nan 1.000000
106 132 nan 1.000000
107 132 nan 1.000000
108 132 nan 1.000000
109 132 nan 1.000000
110 132 nan 1.000000
111 132 nan 1.000000
112 132 nan 1.000000
113 132 nan 1.000000
114 132 nan 1.000000
115 132 nan 1.000000
116 132 nan 1.000000
117 132 nan 1.000000
118 132 nan 1.000000
119 132 nan 1.000000
120 132 nan 1.000000
121 132 nan 1.000000
122 132 nan 1.000000
123 132 nan 1.000000
124 132 nan 1.000000
125 132 nan 1.000000
126 132 nan 1.000000
127 132 nan 1.000000
128 132 nan 1.000000
129 132 nan 1.000000
130 132 nan 1.000000
131 132 nan 1.000000
132 132 nan 1.000000
133 132 nan 1.000000
134 132 nan 1.000000
135 132 nan 1.000000
136 132 nan 1.000000
137 132 nan 1.000000
138 132 nan 1.000000
139 132 nan 1.000000
140 132 nan 1.000000
141 132 nan 1.000000
142 132 nan 1.000000
143 132 nan 1.000000
144 132 nan 1.000000
145 132 nan 1.000000
146 132 nan 1.000000
147 132 nan 1.000000
148 132 nan 1.000000
149 132 nan 1.000000
150 132 nan 1.000000
151 132 nan 1.000000
152 132 nan 1.000000
153 132 nan 1.000000
154 132 nan 1.000000
155 132 nan 1.000000
156 132 nan 1.000000
157 132 nan 1.000000
158 132 nan 1.000000
159 132 nan 1.000000
160 132 nan 1.000000
161 132 nan 1.000000
162 132 nan 0.999999
163 132 nan 0.999996
164 132 nan 0.999987
165 132 nan 0.999958
166 132 nan 0.999859
167 132 nan 0.999532
168 132 nan 0.998441
169 132 nan 0.994803
170 132 nan 0.982763
171 132 nan 0.944233
172 132 nan 0.833714
173 132 nan 0.596858
174 132 nan 0.303623
175 132 nan 0.113528
176 132 nan 0.036165
177 132 nan 0.010848
178 132 nan 0.003188
179 132 nan 0.000929
180 132 nan 0.000270
181 132 nan 0.000078
182 132 nan 0.000023
183 132 nan 0.000007
184 132 nan 0.000002
185 132 nan 0.000001
186 132 nan 0.000000
187 132 nan 0.000000
188 132 nan 0.000000
189 132 nan 0.000000
190 132 nan 0.000000
191 132 nan 0.000000
192 132 nan 0.000000
193 132 nan 0.000000
194 132 nan 0.000000
195 132 nan 0.000000
196 132 nan 0.000000
197 132 nan 0.000000
198 132 nan 0.000000
199 132 nan 0.000000
0 133 nan 0.000000
1 133 nan 0.000000
2 133 nan 0.000000
3 133 nan 0.000000
4 133 nan 0.000000
5 133 nan 0.000000
6 133 nan 0.000000
7 133 nan 0.000000
8 133 nan 0.000000
9 133 nan 0.000000
10 133 nan 0.000000
11 133 nan 0.000000
12 133 nan 0.000000
13 133 nan 0.000000
14 133 nan 0.000000
15 133 nan 0.000000
16 133 nan 0.000001
17 133 nan 0.000004
18 133 nan 0.000014
19 133 nan 0.000048
20 133 nan 0.000163
21 133 nan 0.000560
22 133 nan 0.001911
23 133 nan 0.006488
24 133 nan 0.021731
25 133 nan 0.070088
26 133 nan 0.203226
27 133 nan 0.462596
28 133 nan 0.743385
29 133 nan 0.906721
30 133 nan 0.970166
31 133 nan 0.990863
32 133 nan 0.997234
33 133 nan 0.999163
34 133 nan 0.999746
35 133 nan 0.999923
36 133 nan 0.999976
37 133 nan 0.999993
38 133 nan 0.999998
39 133 nan 0.999999
40 133 nan 1.000000
41 133 nan 1.000000
42 133 nan 1.000000
43 133 nan 1.000000
44 133 nan 1.000000
45 133 nan 1.000000
46 133 nan 1.000000
47 133 nan 1.000000
48 133 nan 1.000000
49 133 nan 1.000000
50 133 nan 1.000000
51 133 nan 1.000000
52 133 nan 1.000000
53 133 nan 1.000000
54 133 nan 1.000000
55 133 nan 1.000000
56 133 nan 1.000000
57 133 nan 1.000000
58 133 nan 1.000000
59 133 nan 1.000000
60 133 nan 1.000000
61 133 nan 1.000000
62 133 nan 1.000000
63 133 nan 1.000000
64 133 nan 1.000000
65 133 nan 1.000000
66 133 nan 1.000000
67 133 nan 1.000000
68 133 nan 1.000000
69 133 nan 1.000000
70 133 nan 1.000000
71 133 nan 1.000000
72 133 nan 1.000000
73 133 nan 1.000000
74 133 nan 1.000000
75 133 nan 1.000000
76 133 nan 1.000000
77 133 nan 1.000000
78 133 nan 1.000000
79 133 nan 1.000000
80 133 nan 1.000000
81 133 nan 1.000000
82 133 nan 1.000000
83 133 nan 1.000000
84 133 nan 1.000000
85 133 nan 1.000000
86 133 nan 1.000000
87 133 nan 1.000000
88 133 nan 1.000000
89 133 nan 1.000000
90 133 nan 1.000000
91 133 nan 1.000000
92 133 nan 1.000000
93 133 nan 1.000000
94 133 nan 1.000000
95 133 nan 1.000000
96 133 nan 1.000000
97 133 nan 1.000000
98 133 nan 1.000000
99 133 nan 1.000000
100 133 nan 1.000000
101 133 nan 1.000000
102 133 nan 1.000000
103 133 nan 1.000000
104 133 nan 1.000000
105 133 nan 1.000000
106 133 nan 1.000000
107 133 nan 1.000000
108 133 nan 1.000000
109 133 nan 1.000000
110 133 nan 1.000000
111 133 nan 1.000000
112 133 nan 1.000000
113 133 nan 1.000000
114 133 nan 1.000000
115 133 nan 1.000000
116 133 nan 1.000000
117 133 nan 1.000000
118 133 nan 1.000000
119 133 nan 1.000000
120 133 nan 1.000000
121 133 nan 1.000000
122 133 nan 1.000000
123 133 nan 1.000000
124 133 nan 1.000000
125 133 nan 1.000000
126 133 nan 1.000000
127 133 nan 1.000000
128 133 nan 1.000000
129 133 nan 1.000000
130 133 nan 1.000000
131 133 nan 1.000000
132 133 nan 1.000000
133 133 nan 1.000000
134 133 nan 1.000000
135 133 nan 1.000000
136 133 nan 1.000000
137 133 nan 1.000000
138 133 nan 1.000000
139 133 nan 1.000000
140 133 nan 1.000000
141 133 nan 1.000000
142 133 nan 1.000000
143 133 nan 1.000000
144 133 nan 1.000000
145 133 nan 1.000000
146 133 nan 1.000000
147 133 nan 1.000000
148 133 nan 1.000000
149 133 nan 1.000000
150 133 nan 1.000000
151 133 nan 1.000000
152 133 nan 1.000000
153 133 nan 1.000000
154 133 nan 1.000000
155 133 nan 1.000000
156 133 nan 1.000000
157 133 nan 1.000000
158 133 nan 1.000000
159 133 nan 1.000000
160 133 nan 1.000000
161 133 nan 0.999999
162 133 nan 0.999998
163 133 nan 0.999993
164 133 nan 0.999976
165 133 nan 0.999923
166 133 nan 0.999746
167 133 nan 0.999163
168 133 nan 0.997234
169 133 nan 0.990863
170 133 nan 0.970166
171 133 nan 0.906721
172 133 nan 0.743385
173 133 nan 0.462596
174 133 nan 0.203226
175 133 nan 0.070088
176 133 nan 0.021731
177 133 nan 0.006488
178 133 nan 0.001911
179 133 nan 0.000560
180 133 nan 0.000163
181 133 nan 0.000048
182 133 nan 0.000014
183 133 nan 0.000004
184 133 nan 0.000001
185 133 nan 0.000000
186 133 nan 0.000000
187 133 nan 0.000000
188 133 nan 0.000000
189 133 nan 0.000000
190 133 nan 0.000000
191 133 nan 0.000000
192 133 nan 0.000000
193 133 nan 0.000000
194 133 nan 0.000000
195 133 nan 0.000000
196 133 nan 0.000000
197 133 nan 0.000000
198 133 nan 0.000000
199 133 nan 0.000000
0 134 nan 0.000000
1 134 nan 0.000000
2 134 nan 0.000000
3 134 nan 0.000000
4 134 nan 0.000000
5 134 nan 0.000000
6 134 nan 0.000000
7 134 nan 0.000000
8 134 nan 0.000000
9 134 nan 0.000000
10 134 nan 0.000000
11 134 nan 0.000000
12 134 nan 0.000000
13 134 nan 0.000000
14 134 nan 0.000000
15 134 nan 0.000000
16 134 nan 0.000001
17 134 nan 0.000002
18 134 nan 0.000008
19 134 nan 0.000029
20 134 nan 0.000098
21 134 nan 0.000333
22 134 nan 0.001130
23 134 nan 0.003822
24 134 nan 0.012807
25 134 nan 0.041923
26 134 nan 0.128295
27 134 nan 0.330484
28 134 nan 0.622736
29 134 nan 0.846225
30 134 nan 0.948155
31 134 nan 0.983761
32 134 nan 0.995025
33 134 nan 0.998482
34 134 nan 0.999536
35 134 nan 0.999858
36 134 nan 0.999956
37 134 nan 0.999987
38 134 nan 0.999996
39 134 nan 0.999999
40 134 nan 1.000000
41 134 nan 1.000000
42 134 nan 1.000000
43 134 nan 1.000000
44 134 nan 1.000000
45 134 nan 1.000000
46 134 nan 1.000000
47 134 nan 1.000000
48 134 nan 1.000000
49 134 nan 1.000000
50 134 nan 1.000000
51 134 nan 1.000000
52 134 nan 1.000000
53 134 nan 1.000000
54 134 nan 1.000000
55 134 nan 1.000000
56 134 nan 1.000000
57 134 nan 1.000000
58 134 nan 1.000000
59 134 nan 1.000000
60 134 nan 1.000000
61 134 nan 1.000000
62 134 nan 1.000000
63 134 nan 1.000000
64 134 nan 1.000000
65 134 nan 1.000000
66 134 nan 1.000000
67 134 nan 1.000000
68 134 nan 1.000000
69 134 nan 1.000000
70 134 nan 1.000000
71 134 nan 1.000000
72 134 nan 1.000000
73 134 nan 1.000000
74 134 nan 1.000000
75 134 nan 1.000000
76 134 nan 1.000000
77 134 nan 1.000000
78 134 nan 1.000000
79 134 nan 1.000000
80 134 nan 1.000000
81 134 nan 1.000000
82 134 nan 1.000000
83 134 nan 1.000000
84 134 nan 1.000000
85 134 nan 1.000000
86 134 nan 1.000000
87 134 nan 1.000000
88 134 nan 1.000000
89 134 nan 1.000000
90 134 nan 1.000000
91 134 nan 1.000000
92 134 nan 1.000000
93 134 nan 1.000000
94 134 nan 1.000000
95 134 nan 1.000000
96 134 nan 1.000000
97 134 nan 1.000000
98 134 nan 1.000000
99 134 nan 1.000000
100 134 nan 1.000000
101 134 nan 1.000000
102 134 nan 1.000000
103 134 nan 1.000000
104 134 nan 1.000000
105 134 nan 1.000000
106 134 nan 1.000000
107 134 nan 1.000000
108 134 nan 1.000000
109 134 nan 1.000000
110 134 nan 1.000000
111 134 nan 1.000000
112 134 nan 1.000000
113 134 nan 1.000000
114 134 nan 1.000000
115 134 nan 1.000000
116 134 nan 1.000000
117 134 nan 1.000000
118 134 nan 1.000000
119 134 nan 1.000000
120 134 nan 1.000000
121 134 nan 1.000000
122 134 nan 1.000000
123 134 nan 1.000000
124 134 nan 1.000000
125 134 nan 1.000000
126 134 nan 1.000000
127 134 nan 1.000000
128 134 nan 1.000000
129 134 nan 1.000000
130 134 nan 1.000000
131 134 nan 1.000000
132 134 nan 1.000000
133 134 nan 1.000000
134 134 nan 1.000000
135 134 nan 1.000000
136 134 nan 1.000000
137 134 nan 1.000000
138 134 nan 1.000000
139 134 nan 1.000000
140 134 nan 1.000000
141 134 nan 1.000000
142 134 nan 1.000000
143 134 nan 1.000000
144 134 nan 1.000000
145 134 nan 1.000000
146 134 nan 1.000000
147 134 nan 1.000000
148 134 nan 1.000000
149 134 nan 1.000000
150 134 nan 1.000000
151 134 nan 1.000000
152 134 nan 1.000000
153 134 nan 1.000000
154 134 nan 1.000000
155 134 nan 1.000000
156 134 nan 1.000000
157 134 nan 1.000000
158 134 nan 1.000000
159 134 nan 1.000000
160 134 nan 1.000000
161 134 nan 0.999999
162 134 nan 0.999996
163 134 nan 0.999987
164 134 nan 0.999956
165 134 nan 0.999858
166 134 nan 0.999536
167 134 nan 0.998482
168 134 nan 0.995025
169 134 nan 0.983761
170 134 nan 0.948155
171 134 nan 0.846225
172 134 nan 0.622736
173 134 nan 0.330484
174 134 nan 0.128295
175 134 nan 0.041923
176 134 nan 0.012807
177 134 nan 0.003822
178 134 nan 0.001130
179 134 nan 0.000333
180 134 nan 0.000098
181 134 nan 0.000029
182 134 nan 0.000008
183 134 nan 0.000002
184 134 nan 0.000001
185 134 nan 0.000000
186 134 nan 0.000000
187 134 nan 0.000000
188 134 nan 0.000000
189 134 nan 0.000000
190 134 nan 0.000000
191 134 nan 0.000000
192 134 nan 0.000000
193 134 nan 0.000000
194 134 nan 0.000000
195 134 nan 0.000000
196 134 nan 0.000000
197 134 nan 0.000000
198 134 nan 0.000000
199 134 nan 0.000000
0 135 nan 0.000000
1 135 nan 0.000000
2 135 nan 0.000000
3 135 nan 0.000000
4 135 nan 0.000000
5 135 nan 0.000000
6 135 nan 0.000000
7 135 nan 0.000000
8 135 nan 0.000000
9 135 nan 0.000000
10 135 nan 0.000000
11 135 nan 0.000000
12 135 nan 0.000000
13 135 nan 0.000000
14 135 nan 0.000000
15 135 nan 0.000000
16 135 nan 0.000000
17 135 nan 0.000001
18 135 nan 0.000005
19 135 nan 0.000017
20 135 nan 0.000058
21 135 nan 0.000195
22 135 nan 0.000659
23 135 nan 0.002219
24 135 nan 0.007421
25 135 nan 0.024452
26 135 nan 0.077307
27 135 nan 0.218282
28 135 nan 0.481265
29 135 nan 0.754466
30 135 nan 0.910261
31 135 nan 0.970905
32 135 nan 0.990942
33 135 nan 0.997209
34 135 nan 0.999141
35 135 nan 0.999735
36 135 nan 0.999918
37 135 nan 0.999974
38 135 nan 0.999992
39 135 nan 0.999997
40 135 nan 0.999999
41 135 nan 1.000000
42 135 nan 1.000000
43 135 nan 1.000000
44 135 nan 1.000000
45 135 nan 1.000000
46 135 nan 1.000000
47 135 nan 1.000000
48 135 nan 1.000000
49 135 nan 1.000000
50 135 nan 1.000000
51 135 nan 1.000000
52 135 nan 1.000000
53 135 nan 1.000000
54 135 nan 1.000000
55 135 nan 1.000000
56 135 nan 1.000000
57 135 nan 1.000000
58 135 nan 1.000000
59 135 nan 1.000000
60 135 nan 1.000000
61 135 nan 1.000000
62 135 nan 1.000000
63 135 nan 1.000000
64 135 nan 1.000000
65 135 nan 1.000000
66 135 nan 1.000000
67 135 nan 1.000000
68 135 nan 1.000000
69 135 nan 1.000000
70 135 nan 1.000000
71 135 nan 1.000000
72 135 nan 1.000000
73 135 nan 1.000000
74 135 nan 1.000000
75 135 nan 1.000000
76 135 nan 1.000000
77 135 nan 1.000000
78 135 nan 1.000000
79 135 nan 1.000000
80 135 nan 1.000000
81 135 nan 1.000000
82 135 nan 1.000000
83 135 nan 1.000000
84 135 nan 1.000000
85 135 nan 1.000000
86 135 nan 1.000000
87 135 nan 1.000000
88 135 nan 1.000000
89 135 nan 1.000000
90 135 nan 1.000000
91 135 nan 1.000000
92 135 nan 1.000000
93 135 nan 1.000000
94 135 nan 1.000000
95 135 nan 1.000000
96 135 nan 1.000000
97 135 nan 1.000000
98 135 nan 1.000000
99 135 nan 1.000000
100 135 nan 1.000000
101 135 nan 1.000000
102 135 nan 1.000000
103 135 nan 1.000000
104 135 nan 1.000000
105 135 nan 1.000000
106 135 nan 1.000000
107 135 nan 1.000000
108 135 nan 1.000000
109 135 nan 1.000000
110 135 nan 1.000000
111 135 nan 1.000000
112 135 nan 1.000000
113 135 nan 1.000000
114 135 nan 1.000000
115 135 nan 1.000000
116 135 nan 1.000000
117 135 nan 1.000000
118 135 nan 1.000000
119 135 nan 1.000000
120 135 nan 1.000000
121 135 nan 1.000000
122 135 nan 1.000000
123 135 nan 1.000000
124 135 nan 1.000000
125 135 nan 1.000000
126 135 nan 1.000000
127 135 nan 1.000000
128 135 nan 1.000000
129 135 nan 1.000000
130 135 nan 1.000000
131 135 nan 1.000000
132 135 nan 1.000000
133 135 nan 1.000000
134 135 nan 1.000000
135 135 nan 1.000000
136 135 nan 1.000000
137 135 nan 1.000000
138 135 nan 1.000000
139 135 nan 1.000000
140 135 nan 1.000000
141 135 nan 1.000000
142 135 nan 1.000000
143 135 nan 1.000000
144 135 nan 1.000000
145 135 nan 1.000000
146 135 nan 1.000000
147 135 nan 1.000000
148 135 nan 1.000000
149 135 nan 1.000000
150 135 nan 1.000000
151 135 nan 1.000000
152 135 nan 1.000000
153 135 nan 1.000000
154 135 nan 1.000000
155 135 nan 1.000000
156 135 nan 1.000000
157 135 nan 1.000000
158 135 nan 1.000000
159 135 nan 1.000000
160 135 nan 0.999999
161 135 nan 0.999997
162 135 nan 0.999992
163 135 nan 0.999974
164 135 nan 0.999918
165 135 nan 0.999735
166 135 nan 0.999141
167 135 nan 0.997209
168 135 nan 0.990942
169 135 nan 0.970905
170 135 nan 0.910261
171 135 nan 0.754466
172 135 nan 0.481265
173 135 nan 0.218282
174 135 nan 0.077307
175 135 nan 0.024452
176 135 nan 0.007421
177 135 nan 0.002219
178 135 nan 0.000659
179 135 nan 0.000195
180 135 nan 0.000058
181 135 nan 0.000017
182 135 nan 0.000005
183 135 nan 0.000001
184 135 nan 0.000000
185 135 nan 0.000000
186 135 nan 0.000000
187 135 nan 0.000000
188 135 nan 0.000000
189 135 nan 0.000000
190 135 nan 0.000000
191 135 nan 0.000000
192 135 nan 0.000000
193 135 nan 0.000000
194 135 nan 0.000000
195 135 nan 0.000000
196 135 nan 0.000000
197 135 nan 0.000000
198 135 nan 0.000000
199 135 nan 0.000000
0 136 nan 0.000000
1 136 nan 0.000000
2 136 nan 0.000000
3 136 nan 0.000000
4 136 nan 0.000000
5 136 nan 0.000000
6 136 nan 0.000000
7 136 nan 0.000000
8 136 nan 0.000000
9 136 nan 0.000000
10 136 nan 0.000000
11 136 nan 0.000000
12 136 nan 0.000000
13 136 nan 0.000000
14 136 nan 0.000000
15 136 nan 0.000000
16 136 nan 0.000000
17 136 nan 0.000001
18 136 nan 0.000003
19 136 nan 0.000010
20 136 nan 0.000034
21 136 nan 0.000113
22 136 nan 0.000380
23 136 nan 0.001271
24 136 nan 0.004235
25 136 nan 0.013971
26 136 nan 0.044950
27 136 nan 0.134843
28 136 nan 0.339708
29 136 nan 0.628619
30 136 nan 0.847324
31 136 nan 0.947732
32 136 nan 0.983340
33 136 nan 0.994803
34 136 nan 0.998385
35 136 nan 0.999498
36 136 nan 0.999843
37 136 nan 0.999951
38 136 nan 0.999985
39 136 nan 0.999995
40 136 nan 0.999998
41 136 nan 1.000000
42 136 nan 1.000000
43 136 nan 1.000000
44 136 nan 1.000000
45 136 nan 1.000000
46 136 nan 1.000000
47 136 nan 1.000000
48 136 nan 1.000000
49 136 nan 1.000000
50 136 nan 1.000000
51 136 nan 1.000000
52 136 nan 1.000000
53 136 nan 1.000000
54 136 nan 1.000000
55 136 nan 1.000000
56 136 nan 1.000000
57 136 nan 1.000000
58 136 nan 1.000000
59 136 nan 1.000000
60 136 nan 1.000000
61 136 nan 1.000000
62 136 nan 1.000000
63 136 nan 1.000000
64 136 nan 1.000000
65 136 nan 1.000000
66 136 nan 1.000000
67 136 nan 1.000000
68 136 nan 1.000000
69 136 nan 1.000000
70 136 nan 1.000000
71 136 nan 1.000000
72 136 nan 1.000000
73 136 nan 1.000000
74 136 nan 1.000000
75 136 nan 1.000000
76 136 nan 1.000000
77 136 nan 1.000000
78 136 nan 1.000000
79 136 nan 1.000000
80 136 nan 1.000000
81 136 nan 1.000000
82 136 nan 1.000000
83 136 nan 1.000000
84 136 nan 1.000000
85 136 nan 1.000000
86 136 nan 1.000000
87 136 nan 1.000000
88 136 nan 1.000000
89 136 nan 1.000000
90 136 nan 1.000000
91 136 nan 1.000000
92 136 nan 1.000000
93 136 nan 1.000000
94 136 nan 1.000000
95 136 nan 1.000000
96 136 nan 1.000000
97 136 nan 1.000000
98 136 nan 1.000000
99 136 nan 1.000000
100 136 nan 1.000000
101 136 nan 1.000000
102 136 nan 1.000000
103 136 nan 1.000000
104 136 nan 1.000000
105 136 nan 1.000000
106 136 nan 1.000000
107 136 nan 1.000000
108 136 nan 1.000000
109 136 nan 1.000000
110 136 nan 1.000000
111 136 nan 1.000000
112 136 nan 1.000000
113 136 nan 1.000000
114 136 nan 1.000000
115 136 nan 1.000000
116 136 nan 1.000000
117 136 nan 1.000000
118 136 nan 1.000000
119 136 nan 1.000000
120 136 nan 1.000000
121 136 nan 1.000000
122 136 nan 1.000000
123 136 nan 1.000000
124 136 nan 1.000000
125 136 nan 1.000000
126 136 nan 1.000000
127 136 nan 1.000000
128 136 nan 1.000000
129 136 nan 1.000000
130 136 nan 1.000000
131 136 nan 1.000000
132 136 nan 1.000000
133 136 nan 1.000000
134 136 nan 1.000000
135 136 nan 1.000000
136 136 nan 1.000000
137 136 nan 1.000000
138 136 nan 1.000000
139 136 nan 1.000000
140 136 nan 1.000000
141 136 nan 1.000000
142 136 nan 1.000000
143 136 nan 1.000000
144 136 nan 1.000000
145 136 nan 1.000000
146 136 nan 1.000000
147 136 nan 1.000000
148 136 nan 1.000000
149 136 nan 1.000000
150 136 nan 1.000000
151 136 nan 1.000000
152 136 nan 1.000000
153 136 nan 1.000000
154 136 nan 1.000000
155 136 nan 1.000000
156 136 nan 1.000000
157 136 nan 1.000000
158 136 nan 1.000000
159 136 nan 1.000000
160 136 nan 0.999998
161 136 nan 0.999995
162 136 nan 0.999985
163 136 nan 0.999951
164 136 nan 0.999843
165 136 nan 0.999498
166 136 nan 0.998385
167 136 nan 0.994803
168 136 nan 0.983340
169 136 nan 0.947732
170 136 nan 0.847324
171 136 nan 0.628619
172 136 nan 0.339708
173 136 nan 0.134843
174 136 nan 0.044950
175 136 nan 0.013971
176 136 nan 0.004235
177 136 nan 0.001271
178 136 nan 0.000380
179 136 nan 0.000113
180 136 nan 0.000034
181 136 nan 0.000010
182 136 nan 0.000003
183 136 nan 0.000001
184 136 nan 0.000000
185 136 nan 0.000000
186 136 nan 0.000000
187 136 nan 0.000000
188 136 nan 0.000000
189 136 nan 0.000000
190 136 nan 0.000000
191 136 nan 0.000000
192 136 nan 0.000000
193 136 nan 0.000000
194 136 nan 0.000000
195 136 nan 0.000000
196 136 nan 0.000000
197 136 nan 0.000000
198 136 nan 0.000000
199 136 nan 0.000000
0 137 nan 0.000000
1 137 nan 0.000000
2 137 nan 0.000000
3 137 nan 0.000000
4 137 nan 0.000000
5 137 nan 0.000000
6 137 nan 0.000000
7 137 nan 0.000000
8 137 nan 0.000000
9 137 nan 0.000000
10 137 nan 0.000000
11 137 nan 0.000000
12 137 nan 0.000000
13 137 nan 0.000000
14 137 nan 0.000000
15 137 nan 0.000000
16 137 nan 0.000000
17 137 nan 0.000001
18 137 nan 0.000002
19 137 nan 0.000006
20 137 nan 0.000019
21 137 nan 0.000065
22 137 nan 0.000216
23 137 nan 0.000718
24 137 nan 0.002382
25 137 nan 0.007844
26 137 nan 0.025431
27 137 nan 0.079068
28 137 nan 0.219691
29 137 nan 0.479187
30 137 nan 0.749756
31 137 nan 0.906721
32 137 nan 0.969153
33 137 nan 0.990210
34 137 nan 0.996926
35 137 nan 0.999035
36 137 nan 0.999696
37 137 nan 0.999904
38 137 nan 0.999970
39 137 nan 0.999990
40 137 nan 0.999997
41 137 nan 0.999999
42 137 nan 1.000000
43 137 nan 1.000000
44 137 nan 1.000000
45 137 nan 1.000000
46 137 nan 1.000000
47 137 nan 1.000000
48 137 nan 1.000000
49 137 nan 1.000000
50 137 nan 1.000000
51 137 nan 1.000000
52 137 nan 1.000000
53 137 nan 1.000000
54 137 nan 1.000000
55 137 nan 1.000000
56 137 nan 1.000000
57 137 nan 1.000000
58 137 nan 1.000000
59 137 nan 1.000000
60 137 nan 1.000000
61 137 nan 1.000000
62 137 nan 1.000000
63 137 nan 1.000000
64 137 nan 1.000000
65 137 nan 1.000000
66 137 nan 1.000000
67 137 nan 1.000000
68 137 nan 1.000000
69 137 nan 1.000000
70 137 nan 1.000000
71 137 nan 1.000000
72 137 nan 1.000000
73 137 nan 1.000000
74 137 nan 1.000000
75 137 nan 1.000000
76 137 nan 1.000000
77 137 nan 1.000000
78 137 nan 1.000000
79 137 nan 1.000000
80 137 nan 1.000000
81 137 nan 1.000000
82 137 nan 1.000000
83 137 nan 1.000000
84 137 nan 1.000000
85 137 nan 1.000000
86 137 nan 1.000000
87 137 nan 1.000000
88 137 nan 1.000000
89 137 nan 1.000000
90 137 nan 1.000000
91 137 nan 1.000000
92 137 nan 1.000000
93 137 nan 1.000000
94 137 nan 1.000000
95 137 nan 1.000000
96 137 nan 1.000000
97 137 nan 1.000000
98 137 nan 1.000000
99 137 nan 1.000000
100 137 nan 1.000000
101 137 nan 1.000000
102 137 nan 1.000000
103 137 nan 1.000000
104 137 nan 1.000000
105 137 nan 1.000000
106 137 nan 1.000000
107 137 nan 1.000000
108 137 nan 1.000000
109 137 nan 1.000000
110 137 nan 1.000000
111 137 nan 1.000000
112 137 nan 1.000000
113 137 nan 1.000000
114 137 nan 1.000000
115 137 nan 1.000000
116 137 nan 1.000000
117 137 nan 1.000000
118 137 nan 1.000000
119 137 nan 1.000000
120 137 nan 1.000000
121 137 nan 1.000000
122 137 nan 1.000000
123 137 nan 1.000000
124 137 nan 1.000000
125 137 nan 1.000000
126 137 nan 1.000000
127 137 nan 1.000000
128 137 nan 1.000000
129 137 nan 1.000000
130 137 nan 1.000000
131 137 nan 1.000000
132 137 nan 1.000000
133 137 nan 1.000000
134 137 nan 1.000000
135 137 nan 1.000000
136 137 nan 1.000000
137 137 nan 1.000000
138 137 nan 1.000000
139 137 nan 1.000000
140 137 nan 1.000000
141 137 nan 1.000000
142 137 nan 1.000000
143 137 nan 1.000000
144 137 nan 1.000000
145 137 nan 1.000000
146 137 nan 1.000000
147 137 nan 1.000000
148 137 nan 1.000000
149 137 nan 1.000000
150 137 nan 1.000000
151 137 nan 1.000000
152 137 nan 1.000000
153 137 nan 1.000000
154 137 nan 1.000000
155 137 nan 1.000000
156 137 nan 1.000000
157 137 nan 1.000000
158 137 nan 1.000000
159 137 nan 0.999999
160 137 nan 0.999997
161 137 nan 0.999990
162 137 nan 0.999970
163 137 nan 0.999904
164 137 nan 0.999696
165 137 nan 0.999035
166 137 nan 0.996926
167 137 nan 0.990210
168 137 nan 0.969153
169 137 nan 0.906721
170 137 nan 0.749756
171 137 nan 0.479187
172 137 nan 0.219691
173 137 nan 0.079068
174 137 nan 0.025431
175 137 nan 0.007844
176 137 nan 0.002382
177 137 nan 0.000718
178 137 nan 0.000216
179 137 nan 0.000065
180 137 nan 0.000019
181 137 nan 0.000006
182 137 nan 0.000002
183 137 nan 0.000001
184 137 nan 0.000000
185 137 nan 0.000000
186 137 nan 0.000000
187 137 nan 0.000000
188 137 nan 0.000000
189 137 nan 0.000000
190 137 nan 0.000000
191 137 nan 0.000000
192 137 nan 0.000000
193 137 nan 0.000000
194 137 nan 0.000000
195 137 nan 0.000000
196 137 nan 0.000000
197 137 nan 0.000000
198 137 nan 0.000000
199 137 nan 0.000000
0 138 nan 0.000000
1 138 nan 0.000000
2 138 nan 0.000000
3 138 nan 0.000000
4 138 nan 0.000000
5 138 nan 0.000000
6 138 nan 0.000000
7 138 nan 0.000000
8 138 nan 0.000000
9 138 nan 0.000000
10 138 nan 0.000000
11 138 nan 0.000000
12 138 nan 0.000000
13 138 nan 0.000000
14 138 nan 0.000000
15 138 nan 0.000000
16 138 nan 0.000000
17 138 nan 0.000000
18 138 nan 0.000001
19 138 nan 0.000003
20 138 nan 0.000011
21 138 nan 0.000036
22 138 nan 0.000121
23 138 nan 0.000401
24 138 nan 0.001322
25 138 nan 0.004336
26 138 nan 0.014081
27 138 nan 0.044603
28 138 nan 0.132002
29 138 nan 0.330484
30 138 nan 0.614837
31 138 nan 0.837204
32 138 nan 0.942865
33 138 nan 0.981392
34 138 nan 0.994077
35 138 nan 0.998123
36 138 nan 0.999404
37 138 nan 0.999810
38 138 nan 0.999939
39 138 nan 0.999980
40 138 nan 0.999994
41 138 nan 0.999998
42 138 nan 0.999999
43 138 nan 1.000000
44 138 nan 1.000000
45 138 nan 1.000000
46 138 nan 1.000000
47 138 nan 1.000000
48 138 nan 1.000000
49 138 nan 1.000000
50 138 nan 1.000000
51 138 nan 1.000000
52 138 nan 1.000000
53 138 nan 1.000000
54 138 nan 1.000000
55 138 nan 1.000000
56 138 nan 1.000000
57 138 nan 1.000000
58 138 nan 1.000000
59 138 nan 1.000000
60 138 nan 1.000000
61 138 nan 1.000000
62 138 nan 1.000000
63 138 nan 1.000000
64 138 nan 1.000000
65 138 nan 1.000000
66 138 nan 1.000000
67 138 nan 1.000000
68 138 nan 1.000000
69 138 nan 1.000000
70 138 nan 1.000000
71 138 nan 1.000000
72 138 nan 1.000000
73 138 nan 1.000000
74 138 nan 1.000000
75 138 nan 1.000000
76 138 nan 1.000000
77 138 nan 1.000000
78 138 nan 1.000000
79 138 nan 1.000000
80 138 nan 1.000000
81 138 nan 1.000000
82 138 nan 1.000000
83 138 nan 1.000000
84 138 nan 1.000000
85 138 nan 1.000000
86 138 nan 1.000000
87 138 nan 1.000000
88 138 nan 1.000000
89 138 nan 1.000000
90 138 nan 1.000000
91 138 nan 1.000000
92 138 nan 1.000000
93 138 nan 1.000000
94 138 nan 1.000000
95 138 nan 1.000000
96 138 nan 1.000000
97 138 nan 1.000000
98 138 nan 1.000000
99 138 nan 1.000000
100 138 nan 1.000000
101 138 nan 1.000000
102 138 nan 1.000000
103 138 nan 1.000000
104 138 nan 1.000000
105 138 nan 1.000000
106 138 nan 1.000000
107 138 nan 1.000000
108 138 nan 1.000000
109 138 nan 1.000000
110 138 nan 1.000000
111 138 nan 1.000000
112 138 nan 1.000000
113 138 nan 1.000000
114 138 nan 1.000000
115 138 nan 1.000000
116 138 nan 1.000000
117 138 nan 1.000000
118 138 nan 1.000000
119 138 nan 1.000000
120 138 nan 1.000000
121 138 nan 1.000000
122 138 nan 1.000000
123 138 nan 1.000000
124 138 nan 1.000000
125 138 nan 1.000000
126 138 nan 1.000000
127 138 nan 1.000000
128 138 nan 1.000000
129 138 nan 1.000000
130 138 nan 1.000000
131 138 nan 1.000000
132 138 nan 1.000000
133 138 nan 1.000000
134 138 nan 1.000000
135 138 nan 1.000000
136 138 nan 1.000000
137 138 nan 1.000000
138 138 nan 1.000000
139 138 nan 1.000000
140 138 nan 1.000000
141 138 nan 1.000000
142 138 nan 1.000000
143 138 nan 1.000000
144 138 nan 1.000000
145 138 nan 1.000000
146 138 nan 1.000000
147 138 nan 1.000000
148 138 nan 1.000000
149 138 nan 1.000000
150 138 nan 1.000000
151 138 nan 1.000000
152 138 nan 1.000000
153 138 nan 1.000000
154 138 nan 1.000000
155 138 nan 1.000000
156 138 nan 1.000000
157 138 nan 1.000000
158 138 nan 0.999999
159 138 nan 0.999998
160 138 nan 0.999994
161 138 nan 0.999980
162 138 nan 0.999939
163 138 nan 0.999810
164 138 nan 0.999404
165 138 nan 0.998123
166 138 nan 0.994077
167 138 nan 0.981392
168 138 nan 0.942865
169 138 nan 0.837204
170 138 nan 0.614837
171 138 nan 0.330484
172 138 nan 0.132002
173 138 nan 0.044603
174 138 nan 0.014081
175 138 nan 0.004336
176 138 nan 0.001322
177 138 nan 0.000401
178 138 nan 0.000121
179 138 nan 0.000036
180 138 nan 0.000011
181 138 nan 0.000003
182 138 nan 0.000001
183 138 nan 0.000000
184 138 nan 0.000000
185 138 nan 0.000000
186 138 nan 0.000000
187 138 nan 0.000000
188 138 nan 0.000000
189 138 nan 0.000000
190 138 nan 0.000000
191 138 nan 0.000000
192 138 nan 0.000000
193 138 nan 0.000000
194 138 nan 0.000000
195 138 nan 0.000000
196 138 nan 0.000000
197 138 nan 0.000000
198 138 nan 0.000000
199 138 nan 0.000000
0 139 nan 0.000000
1 139 nan 0.000000
2 139 nan 0.000000
3 139 nan 0.000000
4 139 nan 0.000000
5 139 nan 0.000000
6 139 nan 0.000000
7 139 nan 0.000000
8 139 nan 0.000000
9 139 nan 0.000000
10 139 nan 0.000000
11 139 nan 0.000000
12 139 nan 0.000000
13 139 nan 0.000000
14 139 nan 0.000000
15 139 nan 0.000000
16 139 nan 0.000000
17 139 nan 0.000000
18 139 nan 0.000001
19 139 nan 0.000002
20 139 nan 0.000006
21 139 nan 0.000020
22 139 nan 0.000067
23 139 nan 0.000221
24 139 nan 0.000724
25 139 nan 0.002363
26 139 nan 0.007660
27 139 nan 0.024452
28 139 nan 0.075015
29 139 nan 0.207253
30 139 nan 0.456397
31 139 nan 0.728675
32 139 nan 0.895351
33 139 nan 0.964466
34 139 nan 0.988470
35 139 nan 0.996304
36 139 nan 0.998816
37 139 nan 0.999620
38 139 nan 0.999877
39 139 nan 0.999960
40 139 nan 0.999987
41 139 nan 0.999996
42 139 nan 0.999999
43 139 nan 1.000000
44 139 nan 1.000000
45 139 nan 1.000000
46 139 nan 1.000000
47 139 nan 1.000000
48 139 nan 1.000000
49 139 nan 1.000000
50 139 nan 1.000000
51 139 nan 1.000000
52 139 nan 1.000000
53 139 nan 1.000000
54 139 nan 1.000000
55 139 nan 1.000000
56 139 nan 1.000000
57 139 nan 1.000000
58 139 nan 1.000000
59 139 nan 1.000000
60 139 nan 1.000000
61 139 nan 1.000000
62 139 nan 1.000000
63 139 nan 1.000000
64 139 nan 1.000000
65 139 nan 1.000000
66 139 nan 1.000000
67 139 nan 1.000000
68 139 nan 1.000000
69 139 nan 1.000000
70 139 nan 1.000000
71 139 nan 1.000000
72 139 nan 1.000000
73 139 nan 1.000000
74 139 nan 1.000000
75 139 nan 1.000000
76 139 nan 1.000000
77 139 nan 1.000000
78 139 nan 1.000000
79 139 nan 1.000000
80 139 nan 1.000000
81 139 nan 1.000000
82 139 nan 1.000000
83 139 nan 1.000000
84 139 nan 1.000000
85 139 nan 1.000000
86 139 nan 1.000000
87 139 nan 1.000000
88 139 nan 1.000000
89 139 nan 1.000000
90 139 nan 1.000000
91 139 nan 1.000000
92 139 nan 1.000000
93 139 nan 1.000000
94 139 nan 1.000000
95 139 nan 1.000000
96 139 nan 1.000000
97 139 nan 1.000000
98 139 nan 1.000000
99 139 nan 1.000000
100 139 nan 1.000000
101 139 nan 1.000000
102 139 nan 1.000000
103 139 nan 1.000000
104 139 nan 1.000000
105 139 nan 1.000000
106 139 nan 1.000000
107 139 nan 1.000000
108 139 nan 1.000000
109 139 nan 1.000000
110 139 nan 1.000000
111 139 nan 1.000000
112 139 nan 1.000000
113 139 nan 1.000000
114 139 nan 1.000000
115 139 nan 1.000000
116 139 nan 1.000000
117 139 nan 1.000000
118 139 nan 1.000000
119 139 nan 1.000000
120 139 nan 1.000000
121 139 nan 1.000000
122 139 nan 1.000000
123 139 nan 1.000000
124 139 nan 1.000000
125 139 nan 1.000000
126 139 nan 1.000000
127 139 nan 1.000000
128 139 nan 1.000000
129 139 nan 1.000000
130 139 nan 1.000000
131 139 nan 1.000000
132 139 nan 1.000000
133 139 nan 1.000000
134 139 nan 1.000000
135 139 nan 1.000000
136 139 nan 1.000000
137 139 nan 1.000000
138 139 nan 1.000000
139 139 nan 1.000000
140 139 nan 1.000000
141 139 nan 1.000000
142 139 nan 1.000000
143 139 nan 1.000000
144 139 nan 1.000000
145 139 nan 1.000000
146 139 nan 1.000000
147 139 nan 1.000000
148 139 nan 1.000000
149 139 nan 1.000000
150 139 nan 1.000000
151 139 nan 1.000000
152 139 nan 1.000000
153 139 nan 1.000000
154 139 nan 1.000000
155 139 nan 1.000000
156 139 nan 1.000000
157 139 nan 1.000000
158 139 nan 0.999999
159 139 nan 0.999996
160 139 nan 0.999987
161 139 nan 0.999960
162 139 nan 0.999877
163 139 nan 0.999620
164 139 nan 0.998816
165 139 nan 0.996304
166 139 nan 0.988470
167 139 nan 0.964466
168 139 nan 0.895351
169 139 nan 0.728675
170 139 nan 0.456397
171 139 nan 0.207253
172 139 nan 0.075015
173 139 nan 0.024452
174 139 nan 0.007660
175 139 nan 0.002363
176 139 nan 0.000724
177 139 nan 0.000221
178 139 nan 0.000067
179 139 nan 0.000020
180 139 nan 0.000006
181 139 nan 0.000002
182 139 nan 0.000001
183 139 nan 0.000000
184 139 nan 0.000000
185 139 nan 0.000000
186 139 nan 0.000000
187 139 nan 0.000000
188 139 nan 0.000000
189 139 nan 0.000000
190 139 nan 0.000000
191 139 nan 0.000000
192 139 nan 0.000000
193 139 nan 0.000000
194 139 nan 0.000000
195 139 nan 0.000000
196 139 nan 0.000000
197 139 nan 0.000000
198 139 nan 0.000000
199 139 nan 0.000000
0 140 nan 0.000000
1 140 nan 0.000000
2 140 nan 0.000000
3 140 nan 0.000000
4 140 nan 0.000000
5 140 nan 0.000000
6 140 nan 0.000000
7 140 nan 0.000000
8 140 nan 0.000000
9 140 nan 0.000000
10 140 nan 0.000000
11 140 nan 0.000000
12 140 nan 0.000000
13 140 nan 0.000000
14 140 nan 0.000000
15 140 nan 0.000000
16 140 nan 0.000000
17 140 nan 0.000000
18 140 nan 0.000000
19 140 nan 0.000001
20 140 nan 0.000003
21 140 nan 0.000011
22 140 nan 0.000037
23 140 nan 0.000120
24 140 nan 0.000392
25 140 nan 0.001271
26 140 nan 0.004103
27 140 nan 0.013115
28 140 nan 0.040958
29 140 nan 0.120281
30 140 nan 0.303623
31 140 nan 0.580663
32 140 nan 0.814103
33 140 nan 0.932387
34 140 nan 0.977390
35 140 nan 0.992641
36 140 nan 0.997618
37 140 nan 0.999228
38 140 nan 0.999749
39 140 nan 0.999918
40 140 nan 0.999973
41 140 nan 0.999991
42 140 nan 0.999997
43 140 nan 0.999999
44 140 nan 1.000000
45 140 nan 1.000000
46 140 nan 1.000000
47 140 nan 1.000000
48 140 nan 1.000000
49 140 nan 1.000000
50 140 nan 1.000000
51 140 nan 1.000000
52 140 nan 1.000000
53 140 nan 1.000000
54 140 nan 1.000000
55 140 nan 1.000000
56 140 nan 1.000000
57 140 nan 1.000000
58 140 nan 1.000000
59 140 nan 1.000000
60 140 nan 1.000000
61 140 nan 1.000000
62 140 nan 1.000000
63 140 nan 1.000000
64 140 nan 1.000000
65 140 nan 1.000000
66 140 nan 1.000000
67 140 nan 1.000000
68 140 nan 1.000000
69 140 nan 1.000000
70 140 nan 1.000000
71 140 nan 1.000000
72 140 nan 1.000000
73 140 nan 1.000000
74 140 nan 1.000000
75 140 nan 1.000000
76 140 nan 1.000000
77 140 nan 1.000000
78 140 nan 1.000000
79 140 nan 1.000000
80 140 nan 1.000000
81 140 nan 1.000000
82 140 nan 1.000000
83 140 nan 1.000000
84 140 nan 1.000000
85 140 nan 1.000000
86 140 nan 1.000000
87 140 nan 1.000000
88 140 nan 1.000000
89 140 nan 1.000000
90 140 nan 1.000000
91 140 nan 1.000000
92 140 nan 1.000000
93 140 nan 1.000000
94 140 nan 1.000000
95 140 nan 1.000000
96 140 nan 1.000000
97 140 nan 1.000000
98 140 nan 1.000000
99 140 nan 1.000000
100 140 nan 1.000000
101 140 nan 1.000000
102 140 nan 1.000000
103 140 nan 1.000000
104 140 nan 1.000000
105 140 nan 1.000000
106 140 nan 1.000000
107 140 nan 1.000000
108 140 nan 1.000000
109 140 nan 1.000000
110 140 nan 1.000000
111 140 nan 1.000000
112 140 nan 1.000000
113 140 nan 1.000000
114 140 nan 1.000000
115 140 nan 1.000000
116 140 nan 1.000000
117 140 nan 1.000000
118 140 nan 1.000000
119 140 nan 1.000000
120 140 nan 1.000000
121 140 nan 1.000000
122 140 nan 1.000000
123 140 nan 1.000000
124 140 nan 1.000000
125 140 nan 1.000000
126 140 nan 1.000000
127 140 nan 1.000000
128 140 nan 1.000000
129 140 nan 1.000000
130 140 nan 1.000000
131 140 nan 1.000000
132 140 nan 1.000000
133 140 nan 1.000000
134 140 nan 1.000000
135 140 nan 1.000000
136 140 nan 1.000000
137 140 nan 1.000000
138 140 nan 1.000000
139 140 nan 1.000000
140 140 nan 1.000000
141 140 nan 1.000000
142 140 nan 1.000000
143 140 nan 1.000000
144 140 nan 1.000000
145 140 nan 1.000000
146 140 nan 1.000000
147 140 nan 1.000000
148 140 nan 1.000000
149 140 nan 1.000000
150 140 nan 1.000000
151 140 nan 1.000000
152 140 nan 1.000000
153 140 nan 1.000000
154 140 nan 1.000000
155 140 nan 1.000000
156 140 nan 1.000000
157 140 nan 0.999999
158 140 nan 0.999997
159 140 nan 0.999991
160 140 nan 0.999973
161 140 nan 0.999918
162 140 nan 0.999749
163 140 nan 0.999228
164 140 nan 0.997618
165 140 nan 0.992641
166 140 nan 0.977390
167 140 nan 0.932387
168 140 nan 0.814103
169 140 nan 0.580663
170 140 nan 0.303623
171 140 nan 0.120281
172 140 nan 0.040958
173 140 nan 0.013115
174 140 nan 0.004103
175 140 nan 0.001271
176 140 nan 0.000392
177 140 nan 0.000120
178 140 nan 0.000037
179 140 nan 0.000011
180 140 nan 0.000003
181 140 nan 0.000001
182 140 nan 0.000000
183 140 nan 0.000000
184 140 nan 0.000000
185 140 nan 0.000000
186 140 nan 0.000000
187 140 nan 0.000000
188 140 nan 0.000000
189 140 nan 0.000000
190 140 nan 0.000000
191 140 nan 0.000000
192 140 nan 0.000000
193 140 nan 0.000000
194 140 nan 0.000000
195 140 nan 0.000000
196 140 nan 0.000000
197 140 nan 0.000000
198 140 nan 0.000000
199 140 nan 0.000000
0 141 nan 0.000000
1 141 nan 0.000000
2 141 nan 0.000000
3 141 nan 0.000000
4 141 nan 0.000000
5 141 nan 0.000000
6 141 nan 0.000000
7 141 nan 0.000000
8 141 nan 0.000000
9 141 nan 0.000000
10 141 nan 0.000000
11 141 nan 0.000000
12 141 nan 0.000000
13 141 nan 0.000000
14 141 nan 0.000000
15 141 nan 0.000000
16 141 nan 0.000000
17 141 nan 0.000000
18 141 nan 0.000000
19 141 nan 0.000001
20 141 nan 0.000002
21 141 nan 0.000006
22 141 nan 0.000020
23 141 nan 0.000065
24 141 nan 0.000209
25 141 nan 0.000675
26 141 nan 0.002167
27 141 nan 0.006911
28 141 nan 0.021731
29 141 nan 0.065964
30 141 nan 0.182751
31 141 nan 0.413521
32 141 nan 0.688824
33 141 nan 0.873714
34 141 nan 0.955602
35 141 nan 0.985216
36 141 nan 0.995153
37 141 nan 0.998414
38 141 nan 0.999479
39 141 nan 0.999828
40 141 nan 0.999943
41 141 nan 0.999981
42 141 nan 0.999994
43 141 nan 0.999998
44 141 nan 0.999999
45 141 nan 1.000000
46 141 nan 1.000000
47 141 nan 1.000000
48 141 nan 1.000000
49 141 nan 1.000000
50 141 nan 1.000000
51 141 nan 1.000000
52 141 nan 1.000000
53 141 nan 1.000000
54 141 nan 1.000000
55 141 nan 1.000000
56 141 nan 1.000000
57 141 nan 1.000000
58 141 nan 1.000000
59 141 nan 1.000000
60 141 nan 1.000000
61 141 nan 1.000000
62 141 nan 1.000000
63 141 nan 1.000000
64 141 nan 1.000000
65 141 nan 1.000000
66 141 nan 1.000000
67 141 nan 1.000000
68 141 nan 1.000000
69 141 nan 1.000000
70 141 nan 1.000000
71 141 nan 1.000000
72 141 nan 1.000000
73 141 nan 1.000000
74 141 nan 1.000000
75 141 nan 1.000000
76 141 nan 1.000000
77 141 nan 1.000000
78 141 nan 1.000000
79 141 nan 1.000000
80 141 nan 1.000000
81 141 nan 1.000000
82 141 nan 1.000000
83 141 nan 1.000000
84 141 nan 1.000000
85 141 nan 1.000000
86 141 nan 1.000000
87 141 nan 1.000000
88 141 nan 1.000000
89 141 nan 1.000000
90 141 nan 1.000000
91 141 nan 1.000000
92 141 nan 1.000000
93 141 nan 1.000000
94 141 nan 1.000000
95 141 nan 1.000000
96 141 nan 1.000000
97 141 nan 1.000000
98 141 nan 1.000000
99 141 nan 1.000000
100 141 nan 1.000000
101 141 nan 1.000000
102 141 nan 1.000000
103 141 nan 1.000000
104 141 nan 1.000000
105 141 nan 1.000000
106 141 nan 1.000000
107 141 nan 1.000000
108 141 nan 1.000000
109 141 nan 1.000000
110 141 nan 1.000000
111 141 nan 1.000000
112 141 nan 1.000000
113 141 nan 1.000000
114 141 nan 1.000000
115 141 nan 1.000000
116 141 nan 1.000000
117 141 nan 1.000000
118 141 nan 1.000000
119 141 nan 1.000000
120 141 nan 1.000000
121 141 nan 1.000000
122 141 nan 1.000000
123 141 nan 1.000000
124 141 nan 1.000000
125 141 nan 1.000000
126 141 nan 1.000000
127 141 nan 1.000000
128 141 nan 1.000000
129 141 nan 1.000000
130 141 nan 1.000000
131 141 nan 1.000000
132 141 nan 1.000000
133 141 nan 1.000000
134 141 nan 1.000000
135 141 nan 1.000000
136 141 nan 1.000000
137 141 nan 1.000000
138 141 nan 1.000000
139 141 nan 1.000000
140 141 nan 1.000000
141 141 nan 1.000000
142 141 nan 1.000000
143 141 nan 1.000000
144 141 nan 1.000000
145 141 nan 1.000000
146 141 nan 1.000000
147 141 nan 1.000000
148 141 nan 1.000000
149 141 nan 1.000000
150 141 nan 1.000000
151 141 nan 1.000000
152 141 nan 1.000000
153 141 nan 1.000000
154 141 nan 1.000000
155 141 nan 1.000000
156 141 nan 0.999999
157 141 nan 0.999998
158 141 nan 0.999994
159 141 nan 0.999981
160 141 nan 0.999943
161 141 nan 0.999828
162 141 nan 0.999479
163 141 nan 0.998414
164 141 nan 0.995153
165 141 nan 0.985216
166 141 nan 0.955602
167 141 nan 0.873714
168 141 nan 0.688824
169 141 nan 0.413521
170 141 nan 0.182751
171 141 nan 0.065964
172 141 nan 0.021731
173 141 nan 0.006911
174 141 nan 0.002167
175 141 nan 0.000675
176 141 nan 0.000209
177 141 nan 0.000065
178 141 nan 0.000020
179 141 nan 0.000006
180 141 nan 0.000002
181 141 nan 0.000001
182 141 nan 0.000000
183 141 nan 0.000000
184 141 nan 0.000000
185 141 nan 0.000000
186 141 nan 0.000000
187 141 nan 0.000000
188 141 nan 0.000000
189 141 nan 0.000000
190 141 nan 0.000000
191 141 nan 0.000000
192 141 nan 0.000000
193 141 nan 0.000000
194 141 nan 0.000000
195 141 nan 0.000000
196 141 nan 0.000000
197 141 nan 0.000000
198 141 nan 0.000000
199 141 nan 0.000000
0 142 nan 0.000000
1 142 nan 0.000000
2 142 nan 0.000000
3 142 nan 0.000000
4 142 nan 0.000000
5 142 nan 0.000000
6 142 nan 0.000000
7 142 nan 0.000000
8 142 nan 0.000000
9 142 nan 0.000000
10 142 nan 0.000000
11 142 nan 0.000000
12 142 nan 0.000000
13 142 nan 0.000000
14 142 nan 0.000000
15 142 nan 0.000000
16 142 nan 0.000000
17 142 nan 0.000000
18 142 nan 0.000000
19 142 nan 0.000000
20 142 nan 0.000001
21 142 nan 0.000003
22 142 nan 0.000011
23 142 nan 0.000034
24 142 nan 0.000110
25 142 nan 0.000354
26 142 nan 0.001130
27 142 nan 0.003588
28 142 nan 0.011286
29 142 nan 0.034783
30 142 nan 0.101765
31 142 nan 0.261801
32 142 nan 0.524991
33 142 nan 0.774189
34 142 nan 0.913681
35 142 nan 0.970166
36 142 nan 0.990040
37 142 nan 0.996702
38 142 nan 0.998907
39 142 nan 0.999636
40 142 nan 0.999878
41 142 nan 0.999959
42 142 nan 0.999986
43 142 nan 0.999995
44 142 nan 0.999998
45 142 nan 0.999999
46 142 nan 1.000000
47 142 nan 1.000000
48 142 nan 1.000000
49 142 nan 1.000000
50 142 nan 1.000000
51 142 nan 1.000000
52 142 nan 1.000000
53 142 nan 1.000000
54 142 nan 1.000000
55 142 nan 1.000000
56 142 nan 1.000000
57 142 nan 1.000000
58 142 nan 1.000000
59 142 nan 1.000000
60 142 nan 1.000000
61 142 nan 1.000000
62 142 nan 1.000000
63 142 nan 1.000000
64 142 nan 1.000000
65 142 nan 1.000000
66 142 nan 1.000000
67 142 nan 1.000000
68 142 nan 1.000000
69 142 nan 1.000000
70 142 nan 1.000000
71 142 nan 1.000000
72 142 nan 1.000000
73 142 nan 1.000000
74 142 nan 1.000000
75 142 nan 1.000000
76 142 nan 1.000000
77 142 nan 1.000000
78 142 nan 1.000000
79 142 nan 1.000000
80 142 nan 1.000000
81 142 nan 1.000000
82 142 nan 1.000000
83 142 nan 1.000000
84 142 nan 1.000000
85 142 nan 1.000000
86 142 nan 1.000000
87 142 nan 1.000000
88 142 nan 1.000000
89 142 nan 1.000000
90 142 nan 1.000000
91 142 nan 1.000000
92 142 nan 1.000000
93 142 nan 1.000000
94 142 nan 1.000000
95 142 nan 1.000000
96 142 nan 1.000000
97 142 nan 1.000000
98 142 nan 1.000000
99 142 nan 1.000000
100 142 nan 1.000000
101 142 nan 1.000000
102 142 nan 1.000000
103 142 nan 1.000000
104 142 nan 1.000000
105 142 nan 1.000000
106 142 nan 1.000000
107 142 nan 1.000000
108 142 nan 1.000000
109 142 nan 1.000000
110 142 nan 1.000000
111 142 nan 1.000000
112 142 nan 1.000000
113 142 nan 1.000000
114 142 nan 1.000000
115 142 nan 1.000000
116 142 nan 1.000000
117 142 nan 1.000000
118 142 nan 1.000000
119 142 nan 1.000000
120 142 nan 1.000000
121 142 nan 1.000000
122 142 nan 1.000000
123 142 nan 1.000000
124 142 nan 1.000000
125 142 nan 1.000000
126 142 nan 1.000000
127 142 nan 1.000000
128 142 nan 1.000000
129 142 nan 1.000000
130 142 nan 1.000000
131 142 nan 1.000000
132 142 nan 1.000000
133 142 nan 1.000000
134 142 nan 1.000000
135 142 nan 1.000000
136 142 nan 1.000000
137 142 nan 1.000000
138 142 nan 1.000000
139 142 nan 1.000000
140 142 nan 1.000000
141 142 nan 1.000000
142 142 nan 1.000000
143 142 nan 1.000000
144 142 nan 1.000000
145 142 nan 1.000000
146 142 nan 1.000000
147 142 nan 1.000000
148 142 nan 1.000000
149 142 nan 1.000000
150 142 nan 1.000000
151 142 nan 1.000000
152 142 nan 1.000000
153 142 nan 1.000000
154 142 nan 1.000000
155 142 nan 0.999999
156 142 nan 0.999998
157 142 nan 0.999995
158 142 nan 0.999986
159 142 nan 0.999959
160 142 nan 0.999878
161 142 nan 0.999636
162 142 nan 0.998907
163 142 nan 0.996702
164 142 nan 0.990040
165 142 nan 0.970166
166 142 nan 0.913681
167 142 nan 0.774189
168 142 nan 0.524991
169 142 nan 0.261801
170 142 nan 0.101765
171 142 nan 0.034783
172 142 nan 0.011286
173 142 nan 0.003588
174 142 nan 0.001130
175 142 nan 0.000354
176 142 nan 0.000110
177 142 nan 0.000034
178 142 nan 0.000011
179 142 nan 0.000003
180 142 nan 0.000001
181 142 nan 0.000000
182 142 nan 0.000000
183 142 nan 0.000000
184 142 nan 0.000000
185 142 nan 0.000000
186 142 nan 0.000000
187 142 nan 0.000000
188 142 nan 0.000000
189 142 nan 0.000000
190 142 nan 0.000000
191 142 nan 0.000000
192 142 nan 0.000000
193 142 nan 0.000000
194 142 nan 0.000000
195 142 nan 0.000000
196 142 nan 0.000000
197 142 nan 0.000000
198 142 nan 0.000000
199 142 nan 0.000000
0 143 nan 0.000000
1 143 nan 0.000000
2 143 nan 0.000000
3 143 nan 0.000000
4 143 nan 0.000000
5 143 nan 0.000000
6 143 nan 0.000000
7 143 nan 0.000000
8 143 nan 0.000000
9 143 nan 0.000000
10 143 nan 0.000000
11 143 nan 0.000000
12 143 nan 0.000000
13 143 nan 0.000000
14 143 nan 0.000000
15 143 nan 0.000000
16 143 nan 0.000000
17 143 nan 0.000000
18 143 nan 0.000000
19 143 nan 0.000000
20 143 nan 0.000001
21 143 nan 0.000002
22 143 nan 0.000006
23 143 nan 0.000018
24 143 nan 0.000058
25 143 nan 0.000184
26 143 nan 0.000582
27 143 nan 0.001838
28 143 nan 0.005762
29 143 nan 0.017845
30 143 nan 0.053670
31 143 nan 0.149838
32 143 nan 0.352833
33 143 nan 0.626662
34 143 nan 0.837204
35 143 nan 0.940036
36 143 nan 0.979398
37 143 nan 0.993074
38 143 nan 0.997680
39 143 nan 0.999221
40 143 nan 0.999737
41 143 nan 0.999911
42 143 nan 0.999970
43 143 nan 0.999990
44 143 nan 0.999996
45 143 nan 0.999999
46 143 nan 1.000000
47 143 nan 1.000000
48 143 nan 1.000000
49 143 nan 1.000000
50 143 nan 1.000000
51 143 nan 1.000000
52 143 nan 1.000000
53 143 nan 1.000000
54 143 nan 1.000000
55 143 nan 1.000000
56 143 nan 1.000000
57 143 nan 1.000000
58 143 nan 1.000000
59 143 nan 1.000000
60 143 nan 1.000000
61 143 nan 1.000000
62 143 nan 1.000000
63 143 nan 1.000000
64 143 nan 1.000000
65 143 nan 1.000000
66 143 nan 1.000000
67 143 nan 1.000000
68 143 nan 1.000000
69 143 nan 1.000000
70 143 nan 1.000000
71 143 nan 1.000000
72 143 nan 1.000000
73 143 nan 1.000000
74 143 nan 1.000000
75 143 nan 1.000000
76 143 nan 1.000000
77 143 nan 1.000000
78 143 nan 1.000000
79 143 nan 1.000000
80 143 nan 1.000000
81 143 nan 1.000000
82 143 nan 1.000000
83 143 nan 1.000000
84 143 nan 1.000000
85 143 nan 1.000000
86 143 nan 1.000000
87 143 nan 1.000000
88 143 nan 1.000000
89 143 nan 1.000000
90 143 nan 1.000000
91 143 nan 1.000000
92 143 nan 1.000000
93 143 nan 1.000000
94 143 nan 1.000000
95 143 nan 1.000000
96 143 nan 1.000000
97 143 nan 1.000000
98 143 nan 1.000000
99 143 nan 1.000000
100 143 nan 1.000000
101 143 nan 1.000000
102 143 nan 1.000000
103 143 nan 1.000000
104 143 nan 1.000000
105 143 nan 1.000000
106 143 nan 1.000000
107 143 nan 1.000000
108 143 nan 1.000000
109 143 nan 1.000000
110 143 nan 1.000000
111 143 nan 1.000000
112 143 nan 1.000000
113 143 nan 1.000000
114 143 nan 1.000000
115 143 nan 1.000000
116 143 nan 1.000000
117 143 nan 1.000000
118 143 nan 1.000000
119 143 nan 1.000000
120 143 nan 1.000000
121 143 nan 1.000000
122 143 nan 1.000000
123 143 nan 1.000000
124 143 nan 1.000000
125 143 nan 1.000000
126 143 nan 1.000000
127 143 nan 1.000000
128 143 nan 1.000000
129 143 nan 1.000000
130 143 nan 1.000000
131 143 nan 1.000000
132 143 nan 1.000000
133 143 nan 1.000000
134 143 nan 1.000000
135 143 nan 1.000000
136 143 nan 1.000000
137 143 nan 1.000000
138 143 nan 1.000000
139 143 nan 1.000000
140 143 nan 1.000000
141 143 nan 1.000000
142 143 nan 1.000000
143 143 nan 1.000000
144 143 nan 1.000000
145 143 nan 1.000000
146 143 nan 1.000000
147 143 nan 1.000000
148 143 nan 1.000000
149 143 nan 1.000000
150 143 nan 1.000000
151 143 nan 1.000000
152 143 nan 1.000000
153 143 nan 1.000000
154 143 nan 1.000000
155 143 nan 0.999999
156 143 nan 0.999996
157 143 nan 0.999990
158 143 nan 0.999970
159 143 nan 0.999911
160 143 nan 0.999737
161 143 nan 0.999221
162 143 nan 0.997680
163 143 nan 0.993074
164 143 nan 0.979398
165 143 nan 0.940036
166 143 nan 0.837204
167 143 nan 0.626662
168 143 nan 0.352833
169 143 nan 0.149838
170 143 nan 0.053670
171 143 nan 0.017845
172 143 nan 0.005762
173 143 nan 0.001838
174 143 nan 0.000582
175 143 nan 0.000184
176 143 nan 0.000058
177 143 nan 0.000018
178 143 nan 0.000006
179 143 nan 0.000002
180 143 nan 0.000001
181 143 nan 0.000000
182 143 nan 0.000000
183 143 nan 0.000000
184 143 nan 0.000000
185 143 nan 0.000000
186 143 nan 0.000000
187 143 nan 0.000000
188 143 nan 0.000000
189 143 nan 0.000000
190 143 nan 0.000000
191 143 nan 0.000000
192 143 nan 0.000000
193 143 nan 0.000000
194 143 nan 0.000000
195 143 nan 0.000000
196 143 nan 0.000000
197 143 nan 0.000000
198 143 nan 0.000000
199 143 nan 0.000000
0 144 nan 0.000000
1 144 nan 0.000000
2 144 nan 0.000000
3 144 nan 0.000000
4 144 nan 0.000000
5 144 nan 0.000000
6 144 nan 0.000000
7 144 nan 0.000000
8 144 nan 0.000000
9 144 nan 0.000000
10 144 nan 0.000000
11 144 nan 0.000000
12 144 nan 0.000000
13 144 nan 0.000000
14 144 nan 0.000000
15 144 nan 0.000000
16 144 nan 0.000000
17 144 nan 0.000000
18 144 nan 0.000000
19 144 nan 0.000000
20 144 nan 0.000000
21 144 nan 0.000001
22 144 nan 0.000003
23 144 nan 0.000009
24 144 nan 0.000030
25 144 nan 0.000094
26 144 nan 0.000296
27 144 nan 0.000929
28 144 nan 0.002900
29 144 nan 0.008972
30 144 nan 0.027292
31 144 nan 0.079663
32 144 nan 0.209971
33 144 nan 0.448154
34 144 nan 0.711736
35 144 nan 0.881907
36 144 nan 0.957388
37 144 nan 0.985342
38 144 nan 0.995025
39 144 nan 0.998312
40 144 nan 0.999425
41 144 nan 0.999803
42 144 nan 0.999932
43 144 nan 0.999976
44 144 nan 0.999992
45 144 nan 0.999997
46 144 nan 0.999999
47 144 nan 1.000000
48 144 nan 1.000000
49 144 nan 1.000000
50 144 nan 1.000000
51 144 nan 1.000000
52 144 nan 1.000000
53 144 nan 1.000000
54 144 nan 1.000000
55 144 nan 1.000000
56 144 nan 1.000000
57 144 nan 1.000000
58 144 nan 1.000000
59 144 nan 1.000000
60 144 nan 1.000000
61 144 nan 1.000000
62 144 nan 1.000000
63 144 nan 1.000000
64 144 nan 1.000000
65 144 nan 1.000000
66 144 nan 1.000000
67 144 nan 1.000000
68 144 nan 1.000000
69 144 nan 1.000000
70 144 nan 1.000000
71 144 nan 1.000000
72 144 nan 1.000000
73 144 nan 1.000000
74 144 nan 1.000000
75 144 nan 1.000000
76 144 nan 1.000000
77 144 nan 1.000000
78 144 nan 1.000000
79 144 nan 1.000000
80 144 nan 1.000000
81 144 nan 1.000000
82 144 nan 1.000000
83 144 nan 1.000000
84 144 nan 1.000000
85 144 nan 1.000000
86 144 nan 1.000000
87 144 nan 1.000000
88 144 nan 1.000000
89 144 nan 1.000000
90 144 nan 1.000000
91 144 nan 1.000000
92 144 nan 1.000000
93 144 nan 1.000000
94 144 nan 1.000000
95 144 nan 1.000000
96 144 nan 1.000000
97 144 nan 1.000000
98 144 nan 1.000000
99 144 nan 1.000000
100 144 nan 1.000000
101 144 nan 1.000000
102 144 nan 1.000000
103 144 nan 1.000000
104 144 nan 1.000000
105 144 nan 1.000000
106 144 nan 1.000000
107 144 nan 1.000000
108 144 nan 1.000000
109 144 nan 1.000000
110 144 nan 1.000000
111 144 nan 1.000000
112 144 nan 1.000000
113 144 nan 1.000000
114 144 nan 1.000000
115 144 nan 1.000000
116 144 nan 1.000000
117 144 nan 1.000000
118 144 nan 1.000000
119 144 nan 1.000000
120 144 nan 1.000000
121 144 nan 1.000000
122 144 nan 1.000000
123 144 nan 1.000000
124 144 nan 1.000000
125 144 nan 1.000000
126 144 nan 1.000000
127 144 nan 1.000000
128 144 nan 1.000000
129 144 nan 1.000000
130 144 nan 1.000000
131 144 nan 1.000000
132 144 nan 1.000000
133 144 nan 1.000000
134 144 nan 1.000000
135 144 nan 1.000000
136 144 nan 1.000000
137 144 nan 1.000000
138 144 nan 1.000000
139 144 nan 1.000000
140 144 nan 1.000000
141 144 nan 1.000000
142 144 nan 1.000000
143 144 nan 1.000000
144 144 nan 1.000000
145 144 nan 1.000000
146 144 nan 1.000000
147 144 nan 1.000000
148 144 nan 1.000000
149 144 nan 1.000000
150 144 nan 1.000000
151 144 nan 1.000000
152 144 nan 1.000000
153 144 nan 1.000000
154 144 nan 0.999999
155 144 nan 0.999997
156 144 nan 0.999992
157 144 nan 0.999976
158 144 nan 0.999932
159 144 nan 0.999803
160 144 nan 0.999425
161 144 nan 0.998312
162 144 nan 0.995025
163 144 nan 0.985342
164 144 nan 0.957388
165 144 nan 0.881907
166 144 nan 0.711736
167 144 nan 0.448154
168 144 nan 0.209971
169 144 nan 0.079663
170 144 nan 0.027292
171 144 nan 0.008972
172 144 nan 0.002900
173 144 nan 0.000929
174 144 nan 0.000296
175 144 nan 0.000094
176 144 nan 0.000030
177 144 nan 0.000009
178 144 nan 0.000003
179 144 nan 0.000001
180 144 nan 0.000000
181 144 nan 0.000000
182 144 nan 0.000000
183 144 nan 0.000000
184 144 nan 0.000000
185 144 nan 0.000000
186 144 nan 0.000000
187 144 nan 0.000000
188 144 nan 0.000000
189 144 nan 0.000000
190 144 nan 0.000000
191 144 nan 0.000000
192 144 nan 0.000000
193 144 nan 0.000000
194 144 nan 0.000000
195 144 nan 0.000000
196 144 nan 0.000000
197 144 nan 0.000000
198 144 nan 0.000000
199 144 nan 0.000000
0 145 nan 0.000000
1 145 nan 0.000000
2 145 nan 0.000000
3 145 nan 0.000000
4 145 nan 0.000000
5 145 nan 0.000000
6 145 nan 0.000000
7 145 nan 0.000000
8 145 nan 0.000000
9 145 nan 0.000000
10 145 nan 0.000000
11 145 nan 0.000000
12 145 nan 0.000000
13 145 nan 0.000000
14 145 nan 0.000000
15 145 nan 0.000000
16 145 nan 0.000000
17 145 nan 0.000000
18 145 nan 0.000000
19 145 nan 0.000000
20 145 nan 0.000000
21 145 nan 0.000000
22 145 nan 0.000002
23 145 nan 0.000005
24 145 nan 0.000015
25 145 nan 0.000048
26 145 nan 0.000149
27 145 nan 0.000465
28 145 nan 0.001441
29 145 nan 0.004440
30 145 nan 0.013536
31 145 nan 0.040327
32 145 nan 0.113528
33 145 nan 0.279729
34 145 nan 0.539530
35 145 nan 0.778580
36 145 nan 0.913006
37 145 nan 0.968894
38 145 nan 0.989237
39 145 nan 0.996304
40 145 nan 0.998729
41 145 nan 0.999561
42 145 nan 0.999847
43 145 nan 0.999947
44 145 nan 0.999981
45 145 nan 0.999993
46 145 nan 0.999998
47 145 nan 0.999999
48 145 nan 1.000000
49 145 nan 1.000000
50 145 nan 1.000000
51 145 nan 1.000000
52 145 nan 1.000000
53 145 nan 1.000000
54 145 nan 1.000000
55 145 nan 1.000000
56 145 nan 1.000000
57 145 nan 1.000000
58 145 nan 1.000000
59 145 nan 1.000000
60 145 nan 1.000000
61 145 nan 1.000000
62 145 nan 1.000000
63 145 nan 1.000000
64 145 nan 1.000000
65 145 nan 1.000000
66 145 nan 1.000000
67 145 nan 1.000000
68 145 nan 1.000000
69 145 nan 1.000000
70 145 nan 1.000000
71 145 nan 1.000000
72 145 nan 1.000000
73 145 nan 1.000000
74 145 nan 1.000000
75 145 nan 1.000000
76 145 nan 1.000000
77 145 nan 1.000000
78 145 nan 1.000000
79 145 nan 1.000000
80 145 nan 1.000000
81 145 nan 1.000000
82 145 nan 1.000000
83 145 nan 1.000000
84 145 nan 1.000000
85 145 nan 1.000000
86 145 nan 1.000000
87 145 nan 1.000000
88 145 nan 1.000000
89 145 nan 1.000000
90 145 nan 1.000000
91 145 nan 1.000000
92 145 nan 1.000000
93 145 nan 1.000000
94 145 nan 1.000000
95 145 nan 1.000000
96 145 nan 1.000000
97 145 nan 1.000000
98 145 nan 1.000000
99 145 nan 1.000000
100 145 nan 1.000000
101 145 nan 1.000000
102 145 nan 1.000000
103 145 nan 1.000000
104 145 nan 1.000000
105 145 nan 1.000000
106 145 nan 1.000000
107 145 nan 1.000000
108 145 nan 1.000000
109 145 nan 1.000000
110 145 nan 1.000000
111 145 nan 1.000000
112 145 nan 1.000000
113 145 nan 1.000000
114 145 nan 1.000000
115 145 nan 1.000000
116 145 nan 1.000000
117 145 nan 1.000000
118 145 nan 1.000000
119 145 nan 1.000000
120 145 nan 1.000000
121 145 nan 1.000000
122 145 nan 1.000000
123 145 nan 1.000000
124 145 nan 1.000000
125 145 nan 1.000000
126 145 nan 1.000000
127 145 nan 1.000000
128 145 nan 1.000000
129 145 nan 1.000000
130 145 nan 1.000000
131 145 nan 1.000000
132 145 nan 1.000000
133 145 nan 1.000000
134 145 nan 1.000000
135 145 nan 1.000000
136 145 nan 1.000000
137 145 nan 1.000000
138 145 nan 1.000000
139 145 nan 1.000000
140 145 nan 1.000000
141 145 nan 1.000000
142 145 nan 1.000000
143 145 nan 1.000000
144 145 nan 1.000000
145 145 nan 1.000000
146 145 nan 1.000000
147 145 nan 1.000000
148 145 nan 1.000000
149 145 nan 1.000000
150 145 nan 1.000000
151 145 nan 1.000000
152 145 nan 1.000000
153 145 nan 0.999999
154 145 nan 0.999998
155 145 nan 0.999993
156 145 nan 0.999981
157 145 nan 0.999947
158 145 nan 0.999847
159 145 nan 0.999561
160 145 nan 0.998729
161 145 nan 0.996304
162 145 nan 0.989237
163 145 nan 0.968894
164 145 nan 0.913006
165 145 nan 0.778580
166 145 nan 0.539530
167 145 nan 0.279729
168 145 nan 0.113528
169 145 nan 0.040327
170 145 nan 0.013536
171 145 nan 0.004440
172 145 nan 0.001441
173 145 nan 0.000465
174 145 nan 0.000149
175 145 nan 0.000048
176 145 nan 0.000015
177 145 nan 0.000005
178 145 nan 0.000002
179 145 nan 0.000000
180 145 nan 0.000000
181 145 nan 0.000000
182 145 nan 0.000000
183 145 nan 0.000000
184 145 nan 0.000000
185 145 nan 0.000000
186 145 nan 0.000000
187 145 nan 0.000000
188 145 nan 0.000000
189 145 nan 0.000000
190 145 nan 0.000000
191 145 nan 0.000000
192 145 nan 0.000000
193 145 nan 0.000000
194 145 nan 0.000000
195 145 nan 0.000000
196 145 nan 0.000000
197 145 nan 0.000000
198 145 nan 0.000000
199 145 nan 0.000000
0 146 nan 0.000000
1 146 nan 0.000000
2 146 nan 0.000000
3 146 nan 0.000000
4 146 nan 0.000000
5 146 nan 0.000000
6 146 nan 0.000000
7 146 nan 0.000000
8 146 nan 0.000000
9 146 nan 0.000000
10 146 nan 0.000000
11 146 nan 0.000000
12 146 nan 0.000000
13 146 nan 0.000000
14 146 nan 0.000000
15 146 nan 0.000000
16 146 nan 0.000000
17 146 nan 0.000000
18 146 nan 0.000000
19 146 nan 0.000000
20 146 nan 0.000000
21 146 nan 0.000000
22 146 nan 0.000001
23 146 nan 0.000002
24 146 nan 0.000008
25 146 nan 0.000024
26 146 nan 0.000074
27 146 nan 0.000230
28 146 nan 0.000707
29 146 nan 0.002167
30 146 nan 0.006591
31 146 nan 0.019771
32 146 nan 0.057504
33 146 nan 0.155137
34 146 nan 0.354728
35 146 nan 0.620767
36 146 nan 0.828970
37 146 nan 0.934510
38 146 nan 0.976614
39 146 nan 0.991835
40 146 nan 0.997160
41 146 nan 0.999009
42 146 nan 0.999652
43 146 nan 0.999877
44 146 nan 0.999956
45 146 nan 0.999984
46 146 nan 0.999994
47 146 nan 0.999998
48 146 nan 0.999999
49 146 nan 1.000000
50 146 nan 1.000000
51 146 nan 1.000000
52 146 nan 1.000000
53 146 nan 1.000000
54 146 nan 1.000000
55 146 nan 1.000000
56 146 nan 1.000000
57 146 nan 1.000000
58 146 nan 1.000000
59 146 nan 1.000000
60 146 nan 1.000000
61 146 nan 1.000000
62 146 nan 1.000000
63 146 nan 1.000000
64 146 nan 1.000000
65 146 nan 1.000000
66 146 nan 1.000000
67 146 nan 1.000000
68 146 nan 1.000000
69 146 nan 1.000000
70 146 nan 1.000000
71 146 nan 1.000000
72 146 nan 1.000000
73 146 nan 1.000000
74 146 nan 1.000000
75 146 nan 1.000000
76 146 nan 1.000000
77 146 nan 1.000000
78 146 nan 1.000000
79 146 nan 1.000000
80 146 nan 1.000000
81 146 nan 1.000000
82 146 nan 1.000000
83 146 nan 1.000000
84 146 nan 1.000000
85 146 nan 1.000000
86 146 nan 1.000000
87 146 nan 1.000000
88 146 nan 1.000000
89 146 nan 1.000000
90 146 nan 1.000000
91 146 nan 1.000000
92 146 nan 1.000000
93 146 nan 1.000000
94 146 nan 1.000000
95 146 nan 1.000000
96 146 nan 1.000000
97 146 nan 1.000000
98 146 nan 1.000000
99 146 nan 1.000000
100 146 nan 1.000000
101 146 nan 1.000000
102 146 nan 1.000000
103 146 nan 1.000000
104 146 nan 1.000000
105 146 nan 1.000000
106 146 nan 1.000000
107 146 nan 1.000000
108 146 nan 1.000000
109 146 nan 1.000000
110 146 nan 1.000000
111 146 nan 1.000000
112 146 nan 1.000000
113 146 nan 1.000000
114 146 nan 1.000000
115 146 nan 1.000000
116 146 nan 1.000000
117 146 nan 1.000000
118 146 nan 1.000000
119 146 nan 1.000000
120 146 nan 1.000000
121 146 nan 1.000000
122 146 nan 1.000000
123 146 nan 1.000000
124 146 nan 1.000000
125 146 nan 1.000000
126 146 nan 1.000000
127 146 nan 1.000000
128 146 nan 1.000000
129 146 nan 1.000000
130 146 nan 1.000000
131 146 nan 1.000000
132 146 nan 1.000000
133 146 nan 1.000000
134 146 nan 1.000000
135 146 nan 1.000000
136 146 nan 1.000000
137 146 nan 1.000000
138 146 nan 1.000000
139 146 nan 1.000000
140 146 nan 1.000000
141 146 nan 1.000000
142 146 nan 1.000000
143 146 nan 1.000000
144 146 nan 1.000000
145 146 nan 1.000000
146 146 nan 1.000000
147 146 nan 1.000000
148 146 nan 1.000000
149 146 nan 1.000000
150 146 nan 1.000000
151 146 nan 1.000000
152 146 nan 0.999999
153 146 nan 0.999998
154 146 nan 0.999994
155 146 nan 0.999984
156 146 nan 0.999956
157 146 nan 0.999877
158 146 nan 0.999652
159 146 nan 0.999009
160 146 nan 0.997160
161 146 nan 0.991835
162 146 nan 0.976614
163 146 nan 0.934510
164 146 nan 0.828970
165 146 nan 0.620767
166 146 nan 0.354728
167 146 nan 0.155137
168 146 nan 0.057504
169 146 nan 0.019771
170 146 nan 0.006591
171 146 nan 0.002167
172 146 nan 0.000707
173 146 nan 0.000230
174 146 nan 0.000074
175 146 nan 0.000024
176 146 nan 0.000008
177 146 nan 0.000002
178 146 nan 0.000001
179 146 nan 0.000000
180 146 nan 0.000000
181 146 nan 0.000000
182 146 nan 0.000000
183 146 nan 0.000000
184 146 nan 0.000000
185 146 nan 0.000000
186 146 nan 0.000000
187 146 nan 0.000000
188 146 nan 0.000000
189 146 nan 0.000000
190 146 nan 0.000000
191 146 nan 0.000000
192 146 nan 0.000000
193 146 nan 0.000000
194 146 nan 0.000000
195 146 nan 0.000000
196 146 nan 0.000000
197 146 nan 0.000000
198 146 nan 0.000000
199 146 nan 0.000000
0 147 nan 0.000000
1 147 nan 0.000000
2 147 nan 0.000000
3 147 nan 0.000000
4 147 nan 0.000000
5 147 nan 0.000000
6 147 nan 0.000000
7 147 nan 0.000000
8 147 nan 0.000000
9 147 nan 0.000000
10 147 nan 0.000000
11 147 nan 0.000000
12 147 nan 0.000000
13 147 nan 0.000000
14 147 nan 0.000000
15 147 nan 0.000000
16 147 nan 0.000000
17 147 nan 0.000000
18 147 nan 0.000000
19 147 nan 0.000000
20 147 nan 0.000000
21 147 nan 0.000000
22 147 nan 0.000000
23 147 nan 0.000001
24 147 nan 0.000004
25 147 nan 0.000012
26 147 nan 0.000036
27 147 nan 0.000112
28 147 nan 0.000343
29 147 nan 0.001045
30 147 nan 0.003163
31 147 nan 0.009483
32 147 nan 0.027942
33 147 nan 0.079068
34 147 nan 0.203226
35 147 nan 0.429729
36 147 nan 0.688824
37 147 nan 0.866033
38 147 nan 0.949404
39 147 nan 0.981860
40 147 nan 0.993595
41 147 nan 0.997741
42 147 nan 0.999200
43 147 nan 0.999715
44 147 nan 0.999898
45 147 nan 0.999963
46 147 nan 0.999987
47 147 nan 0.999995
48 147 nan 0.999998
49 147 nan 0.999999
50 147 nan 1.000000
51 147 nan 1.000000
52 147 nan 1.000000
53 147 nan 1.000000
54 147 nan 1.000000
55 147 nan 1.000000
56 147 nan 1.000000
57 147 nan 1.000000
58 147 nan 1.000000
59 147 nan 1.000000
60 147 nan 1.000000
61 147 nan 1.000000
62 147 nan 1.000000
63 147 nan 1.000000
64 147 nan 1.000000
65 147 nan 1.000000
66 147 nan 1.000000
67 147 nan 1.000000
68 147 nan 1.000000
69 147 nan 1.000000
70 147 nan 1.000000
71 147 nan 1.000000
72 147 nan 1.000000
73 147 nan 1.000000
74 147 nan 1.000000
75 147 nan 1.000000
76 147 nan 1.000000
77 147 nan 1.000000
78 147 nan 1.000000
79 147 nan 1.000000
80 147 nan 1.000000
81 147 nan 1.000000
82 147 nan 1.000000
83 147 nan 1.000000
84 147 nan 1.000000
85 147 nan 1.000000
86 147 nan 1.000000
87 147 nan 1.000000
88 147 nan 1.000000
89 147 nan 1.000000
90 147 nan 1.000000
91 147 nan 1.000000
92 147 nan 1.000000
93 147 nan 1.000000
94 147 nan 1.000000
95 147 nan 1.000000
96 147 nan 1.000000
97 147 nan 1.000000
98 147 nan 1.000000
99 147 nan 1.000000
100 147 nan 1.000000
101 147 nan 1.000000
102 147 nan 1.000000
103 147 nan 1.000000
104 147 nan 1.000000
105 147 nan 1.000000
106 147 nan 1.000000
107 147 nan 1.000000
108 147 nan 1.000000
109 147 nan 1.000000
110 147 nan 1.000000
111 147 nan 1.000000
112 147 nan 1.000000
113 147 nan 1.000000
114 147 nan 1.000000
115 147 nan 1.000000
116 147 nan 1.000000
117 147 nan 1.000000
118 147 nan 1.000000
119 147 nan 1.000000
120 147 nan 1.000000
121 147 nan 1.000000
122 147 nan 1.000000
123 147 nan 1.000000
124 147 nan 1.000000
125 147 nan 1.000000
126 147 nan 1.000000
127 147 nan 1.000000
128 147 nan 1.000000
129 147 nan 1.000000
130 147 nan 1.000000
131 147 nan 1.000000
132 147 nan 1.000000
133 147 nan 1.000000
134 147 nan 1.000000
135 147 nan 1.000000
136 147 nan 1.000000
137 147 nan 1.000000
138 147 nan 1.000000
139 147 nan 1.000000
140 147 nan 1.000000
141 147 nan 1.000000
142 147 nan 1.000000
143 147 nan 1.000000
144 147 nan 1.000000
145 147 nan 1.000000
146 147 nan 1.000000
147 147 nan 1.000000
148 147 nan 1.000000
149 147 nan 1.000000
150 147 nan 1.000000
151 147 nan 0.999999
152 147 nan 0.999998
153 147 nan 0.999995
154 147 nan 0.999987
155 147 nan 0.999963
156 147 nan 0.999898
157 147 nan 0.999715
158 147 nan 0.999200
159 147 nan 0.997741
160 147 nan 0.993595
161 147 nan 0.981860
162 147 nan 0.949404
163 147 nan 0.866033
164 147 nan 0.688824
165 147 nan 0.429729
166 147 nan 0.203226
167 147 nan 0.079068
168 147 nan 0.027942
169 147 nan 0.009483
170 147 nan 0.003163
171 147 nan 0.001045
172 147 nan 0.000343
173 147 nan 0.000112
174 147 nan 0.000036
175 147 nan 0.000012
176 147 nan 0.000004
177 147 nan 0.000001
178 147 nan 0.000000
179 147 nan 0.000000
180 147 nan 0.000000
181 147 nan 0.000000
182 147 nan 0.000000
183 147 nan 0.000000
184 147 nan 0.000000
185 147 nan 0.000000
186 147 nan 0.000000
187 147 nan 0.000000
188 147 nan 0.000000
189 147 nan 0.000000
190 147 nan 0.000000
191 147 nan 0.000000
192 147 nan 0.000000
193 147 nan 0.000000
194 147 nan 0.000000
195 147 nan 0.000000
196 147 nan 0.000000
197 147 nan 0.000000
198 147 nan 0.000000
199 147 nan 0.000000
0 148 nan 0.000000
1 148 nan 0.000000
2 148 nan 0.000000
3 148 nan 0.000000
4 148 nan 0.000000
5 148 nan 0.000000
6 148 nan 0.000000
7 148 nan 0.000000
8 148 nan 0.000000
9 148 nan 0.000000
10 148 nan 0.000000
11 148 nan 0.000000
12 148 nan 0.000000
13 148 nan 0.000000
14 148 nan 0.000000
15 148 nan 0.000000
16 148 nan 0.000000
17 148 nan 0.000000
18 148 nan 0.000000
19 148 nan 0.000000
20 148 nan 0.000000
21 148 nan 0.000000
22 148 nan 0.000000
23 148 nan 0.000001
24 148 nan 0.000002
25 148 nan 0.000006
26 148 nan 0.000018
27 148 nan 0.000054
28 148 nan 0.000165
29 148 nan 0.000498
30 148 nan 0.001498
31 148 nan 0.004475
32 148 nan 0.013219
33 148 nan 0.038191
34 148 nan 0.104790
35 148 nan 0.255472
36 148 nan 0.500000
37 148 nan 0.743385
38 148 nan 0.892936
39 148 nan 0.959773
40 148 nan 0.985467
41 148 nan 0.994803
42 148 nan 0.998140
43 148 nan 0.999331
44 148 nan 0.999758
45 148 nan 0.999912
46 148 nan 0.999967
47 148 nan 0.999988
48 148 nan 0.999995
49 148 nan 0.999998
50 148 nan 0.999999
51 148 nan 1.000000
52 148 nan 1.000000
53 148 nan 1.000000
54 148 nan 1.000000
55 148 nan 1.000000
56 148 nan 1.000000
57 148 nan 1.000000
58 148 nan 1.000000
59 148 nan 1.000000
60 148 nan 1.000000
61 148 nan 1.000000
62 148 nan 1.000000
63 148 nan 1.000000
64 148 nan 1.000000
65 148 nan 1.000000
66 148 nan 1.000000
67 148 nan 1.000000
68 148 nan 1.000000
69 148 nan 1.000000
70 148 nan 1.000000
71 148 nan 1.000000
72 148 nan 1.000000
73 148 nan 1.000000
74 148 nan 1.000000
75 148 nan 1.000000
76 148 nan 1.000000
77 148 nan 1.000000
78 148 nan 1.000000
79 148 nan 1.000000
80 148 nan 1.000000
81 148 nan 1.000000
82 148 nan 1.000000
83 148 nan 1.000000
84 148 nan 1.000000
85 148 nan 1.000000
86 148 nan 1.000000
87 148 nan 1.000000
88 148 nan 1.000000
89 148 nan 1.000000
90 148 nan 1.000000
91 148 nan 1.000000
92 148 nan 1.000000
93 148 nan 1.000000
94 148 nan 1.000000
95 148 nan 1.000000
96 148 nan 1.000000
97 148 nan 1.000000
98 148 nan 1.000000
99 148 nan 1.000000
100 148 nan 1.000000
101 148 nan 1.000000
102 148 nan 1.000000
103 148 nan 1.000000
104 148 nan 1.000000
105 148 nan 1.000000
106 148 nan 1.000000
107 148 nan 1.000000
108 148 nan 1.000000
109 148 nan 1.000000
110 148 nan 1.000000
111 148 nan 1.000000
112 148 nan 1.000000
113 148 nan 1.000000
114 148 nan 1.000000
115 148 nan 1.000000
116 148 nan 1.000000
117 148 nan 1.000000
118 148 nan 1.000000
119 148 nan 1.000000
120 148 nan 1.000000
121 148 nan 1.000000
122 148 nan 1.000000
123 148 nan 1.000000
124 148 nan 1.000000
125 148 nan 1.000000
126 148 nan 1.000000
127 148 nan 1.000000
128 148 nan 1.000000
129 148 nan 1.000000
130 148 nan 1.000000
131 148 nan 1.000000
132 148 nan 1.000000
133 148 nan 1.000000
134 148 nan 1.000000
135 148 nan 1.000000
136 148 nan 1.000000
137 148 nan 1.000000
138 148 nan 1.000000
139 148 nan 1.000000
140 148 nan 1.000000
141 148 nan 1.000000
142 148 nan 1.000000
143 148 nan 1.000000
144 148 nan 1.000000
145 148 nan 1.000000
146 148 nan 1.000000
147 148 nan 1.000000
148 148 nan 1.000000
149 148 nan 1.000000
150 148 nan 0.999999
151 148 nan 0.999998
152 148 nan 0.999995
153 148 nan 0.999988
154 148 nan 0.999967
155 148 nan 0.999912
156 148 nan 0.999758
157 148 nan 0.999331
158 148 nan 0.998140
159 148 nan 0.994803
160 148 nan 0.985467
161 148 nan 0.959773
162 148 nan 0.892936
163 148 nan 0.743385
164 148 nan 0.500000
165 148 nan 0.255472
166 148 nan 0.104790
167 148 nan 0.038191
168 148 nan 0.013219
169 148 nan 0.004475
170 148 nan 0.001498
171 148 nan 0.000498
172 148 nan 0.000165
173 148 nan 0.000054
174 148 nan 0.000018
175 148 nan 0.000006
176 148 nan 0.000002
177 148 nan 0.000001
178 148 nan 0.000000
179 148 nan 0.000000
180 148 nan 0.000000
181 148 nan 0.000000
182 148 nan 0.000000
183 148 nan 0.000000
184 148 nan 0.000000
185 148 nan 0.000000
186 148 nan 0.000000
187 148 nan 0.000000
188 148 nan 0.000000
189 148 nan 0.000000
190 148 nan 0.000000
191 148 nan 0.000000
192 148 nan 0.000000
193 148 nan 0.000000
194 148 nan 0.000000
195 148 nan 0.000000
196 148 nan 0.000000
197 148 nan 0.000000
198 148 nan 0.000000
199 148 nan 0.000000
0 149 nan 0.000000
1 149 nan 0.000000
2 149 nan 0.000000
3 149 nan 0.000000
4 149 nan 0.000000
5 149 nan 0.000000
6 149 nan 0.000000
7 149 nan 0.000000
8 149 nan 0.000000
9 149 nan 0.000000
10 149 nan 0.000000
11 149 nan 0.000000
12 149 nan 0.000000
13 149 nan 0.000000
14 149 nan 0.000000
15 149 nan 0.000000
16 149 nan 0.000000
17 149 nan 0.000000
18 149 nan 0.000000
19 149 nan 0.000000
20 149 nan 0.000000
21 149 nan 0.000000
22 149 nan 0.000000
23 149 nan 0.000000
24 149 nan 0.000001
25 149 nan 0.000003
26 149 nan 0.000009
27 149 nan 0.000026
28 149 nan 0.000078
29 149 nan 0.000235
30 149 nan 0.000702
31 149 nan 0.002084
32 149 nan 0.006138
33 149 nan 0.017845
34 149 nan 0.050468
35 149 nan 0.133890
36 149 nan 0.308894
37 149 nan 0.562249
38 149 nan 0.785765
39 149 nan 0.912327
40 149 nan 0.967026
41 149 nan 0.987964
42 149 nan 0.995635
43 149 nan 0.998414
44 149 nan 0.999420
45 149 nan 0.999786
46 149 nan 0.999921
47 149 nan 0.999970
48 149 nan 0.999989
49 149 nan 0.999996
50 149 nan 0.999998
51 149 nan 0.999999
52 149 nan 1.000000
53 149 nan 1.000000
54 149 nan 1.000000
55 149 nan 1.000000
56 149 nan 1.000000
57 149 nan 1.000000
58 149 nan 1.000000
59 149 nan 1.000000
60 149 nan 1.000000
61 149 nan 1.000000
62 149 nan 1.000000
63 149 nan 1.000000
64 149 nan 1.000000
65 149 nan 1.000000
66 149 nan 1.000000
67 149 nan 1.000000
68 149 nan 1.000000
69 149 nan 1.000000
70 149 nan 1.000000
71 149 nan 1.000000
72 149 nan 1.000000
73 149 nan 1.000000
74 149 nan 1.000000
75 149 nan 1.000000
76 149 nan 1.000000
77 149 nan 1.000000
78 149 nan 1.000000
79 149 nan 1.000000
80 149 nan 1.000000
81 149 nan 1.000000
82 149 nan 1.000000
83 149 nan 1.000000
84 149 nan 1.000000
85 149 nan 1.000000
86 149 nan 1.000000
87 149 nan 1.000000
88 149 nan 1.000000
89 149 nan 1.000000
90 149 nan 1.000000
91 149 nan 1.000000
92 149 nan 1.000000
93 149 nan 1.000000
94 149 nan 1.000000
95 149 nan 1.000000
96 149 nan 1.000000
97 149 nan 1.000000
98 149 nan 1.000000
99 149 nan 1.000000
100 149 nan 1.000000
101 149 nan 1.000000
102 149 nan 1.000000
103 149 nan 1.000000
104 149 nan 1.000000
105 149 nan 1.000000
106 149 nan 1.000000
107 149 nan 1.000000
108 149 nan 1.000000
109 149 nan 1.000000
110 149 nan 1.000000
111 149 nan 1.000000
112 149 nan 1.000000
113 149 nan 1.000000
114 149 nan 1.000000
115 149 nan 1.000000
116 149 nan 1.000000
117 149 nan 1.000000
118 149 nan 1.000000
119 149 nan 1.000000
120 149 nan 1.000000
121 149 nan 1.000000
122 149 nan 1.000000
123 149 nan 1.000000
124 149 nan 1.000000
125 149 nan 1.000000
126 149 nan 1.000000
127 149 nan 1.000000
128 149 nan 1.000000
129 149 nan 1.000000
130 149 nan 1.000000
131 149 nan 1.000000
132 149 nan 1.000000
133 149 nan 1.000000
134 149 nan 1.000000
135 149 nan 1.000000
136 149 nan 1.000000
137 149 nan 1.000000
138 149 nan 1.000000
139 149 nan 1.000000
140 149 nan 1.000000
141 149 nan 1.000000
142 149 nan 1.000000
143 149 nan 1.000000
144 149 nan 1.000000
145 149 nan 1.000000
146 149 nan 1.000000
147 149 nan 1.000000
148 149 nan 1.000000
149 149 nan 0.999999
150 149 nan 0.999998
151 149 nan 0.999996
152 149 nan 0.999989
153 149 nan 0.999970
154 149 nan 0.999921
155 149 nan 0.999786
156 149 nan 0.999420
157 149 nan 0.998414
158 149 nan 0.995635
159 149 nan 0.987964
160 149 nan 0.967026
161 149 nan 0.912327
162 149 nan 0.785765
163 149 nan 0.562249
164 149 nan 0.308894
165 149 nan 0.133890
166 149 nan 0.050468
167 149 nan 0.017845
168 149 nan 0.006138
169 149 nan 0.002084
170 149 nan 0.000702
171 149 nan 0.000235
172 149 nan 0.000078
173 149 nan 0.000026
174 149 nan 0.000009
175 149 nan 0.000003
176 149 nan 0.000001
177 149 nan 0.000000
178 149 nan 0.000000
179 149 nan 0.000000
180 149 nan 0.000000
181 149 nan 0.000000
182 149 nan 0.000000
183 149 nan 0.000000
184 149 nan 0.000000
185 149 nan 0.000000
186 149 nan 0.000000
187 149 nan 0.000000
188 149 nan 0.000000
189 149 nan 0.000000
190 149 nan 0.000000
191 149 nan 0.000000
192 149 nan 0.000000
193 149 nan 0.000000
194 149 nan 0.000000
195 149 nan 0.000000
196 149 nan 0.000000
197 149 nan 0.000000
198 149 nan 0.000000
199 149 nan 0.000000
0 150 nan 0.000000
1 150 nan 0.000000
2 150 nan 0.000000
3 150 nan 0.000000
4 150 nan 0.000000
5 150 nan 0.000000
6 150 nan 0.000000
7 150 nan 0.000000
8 150 nan 0.000000
9 150 nan 0.000000
10 150 nan 0.000000
11 150 nan 0.000000
12 150 nan 0.000000
13 150 nan 0.000000
14 150 nan 0.000000
15 150 nan 0.000000
16 150 nan 0.000000
17 150 nan 0.000000
18 150 nan 0.000000
19 150 nan 0.000000
20 150 nan 0.000000
21 150 nan 0.000000
22 150 nan 0.000000
23 150 nan 0.000000
24 150 nan 0.000000
25 150 nan 0.000001
26 150 nan 0.000004
27 150 nan 0.000012
28 150 nan 0.000037
29 150 nan 0.000110
30 150 nan 0.000325
31 150 nan 0.000959
32 150 nan 0.002810
33 150 nan 0.008160
34 150 nan 0.023325
35 150 nan 0.064477
36 150 nan 0.165065
37 150 nan 0.360439
38 150 nan 0.614837
39 150 nan 0.817909
40 150 nan 0.926219
41 150 nan 0.972098
42 150 nan 0.989690
43 150 nan 0.996206
44 150 nan 0.998599
45 150 nan 0.999479
46 150 nan 0.999805
47 150 nan 0.999926
48 150 nan 0.999972
49 150 nan 0.999989
50 150 nan 0.999996
51 150 nan 0.999998
52 150 nan 0.999999
53 150 nan 1.000000
54 150 nan 1.000000
55 150 nan 1.000000
56 150 nan 1.000000
57 150 nan 1.000000
58 150 nan 1.000000
59 150 nan 1.000000
60 150 nan 1.000000
61 150 nan 1.000000
62 150 nan 1.000000
63 150 nan 1.000000
64 150 nan 1.000000
65 150 nan 1.000000
66 150 nan 1.000000
67 150 nan 1.000000
68 150 nan 1.000000
69 150 nan 1.000000
70 150 nan 1.000000
71 150 nan 1.000000
72 150 nan 1.000000
73 150 nan 1.000000
74 150 nan 1.000000
75 150 nan 1.000000
76 150 nan 1.000000
77 150 nan 1.000000
78 150 nan 1.000000
79 150 nan 1.000000
80 150 nan 1.000000
81 150 nan 1.000000
82 150 nan 1.000000
83 150 nan 1.000000
84 150 nan 1.000000
85 150 nan 1.000000
86 150 nan 1.000000
87 150 nan 1.000000
88 150 nan 1.000000
89 150 nan 1.000000
90 150 nan 1.000000
91 150 nan 1.000000
92 150 nan 1.000000
93 150 nan 1.000000
94 150 nan 1.000000
95 150 nan 1.000000
96 150 nan 1.000000
97 150 nan 1.000000
98 150 nan 1.000000
99 150 nan 1.000000
100 150 nan 1.000000
101 150 nan 1.000000
102 150 nan 1.000000
103 150 nan 1.000000
104 150 nan 1.000000
105 150 nan 1.000000
106 150 nan 1.000000
107 150 nan 1.000000
108 150 nan 1.000000
109 150 nan 1.000000
110 150 nan 1.000000
111 150 nan 1.000000
112 150 nan 1.000000
113 150 nan 1.000000
114 150 nan 1.000000
115 150 nan 1.000000
116 150 nan 1.000000
117 150 nan 1.000000
118 150 nan 1.000000
119 150 nan 1.000000
120 150 nan 1.000000
121 150 nan 1.000000
122 150 nan 1.000000
123 150 nan 1.000000
124 150 nan 1.000000
125 150 nan 1.000000
126 150 nan 1.000000
127 150 nan 1.000000
128 150 nan 1.000000
129 150 nan 1.000000
130 150 nan 1.000000
131 150 nan 1.000000
132 150 nan 1.000000
133 150 nan 1.000000
134 150 nan 1.000000
135 150 nan 1.000000
136 150 nan 1.000000
137 150 nan 1.000000
138 150 nan 1.000000
139 150 nan 1.000000
140 150 nan 1.000000
141 150 nan 1.000000
142 150 nan 1.000000
143 150 nan 1.000000
144 150 nan 1.000000
145 150 nan 1.000000
146 150 nan 1.000000
147 150 nan 1.000000
148 150 nan 0.999999
149 150 nan 0.999998
150 150 nan 0.999996
151 150 nan 0.999989
152 150 nan 0.999972
153 150 nan 0.999926
154 150 nan 0.999805
155 150 nan 0.999479
156 150 nan 0.998599
157 150 nan 0.996206
158 150 nan 0.989690
159 150 nan 0.972098
160 150 nan 0.926219
161 150 nan 0.817909
162 150 nan 0.614837
163 150 nan 0.360439
164 150 nan 0.165065
165 150 nan 0.064477
166 150 nan 0.023325
167 150 nan 0.008160
168 150 nan 0.002810
169 150 nan 0.000959
170 150 nan 0.000325
171 150 nan 0.000110
172 150 nan 0.000037
173 150 nan 0.000012
174 150 nan 0.000004
175 150 nan 0.000001
176 150 nan 0.000000
177 150 nan 0.000000
178 150 nan 0.000000
179 150 nan 0.000000
180 150 nan 0.000000
181 150 nan 0.000000
182 150 nan 0.000000
183 150 nan 0.000000
184 150 nan 0.000000
185 150 nan 0.000000
186 150 nan 0.000000
187 150 nan 0.000000
188 150 nan 0.000000
189 150 nan 0.000000
190 150 nan 0.000000
191 150 nan 0.000000
192 150 nan 0.000000
193 150 nan 0.000000
194 150 nan 0.000000
195 150 nan 0.000000
196 150 nan 0.000000
197 150 nan 0.000000
198 150 nan 0.000000
199 150 nan 0.000000
0 151 nan 0.000000
1 151 nan 0.000000
2 151 nan 0.000000
3 151 nan 0.000000
4 151 nan 0.000000
5 151 nan 0.000000
6 151 nan 0.000000
7 151 nan 0.000000
8 151 nan 0.000000
9 151 nan 0.000000
10 151 nan 0.000000
11 151 nan 0.000000
12 151 nan 0.000000
13 151 nan 0.000000
14 151 nan 0.000000
15 151 nan 0.000000
16 151 nan 0.000000
17 151 nan 0.000000
18 151 nan 0.000000
19 151 nan 0.000000
20 151 nan 0.000000
21 151 nan 0.000000
22 151 nan 0.000000
23 151 nan 0.000000
24 151 nan 0.000000
25 151 nan 0.000001
26 151 nan 0.000002
27 151 nan 0.000006
28 151 nan 0.000017
29 151 nan 0.000051
30 151 nan 0.000149
31 151 nan 0.000437
32 151 nan 0.001271
33 151 nan 0.003674
34 151 nan 0.010510
35 151 nan 0.029517
36 151 nan 0.079663
37 151 nan 0.196647
38 151 nan 0.407492
39 151 nan 0.657459
40 151 nan 0.841766
41 151 nan 0.936062
42 151 nan 0.975607
43 151 nan 0.990863
44 151 nan 0.996585
45 151 nan 0.998718
46 151 nan 0.999515
47 151 nan 0.999815
48 151 nan 0.999929
49 151 nan 0.999972
50 151 nan 0.999989
51 151 nan 0.999996
52 151 nan 0.999998
53 151 nan 0.999999
54 151 nan 1.000000
55 151 nan 1.000000
56 151 nan 1.000000
57 151 nan 1.000000
58 151 nan 1.000000
59 151 nan 1.000000
60 151 nan 1.000000
61 151 nan 1.000000
62 151 nan 1.000000
63 151 nan 1.000000
64 151 nan 1.000000
65 151 nan 1.000000
66 151 nan 1.000000
67 151 nan 1.000000
68 151 nan 1.000000
69 151 nan 1.000000
70 151 nan 1.000000
71 151 nan 1.000000
72 151 nan 1.000000
73 151 nan 1.000000
74 151 nan 1.000000
75 151 nan 1.000000
76 151 nan 1.000000
77 151 nan 1.000000
78 151 nan 1.000000
79 151 nan 1.000000
80 151 nan 1.000000
81 151 nan 1.000000
82 151 nan 1.000000
83 151 nan 1.000000
84 151 nan 1.000000
85 151 nan 1.000000
86 151 nan 1.000000
87 151 nan 1.000000
88 151 nan 1.000000
89 151 nan 1.000000
90 151 nan 1.000000
91 151 nan 1.000000
92 151 nan 1.000000
93 151 nan 1.000000
94 151 nan 1.000000
95 151 nan 1.000000
96 151 nan 1.000000
97 151 nan 1.000000
98 151 nan 1.000000
99 151 nan 1.000000
100 151 nan 1.000000
101 151 nan 1.000000
102 151 nan 1.000000
103 151 nan 1.000000
104 151 nan 1.000000
105 151 nan 1.000000
106 151 nan 1.000000
107 151 nan 1.000000
108 151 nan 1.000000
109 151 nan 1.000000
110 151 nan 1.000000
111 151 nan 1.000000
112 151 nan 1.000000
113 151 nan 1.000000
114 151 nan 1.000000
115 151 nan 1.000000
116 151 nan 1.000000
117 151 nan 1.000000
118 151 nan 1.000000
119 151 nan 1.000000
120 151 nan 1.000000
121 151 nan 1.000000
122 151 nan 1.000000
123 151 nan 1.000000
124 151 nan 1.000000
125 151 nan 1.000000
126 151 nan 1.000000
127 151 nan 1.000000
128 151 nan 1.000000
129 151 nan 1.000000
130 151 nan 1.000000
131 151 nan 1.000000
132 151 nan 1.000000
133 151 nan 1.000000
134 151 nan 1.000000
135 151 nan 1.000000
136 151 nan 1.000000
137 151 nan 1.000000
138 151 nan 1.000000
139 151 nan 1.000000
140 151 nan 1.000000
141 151 nan 1.000000
142 151 nan 1.000000
143 151 nan 1.000000
144 151 nan 1.000000
145 151 nan 1.000000
146 151 nan 1.000000
147 151 nan 0.999999
148 151 nan 0.999998
149 151 nan 0.999996
150 151 nan 0.999989
151 151 nan 0.999972
152 151 nan 0.999929
153 151 nan 0.999815
154 151 nan 0.999515
155 151 nan 0.998718
156 151 nan 0.996585
157 151 nan 0.990863
158 151 nan 0.975607
159 151 nan 0.936062
160 151 nan 0.841766
161 151 nan 0.657459
162 151 nan 0.407492
163 151 nan 0.196647
164 151 nan 0.079663
165 151 nan 0.029517
166 151 nan 0.010510
167 151 nan 0.003674
168 151 nan 0.001271
169 151 nan 0.000437
170 151 nan 0.000149
171 151 nan 0.000051
172 151 nan 0.000017
173 151 nan 0.000006
174 151 nan 0.000002
175 151 nan 0.000001
176 151 nan 0.000000
177 151 nan 0.000000
178 151 nan 0.000000
179 151 nan 0.000000
180 151 nan 0.000000
181 151 nan 0.000000
182 151 nan 0.000000
183 151 nan 0.000000
184 151 nan 0.000000
185 151 nan 0.000000
186 151 nan 0.000000
187 151 nan 0.000000
188 151 nan 0.000000
189 151 nan 0.000000
190 151 nan 0.000000
191 151 nan 0.000000
192 151 nan 0.000000
193 151 nan 0.000000
194 151 nan 0.000000
195 151 nan 0.000000
196 151 nan 0.000000
197 151 nan 0.000000
198 151 nan 0.000000
199 151 nan 0.000000
0 152 nan 0.000000
1 152 nan 0.000000
2 152 nan 0.000000
3 152 nan 0.000000
4 152 nan 0.000000
5 152 nan 0.000000
6 152 nan 0.000000
7 152 nan 0.000000
8 152 nan 0.000000
9 152 nan 0.000000
10 152 nan 0.000000
11 152 nan 0.000000
12 152 nan 0.000000
13 152 nan 0.000000
14 152 nan 0.000000
15 152 nan 0.000000
16 152 nan 0.000000
17 152 nan 0.000000
18 152 nan 0.000000
19 152 nan 0.000000
20 152 nan 0.000000
21 152 nan 0.000000
22 152 nan 0.000000
23 152 nan 0.000000
24 152 nan 0.000000
25 152 nan 0.000000
26 152 nan 0.000001
27 152 nan 0.000003
28 152 nan 0.000008
29 152 nan 0.000023
30 152 nan 0.000068
31 152 nan 0.000197
32 152 nan 0.000569
33 152 nan 0.001633
34 152 nan 0.004655
35 152 nan 0.013115
36 152 nan 0.036165
37 152 nan 0.095242
38 152 nan 0.226832
39 152 nan 0.448154
40 152 nan 0.690621
41 152 nan 0.858996
42 152 nan 0.942865
43 152 nan 0.977956
44 152 nan 0.991620
45 152 nan 0.996816
46 152 nan 0.998784
47 152 nan 0.999532
48 152 nan 0.999819
49 152 nan 0.999929
50 152 nan 0.999972
51 152 nan 0.999989
52 152 nan 0.999995
53 152 nan 0.999998
54 152 nan 0.999999
55 152 nan 1.000000
56 152 nan 1.000000
57 152 nan 1.000000
58 152 nan 1.000000
59 152 nan 1.000000
60 152 nan 1.000000
61 152 nan 1.000000
62 152 nan 1.000000
63 152 nan 1.000000
64 152 nan 1.000000
65 152 nan 1.000000
66 152 nan 1.000000
67 152 nan 1.000000
68 152 nan 1.000000
69 152 nan 1.000000
70 152 nan 1.000000
71 152 nan 1.000000
72 152 nan 1.000000
73 152 nan 1.000000
74 152 nan 1.000000
75 152 nan 1.000000
76 152 nan 1.000000
77 152 nan 1.000000
78 152 nan 1.000000
79 152 nan 1.000000
80 152 nan 1.000000
81 152 nan 1.000000
82 152 nan 1.000000
83 152 nan 1.000000
84 152 nan 1.000000
85 152 nan 1.000000
86 152 nan 1.000000
87 152 nan 1.000000
88 152 nan 1.000000
89 152 nan 1.000000
90 152 nan 1.000000
91 152 nan 1.000000
92 152 nan 1.000000
93 152 nan 1.000000
94 152 nan 1.000000
95 152 nan 1.000000
96 152 nan 1.000000
97 152 nan 1.000000
98 152 nan 1.000000
99 152 nan 1.000000
100 152 nan 1.000000
101 152 nan 1.000000
102 152 nan 1.000000
103 152 nan 1.000000
104 152 nan 1.000000
105 152 nan 1.000000
106 152 nan 1.000000
107 152 nan 1.000000
108 152 nan 1.000000
109 152 nan 1.000000
110 152 nan 1.000000
111 152 nan 1.000000
112 152 nan 1.000000
113 152 nan 1.000000
114 152 nan 1.000000
115 152 nan 1.000000
116 152 nan 1.000000
117 152 nan 1.000000
118 152 nan 1.000000
119 152 nan 1.000000
120 152 nan 1.000000
121 152 nan 1.000000
122 152 nan 1.000000
123 152 nan 1.000000
124 152 nan 1.000000
125 152 nan 1.000000
126 152 nan 1.000000
127 152 nan 1.000000
128 152 nan 1.000000
129 152 nan 1.000000
130 152 nan 1.000000
131 152 nan 1.000000
132 152 nan 1.000000
133 152 nan 1.000000
134 152 nan 1.000000
135 152 nan 1.000000
136 152 nan 1.000000
137 152 nan 1.000000
138 152 nan 1.000000
139 152 nan 1.000000
140 152 nan 1.000000
141 152 nan 1.000000
142 152 nan 1.000000
143 152 nan 1.000000
144 152 nan 1.000000
145 152 nan 1.000000
146 152 nan 0.999999
147 152 nan 0.999998
148 152 nan 0.999995
149 152 nan 0.999989
150 152 nan 0.999972
151 152 nan 0.999929
152 152 nan 0.999819
153 152 nan 0.999532
154 152 nan 0.998784
155 152 nan 0.996816
156 152 nan 0.991620
157 152 nan 0.977956
158 152 nan 0.942865
159 152 nan 0.858996
160 152 nan 0.690621
161 152 nan 0.448154
162 152 nan 0.226832
163 152 nan 0.095242
164 152 nan 0.036165
165 152 nan 0.013115
166 152 nan 0.004655
167 152 nan 0.001633
168 152 nan 0.000569
169 152 nan 0.000197
170 152 nan 0.000068
171 152 nan 0.000023
172 152 nan 0.000008
173 152 nan 0.000003
174 152 nan 0.000001
175 152 nan 0.000000
176 152 nan 0.000000
177 152 nan 0.000000
178 152 nan 0.000000
179 152 nan 0.000000
180 152 nan 0.000000
181 152 nan 0.000000
182 152 nan 0.000000
183 152 nan 0.000000
184 152 nan 0.000000
185 152 nan 0.000000
186 152 nan 0.000000
187 152 nan 0.000000
188 152 nan 0.000000
189 152 nan 0.000000
190 152 nan 0.000000
191 152 nan 0.000000
192 152 nan 0.000000
193 152 nan 0.000000
194 152 nan 0.000000
195 152 nan 0.000000
196 152 nan 0.000000
197 152 nan 0.000000
198 152 nan 0.000000
199 152 nan 0.000000
0 153 nan 0.000000
1 153 nan 0.000000
2 153 nan 0.000000
3 153 nan 0.000000
4 153 nan 0.000000
5 153 nan 0.000000
6 153 nan 0.000000
7 153 nan 0.000000
8 153 nan 0.000000
9 153 nan 0.000000
10 153 nan 0.000000
11 153 nan 0.000000
12 153 nan 0.000000
13 153 nan 0.000000
14 153 nan 0.000000
15 153 nan 0.000000
16 153 nan 0.000000
17 153 nan 0.000000
18 153 nan 0.000000
19 153 nan 0.000000
20 153 nan 0.000000
21 153 nan 0.000000
22 153 nan 0.000000
23 153 nan 0.000000
24 153 nan 0.000000
25 153 nan 0.000000
26 153 nan 0.000000
27 153 nan 0.000001
28 153 nan 0.000004
29 153 nan 0.000010
30 153 nan 0.000030
31 153 nan 0.000088
32 153 nan 0.000252
33 153 nan 0.000718
34 153 nan 0.002035
35 153 nan 0.005717
36 153 nan 0.015853
37 153 nan 0.042909
38 153 nan 0.110279
39 153 nan 0.253906
40 153 nan 0.481265
41 153 nan 0.715172
42 153 nan 0.870878
43 153 nan 0.947306
44 153 nan 0.979398
45 153 nan 0.992044
46 153 nan 0.996926
47 153 nan 0.998806
48 153 nan 0.999532
49 153 nan 0.999815
50 153 nan 0.999926
51 153 nan 0.999970
52 153 nan 0.999988
53 153 nan 0.999995
54 153 nan 0.999998
55 153 nan 0.999999
56 153 nan 1.000000
57 153 nan 1.000000
58 153 nan 1.000000
59 153 nan 1.000000
60 153 nan 1.000000
61 153 nan 1.000000
62 153 nan 1.000000
63 153 nan 1.000000
64 153 nan 1.000000
65 153 nan 1.000000
66 153 nan 1.000000
67 153 nan 1.000000
68 153 nan 1.000000
69 153 nan 1.000000
70 153 nan 1.000000
71 153 nan 1.000000
72 153 nan 1.000000
73 153 nan 1.000000
74 153 nan 1.000000
75 153 nan 1.000000
76 153 nan 1.000000
77 153 nan 1.000000
78 153 nan 1.000000
79 153 nan 1.000000
80 153 nan 1.000000
81 153 nan 1.000000
82 153 nan 1.000000
83 153 nan 1.000000
84 153 nan 1.000000
85 153 nan 1.000000
86 153 nan 1.000000
87 153 nan 1.000000
88 153 nan 1.000000
89 153 nan 1.000000
90 153 nan 1.000000
91 153 nan 1.000000
92 153 nan 1.000000
93 153 nan 1.000000
94 153 nan 1.000000
95 153 nan 1.000000
96 153 nan 1.000000
97 153 nan 1.000000
98 153 nan 1.000000
99 153 nan 1.000000
100 153 nan 1.000000
101 153 nan 1.000000
102 153 nan 1.000000
103 153 nan 1.000000
104 153 nan 1.000000
105 153 nan 1.000000
106 153 nan 1.000000
107 153 nan 1.000000
108 153 nan 1.000000
109 153 nan 1.000000
110 153 nan 1.000000
111 153 nan 1.000000
112 153 nan 1.000000
113 153 nan 1.000000
114 153 nan 1.000000
115 153 nan 1.000000
116 153 nan 1.000000
117 153 nan 1.000000
118 153 nan 1.000000
119 153 nan 1.000000
120 153 nan 1.000000
121 153 nan 1.000000
122 153 nan 1.000000
123 153 nan 1.000000
124 153 nan 1.000000
125 153 nan 1.000000
126 153 nan 1.000000
127 153 nan 1.000000
128 153 nan 1.000000
129 153 nan 1.000000
130 153 nan 1.000000
131 153 nan 1.000000
132 153 nan 1.000000
133 153 nan 1.000000
134 153 nan 1.000000
135 153 nan 1.000000
136 153 nan 1.000000
137 153 nan 1.000000
138 153 nan 1.000000
139 153 nan 1.000000
140 153 nan 1.000000
141 153 nan 1.000000
142 153 nan 1.000000
143 153 nan 1.000000
144 153 nan 1.000000
145 153 nan 0.999999
146 153 nan 0.999998
147 153 nan 0.999995
148 153 nan 0.999988
149 153 nan 0.999970
150 153 nan 0.999926
151 153 nan 0.999815
152 153 nan 0.999532
153 153 nan 0.998806
154 153 nan 0.996926
155 153 nan 0.992044
156 153 nan 0.979398
157 153 nan 0.947306
158 153 nan 0.870878
159 153 nan 0.715172
160 153 nan 0.481265
161 153 nan 0.253906
162 153 nan 0.110279
163 153 nan 0.042909
164 153 nan 0.015853
165 153 nan 0.005717
166 153 nan 0.002035
167 153 nan 0.000718
168 153 nan 0.000252
169 153 nan 0.000088
170 153 nan 0.000030
171 153 nan 0.000010
172 153 nan 0.000004
173 153 nan 0.000001
174 153 nan 0.000000
175 153 nan 0.000000
176 153 nan 0.000000
177 153 nan 0.000000
178 153 nan 0.000000
179 153 nan 0.000000
180 153 nan 0.000000
181 153 nan 0.000000
182 153 nan 0.000000
183 153 nan 0.000000
184 153 nan 0.000000
185 153 nan 0.000000
186 153 nan 0.000000
187 153 nan 0.000000
188 153 nan 0.000000
189 153 nan 0.000000
190 153 nan 0.000000
191 153 nan 0.000000
192 153 nan 0.000000
193 153 nan 0.000000
194 153 nan 0.000000
195 153 nan 0.000000
196 153 nan 0.000000
197 153 nan 0.000000
198 153 nan 0.000000
199 153 nan 0.000000
0 154 nan 0.000000
1 154 nan 0.000000
2 154 nan 0.000000
3 154 nan 0.000000
4 154 nan 0.000000
5 154 nan 0.000000
6 154 nan 0.000000
7 154 nan 0.000000
8 154 nan 0.000000
9 154 nan 0.000000
10 154 nan 0.000000
11 154 nan 0.000000
12 154 nan 0.000000
13 154 nan 0.000000
14 154 nan 0.000000
15 154 nan 0.000000
16 154 nan 0.000000
17 154 nan 0.000000
18 154 nan 0.000000
19 154 nan 0.000000
20 154 nan 0.000000
21 154 nan 0.000000
22 154 nan 0.000000
23 154 nan 0.000000
24 154 nan 0.000000
25 154 nan 0.000000
26 154 nan 0.000000
27 154 nan 0.000001
28 154 nan 0.000002
29 154 nan 0.000005
30 154 nan 0.000014
31 154 nan 0.000039
32 154 nan 0.000110
33 154 nan 0.000313
34 154 nan 0.000880
35 154 nan 0.002458
36 154 nan 0.006803
37 154 nan 0.018563
38 154 nan 0.049315
39 154 nan 0.123787
40 154 nan 0.276413
41 154 nan 0.506250
42 154 nan 0.731988
43 154 nan 0.878323
44 154 nan 0.949814
45 154 nan 0.980085
46 154 nan 0.992181
47 154 nan 0.996926
48 154 nan 0.998784
49 154 nan 0.999515
50 154 nan 0.999805
51 154 nan 0.999921
52 154 nan 0.999967
53 154 nan 0.999987
54 154 nan 0.999994
55 154 nan 0.999998
56 154 nan 0.999999
57 154 nan 1.000000
58 154 nan 1.000000
59 154 nan 1.000000
60 154 nan 1.000000
61 154 nan 1.000000
62 154 nan 1.000000
63 154 nan 1.000000
64 154 nan 1.000000
65 154 nan 1.000000
66 154 nan 1.000000
67 154 nan 1.000000
68 154 nan 1.000000
69 154 nan 1.000000
70 154 nan 1.000000
71 154 nan 1.000000
72 154 nan 1.000000
73 154 nan 1.000000
74 154 nan 1.000000
75 154 nan 1.000000
76 154 nan 1.000000
77 154 nan 1.000000
78 154 nan 1.000000
79 154 nan 1.000000
80 154 nan 1.000000
81 154 nan 1.000000
82 154 nan 1.000000
83 154 nan 1.000000
84 154 nan 1.000000
85 154 nan 1.000000
86 154 nan 1.000000
87 154 nan 1.000000
88 154 nan 1.000000
89 154 nan 1.000000
90 154 nan 1.000000
91 154 nan 1.000000
92 154 nan 1.000000
93 154 nan 1.000000
94 154 nan 1.000000
95 154 nan 1.000000
96 154 nan 1.000000
97 154 nan 1.000000
98 154 nan 1.000000
99 154 nan 1.000000
100 154 nan 1.000000
101 154 nan 1.000000
102 154 nan 1.000000
103 154 nan 1.000000
104 154 nan 1.000000
105 154 nan 1.000000
106 154 nan 1.000000
107 154 nan 1.000000
108 154 nan 1.000000
109 154 nan 1.000000
110 154 nan 1.000000
111 154 nan 1.000000
112 154 nan 1.000000
113 154 nan 1.000000
114 154 nan 1.000000
115 154 nan 1.000000
116 154 nan 1.000000
117 154 nan 1.000000
118 154 nan 1.000000
119 154 nan 1.000000
120 154 nan 1.000000
121 154 nan 1.000000
122 154 nan 1.000000
123 154 nan 1.000000
124 154 nan 1.000000
125 154 nan 1.000000
126 154 nan 1.000000
127 154 nan 1.000000
128 154 nan 1.000000
129 154 nan 1.000000
130 154 nan 1.000000
131 154 nan 1.000000
132 154 nan 1.000000
133 154 nan 1.000000
134 154 nan 1.000000
135 154 nan 1.000000
136 154 nan 1.000000
137 154 nan 1.000000
138 154 nan 1.000000
139 154 nan 1.000000
140 154 nan 1.000000
141 154 nan 1.000000
142 154 nan 1.000000
143 154 nan 1.000000
144 154 nan 0.999999
145 154 nan 0.999998
146 154 nan 0.999994
147 154 nan 0.999987
148 154 nan 0.999967
149 154 nan 0.999921
150 154 nan 0.999805
151 154 nan 0.999515
152 154 nan 0.998784
153 154 nan 0.996926
154 154 nan 0.992181
155 154 nan 0.980085
156 154 nan 0.949814
157 154 nan 0.878323
158 154 nan 0.731988
159 154 nan 0.506250
160 154 nan 0.276413
161 154 nan 0.123787
162 154 nan 0.049315
163 154 nan 0.018563
164 154 nan 0.006803
165 154 nan 0.002458
166 154 nan 0.000880
167 154 nan 0.000313
168 154 nan 0.000110
169 154 nan 0.000039
170 154 nan 0.000014
171 154 nan 0.000005
172 154 nan 0.000002
173 154 nan 0.000001
174 154 nan 0.000000
175 154 nan 0.000000
176 154 nan 0.000000
177 154 nan 0.000000
178 154 nan 0.000000
179 154 nan 0.000000
180 154 nan 0.000000
181 154 nan 0.000000
182 154 nan 0.000000
183 154 nan 0.000000
184 154 nan 0.000000
185 154 nan 0.000000
186 154 nan 0.000000
187 154 nan 0.000000
188 154 nan 0.000000
189 154 nan 0.000000
190 154 nan 0.000000
191 154 nan 0.000000
192 154 nan 0.000000
193 154 nan 0.000000
194 154 nan 0.000000
195 154 nan 0.000000
196 154 nan 0.000000
197 154 nan 0.000000
198 154 nan 0.000000
199 154 nan 0.000000
0 155 nan 0.000000
1 155 nan 0.000000
2 155 nan 0.000000
3 155 nan 0.000000
4 155 nan 0.000000
5 155 nan 0.000000
6 155 nan 0.000000
7 155 nan 0.000000
8 155 nan 0.000000
9 155 nan 0.000000
10 155 nan 0.000000
11 155 nan 0.000000
12 155 nan 0.000000
13 155 nan 0.000000
14 155 nan 0.000000
15 155 nan 0.000000
16 155 nan 0.000000
17 155 nan 0.000000
18 155 nan 0.000000
19 155 nan 0.000000
20 155 nan 0.000000
21 155 nan 0.000000
22 155 nan 0.000000
23 155 nan 0.000000
24 155 nan 0.000000
25 155 nan 0.000000
26 155 nan 0.000000
27 155 nan 0.000000
28 155 nan 0.000001
29 155 nan 0.000002
30 155 nan 0.000006
31 155 nan 0.000017
32 155 nan 0.000048
33 155 nan 0.000135
34 155 nan 0.000377
35 155 nan 0.001045
36 155 nan 0.002877
37 155 nan 0.007844
38 155 nan 0.021057
39 155 nan 0.054920
40 155 nan 0.134843
41 155 nan 0.293239
42 155 nan 0.522910
43 155 nan 0.741776
44 155 nan 0.881907
45 155 nan 0.950625
46 155 nan 0.980085
47 155 nan 0.992044
48 155 nan 0.996816
49 155 nan 0.998718
50 155 nan 0.999479
51 155 nan 0.999786
52 155 nan 0.999912
53 155 nan 0.999963
54 155 nan 0.999984
55 155 nan 0.999993
56 155 nan 0.999997
57 155 nan 0.999999
58 155 nan 0.999999
59 155 nan 1.000000
60 155 nan 1.000000
61 155 nan 1.000000
62 155 nan 1.000000
63 155 nan 1.000000
64 155 nan 1.000000
65 155 nan 1.000000
66 155 nan 1.000000
67 155 nan 1.000000
68 155 nan 1.000000
69 155 nan 1.000000
70 155 nan 1.000000
71 155 nan 1.000000
72 155 nan 1.000000
73 155 nan 1.000000
74 155 nan 1.000000
75 155 nan 1.000000
76 155 nan 1.000000
77 155 nan 1.000000
78 155 nan 1.000000
79 155 nan 1.000000
80 155 nan 1.000000
81 155 nan 1.000000
82 155 nan 1.000000
83 155 nan 1.000000
84 155 nan 1.000000
85 155 nan 1.000000
86 155 nan 1.000000
87 155 nan 1.000000
88 155 nan 1.000000
89 155 nan 1.000000
90 155 nan 1.000000
91 155 nan 1.000000
92 155 nan 1.000000
93 155 nan 1.000000
94 155 nan 1.000000
95 155 nan 1.000000
96 155 nan 1.000000
97 155 nan 1.000000
98 155 nan 1.000000
99 155 nan 1.000000
100 155 nan 1.000000
101 155 nan 1.000000
102 155 nan 1.000000
103 155 nan 1.000000
104 155 nan 1.000000
105 155 nan 1.000000
106 155 nan 1.000000
107 155 nan 1.000000
108 155 nan 1.000000
109 155 nan 1.000000
110 155 nan 1.000000
111 155 nan 1.000000
112 155 nan 1.000000
113 155 nan 1.000000
114 155 nan 1.000000
115 155 nan 1.000000
116 155 nan 1.000000
117 155 nan 1.000000
118 155 nan 1.000000
119 155 nan 1.000000
120 155 nan 1.000000
121 155 nan 1.000000
122 155 nan 1.000000
123 155 nan 1.000000
124 155 nan 1.000000
125 155 nan 1.000000
126 155 nan 1.000000
127 155 nan 1.000000
128 155 nan 1.000000
129 155 nan 1.000000
130 155 nan 1.000000
131 155 nan 1.000000
132 155 nan 1.000000
133 155 nan 1.000000
134 155 nan 1.000000
135 155 nan 1.000000
136 155 nan 1.000000
137 155 nan 1.000000
138 155 nan 1.000000
139 155 nan 1.000000
140 155 nan 1.000000
141 155 nan 1.000000
142 155 nan 0.999999
143 155 nan 0.999999
144 155 nan 0.999997
145 155 nan 0.999993
146 155 nan 0.999984
147 155 nan 0.999963
148 155 nan 0.999912
149 155 nan 0.999786
150 155 nan 0.999479
151 155 nan 0.998718
152 155 nan 0.996816
153 155 nan 0.992044
154 155 nan 0.980085
155 155 nan 0.950625
156 155 nan 0.881907
157 155 nan 0.741776
158 155 nan 0.522910
159 155 nan 0.293239
160 155 nan 0.134843
161 155 nan 0.054920
162 155 nan 0.021057
163 155 nan 0.007844
164 155 nan 0.002877
165 155 nan 0.001045
166 155 nan 0.000377
167 155 nan 0.000135
168 155 nan 0.000048
169 155 nan 0.000017
170 155 nan 0.000006
171 155 nan 0.000002
172 155 nan 0.000001
173 155 nan 0.000000
174 155 nan 0.000000
175 155 nan 0.000000
176 155 nan 0.000000
177 155 nan 0.000000
178 155 nan 0.000000
179 155 nan 0.000000
180 155 nan 0.000000
181 155 nan 0.000000
182 155 nan 0.000000
183 155 nan 0.000000
184 155 nan 0.000000
185 155 nan 0.000000
186 155 nan 0.000000
187 155 nan 0.000000
188 155 nan 0.000000
189 155 nan 0.000000
190 155 nan 0.000000
191 155 nan 0.000000
192 155 nan 0.000000
193 155 nan 0.000000
194 155 nan 0.000000
195 155 nan 0.000000
196 155 nan 0.000000
197 155 nan 0.000000
198 155 nan 0.000000
199 155 nan 0.000000
0 156 nan 0.000000
1 156 nan 0.000000
2 156 nan 0.000000
3 156 nan 0.000000
4 156 nan 0.000000
5 156 nan 0.000000
6 156 nan 0.000000
7 156 nan 0.000000
8 156 nan 0.000000
9 156 nan 0.000000
10 156 nan 0.000000
11 156 nan 0.000000
12 156 nan 0.000000
13 156 nan 0.000000
14 156 nan 0.000000
15 156 nan 0.000000
16 156 nan 0.000000
17 156 nan 0.000000
18 156 nan 0.000000
19 156 nan 0.000000
20 156 nan 0.000000
21 156 nan 0.000000
22 156 nan 0.000000
23 156 nan 0.000000
24 156 nan 0.000000
25 156 nan 0.000000
26 156 nan 0.000000
27 156 nan 0.000000
28 156 nan 0.000000
29 156 nan 0.000001
30 156 nan 0.000003
31 156 nan 0.000007
32 156 nan 0.000021
33 156 nan 0.000058
34 156 nan 0.000160
35 156 nan 0.000440
36 156 nan 0.001203
37 156 nan 0.003264
38 156 nan 0.008762
39 156 nan 0.023142
40 156 nan 0.059291
41 156 nan 0.142674
42 156 nan 0.303623
43 156 nan 0.531228
44 156 nan 0.744987
45 156 nan 0.881907
46 156 nan 0.949814
47 156 nan 0.979398
48 156 nan 0.991620
49 156 nan 0.996585
50 156 nan 0.998599
51 156 nan 0.999420
52 156 nan 0.999758
53 156 nan 0.999898
54 156 nan 0.999956
55 156 nan 0.999981
56 156 nan 0.999992
57 156 nan 0.999996
58 156 nan 0.999998
59 156 nan 0.999999
60 156 nan 1.000000
61 156 nan 1.000000
62 156 nan 1.000000
63 156 nan 1.000000
64 156 nan 1.000000
65 156 nan 1.000000
66 156 nan 1.000000
67 156 nan 1.000000
68 156 nan 1.000000
69 156 nan 1.000000
70 156 nan 1.000000
71 156 nan 1.000000
72 156 nan 1.000000
73 156 nan 1.000000
74 156 nan 1.000000
75 156 nan 1.000000
76 156 nan 1.000000
77 156 nan 1.000000
78 156 nan 1.000000
79 156 nan 1.000000
80 156 nan 1.000000
81 156 nan 1.000000
82 156 nan 1.000000
83 156 nan 1.000000
84 156 nan 1.000000
85 156 nan 1.000000
86 156 nan 1.000000
87 156 nan 1.000000
88 156 nan 1.000000
89 156 nan 1.000000
90 156 nan 1.000000
91 156 nan 1.000000
92 156 nan 1.000000
93 156 nan 1.000000
94 156 nan 1.000000
95 156 nan 1.000000
96 156 nan 1.000000
97 156 nan 1.000000
98 156 nan 1.000000
99 156 nan 1.000000
100 156 nan 1.000000
101 156 nan 1.000000
102 156 nan 1.000000
103 156 nan 1.000000
104 156 nan 1.000000
105 156 nan 1.000000
106 156 nan 1.000000
107 156 nan 1.000000
108 156 nan 1.000000
109 156 nan 1.000000
110 156 nan 1.000000
111 156 nan 1.000000
112 156 nan 1.000000
113 156 nan 1.000000
114 156 nan 1.000000
115 156 nan 1.000000
116 156 nan 1.000000
117 156 nan 1.000000
118 156 nan 1.000000
119 156 nan 1.000000
120 156 nan 1.000000
121 156 nan 1.000000
122 156 nan 1.000000
123 156 nan 1.000000
124 156 nan 1.000000
125 156 nan 1.000000
126 156 nan 1.000000
127 156 nan 1.000000
128 156 nan 1.000000
129 156 nan 1.000000
130 156 nan 1.000000
131 156 nan 1.000000
132 156 nan 1.000000
133 156 nan 1.000000
134 156 nan 1.000000
135 156 nan 1.000000
136 156 nan 1.000000
137 156 nan 1.000000
138 156 nan 1.000000
139 156 nan 1.000000
140 156 nan 1.000000
141 156 nan 0.999999
142 156 nan 0.999998
143 156 nan 0.999996
144 156 nan 0.999992
145 156 nan 0.999981
146 156 nan 0.999956
147 156 nan 0.999898
148 156 nan 0.999758
149 156 nan 0.999420
150 156 nan 0.998599
151 156 nan 0.996585
152 156 nan 0.991620
153 156 nan 0.979398
154 156 nan 0.949814
155 156 nan 0.881907
156 156 nan 0.744987
157 156 nan 0.531228
158 156 nan 0.303623
159 156 nan 0.142674
160 156 nan 0.059291
161 156 nan 0.023142
162 156 nan 0.008762
163 156 nan 0.003264
164 156 nan 0.001203
165 156 nan 0.000440
166 156 nan 0.000160
167 156 nan 0.000058
168 156 nan 0.000021
169 156 nan 0.000007
170 156 nan 0.000003
171 156 nan 0.000001
172 156 nan 0.000000
173 156 nan 0.000000
174 156 nan 0.000000
175 156 nan 0.000000
176 156 nan 0.000000
177 156 nan 0.000000
178 156 nan 0.000000
179 156 nan 0.000000
180 156 nan 0.000000
181 156 nan 0.000000
182 156 nan 0.000000
183 156 nan 0.000000
184 156 nan 0.000000
185 156 nan 0.000000
186 156 nan 0.000000
187 156 nan 0.000000
188 156 nan 0.000000
189 156 nan 0.000000
190 156 nan 0.000000
191 156 nan 0.000000
192 156 nan 0.000000
193 156 nan 0.000000
194 156 nan 0.000000
195 156 nan 0.000000
196 156 nan 0.000000
197 156 nan 0.000000
198 156 nan 0.000000
199 156 nan 0.000000
0 157 nan 0.000000
1 157 nan 0.000000
2 157 nan 0.000000
3 157 nan 0.000000
4 157 nan 0.000000
5 157 nan 0.000000
6 157 nan 0.000000
7 157 nan 0.000000
8 157 nan 0.000000
9 157 nan 0.000000
10 157 nan 0.000000
11 157 nan 0.000000
12 157 nan 0.000000
13 157 nan 0.000000
14 157 nan 0.000000
15 157 nan 0.000000
16 157 nan 0.000000
17 157 nan 0.000000
18 157 nan 0.000000
19 157 nan 0.000000
20 157 nan 0.000000
21 157 nan 0.000000
22 157 nan 0.000000
23 157 nan 0.000000
24 157 nan 0.000000
25 157 nan 0.000000
26 157 nan 0.000000
27 157 nan 0.000000
28 157 nan 0.000000
29 157 nan 0.000000
30 157 nan 0.000001
31 157 nan 0.000003
32 157 nan 0.000009
33 157 nan 0.000024
34 157 nan 0.000067
35 157 nan 0.000184
36 157 nan 0.000498
37 157 nan 0.001343
38 157 nan 0.003588
39 157 nan 0.009483
40 157 nan 0.024645
41 157 nan 0.062069
42 157 nan 0.146731
43 157 nan 0.307132
44 157 nan 0.531228
45 157 nan 0.741776
46 157 nan 0.878323
47 157 nan 0.947306
48 157 nan 0.977956
49 157 nan 0.990863
50 157 nan 0.996206
51 157 nan 0.998414
52 157 nan 0.999331
53 157 nan 0.999715
54 157 nan 0.999877
55 157 nan 0.999947
56 157 nan 0.999976
57 157 nan 0.999990
58 157 nan 0.999995
59 157 nan 0.999998
60 157 nan 0.999999
61 157 nan 1.000000
62 157 nan 1.000000
63 157 nan 1.000000
64 157 nan 1.000000
65 157 nan 1.000000
66 157 nan 1.000000
67 157 nan 1.000000
68 157 nan 1.000000
69 157 nan 1.000000
70 157 nan 1.000000
71 157 nan 1.000000
72 157 nan 1.000000
73 157 nan 1.000000
74 157 nan 1.000000
75 157 nan 1.000000
76 157 nan 1.000000
77 157 nan 1.000000
78 157 nan 1.000000
79 157 nan 1.000000
80 157 nan 1.000000
81 157 nan 1.000000
82 157 nan 1.000000
83 157 nan 1.000000
84 157 nan 1.000000
85 157 nan 1.000000
86 157 nan 1.000000
87 157 nan 1.000000
88 157 nan 1.000000
89 157 nan 1.000000
90 157 nan 1.000000
91 157 nan 1.000000
92 157 nan 1.000000
93 157 nan 1.000000
94 157 nan 1.000000
95 157 nan 1.000000
96 157 nan 1.000000
97 157 nan 1.000000
98 157 nan 1.000000
99 157 nan 1.000000
100 157 nan 1.000000
101 157 nan 1.000000
102 157 nan 1.000000
103 157 nan 1.000000
104 157 nan 1.000000
105 157 nan 1.000000
106 157 nan 1.000000
107 157 nan 1.000000
108 157 nan 1.000000
109 157 nan 1.000000
110 157 nan 1.000000
111 157 nan 1.000000
112 157 nan 1.000000
113 157 nan 1.000000
114 157 nan 1.000000
115 157 nan 1.000000
116 157 nan 1.000000
117 157 nan 1.000000
118 157 nan 1.000000
119 157 nan 1.000000
120 157 nan 1.000000
121 157 nan 1.000000
122 157 nan 1.000000
123 157 nan 1.000000
124 157 nan 1.000000
125 157 nan 1.000000
126 157 nan 1.000000
127 157 nan 1.000000
128 157 nan 1.000000
129 157 nan 1.000000
130 157 nan 1.000000
131 157 nan 1.000000
132 157 nan 1.000000
133 157 nan 1.000000
134 157 nan 1.000000
135 157 nan 1.000000
136 157 nan 1.000000
137 157 nan 1.000000
138 157 nan 1.000000
139 157 nan 1.000000
140 157 nan 0.999999
141 157 nan 0.999998
142 157 nan 0.999995
143 157 nan 0.999990
144 157 nan 0.999976
145 157 nan 0.999947
146 157 nan 0.999877
147 157 nan 0.999715
148 157 nan 0.999331
149 157 nan 0.998414
150 157 nan 0.996206
151 157 nan 0.990863
152 157 nan 0.977956
153 157 nan 0.947306
154 157 nan 0.878323
155 157 nan 0.741776
156 157 nan 0.531228
157 157 nan 0.307132
158 157 nan 0.146731
159 157 nan 0.062069
160 157 nan 0.024645
161 157 nan 0.009483
162 157 nan 0.003588
163 157 nan 0.001343
164 157 nan 0.000498
165 157 nan 0.000184
166 157 nan 0.000067
167 157 nan 0.000024
168 157 nan 0.000009
169 157 nan 0.000003
170 157 nan 0.000001
171 157 nan 0.000000
172 157 nan 0.000000
173 157 nan 0.000000
174 157 nan 0.000000
175 157 nan 0.000000
176 157 nan 0.000000
177 157 nan 0.000000
178 157 nan 0.000000
179 157 nan 0.000000
180 157 nan 0.000000
181 157 nan 0.000000
182 157 nan 0.000000
183 157 nan 0.000000
184 157 nan 0.000000
185 157 nan 0.000000
186 157 nan 0.000000
187 157 nan 0.000000
188 157 nan 0.000000
189 157 nan 0.000000
190 157 nan 0.000000
191 157 nan 0.000000
192 157 nan 0.000000
193 157 nan 0.000000
194 157 nan 0.000000
195 157 nan 0.000000
196 157 nan 0.000000
197 157 nan 0.000000
198 157 nan 0.000000
199 157 nan 0.000000
0 158 nan 0.000000
1 158 nan 0.000000
2 158 nan 0.000000
3 158 nan 0.000000
4 158 nan 0.000000
5 158 nan 0.000000
6 158 nan 0.000000
7 158 nan 0.000000
8 158 nan 0.000000
9 158 nan 0.000000
10 158 nan 0.000000
11 158 nan 0.000000
12 158 nan 0.000000
13 158 nan 0.000000
14 158 nan 0.000000
15 158 nan 0.000000
16 158 nan 0.000000
17 158 nan 0.000000
18 158 nan 0.000000
19 158 nan 0.000000
20 158 nan 0.000000
21 158 nan 0.000000
22 158 nan 0.000000
23 158 nan 0.000000
24 158 nan 0.000000
25 158 nan 0.000000
26 158 nan 0.000000
27 158 nan 0.000000
28 158 nan 0.000000
29 158 nan 0.000000
30 158 nan 0.000000
31 158 nan 0.000001
32 158 nan 0.000004
33 158 nan 0.000010
34 158 nan 0.000028
35 158 nan 0.000076
36 158 nan 0.000204
37 158 nan 0.000547
38 158 nan 0.001452
39 158 nan 0.003822
40 158 nan 0.009944
41 158 nan 0.025431
42 158 nan 0.063022
43 158 nan 0.146731
44 158 nan 0.303623
45 158 nan 0.522910
46 158 nan 0.731988
47 158 nan 0.870878
48 158 nan 0.942865
49 158 nan 0.975607
50 158 nan 0.989690
51 158 nan 0.995635
52 158 nan 0.998140
53 158 nan 0.999200
54 158 nan 0.999652
55 158 nan 0.999847
56 158 nan 0.999932
57 158 nan 0.999970
58 158 nan 0.999986
59 158 nan 0.999994
60 158 nan 0.999997
61 158 nan 0.999999
62 158 nan 0.999999
63 158 nan 1.000000
64 158 nan 1.000000
65 158 nan 1.000000
66 158 nan 1.000000
67 158 nan 1.000000
68 158 nan 1.000000
69 158 nan 1.000000
70 158 nan 1.000000
71 158 nan 1.000000
72 158 nan 1.000000
73 158 nan 1.000000
74 158 nan 1.000000
75 158 nan 1.000000
76 158 nan 1.000000
77 158 nan 1.000000
78 158 nan 1.000000
79 158 nan 1.000000
80 158 nan 1.000000
81 158 nan 1.000000
82 158 nan 1.000000
83 158 nan 1.000000
84 158 nan 1.000000
85 158 nan 1.000000
86 158 nan 1.000000
87 158 nan 1.000000
88 158 nan 1.000000
89 158 nan 1.000000
90 158 nan 1.000000
91 158 nan 1.000000
92 158 nan 1.000000
93 158 nan 1.000000
94 158 nan 1.000000
95 158 nan 1.000000
96 158 nan 1.000000
97 158 nan 1.000000
98 158 nan 1.000000
99 158 nan 1.000000
100 158 nan 1.000000
101 158 nan 1.000000
102 158 nan 1.000000
103 158 nan 1.000000
104 158 nan 1.000000
105 158 nan 1.000000
106 158 nan 1.000000
107 158 nan 1.000000
108 158 nan 1.000000
109 158 nan 1.000000
110 158 nan 1.000000
111 158 nan 1.000000
112 158 nan 1.000000
113 158 nan 1.000000
114 158 nan 1.000000
115 158 nan 1.000000
116 158 nan 1.000000
117 158 nan 1.000000
118 158 nan 1.000000
119 158 nan 1.000000
120 158 nan 1.000000
121 158 nan 1.000000
122 158 nan 1.000000
123 158 nan 1.000000
124 158 nan 1.000000
125 158 nan 1.000000
126 158 nan 1.000000
127 158 nan 1.000000
128 158 nan 1.000000
129 158 nan 1.000000
130 158 nan 1.000000
131 158 nan 1.000000
132 158 nan 1.000000
133 158 nan 1.000000
134 158 nan 1.000000
135 158 nan 1.000000
136 158 nan 1.000000
137 158 nan 1.000000
138 158 nan 0.999999
139 158 nan 0.999999
140 158 nan 0.999997
141 158 nan 0.999994
142 158 nan 0.999986
143 158 nan 0.999970
144 158 nan 0.999932
145 158 nan 0.999847
146 158 nan 0.999652
147 158 nan 0.999200
148 158 nan 0.998140
149 158 nan 0.995635
150 158 nan 0.989690
151 158 nan 0.975607
152 158 nan 0.942865
153 158 nan 0.870878
154 158 nan 0.731988
155 158 nan 0.522910
156 158 nan 0.303623
157 158 nan 0.146731
158 158 nan 0.063022
159 158 nan 0.025431
160 158 nan 0.009944
161 158 nan 0.003822
162 158 nan 0.001452
163 158 nan 0.000547
164 158 nan 0.000204
165 158 nan 0.000076
166 158 nan 0.000028
167 158 nan 0.000010
168 158 nan 0.000004
169 158 nan 0.000001
170 158 nan 0.000000
171 158 nan 0.000000
172 158 nan 0.000000
173 158 nan 0.000000
174 158 nan 0.000000
175 158 nan 0.000000
176 158 nan 0.000000
177 158 nan 0.000000
178 158 nan 0.000000
179 158 nan 0.000000
180 158 nan 0.000000
181 158 nan 0.000000
182 158 nan 0.000000
183 158 nan 0.000000
184 158 nan 0.000000
185 158 nan 0.000000
186 158 nan 0.000000
187 158 nan 0.000000
188 158 nan 0.000000
189 158 nan 0.000000
190 158 nan 0.000000
191 158 nan 0.000000
192 158 nan 0.000000
193 158 nan 0.000000
194 158 nan 0.000000
195 158 nan 0.000000
196 158 nan 0.000000
197 158 nan 0.000000
198 158 nan 0.000000
199 158 nan 0.000000
0 159 nan 0.000000
1 159 nan 0.000000
2 159 nan 0.000000
3 159 nan 0.000000
4 159 nan 0.000000
5 159 nan 0.000000
6 159 nan 0.000000
7 159 nan 0.000000
8 159 nan 0.000000
9 159 nan 0.000000
10 159 nan 0.000000
11 159 nan 0.000000
12 159 nan 0.000000
13 159 nan 0.000000
14 159 nan 0.000000
15 159 nan 0.000000
16 159 nan 0.000000
17 159 nan 0.000000
18 159 nan 0.000000
19 159 nan 0.000000
20 159 nan 0.000000
21 159 nan 0.000000
22 159 nan 0.000000
23 159 nan 0.000000
24 159 nan 0.000000
25 159 nan 0.000000
26 159 nan 0.000000
27 159 nan 0.000000
28 159 nan 0.000000
29 159 nan 0.000000
30 159 nan 0.000000
31 159 nan 0.000001
32 159 nan 0.000002
33 159 nan 0.000004
34 159 nan 0.000012
35 159 nan 0.000031
36 159 nan 0.000083
37 159 nan 0.000221
38 159 nan 0.000582
39 159 nan 0.001522
40 159 nan 0.003944
41 159 nan 0.010103
42 159 nan 0.025431
43 159 nan 0.062069
44 159 nan 0.142674
45 159 nan 0.293239
46 159 nan 0.506250
47 159 nan 0.715172
48 159 nan 0.858996
49 159 nan 0.936062
50 159 nan 0.972098
51 159 nan 0.987964
52 159 nan 0.994803
53 159 nan 0.997741
54 159 nan 0.999009
55 159 nan 0.999561
56 159 nan 0.999803
57 159 nan 0.999911
58 159 nan 0.999959
59 159 nan 0.999981
60 159 nan 0.999991
61 159 nan 0.999996
62 159 nan 0.999998
63 159 nan 0.999999
64 159 nan 1.000000
65 159 nan 1.000000
66 159 nan 1.000000
67 159 nan 1.000000
68 159 nan 1.000000
69 159 nan 1.000000
70 159 nan 1.000000
71 159 nan 1.000000
72 159 nan 1.000000
73 159 nan 1.000000
74 159 nan 1.000000
75 159 nan 1.000000
76 159 nan 1.000000
77 159 nan 1.000000
78 159 nan 1.000000
79 159 nan 1.000000
80 159 nan 1.000000
81 159 nan 1.000000
82 159 nan 1.000000
83 159 nan 1.000000
84 159 nan 1.000000
85 159 nan 1.000000
86 159 nan 1.000000
87 159 nan 1.000000
88 159 nan 1.000000
89 159 nan 1.000000
90 159 nan 1.000000
91 159 nan 1.000000
92 159 nan 1.000000
93 159 nan 1.000000
94 159 nan 1.000000
95 159 nan 1.000000
96 159 nan 1.000000
97 159 nan 1.000000
98 159 nan 1.000000
99 159 nan 1.000000
100 159 nan 1.000000
101 159 nan 1.000000
102 159 nan 1.000000
103 159 nan 1.000000
104 159 nan 1.000000
105 159 nan 1.000000
106 159 nan 1.000000
107 159 nan 1.000000
108 159 nan 1.000000
109 159 nan 1.000000
110 159 nan 1.000000
111 159 nan 1.000000
112 159 nan 1.000000
113 159 nan 1.000000
114 159 nan 1.000000
115 159 nan 1.000000
116 159 nan 1.000000
117 159 nan 1.000000
118 159 nan 1.000000
119 159 nan 1.000000
120 159 nan 1.000000
121 159 nan 1.000000
122 159 nan 1.000000
123 159 nan 1.000000
124 159 nan 1.000000
125 159 nan 1.000000
126 159 nan 1.000000
127 159 nan 1.000000
128 159 nan 1.000000
129 159 nan 1.000000
130 159 nan 1.000000
131 159 nan 1.000000
132 159 nan 1.000000
133 159 nan 1.000000
134 159 nan 1.000000
135 159 nan 1.000000
136 159 nan 1.000000
137 159 nan 0.999999
138 159 nan 0.999998
139 159 nan 0.999996
140 159 nan 0.999991
141 159 nan 0.999981
142 159 nan 0.999959
143 159 nan 0.999911
144 159 nan 0.999803
145 159 nan 0.999561
146 159 nan 0.999009
147 159 nan 0.997741
148 159 nan 0.994803
149 159 nan 0.987964
150 159 nan 0.972098
151 159 nan 0.936062
152 159 nan 0.858996
153 159 nan 0.715172
154 159 nan 0.506250
155 159 nan 0.293239
156 159 nan 0.142674
157 159 nan 0.062069
158 159 nan 0.025431
159 159 nan 0.010103
160 159 nan 0.003944
161 159 nan 0.001522
162 159 nan 0.000582
163 159 nan 0.000221
164 159 nan 0.000083
165 159 nan 0.000031
166 159 nan 0.000012
167 159 nan 0.000004
168 159 nan 0.000002
169 159 nan 0.000001
170 159 nan 0.000000
171 159 nan 0.000000
172 159 nan 0.000000
173 159 nan 0.000000
174 159 nan 0.000000
175 159 nan 0.000000
176 159 nan 0.000000
177 159 nan 0.000000
178 159 nan 0.000000
179 159 nan 0.000000
180 159 nan 0.000000
181 159 nan 0.000000
182 159 nan 0.000000
183 159 nan 0.000000
184 159 nan 0.000000
185 159 nan 0.000000
186 159 nan 0.000000
187 159 nan 0.000000
188 159 nan 0.000000
189 159 nan 0.000000
190 159 nan 0.000000
191 159 nan 0.000000
192 159 nan 0.000000
193 159 nan 0.000000
194 159 nan 0.000000
195 159 nan 0.000000
196 159 nan 0.000000
197 159 nan 0.000000
198 159 nan 0.000000
199 159 nan 0.000000
0 160 nan 0.000000
1 160 nan 0.000000
2 160 nan 0.000000
3 160 nan 0.000000
4 160 nan 0.000000
5 160 nan 0.000000
6 160 nan 0.000000
7 160 nan 0.000000
8 160 nan 0.000000
9 160 nan 0.000000
10 160 nan 0.000000
11 160 nan 0.000000
12 160 nan 0.000000
13 160 nan 0.000000
14 160 nan 0.000000
15 160 nan 0.000000
16 160 nan 0.000000
17 160 nan 0.000000
18 160 nan 0.000000
19 160 nan 0.000000
20 160 nan 0.000000
21 160 nan 0.000000
22 160 nan 0.000000
23 160 nan 0.000000
24 160 nan 0.000000
25 160 nan 0.000000
26 160 nan 0.000000
27 160 nan 0.000000
28 160 nan 0.000000
29 160 nan 0.000000
30 160 nan 0.000000
31 160 nan 0.000000
32 160 nan 0.000001
33 160 nan 0.000002
34 160 nan 0.000005
35 160 nan 0.000013
36 160 nan 0.000034
37 160 nan 0.000088
38 160 nan 0.000231
39 160 nan 0.000601
40 160 nan 0.001546
41 160 nan 0.003944
42 160 nan 0.009944
43 160 nan 0.024645
44 160 nan 0.059291
45 160 nan 0.134843
46 160 nan 0.276413
47 160 nan 0.481265
48 160 nan 0.690621
49 160 nan 0.841766
50 160 nan 0.926219
51 160 nan 0.967026
52 160 nan 0.985467
53 160 nan 0.993595
54 160 nan 0.997160
55 160 nan 0.998729
56 160 nan 0.999425
57 160 nan 0.999737
58 160 nan 0.999878
59 160 nan 0.999943
60 160 nan 0.999973
61 160 nan 0.999987
62 160 nan 0.999994
63 160 nan 0.999997
64 160 nan 0.999998
65 160 nan 0.999999
66 160 nan 1.000000
67 160 nan 1.000000
68 160 nan 1.000000
69 160 nan 1.000000
70 160 nan 1.000000
71 160 nan 1.000000
72 160 nan 1.000000
73 160 nan 1.000000
74 160 nan 1.000000
75 160 nan 1.000000
76 160 nan 1.000000
77 160 nan 1.000000
78 160 nan 1.000000
79 160 nan 1.000000
80 160 nan 1.000000
81 160 nan 1.000000
82 160 nan 1.000000
83 160 nan 1.000000
84 160 nan 1.000000
85 160 nan 1.000000
86 160 nan 1.000000
87 160 nan 1.000000
88 160 nan 1.000000
89 160 nan 1.000000
90 160 nan 1.000000
91 160 nan 1.000000
92 160 nan 1.000000
93 160 nan 1.000000
94 160 nan 1.000000
95 160 nan 1.000000
96 160 nan 1.000000
97 160 nan 1.000000
98 160 nan 1.000000
99 160 nan 1.000000
100 160 nan 1.000000
101 160 nan 1.000000
102 160 nan 1.000000
103 160 nan 1.000000
104 160 nan 1.000000
105 160 nan 1.000000
106 160 nan 1.000000
107 160 nan 1.000000
108 160 nan 1.000000
109 160 nan 1.000000
110 160 nan 1.000000
111 160 nan 1.000000
112 160 nan 1.000000
113 160 nan 1.000000
114 160 nan 1.000000
115 160 nan 1.000000
116 160 nan 1.000000
117 160 nan 1.000000
118 160 nan 1.000000
119 160 nan 1.000000
120 160 nan 1.000000
121 160 nan 1.000000
122 160 nan 1.000000
123 160 nan 1.000000
124 160 nan 1.000000
125 160 nan 1.000000
126 160 nan 1.000000
127 160 nan 1.000000
128 160 nan 1.000000
129 160 nan 1.000000
130 160 nan 1.000000
131 160 nan 1.000000
132 160 nan 1.000000
133 160 nan 1.000000
134 160 nan 1.000000
135 160 nan 0.999999
136 160 nan 0.999998
137 160 nan 0.999997
138 160 nan 0.999994
139 160 nan 0.999987
140 160 nan 0.999973
141 160 nan 0.999943
142 160 nan 0.999878
143 160 nan 0.999737
144 160 nan 0.999425
145 160 nan 0.998729
146 160 nan 0.997160
147 160 nan 0.993595
148 160 nan 0.985467
149 160 nan 0.967026
150 160 nan 0.926219
151 160 nan 0.841766
152 160 nan 0.690621
153 160 nan 0.481265
154 160 nan 0.276413
155 160 nan 0.134843
156 160 nan 0.059291
157 160 nan 0.024645
158 160 nan 0.009944
159 160 nan 0.003944
160 160 nan 0.001546
161 160 nan 0.000601
162 160 nan 0.000231
163 160 nan 0.000088
164 160 nan 0.000034
165 160 nan 0.000013
166 160 nan 0.000005
167 160 nan 0.000002
168 160 nan 0.000001
169 160 nan 0.000000
170 160 nan 0.000000
171 160 nan 0.000000
172 160 nan 0.000000
173 160 nan 0.000000
174 160 nan 0.000000
175 160 nan 0.000000
176 160 nan 0.000000
177 160 nan 0.000000
178 160 nan 0.000000
179 160 nan 0.000000
180 160 nan 0.000000
181 160 nan 0.000000
182 160 nan 0.000000
183 160 nan 0.000000
184 160 nan 0.000000
185 160 nan 0.000000
186 160 nan 0.000000
187 160 nan 0.000000
188 160 nan 0.000000
189 160 nan 0.000000
190 160 nan 0.000000
191 160 nan 0.000000
192 160 nan 0.000000
193 160 nan 0.000000
194 160 nan 0.000000
195 160 nan 0.000000
196 160 nan 0.000000
197 160 nan 0.000000
198 160 nan 0.000000
199 160 nan 0.000000
0 161 nan 0.000000
1 161 nan 0.000000
2 161 nan 0.000000
3 161 nan 0.000000
4 161 nan 0.000000
5 161 nan 0.000000
6 161 nan 0.000000
7 161 nan 0.000000
8 161 nan 0.000000
9 161 nan 0.000000
10 161 nan 0.000000
11 161 nan 0.000000
12 161 nan 0.000000
13 161 nan 0.000000
14 161 nan 0.000000
15 161 nan 0.000000
16 161 nan 0.000000
17 161 nan 0.000000
18 161 nan 0.000000
19 161 nan 0.000000
20 161 nan 0.000000
21 161 nan 0.000000
22 161 nan 0.000000
23 161 nan 0.000000
24 161 nan 0.000000
25 161 nan 0.000000
26 161 nan 0.000000
27 161 nan 0.000000
28 161 nan 0.000000
29 161 nan 0.000000
30 161 nan 0.000000
31 161 nan 0.000000
32 161 nan 0.000000
33 161 nan 0.000001
34 161 nan 0.000002
35 161 nan 0.000005
36 161 nan 0.000013
37 161 nan 0.000035
38 161 nan 0.000091
39 161 nan 0.000235
40 161 nan 0.000601
41 161 nan 0.001522
42 161 nan 0.003822
43 161 nan 0.009483
44 161 nan 0.023142
45 161 nan 0.054920
46 161 nan 0.123787
47 161 nan 0.253906
48 161 nan 0.448154
49 161 nan 0.657459
50 161 nan 0.817909
51 161 nan 0.912327
52 161 nan 0.959773
53 161 nan 0.981860
54 161 nan 0.991835
55 161 nan 0.996304
56 161 nan 0.998312
57 161 nan 0.999221
58 161 nan 0.999636
59 161 nan 0.999828
60 161 nan 0.999918
61 161 nan 0.999960
62 161 nan 0.999980
63 161 nan 0.999990
64 161 nan 0.999995
65 161 nan 0.999997
66 161 nan 0.999999
67 161 nan 0.999999
68 161 nan 1.000000
69 161 nan 1.000000
70 161 nan 1.000000
71 161 nan 1.000000
72 161 nan 1.000000
73 161 nan 1.000000
74 161 nan 1.000000
75 161 nan 1.000000
76 161 nan 1.000000
77 161 nan 1.000000
78 161 nan 1.000000
79 161 nan 1.000000
80 161 nan 1.000000
81 161 nan 1.000000
82 161 nan 1.000000
83 161 nan 1.000000
84 161 nan 1.000000
85 161 nan 1.000000
86 161 nan 1.000000
87 161 nan 1.000000
88 161 nan 1.000000
89 161 nan 1.000000
90 161 nan 1.000000
91 161 nan 1.000000
92 161 nan 1.000000
93 161 nan 1.000000
94 161 nan 1.000000
95 161 nan 1.000000
96 161 nan 1.000000
97 161 nan 1.000000
98 161 nan 1.000000
99 161 nan 1.000000
100 161 nan 1.000000
101 161 nan 1.000000
102 161 nan 1.000000
103 161 nan 1.000000
104 161 nan 1.000000
105 161 nan 1.000000
106 161 nan 1.000000
107 161 nan 1.000000
108 161 nan 1.000000
109 161 nan 1.000000
110 161 nan 1.000000
111 161 nan 1.000000
112 161 nan 1.000000
113 161 nan 1.000000
114 161 nan 1.000000
115 161 nan 1.000000
116 161 nan 1.000000
117 161 nan 1.000000
118 161 nan 1.000000
119 161 nan 1.000000
120 161 nan 1.000000
121 161 nan 1.000000
122 161 nan 1.000000
123 161 nan 1.000000
124 161 nan 1.000000
125 161 nan 1.000000
126 161 nan 1.000000
127 161 nan 1.000000
128 161 nan 1.000000
129 161 nan 1.000000
130 161 nan 1.000000
131 161 nan 1.000000
132 161 nan 1.000000
133 161 nan 0.999999
134 161 nan 0.999999
135 161 nan 0.999997
136 161 nan 0.999995
137 161 nan 0.999990
138 161 nan 0.999980
139 161 nan 0.999960
140 161 nan 0.999918
141 161 nan 0.999828
142 161 nan 0.999636
143 161 nan 0.999221
144 161 nan 0.998312
145 161 nan 0.996304
146 161 nan 0.991835
147 161 nan 0.981860
148 161 nan 0.959773
149 161 nan 0.912327
150 161 nan 0.817909
151 161 nan 0.657459
152 161 nan 0.448154
153 161 nan 0.253906
154 161 nan 0.123787
155 161 nan 0.054920
156 161 nan 0.023142
157 161 nan 0.009483
158 161 nan 0.003822
159 161 nan 0.001522
160 161 nan 0.000601
161 161 nan 0.000235
162 161 nan 0.000091
163 161 nan 0.000035
164 161 nan 0.000013
165 161 nan 0.000005
166 161 nan 0.000002
167 161 nan 0.000001
168 161 nan 0.000000
169 161 nan 0.000000
170 161 nan 0.000000
171 161 nan 0.000000
172 161 nan 0.000000
173 161 nan 0.000000
174 161 nan 0.000000
175 161 nan 0.000000
176 161 nan 0.000000
177 161 nan 0.000000
178 161 nan 0.000000
179 161 nan 0.000000
180 161 nan 0.000000
181 161 nan 0.000000
182 161 nan 0.000000
183 161 nan 0.000000
184 161 nan 0.000000
185 161 nan 0.000000
186 161 nan 0.000000
187 161 nan 0.000000
188 161 nan 0.000000
189 161 nan 0.000000
190 161 nan 0.000000
191 161 nan 0.000000
192 161 nan 0.000000
193 161 nan 0.000000
194 161 nan 0.000000
195 161 nan 0.000000
196 161 nan 0.000000
197 161 nan 0.000000
198 161 nan 0.000000
199 161 nan 0.000000
0 162 nan 0.000000
1 162 nan 0.000000
2 162 nan 0.000000
3 162 nan 0.000000
4 162 nan 0.000000
5 162 nan 0.000000
6 162 nan 0.000000
7 162 nan 0.000000
8 162 nan 0.000000
9 162 nan 0.000000
10 162 nan 0.000000
11 162 nan 0.000000
12 162 nan 0.000000
13 162 nan 0.000000
14 162 nan 0.000000
15 162 nan 0.000000
16 162 nan 0.000000
17 162 nan 0.000000
18 162 nan 0.000000
19 162 nan 0.000000
20 162 nan 0.000000
21 162 nan 0.000000
22 162 nan 0.000000
23 162 nan 0.000000
24 162 nan 0.000000
25 162 nan 0.000000
26 162 nan 0.000000
27 162 nan 0.000000
28 162 nan 0.000000
29 162 nan 0.000000
30 162 nan 0.000000
31 162 nan 0.000000
32 162 nan 0.000000
33 162 nan 0.000000
34 162 nan 0.000001
35 162 nan 0.000002
36 162 nan 0.000005
37 162 nan 0.000014
38 162 nan 0.000036
39 162 nan 0.000091
40 162 nan 0.000231
41 162 nan 0.000582
42 162 nan 0.001452
43 162 nan 0.003588
44 162 nan 0.008762
45 162 nan 0.021057
46 162 nan 0.049315
47 162 nan 0.110279
48 162 nan 0.226832
49 162 nan 0.407492
50 162 nan 0.614837
51 162 nan 0.785765
52 162 nan 0.892936
53 162 nan 0.949404
54 162 nan 0.976614
55 162 nan 0.989237
56 162 nan 0.995025
57 162 nan 0.997680
58 162 nan 0.998907
59 162 nan 0.999479
60 162 nan 0.999749
61 162 nan 0.999877
62 162 nan 0.999939
63 162 nan 0.999970
64 162 nan 0.999985
65 162 nan 0.999992
66 162 nan 0.999996
67 162 nan 0.999998
68 162 nan 0.999999
69 162 nan 0.999999
70 162 nan 1.000000
71 162 nan 1.000000
72 162 nan 1.000000
73 162 nan 1.000000
74 162 nan 1.000000
75 162 nan 1.000000
76 162 nan 1.000000
77 162 nan 1.000000
78 162 nan 1.000000
79 162 nan 1.000000
80 162 nan 1.000000
81 162 nan 1.000000
82 162 nan 1.000000
83 162 nan 1.000000
84 162 nan 1.000000
85 162 nan 1.000000
86 162 nan 1.000000
87 162 nan 1.000000
88 162 nan 1.000000
89 162 nan 1.000000
90 162 nan 1.000000
91 162 nan 1.000000
92 162 nan 1.000000
93 162 nan 1.000000
94 162 nan 1.000000
95 162 nan 1.000000
96 162 nan 1.000000
97 162 nan 1.000000
98 162 nan 1.000000
99 162 nan 1.000000
100 162 nan 1.000000
101 162 nan 1.000000
102 162 nan 1.000000
103 162 nan 1.000000
104 162 nan 1.000000
105 162 nan 1.000000
106 162 nan 1.000000
107 162 nan 1.000000
108 162 nan 1.000000
109 162 nan 1.000000
110 162 nan 1.000000
111 162 nan 1.000000
112 162 nan 1.000000
113 162 nan 1.000000
114 162 nan 1.000000
115 162 nan 1.000000
116 162 nan 1.000000
117 162 nan 1.000000
118 162 nan 1.000000
119 162 nan 1.000000
120 162 nan 1.000000
121 162 nan 1.000000
122 162 nan 1.000000
123 162 nan 1.000000
124 162 nan 1.000000
125 162 nan 1.000000
126 162 nan 1.000000
127 162 nan 1.000000
128 162 nan 1.000000
129 162 nan 1.000000
130 162 nan 1.000000
131 162 nan 0.999999
132 162 nan 0.999999
133 162 nan 0.999998
134 162 nan 0.999996
135 162 nan 0.999992
136 162 nan 0.999985
137 162 nan 0.999970
138 162 nan 0.999939
139 162 nan 0.999877
140 162 nan 0.999749
141 162 nan 0.999479
142 162 nan 0.998907
143 162 nan 0.997680
144 162 nan 0.995025
145 162 nan 0.989237
146 162 nan 0.976614
147 162 nan 0.949404
148 162 nan 0.892936
149 162 nan 0.785765
150 162 nan 0.614837
151 162 nan 0.407492
152 162 nan 0.226832
153 162 nan 0.110279
154 162 nan 0.049315
155 162 nan 0.021057
156 162 nan 0.008762
157 162 nan 0.003588
158 162 nan 0.001452
159 162 nan 0.000582
160 162 nan 0.000231
161 162 nan 0.000091
162 162 nan 0.000036
163 162 nan 0.000014
164 162 nan 0.000005
165 162 nan 0.000002
166 162 nan 0.000001
167 162 nan 0.000000
168 162 nan 0.000000
169 162 nan 0.000000
170 162 nan 0.000000
171 162 nan 0.000000
172 162 nan 0.000000
173 162 nan 0.000000
174 162 nan 0.000000
175 162 nan 0.000000
176 162 nan 0.000000
177 162 nan 0.000000
178 162 nan 0.000000
179 162 nan 0.000000
180 162 nan 0.000000
181 162 nan 0.000000
182 162 nan 0.000000
183 162 nan 0.000000
184 162 nan 0.000000
185 162 nan 0.000000
186 162 nan 0.000000
187 162 nan 0.000000
188 162 nan 0.000000
189 162 nan 0.000000
190 162 nan 0.000000
191 162 nan 0.000000
192 162 nan 0.000000
193 162 nan 0.000000
194 162 nan 0.000000
195 162 nan 0.000000
196 162 nan 0.000000
197 162 nan 0.000000
198 162 nan 0.000000
199 162 nan 0.000000
0 163 nan 0.000000
1 163 nan 0.000000
2 163 nan 0.000000
3 163 nan 0.000000
4 163 nan 0.000000
5 163 nan 0.000000
6 163 nan 0.000000
7 163 nan 0.000000
8 163 nan 0.000000
9 163 nan 0.000000
10 163 nan 0.000000
11 163 nan 0.000000
12 163 nan 0.000000
13 163 nan 0.000000
14 163 nan 0.000000
15 163 nan 0.000000
16 163 nan 0.000000
17 163 nan 0.000000
18 163 nan 0.000000
19 163 nan 0.000000
20 163 nan 0.000000
21 163 nan 0.000000
22 163 nan 0.000000
23 163 nan 0.000000
24 163 nan 0.000000
25 163 nan 0.000000
26 163 nan 0.000000
27 163 nan 0.000000
28 163 nan 0.000000
29 163 nan 0.000000
30 163 nan 0.000000
31 163 nan 0.000000
32 163 nan 0.000000
33 163 nan 0.000000
34 163 nan 0.000000
35 163 nan 0.000001
36 163 nan 0.000002
37 163 nan 0.000005
38 163 nan 0.000014
39 163 nan 0.000035
40 163 nan 0.000088
41 163 nan 0.000221
42 163 nan 0.000547
43 163 nan 0.001343
44 163 nan 0.003264
45 163 nan 0.007844
46 163 nan 0.018563
47 163 nan 0.042909
48 163 nan 0.095242
49 163 nan 0.196647
50 163 nan 0.360439
51 163 nan 0.562249
52 163 nan 0.743385
53 163 nan 0.866033
54 163 nan 0.934510
55 163 nan 0.968894
56 163 nan 0.985342
57 163 nan 0.993074
58 163 nan 0.996702
59 163 nan 0.998414
60 163 nan 0.999228
61 163 nan 0.999620
62 163 nan 0.999810
63 163 nan 0.999904
64 163 nan 0.999951
65 163 nan 0.999974
66 163 nan 0.999987
67 163 nan 0.999993
68 163 nan 0.999996
69 163 nan 0.999998
70 163 nan 0.999999
71 163 nan 0.999999
72 163 nan 1.000000
73 163 nan 1.000000
74 163 nan 1.000000
75 163 nan 1.000000
76 163 nan 1.000000
77 163 nan 1.000000
78 163 nan 1.000000
79 163 nan 1.000000
80 163 nan 1.000000
81 163 nan 1.000000
82 163 nan 1.000000
83 163 nan 1.000000
84 163 nan 1.000000
85 163 nan 1.000000
86 163 nan 1.000000
87 163 nan 1.000000
88 163 nan 1.000000
89 163 nan 1.000000
90 163 nan 1.000000
91 163 nan 1.000000
92 163 nan 1.000000
93 163 nan 1.000000
94 163 nan 1.000000
95 163 nan 1.000000
96 163 nan 1.000000
97 163 nan 1.000000
98 163 nan 1.000000
99 163 nan 1.000000
100 163 nan 1.000000
101 163 nan 1.000000
102 163 nan 1.000000
103 163 nan 1.000000
104 163 nan 1.000000
105 163 nan 1.000000
106 163 nan 1.000000
107 163 nan 1.000000
108 163 nan 1.000000
109 163 nan 1.000000
110 163 nan 1.000000
111 163 nan 1.000000
112 163 nan 1.000000
113 163 nan 1.000000
114 163 nan 1.000000
115 163 nan 1.000000
116 163 nan 1.000000
117 163 nan 1.000000
118 163 nan 1.000000
119 163 nan 1.000000
120 163 nan 1.000000
121 163 nan 1.000000
122 163 nan 1.000000
123 163 nan 1.000000
124 163 nan 1.000000
125 163 nan 1.000000
126 163 nan 1.000000
127 163 nan 1.000000
128 163 nan 1.000000
129 163 nan 0.999999
130 163 nan 0.999999
131 163 nan 0.999998
132 163 nan 0.999996
133 163 nan 0.999993
134 163 nan 0.999987
135 163 nan 0.999974
136 163 nan 0.999951
137 163 nan 0.999904
138 163 nan 0.999810
139 163 nan 0.999620
140 163 nan 0.999228
141 163 nan 0.998414
142 163 nan 0.996702
143 163 nan 0.993074
144 163 nan 0.985342
145 163 nan 0.968894
146 163 nan 0.934510
147 163 nan 0.866033
148 163 nan 0.743385
149 163 nan 0.562249
150 163 nan 0.360439
151 163 nan 0.196647
152 163 nan 0.095242
153 163 nan 0.042909
154 163 nan 0.018563
155 163 nan 0.007844
156 163 nan 0.003264
157 163 nan 0.001343
158 163 nan 0.000547
159 163 nan 0.000221
160 163 nan 0.000088
161 163 nan 0.000035
162 163 nan 0.000014
163 163 nan 0.000005
164 163 nan 0.000002
165 163 nan 0.000001
166 163 nan 0.000000
167 163 nan 0.000000
168 163 nan 0.000000
169 163 nan 0.000000
170 163 nan 0.000000
171 163 nan 0.000000
172 163 nan 0.000000
173 163 nan 0.000000
174 163 nan 0.000000
175 163 nan 0.000000
176 163 nan 0.000000
177 163 nan 0.000000
178 163 nan 0.000000
179 163 nan 0.000000
180 163 nan 0.000000
181 163 nan 0.000000
182 163 nan 0.000000
183 163 nan 0.000000
184 163 nan 0.000000
185 163 nan 0.000000
186 163 nan 0.000000
187 163 nan 0.000000
188 163 nan 0.000000
189 163 nan 0.000000
190 163 nan 0.000000
191 163 nan 0.000000
192 163 nan 0.000000
193 163 nan 0.000000
194 163 nan 0.000000
195 163 nan 0.000000
196 163 nan 0.000000
197 163 nan 0.000000
198 163 nan 0.000000
199 163 nan 0.000000
0 164 nan 0.000000
1 164 nan 0.000000
2 164 nan 0.000000
3 164 nan 0.000000
4 164 nan 0.000000
5 164 nan 0.000000
6 164 nan 0.000000
7 164 nan 0.000000
8 164 nan 0.000000
9 164 nan 0.000000
10 164 nan 0.000000
11 164 nan 0.000000
12 164 nan 0.000000
13 164 nan 0.000000
14 164 nan 0.000000
15 164 nan 0.000000
16 164 nan 0.000000
17 164 nan 0.000000
18 164 nan 0.000000
19 164 nan 0.000000
20 164 nan 0.000000
21 164 nan 0.000000
22 164 nan 0.000000
23 164 nan 0.000000
24 164 nan 0.000000
25 164 nan 0.000000
26 164 nan 0.000000
27 164 nan 0.000000
28 164 nan 0.000000
29 164 nan 0.000000
30 164 nan 0.000000
31 164 nan 0.000000
32 164 nan 0.000000
33 164 nan 0.000000
34 164 nan 0.000000
35 164 nan 0.000000
36 164 nan 0.000001
37 164 nan 0.000002
38 164 nan 0.000005
39 164 nan 0.000013
40 164 nan 0.000034
41 164 nan 0.000083
42 164 nan 0.000204
43 164 nan 0.000498
44 164 nan 0.001203
45 164 nan 0.002877
46 164 nan 0.006803
47 164 nan 0.015853
48 164 nan 0.036165
49 164 nan 0.079663
50 164 nan 0.165065
51 164 nan 0.308894
52 164 nan 0.500000
53 164 nan 0.688824
54 164 nan 0.828970
55 164 nan 0.913006
56 164 nan 0.957388
57 164 nan 0.979398
58 164 nan 0.990040
59 164 nan 0.995153
60 164 nan 0.997618
61 164 nan 0.998816
62 164 nan 0.999404
63 164 nan 0.999696
64 164 nan 0.999843
65 164 nan 0.999918
66 164 nan 0.999956
67 164 nan 0.999976
68 164 nan 0.999987
69 164 nan 0.999993
70 164 nan 0.999996
71 164 nan 0.999998
72 164 nan 0.999999
73 164 nan 0.999999
74 164 nan 1.000000
75 164 nan 1.000000
76 164 nan 1.000000
77 164 nan 1.000000
78 164 nan 1.000000
79 164 nan 1.000000
80 164 nan 1.000000
81 164 nan 1.000000
82 164 nan 1.000000
83 164 nan 1.000000
84 164 nan 1.000000
85 164 nan 1.000000
86 164 nan 1.000000
87 164 nan 1.000000
88 164 nan 1.000000
89 164 nan 1.000000
90 164 nan 1.000000
91 164 nan 1.000000
92 164 nan 1.000000
93 164 nan 1.000000
94 164 nan 1.000000
95 164 nan 1.000000
96 164 nan 1.000000
97 164 nan 1.000000
98 164 nan 1.000000
99 164 nan 1.000000
100 164 nan 1.000000
101 164 nan 1.000000
102 164 nan 1.000000
103 164 nan 1.000000
104 164 nan 1.000000
105 164 nan 1.000000
106 164 nan 1.000000
107 164 nan 1.000000
108 164 nan 1.000000
109 164 nan 1.000000
110 164 nan 1.000000
111 164 nan 1.000000
112 164 nan 1.000000
113 164 nan 1.000000
114 164 nan 1.000000
115 164 nan 1.000000
116 164 nan 1.000000
117 164 nan 1.000000
118 164 nan 1.000000
119 164 nan 1.000000
120 164 nan 1.000000
121 164 nan 1.000000
122 164 nan 1.000000
123 164 nan 1.000000
124 164 nan 1.000000
125 164 nan 1.000000
126 164 nan 1.000000
127 164 nan 0.999999
128 164 nan 0.999999
129 164 nan 0.999998
130 164 nan 0.999996
131 164 nan 0.999993
132 164 nan 0.999987
133 164 nan 0.999976
134 164 nan 0.999956
135 164 nan 0.999918
136 164 nan 0.999843
137 164 nan 0.999696
138 164 nan 0.999404
139 164 nan 0.998816
140 164 nan 0.997618
141 164 nan 0.995153
142 164 nan 0.990040
143 164 nan 0.979398
144 164 nan 0.957388
145 164 nan 0.913006
146 164 nan 0.828970
147 164 nan 0.688824
148 164 nan 0.500000
149 164 nan 0.308894
150 164 nan 0.165065
151 164 nan 0.079663
152 164 nan 0.036165
153 164 nan 0.015853
154 164 nan 0.006803
155 164 nan 0.002877
156 164 nan 0.001203
157 164 nan 0.000498
158 164 nan 0.000204
159 164 nan 0.000083
160 164 nan 0.000034
161 164 nan 0.000013
162 164 nan 0.000005
163 164 nan 0.000002
164 164 nan 0.000001
165 164 nan 0.000000
166 164 nan 0.000000
167 164 nan 0.000000
168 164 nan 0.000000
169 164 nan 0.000000
170 164 nan 0.000000
171 164 nan 0.000000
172 164 nan 0.000000
173 164 nan 0.000000
174 164 nan 0.000000
175 164 nan 0.000000
176 164 nan 0.000000
177 164 nan 0.000000
178 164 nan 0.000000
179 164 nan 0.000000
180 164 nan 0.000000
181 164 nan 0.000000
182 164 nan 0.000000
183 164 nan 0.000000
184 164 nan 0.000000
185 164 nan 0.000000
186 164 nan 0.000000
187 164 nan 0.000000
188 164 nan 0.000000
189 164 nan 0.000000
190 164 nan 0.000000
191 164 nan 0.000000
192 164 nan 0.000000
193 164 nan 0.000000
194 164 nan 0.000000
195 164 nan 0.000000
196 164 nan 0.000000
197 164 nan 0.000000
198 164 nan 0.000000
199 164 nan 0.000000
0 165 nan 0.000000
1 165 nan 0.000000
2 165 nan 0.000000
3 165 nan 0.000000
4 165 nan 0.000000
5 165 nan 0.000000
6 165 nan 0.000000
7 165 nan 0.000000
8 165 nan 0.000000
9 165 nan 0.000000
10 165 nan 0.000000
11 165 nan 0.000000
12 165 nan 0.000000
13 165 nan 0.000000
14 165 nan 0.000000
15 165 nan 0.000000
16 165 nan 0.000000
17 165 nan 0.000000
18 165 nan 0.000000
19 165 nan 0.000000
20 165 nan 0.000000
21 165 nan 0.000000
22 165 nan 0.000000
23 165 nan 0.000000
24 165 nan 0.000000
25 165 nan 0.000000
26 165 nan 0.000000
27 165 nan 0.000000
28 165 nan 0.000000
29 165 nan 0.000000
30 165 nan 0.000000
31 165 nan 0.000000
32 165 nan 0.000000
33 165 nan 0.000000
34 165 nan 0.000000
35 165 nan 0.000000
36 165 nan 0.000000
37 165 nan 0.000001
38 165 nan 0.000002
39 165 nan 0.000005
40 165 nan 0.000013
41 165 nan 0.000031
42 165 nan 0.000076
43 165 nan 0.000184
44 165 nan 0.000440
45 165 nan 0.001045
46 165 nan 0.002458
47 165 nan 0.005717
48 165 nan 0.013115
49 165 nan 0.029517
50 165 nan 0.064477
51 165 nan 0.133890
52 165 nan 0.255472
53 165 nan 0.429729
54 165 nan 0.620767
55 165 nan 0.778580
56 165 nan 0.881907
57 165 nan 0.940036
58 165 nan 0.970166
59 165 nan 0.985216
60 165 nan 0.992641
61 165 nan 0.996304
62 165 nan 0.998123
63 165 nan 0.999035
64 165 nan 0.999498
65 165 nan 0.999735
66 165 nan 0.999858
67 165 nan 0.999923
68 165 nan 0.999958
69 165 nan 0.999976
70 165 nan 0.999987
71 165 nan 0.999992
72 165 nan 0.999995
73 165 nan 0.999997
74 165 nan 0.999998
75 165 nan 0.999999
76 165 nan 0.999999
77 165 nan 1.000000
78 165 nan 1.000000
79 165 nan 1.000000
80 165 nan 1.000000
81 165 nan 1.000000
82 165 nan 1.000000
83 165 nan 1.000000
84 165 nan 1.000000
85 165 nan 1.000000
86 165 nan 1.000000
87 165 nan 1.000000
88 165 nan 1.000000
89 165 nan 1.000000
90 165 nan 1.000000
91 165 nan 1.000000
92 165 nan 1.000000
93 165 nan 1.000000
94 165 nan 1.000000
95 165 nan 1.000000
96 165 nan 1.000000
97 165 nan 1.000000
98 165 nan 1.000000
99 165 nan 1.000000
100 165 nan 1.000000
101 165 nan 1.000000
102 165 nan 1.000000
103 165 nan 1.000000
104 165 nan 1.000000
105 165 nan 1.000000
106 165 nan 1.000000
107 165 nan 1.000000
108 165 nan 1.000000
109 165 nan 1.000000
110 165 nan 1.000000
111 165 nan 1.000000
112 165 nan 1.000000
113 165 nan 1.000000
114 165 nan 1.000000
115 165 nan 1.000000
116 165 nan 1.000000
117 165 nan 1.000000
118 165 nan 1.000000
119 165 nan 1.000000
120 165 nan 1.000000
121 165 nan 1.000000
122 165 nan 1.000000
123 165 nan 1.000000
124 165 nan 0.999999
125 165 nan 0.999999
126 165 nan 0.999998
127 165 nan 0.999997
128 165 nan 0.999995
129 165 nan 0.999992
130 165 nan 0.999987
131 165 nan 0.999976
132 165 nan 0.999958
133 165 nan 0.999923
134 165 nan 0.999858
135 165 nan 0.999735
136 165 nan 0.999498
137 165 nan 0.999035
138 165 nan 0.998123
139 165 nan 0.996304
140 165 nan 0.992641
141 165 nan 0.985216
142 165 nan 0.970166
143 165 nan 0.940036
144 165 nan 0.881907
145 165 nan 0.778580
146 165 nan 0.620767
147 165 nan 0.429729
148 165 nan 0.255472
149 165 nan 0.133890
150 165 nan 0.064477
151 165 nan 0.029517
152 165 nan 0.013115
153 165 nan 0.005717
154 165 nan 0.002458
155 165 nan 0.001045
156 165 nan 0.000440
157 165 nan 0.000184
158 165 nan 0.000076
159 165 nan 0.000031
160 165 nan 0.000013
161 165 nan 0.000005
162 165 nan 0.000002
163 165 nan 0.000001
164 165 nan 0.000000
165 165 nan 0.000000
166 165 nan 0.000000
167 165 nan 0.000000
168 165 nan 0.000000
169 165 nan 0.000000
170 165 nan 0.000000
171 165 nan 0.000000
172 165 nan 0.000000
173 165 nan 0.000000
174 165 nan 0.000000
175 165 nan 0.000000
176 165 nan 0.000000
177 165 nan 0.000000
178 165 nan 0.000000
179 165 nan 0.000000
180 165 nan 0.000000
181 165 nan 0.000000
182 165 nan 0.000000
183 165 nan 0.000000
184 165 nan 0.000000
185 165 nan 0.000000
186 165 nan 0.000000
187 165 nan 0.000000
188 165 nan 0.000000
189 165 nan 0.000000
190 165 nan 0.000000
191 165 nan 0.000000
192 165 nan 0.000000
193 165 nan 0.000000
194 165 nan 0.000000
195 165 nan 0.000000
196 165 nan 0.000000
197 165 nan 0.000000
198 165 nan 0.000000
199 165 nan 0.000000
0 166 nan 0.000000
1 166 nan 0.000000
2 166 nan 0.000000
3 166 nan 0.000000
4 166 nan 0.000000
5 166 nan 0.000000
6 166 nan 0.000000
7 166 nan 0.000000
8 166 nan 0.000000
9 166 nan 0.000000
10 166 nan 0.000000
11 166 nan 0.000000
12 166 nan 0.000000
13 166 nan 0.000000
14 166 nan 0.000000
15 166 nan 0.000000
16 166 nan 0.000000
17 166 nan 0.000000
18 166 nan 0.000000
19 166 nan 0.000000
20 166 nan 0.000000
21 166 nan 0.000000
22 166 nan 0.000000
23 166 nan 0.000000
24 166 nan 0.000000
25 166 nan 0.000000
26 166 nan 0.000000
27 166 nan 0.000000
28 166 nan 0.000000
29 166 nan 0.000000
30 166 nan 0.000000
31 166 nan 0.000000
32 166 nan 0.000000
33 166 nan 0.000000
34 166 nan 0.000000
35 166 nan 0.000000
36 166 nan 0.000000
37 166 nan 0.000000
38 166 nan 0.000001
39 166 nan 0.000002
40 166 nan 0.000005
41 166 nan 0.000012
42 166 nan 0.000028
43 166 nan 0.000067
44 166 nan 0.000160
45 166 nan 0.000377
46 166 nan 0.000880
47 166 nan 0.002035
48 166 nan 0.004655
49 166 nan 0.010510
50 166 nan 0.023325
51 166 nan 0.050468
52 166 nan 0.104790
53 166 nan 0.203226
54 166 nan 0.354728
55 166 nan 0.539530
56 166 nan 0.711736
57 166 nan 0.837204
58 166 nan 0.913681
59 166 nan 0.955602
60 166 nan 0.977390
61 166 nan 0.988470
62 166 nan 0.994077
63 166 nan 0.996926
64 166 nan 0.998385
65 166 nan 0.999141
66 166 nan 0.999536
67 166 nan 0.999746
68 166 nan 0.999859
69 166 nan 0.999921
70 166 nan 0.999955
71 166 nan 0.999974
72 166 nan 0.999985
73 166 nan 0.999991
74 166 nan 0.999994
75 166 nan 0.999997
76 166 nan 0.999998
77 166 nan 0.999999
78 166 nan 0.999999
79 166 nan 0.999999
80 166 nan 1.000000
81 166 nan 1.000000
82 166 nan 1.000000
83 166 nan 1.000000
84 166 nan 1.000000
85 166 nan 1.000000
86 166 nan 1.000000
87 166 nan 1.000000
88 166 nan 1.000000
89 166 nan 1.000000
90 166 nan 1.000000
91 166 nan 1.000000
92 166 nan 1.000000
93 166 nan 1.000000
94 166 nan 1.000000
95 166 nan 1.000000
96 166 nan 1.000000
97 166 nan 1.000000
98 166 nan 1.000000
99 166 nan 1.000000
100 166 nan 1.000000
101 166 nan 1.000000
102 166 nan 1.000000
103 166 nan 1.000000
104 166 nan 1.000000
105 166 nan 1.000000
106 166 nan 1.000000
107 166 nan 1.000000
108 166 nan 1.000000
109 166 nan 1.000000
110 166 nan 1.000000
111 166 nan 1.000000
112 166 nan 1.000000
113 166 nan 1.000000
114 166 nan 1.000000
115 166 nan 1.000000
116 166 nan 1.000000
117 166 nan 1.000000
118 166 nan 1.000000
119 166 nan 1.000000
120 166 nan 1.000000
121 166 nan 0.999999
122 166 nan 0.999999
123 166 nan 0.999999
124 166 nan 0.999998
125 166 nan 0.999997
126 166 nan 0.999994
127 166 nan 0.999991
128 166 nan 0.999985
129 166 nan 0.999974
130 166 nan 0.999955
131 166 nan 0.999921
132 166 nan 0.999859
133 166 nan 0.999746
134 166 nan 0.999536
135 166 nan 0.999141
136 166 nan 0.998385
137 166 nan 0.996926
138 166 nan 0.994077
139 166 nan 0.988470
140 166 nan 0.977390
141 166 nan 0.955602
142 166 nan 0.913681
143 166 nan 0.837204
144 166 nan 0.711736
145 166 nan 0.539530
146 166 nan 0.354728
147 166 nan 0.203226
148 166 nan 0.104790
149 166 nan 0.050468
150 166 nan 0.023325
151 166 nan 0.010510
152 166 nan 0.004655
153 166 nan 0.002035
154 166 nan 0.000880
155 166 nan 0.000377
156 166 nan 0.000160
157 166 nan 0.000067
158 166 nan 0.000028
159 166 nan 0.000012
160 166 nan 0.000005
161 166 nan 0.000002
162 166 nan 0.000001
163 166 nan 0.000000
164 166 nan 0.000000
165 166 nan 0.000000
166 166 nan 0.000000
167 166 nan 0.000000
168 166 nan 0.000000
169 166 nan 0.000000
170 166 nan 0.000000
171 166 nan 0.000000
172 166 nan 0.000000
173 166 nan 0.000000
174 166 nan 0.000000
175 166 nan 0.000000
176 166 nan 0.000000
177 166 nan 0.000000
178 166 nan 0.000000
179 166 nan 0.000000
180 166 nan 0.000000
181 166 nan 0.000000
182 166 nan 0.000000
183 166 nan 0.000000
184 166 nan 0.000000
185 166 nan 0.000000
186 166 nan 0.000000
187 166 nan 0.000000
188 166 nan 0.000000
189 166 nan 0.000000
190 166 nan 0.000000
191 166 nan 0.000000
192 166 nan 0.000000
193 166 nan 0.000000
194 166 nan 0.000000
195 166 nan 0.000000
196 166 nan 0.000000
197 166 nan 0.000000
198 166 nan 0.000000
199 166 nan 0.000000
0 167 nan 0.000000
1 167 nan 0.000000
2 167 nan 0.000000
3 167 nan 0.000000
4 167 nan 0.000000
5 167 nan 0.000000
6 167 nan 0.000000
7 167 nan 0.000000
8 167 nan 0.000000
9 167 nan 0.000000
10 167 nan 0.000000
11 167 nan 0.000000
12 167 nan 0.000000
13 167 nan 0.000000
14 167 nan 0.000000
15 167 nan 0.000000
16 167 nan 0.000000
17 167 nan 0.000000
18 167 nan 0.000000
19 167 nan 0.000000
20 167 nan 0.000000
21 167 nan 0.000000
22 167 nan 0.000000
23 167 nan 0.000000
24 167 nan 0.000000
25 167 nan 0.000000
26 167 nan 0.000000
27 167 nan 0.000000
28 167 nan 0.000000
29 167 nan 0.000000
30 167 nan 0.000000
31 167 nan 0.000000
32 167 nan 0.000000
33 167 nan 0.000000
34 167 nan 0.000000
35 167 nan 0.000000
36 167 nan 0.000000
37 167 nan 0.000000
38 167 nan 0.000000
39 167 nan 0.000001
40 167 nan 0.000002
41 167 nan 0.000004
42 167 nan 0.000010
43 167 nan 0.000024
44 167 nan 0.000058
45 167 nan 0.000135
46 167 nan 0.000313
47 167 nan 0.000718
48 167 nan 0.001633
49 167 nan 0.003674
50 167 nan 0.008160
51 167 nan 0.017845
52 167 nan 0.038191
53 167 nan 0.079068
54 167 nan 0.155137
55 167 nan 0.279729
56 167 nan 0.448154
57 167 nan 0.626662
58 167 nan 0.774189
59 167 nan 0.873714
60 167 nan 0.932387
61 167 nan 0.964466
62 167 nan 0.981392
63 167 nan 0.990210
64 167 nan 0.994803
65 167 nan 0.997209
66 167 nan 0.998482
67 167 nan 0.999163
68 167 nan 0.999532
69 167 nan 0.999735
70 167 nan 0.999847
71 167 nan 0.999911
72 167 nan 0.999947
73 167 nan 0.999968
74 167 nan 0.999980
75 167 nan 0.999988
76 167 nan 0.999992
77 167 nan 0.999995
78 167 nan 0.999997
79 167 nan 0.999998
80 167 nan 0.999999
81 167 nan 0.999999
82 167 nan 0.999999
83 167 nan 0.999999
84 167 nan 1.000000
85 167 nan 1.000000
86 167 nan 1.000000
87 167 nan 1.000000
88 167 nan 1.000000
89 167 nan 1.000000
90 167 nan 1.000000
91 167 nan 1.000000
92 167 nan 1.000000
93 167 nan 1.000000
94 167 nan 1.000000
95 167 nan 1.000000
96 167 nan 1.000000
97 167 nan 1.000000
98 167 nan 1.000000
99 167 nan 1.000000
100 167 nan 1.000000
101 167 nan 1.000000
102 167 nan 1.000000
103 167 nan 1.000000
104 167 nan 1.000000
105 167 nan 1.000000
106 167 nan 1.000000
107 167 nan 1.000000
108 167 nan 1.000000
109 167 nan 1.000000
110 167 nan 1.000000
111 167 nan 1.000000
112 167 nan 1.000000
113 167 nan 1.000000
114 167 nan 1.000000
115 167 nan 1.000000
116 167 nan 1.000000
117 167 nan 0.999999
118 167 nan 0.999999
119 167 nan 0.999999
120 167 nan 0.999999
121 167 nan 0.999998
122 167 nan 0.999997
123 167 nan 0.999995
124 167 nan 0.999992
125 167 nan 0.999988
126 167 nan 0.999980
127 167 nan 0.999968
128 167 nan 0.999947
129 167 nan 0.999911
130 167 nan 0.999847
131 167 nan 0.999735
132 167 nan 0.999532
133 167 nan 0.999163
134 167 nan 0.998482
135 167 nan 0.997209
136 167 nan 0.994803
137 167 nan 0.990210
138 167 nan 0.981392
139 167 nan 0.964466
140 167 nan 0.932387
141 167 nan 0.873714
142 167 nan 0.774189
143 167 nan 0.626662
144 167 nan 0.448154
145 167 nan 0.279729
146 167 nan 0.155137
147 167 nan 0.079068
148 167 nan 0.038191
149 167 nan 0.017845
150 167 nan 0.008160
151 167 nan 0.003674
152 167 nan 0.001633
153 167 nan 0.000718
154 167 nan 0.000313
155 167 nan 0.000135
156 167 nan 0.000058
157 167 nan 0.000024
158 167 nan 0.000010
159 167 nan 0.000004
160 167 nan 0.000002
161 167 nan 0.000001
162 167 nan 0.000000
163 167 nan 0.000000
164 167 nan 0.000000
165 167 nan 0.000000
166 167 nan 0.000000
167 167 nan 0.000000
168 167 nan 0.000000
169 167 nan 0.000000
170 167 nan 0.000000
171 167 nan 0.000000
172 167 nan 0.000000
173 167 nan 0.000000
174 167 nan 0.000000
175 167 nan 0.000000
176 167 nan 0.000000
177 167 nan 0.000000
178 167 nan 0.000000
179 167 nan 0.000000
180 167 nan 0.000000
181 167 nan 0.000000
182 167 nan 0.000000
183 167 nan 0.000000
184 167 nan 0.000000
185 167 nan 0.000000
186 167 nan 0.000000
187 167 nan 0.000000
188 167 nan 0.000000
189 167 nan 0.000000
190 167 nan 0.000000
191 167 nan 0.000000
192 167 nan 0.000000
193 167 nan 0.000000
194 167 nan 0.000000
195 167 nan 0.000000
196 167 nan 0.000000
197 167 nan 0.000000
198 167 nan 0.000000
199 167 nan 0.000000
0 168 nan 0.000000
1 168 nan 0.000000
2 168 nan 0.000000
3 168 nan 0.000000
4 168 nan 0.000000
5 168 nan 0.000000
6 168 nan 0.000000
7 168 nan 0.000000
8 168 nan 0.000000
9 168 nan 0.000000
10 168 nan 0.000000
11 168 nan 0.000000
12 168 nan 0.000000
13 168 nan 0.000000
14 168 nan 0.000000
15 168 nan 0.000000
16 168 nan 0.000000
17 168 nan 0.000000
18 168 nan 0.000000
19 168 nan 0.000000
20 168 nan 0.000000
21 168 nan 0.000000
22 168 nan 0.000000
23 168 nan 0.000000
24 168 nan 0.000000
25 168 nan 0.000000
26 168 nan 0.000000
27 168 nan 0.000000
28 168 nan 0.000000
29 168 nan 0.000000
30 168 nan 0.000000
31 168 nan 0.000000
32 168 nan 0.000000
33 168 nan 0.000000
34 168 nan 0.000000
35 168 nan 0.000000
36 168 nan 0.000000
37 168 nan 0.000000
38 168 nan 0.000000
39 168 nan 0.000000
40 168 nan 0.000001
41 168 nan 0.000002
42 168 nan 0.000004
43 168 nan 0.000009
44 168 nan 0.000021
45 168 nan 0.000048
46 168 nan 0.000110
47 168 nan 0.000252
48 168 nan 0.000569
49 168 nan 0.001271
50 168 nan 0.002810
51 168 nan 0.006138
52 168 nan 0.013219
53 168 nan 0.027942
54 168 nan 0.057504
55 168 nan 0.113528
56 168 nan 0.209971
57 168 nan 0.352833
58 168 nan 0.524991
59 168 nan 0.688824
60 168 nan 0.814103
61 168 nan 0.895351
62 168 nan 0.942865
63 168 nan 0.969153
64 168 nan 0.983340
65 168 nan 0.990942
66 168 nan 0.995025
67 168 nan 0.997234
68 168 nan 0.998441
69 168 nan 0.999110
70 168 nan 0.999484
71 168 nan 0.999696
72 168 nan 0.999819
73 168 nan 0.999890
74 168 nan 0.999932
75 168 nan 0.999958
76 168 nan 0.999973
77 168 nan 0.999983
78 168 nan 0.999988
79 168 nan 0.999992
80 168 nan 0.999995
81 168 nan 0.999996
82 168 nan 0.999997
83 168 nan 0.999998
84 168 nan 0.999999
85 168 nan 0.999999
86 168 nan 0.999999
87 168 nan 0.999999
88 168 nan 1.000000
89 168 nan 1.000000
90 168 nan 1.000000
91 168 nan 1.000000
92 168 nan 1.000000
93 168 nan 1.000000
94 168 nan 1.000000
95 168 nan 1.000000
96 168 nan 1.000000
97 168 nan 1.000000
98 168 nan 1.000000
99 168 nan 1.000000
100 168 nan 1.000000
101 168 nan 1.000000
102 168 nan 1.000000
103 168 nan 1.000000
104 168 nan 1.000000
105 168 nan 1.000000
106 168 nan 1.000000
107 168 nan 1.000000
108 168 nan 1.000000
109 168 nan 1.000000
110 168 nan 1.000000
111 168 nan 1.000000
112 168 nan 1.000000
113 168 nan 0.999999
114 168 nan 0.999999
115 168 nan 0.999999
116 168 nan 0.999999
117 168 nan 0.999998
118 168 nan 0.999997
119 168 nan 0.999996
120 168 nan 0.999995
121 168 nan 0.999992
122 168 nan 0.999988
123 168 nan 0.999983
124 168 nan 0.999973
125 168 nan 0.999958
126 168 nan 0.999932
127 168 nan 0.999890
128 168 nan 0.999819
129 168 nan 0.999696
130 168 nan 0.999484
131 168 nan 0.999110
132 168 nan 0.998441
133 168 nan 0.997234
134 168 nan 0.995025
135 168 nan 0.990942
136 168 nan 0.983340
137 168 nan 0.969153
138 168 nan 0.942865
139 168 nan 0.895351
140 168 nan 0.814103
141 168 nan 0.688824
142 168 nan 0.524991
143 168 nan 0.352833
144 168 nan 0.209971
145 168 nan 0.113528
146 168 nan 0.057504
147 168 nan 0.027942
148 168 nan 0.013219
149 168 nan 0.006138
150 168 nan 0.002810
151 168 nan 0.001271
152 168 nan 0.000569
153 168 nan 0.000252
154 168 nan 0.000110
155 168 nan 0.000048
156 168 nan 0.000021
157 168 nan 0.000009
158 168 nan 0.000004
159 168 nan 0.000002
160 168 nan 0.000001
161 168 nan 0.000000
162 168 nan 0.000000
163 168 nan 0.000000
164 168 nan 0.000000
165 168 nan 0.000000
166 168 nan 0.000000
167 168 nan 0.000000
168 168 nan 0.000000
169 168 nan 0.000000
170 168 nan 0.000000
171 168 nan 0.000000
172 168 nan 0.000000
173 168 nan 0.000000
174 168 nan 0.000000
175 168 nan 0.000000
176 168 nan 0.000000
177 168 nan 0.000000
178 168 nan 0.000000
179 168 nan 0.000000
180 168 nan 0.000000
181 168 nan 0.000000
182 168 nan 0.000000
183 168 nan 0.000000
184 168 nan 0.000000
185 168 nan 0.000000
186 168 nan 0.000000
187 168 nan 0.000000
188 168 nan 0.000000
189 168 nan 0.000000
190 168 nan 0.000000
191 168 nan 0.000000
192 168 nan 0.000000
193 168 nan 0.000000
194 168 nan 0.000000
195 168 nan 0.000000
196 168 nan 0.000000
197 168 nan 0.000000
198 168 nan 0.000000
199 168 nan 0.000000
0 169 nan 0.000000
1 169 nan 0.000000
2 169 nan 0.000000
3 169 nan 0.000000
4 169 nan 0.000000
5 169 nan 0.000000
6 169 nan 0.000000
7 169 nan 0.000000
8 169 nan 0.000000
9 169 nan 0.000000
10 169 nan 0.000000
11 169 nan 0.000000
12 169 nan 0.000000
13 169 nan 0.000000
14 169 nan 0.000000
15 169 nan 0.000000
16 169 nan 0.000000
17 169 nan 0.000000
18 169 nan 0.000000
19 169 nan 0.000000
20 169 nan 0.000000
21 169 nan 0.000000
22 169 nan 0.000000
23 169 nan 0.000000
24 169 nan 0.000000
25 169 nan 0.000000
26 169 nan 0.000000
27 169 nan 0.000000
28 169 nan 0.000000
29 169 nan 0.000000
30 169 nan 0.000000
31 169 nan 0.000000
32 169 nan 0.000000
33 169 nan 0.000000
34 169 nan 0.000000
35 169 nan 0.000000
36 169 nan 0.000000
37 169 nan 0.000000
38 169 nan 0.000000
39 169 nan 0.000000
40 169 nan 0.000000
41 169 nan 0.000001
42 169 nan 0.000001
43 169 nan 0.000003
44 169 nan 0.000007
45 169 nan 0.000017
46 169 nan 0.000039
47 169 nan 0.000088
48 169 nan 0.000197
49 169 nan 0.000437
50 169 nan 0.000959
51 169 nan 0.002084
52 169 nan 0.004475
53 169 nan 0.009483
54 169 nan 0.019771
55 169 nan 0.040327
56 169 nan 0.079663
57 169 nan 0.149838
58 169 nan 0.261801
59 169 nan 0.413521
60 169 nan 0.580663
61 169 nan 0.728675
62 169 nan 0.837204
63 169 nan 0.906721
64 169 nan 0.947732
65 169 nan 0.970905
66 169 nan 0.983761
67 169 nan 0.990863
68 169 nan 0.994803
69 169 nan 0.997006
70 169 nan 0.998251
71 169 nan 0.998964
72 169 nan 0.999377
73 169 nan 0.999620
74 169 nan 0.999764
75 169 nan 0.999851
76 169 nan 0.999905
77 169 nan 0.999938
78 169 nan 0.999959
79 169 nan 0.999972
80 169 nan 0.999981
81 169 nan 0.999987
82 169 nan 0.999991
83 169 nan 0.999993
84 169 nan 0.999995
85 169 nan 0.999996
86 169 nan 0.999997
87 169 nan 0.999998
88 169 nan 0.999998
89 169 nan 0.999999
90 169 nan 0.999999
91 169 nan 0.999999
92 169 nan 0.999999
93 169 nan 0.999999
94 169 nan 0.999999
95 169 nan 0.999999
96 169 nan 1.000000
97 169 nan 1.000000
98 169 nan 1.000000
99 169 nan 1.000000
100 169 nan 1.000000
101 169 nan 1.000000
102 169 nan 1.000000
103 169 nan 1.000000
104 169 nan 1.000000
105 169 nan 0.999999
106 169 nan 0.999999
107 169 nan 0.999999
108 169 nan 0.999999
109 169 nan 0.999999
110 169 nan 0.999999
111 169 nan 0.999999
112 169 nan 0.999998
113 169 nan 0.999998
114 169 nan 0.999997
115 169 nan 0.999996
116 169 nan 0.999995
117 169 nan 0.999993
118 169 nan 0.999991
119 169 nan 0.999987
120 169 nan 0.999981
121 169 nan 0.999972
122 169 nan 0.999959
123 169 nan 0.999938
124 169 nan 0.999905
125 169 nan 0.999851
126 169 nan 0.999764
127 169 nan 0.999620
128 169 nan 0.999377
129 169 nan 0.998964
130 169 nan 0.998251
131 169 nan 0.997006
132 169 nan 0.994803
133 169 nan 0.990863
134 169 nan 0.983761
135 169 nan 0.970905
136 169 nan 0.947732
137 169 nan 0.906721
138 169 nan 0.837204
139 169 nan 0.728675
140 169 nan 0.580663
141 169 nan 0.413521
142 169 nan 0.261801
143 169 nan 0.149838
144 169 nan 0.079663
145 169 nan 0.040327
146 169 nan 0.019771
147 169 nan 0.009483
148 169 nan 0.004475
149 169 nan 0.002084
150 169 nan 0.000959
151 169 nan 0.000437
152 169 nan 0.000197
153 169 nan 0.000088
154 169 nan 0.000039
155 169 nan 0.000017
156 169 nan 0.000007
157 169 nan 0.000003
158 169 nan 0.000001
159 169 nan 0.000001
160 169 nan 0.000000
161 169 nan 0.000000
162 169 nan 0.000000
163 169 nan 0.000000
164 169 nan 0.000000
165 169 nan 0.000000
166 169 nan 0.000000
167 169 nan 0.000000
168 169 nan 0.000000
169 169 nan 0.000000
170 169 nan 0.000000
171 169 nan 0.000000
172 169 nan 0.000000
173 169 nan 0.000000
174 169 nan 0.000000
175 169 nan 0.000000
176 169 nan 0.000000
177 169 nan 0.000000
178 169 nan 0.000000
179 169 nan 0.000000
180 169 nan 0.000000
181 169 nan 0.000000
182 169 nan 0.000000
183 169 nan 0.000000
184 169 nan 0.000000
185 169 nan 0.000000
186 169 nan 0.000000
187 169 nan 0.000000
188 169 nan 0.000000
189 169 nan 0.000000
190 169 nan 0.000000
191 169 nan 0.000000
192 169 nan 0.000000
193 169 nan 0.000000
194 169 nan 0.000000
195 169 nan 0.000000
196 169 nan 0.000000
197 169 nan 0.000000
198 169 nan 0.000000
199 169 nan 0.000000
0 170 nan 0.000000
1 170 nan 0.000000
2 170 nan 0.000000
3 170 nan 0.000000
4 170 nan 0.000000
5 170 nan 0.000000
6 170 nan 0.000000
7 170 nan 0.000000
8 170 nan 0.000000
9 170 nan 0.000000
10 170 nan 0.000000
11 170 nan 0.000000
12 170 nan 0.000000
13 170 nan 0.000000
14 170 nan 0.000000
15 170 nan 0.000000
16 170 nan 0.000000
17 170 nan 0.000000
18 170 nan 0.000000
19 170 nan 0.000000
20 170 nan 0.000000
21 170 nan 0.000000
22 170 nan 0.000000
23 170 nan 0.000000
24 170 nan 0.000000
25 170 nan 0.000000
26 170 nan 0.000000
27 170 nan 0.000000
28 170 nan 0.000000
29 170 nan 0.000000
30 170 nan 0.000000
31 170 nan 0.000000
32 170 nan 0.000000
33 170 nan 0.000000
34 170 nan 0.000000
35 170 nan 0.000000
36 170 nan 0.000000
37 170 nan 0.000000
38 170 nan 0.000000
39 170 nan 0.000000
40 170 nan 0.000000
41 170 nan 0.000000
42 170 nan 0.000000
43 170 nan 0.000001
44 170 nan 0.000003
45 170 nan 0.000006
46 170 nan 0.000014
47 170 nan 0.000030
48 170 nan 0.000068
49 170 nan 0.000149
50 170 nan 0.000325
51 170 nan 0.000702
52 170 nan 0.001498
53 170 nan 0.003163
54 170 nan 0.006591
55 170 nan 0.013536
56 170 nan 0.027292
57 170 nan 0.053670
58 170 nan 0.101765
59 170 nan 0.182751
60 170 nan 0.303623
61 170 nan 0.456397
62 170 nan 0.614837
63 170 nan 0.749756
64 170 nan 0.847324
65 170 nan 0.910261
66 170 nan 0.948155
67 170 nan 0.970166
68 170 nan 0.982763
69 170 nan 0.989954
70 170 nan 0.994077
71 170 nan 0.996463
72 170 nan 0.997857
73 170 nan 0.998683
74 170 nan 0.999178
75 170 nan 0.999479
76 170 nan 0.999665
77 170 nan 0.999781
78 170 nan 0.999854
79 170 nan 0.999901
80 170 nan 0.999932
81 170 nan 0.999953
82 170 nan 0.999966
83 170 nan 0.999976
84 170 nan 0.999982
85 170 nan 0.999987
86 170 nan 0.999990
87 170 nan 0.999992
88 170 nan 0.999994
89 170 nan 0.999995
90 170 nan 0.999996
91 170 nan 0.999997
92 170 nan 0.999997
93 170 nan 0.999997
94 170 nan 0.999998
95 170 nan 0.999998
96 170 nan 0.999998
97 170 nan 0.999998
98 170 nan 0.999998
99 170 nan 0.999998
100 170 nan 0.999998
101 170 nan 0.999998
102 170 nan 0.999998
103 170 nan 0.999998
104 170 nan 0.999998
105 170 nan 0.999998
106 170 nan 0.999998
107 170 nan 0.999997
108 170 nan 0.999997
109 170 nan 0.999997
110 170 nan 0.999996
111 170 nan 0.999995
112 170 nan 0.999994
113 170 nan 0.999992
114 170 nan 0.999990
115 170 nan 0.999987
116 170 nan 0.999982
117 170 nan 0.999976
118 170 nan 0.999966
119 170 nan 0.999953
120 170 nan 0.999932
121 170 nan 0.999901
122 170 nan 0.999854
123 170 nan 0.999781
124 170 nan 0.999665
125 170 nan 0.999479
126 170 nan 0.999178
127 170 nan 0.998683
128 170 nan 0.997857
129 170 nan 0.996463
130 170 nan 0.994077
131 170 nan 0.989954
132 170 nan 0.982763
133 170 nan 0.970166
134 170 nan 0.948155
135 170 nan 0.910261
136 170 nan 0.847324
137 170 nan 0.749756
138 170 nan 0.614837
139 170 nan 0.456397
140 170 nan 0.303623
141 170 nan 0.182751
142 170 nan 0.101765
143 170 nan 0.053670
144 170 nan 0.027292
145 170 nan 0.013536
146 170 nan 0.006591
147 170 nan 0.003163
148 170 nan 0.001498
149 170 nan 0.000702
150 170 nan 0.000325
151 170 nan 0.000149
152 170 nan 0.000068
153 170 nan 0.000030
154 170 nan 0.000014
155 170 nan 0.000006
156 170 nan 0.000003
157 170 nan 0.000001
158 170 nan 0.000000
159 170 nan 0.000000
160 170 nan 0.000000
161 170 nan 0.000000
162 170 nan 0.000000
163 170 nan 0.000000
164 170 nan 0.000000
165 170 nan 0.000000
166 170 nan 0.000000
167 170 nan 0.000000
168 170 nan 0.000000
169 170 nan 0.000000
170 170 nan 0.000000
171 170 nan 0.000000
172 170 nan 0.000000
173 170 nan 0.000000
174 170 nan 0.000000
175 170 nan 0.000000
176 170 nan 0.000000
177 170 nan 0.000000
178 170 nan 0.000000
179 170 nan 0.000000
180 170 nan 0.000000
181 170 nan 0.000000
182 170 nan 0.000000
183 170 nan 0.000000
184 170 nan 0.000000
185 170 nan 0.000000
186 170 nan 0.000000
187 170 nan 0.000000
188 170 nan 0.000000
189 170 nan 0.000000
190 170 nan 0.000000
191 170 nan 0.000000
192 170 nan 0.000000
193 170 nan 0.000000
194 170 nan 0.000000
195 170 nan 0.000000
196 170 nan 0.000000
197 170 nan 0.000000
198 170 nan 0.000000
199 170 nan 0.000000
0 171 nan 0.000000
1 171 nan 0.000000
2 171 nan 0.000000
3 171 nan 0.000000
4 171 nan 0.000000
5 171 nan 0.000000
6 171 nan 0.000000
7 171 nan 0.000000
8 171 nan 0.000000
9 171 nan 0.000000
10 171 nan 0.000000
11 171 nan 0.000000
12 171 nan 0.000000
13 171 nan 0.000000
14 171 nan 0.000000
15 171 nan 0.000000
16 171 nan 0.000000
17 171 nan 0.000000
18 171 nan 0.000000
19 171 nan 0.000000
20 171 nan 0.000000
21 171 nan 0.000000
22 171 nan 0.000000
23 171 nan 0.000000
24 171 nan 0.000000
25 171 nan 0.000000
26 171 nan 0.000000
27 171 nan 0.000000
28 171 nan 0.000000
29 171 nan 0.000000
30 171 nan 0.000000
31 171 nan 0.000000
32 171 nan 0.000000
33 171 nan 0.000000
34 171 nan 0.000000
35 171 nan 0.000000
36 171 nan 0.000000
37 171 nan 0.000000
38 171 nan 0.000000
39 171 nan 0.000000
40 171 nan 0.000000
41 171 nan 0.000000
42 171 nan 0.000000
43 171 nan 0.000000
44 171 nan 0.000001
45 171 nan 0.000002
46 171 nan 0.000005
47 171 nan 0.000010
48 171 nan 0.000023
49 171 nan 0.000051
50 171 nan 0.000110
51 171 nan 0.000235
52 171 nan 0.000498
53 171 nan 0.001045
54 171 nan 0.002167
55 171 nan 0.004440
56 171 nan 0.008972
57 171 nan 0.017845
58 171 nan 0.034783
59 171 nan 0.065964
60 171 nan 0.120281
61 171 nan 0.207253
62 171 nan 0.330484
63 171 nan 0.479187
64 171 nan 0.628619
65 171 nan 0.754466
66 171 nan 0.846225
67 171 nan 0.906721
68 171 nan 0.944233
69 171 nan 0.966750
70 171 nan 0.980085
71 171 nan 0.987964
72 171 nan 0.992641
73 171 nan 0.995441
74 171 nan 0.997135
75 171 nan 0.998172
76 171 nan 0.998816
77 171 nan 0.999221
78 171 nan 0.999479
79 171 nan 0.999646
80 171 nan 0.999755
81 171 nan 0.999828
82 171 nan 0.999877
83 171 nan 0.999911
84 171 nan 0.999934
85 171 nan 0.999950
86 171 nan 0.999962
87 171 nan 0.999970
88 171 nan 0.999976
89 171 nan 0.999981
90 171 nan 0.999984
91 171 nan 0.999987
92 171 nan 0.999989
93 171 nan 0.999990
94 171 nan 0.999991
95 171 nan 0.999992
96 171 nan 0.999993
97 171 nan 0.999993
98 171 nan 0.999994
99 171 nan 0.999994
100 171 nan 0.999994
101 171 nan 0.999994
102 171 nan 0.999994
103 171 nan 0.999993
104 171 nan 0.999993
105 171 nan 0.999992
106 171 nan 0.999991
107 171 nan 0.999990
108 171 nan 0.999989
109 171 nan 0.999987
110 171 nan 0.999984
111 171 nan 0.999981
112 171 nan 0.999976
113 171 nan 0.999970
114 171 nan 0.999962
115 171 nan 0.999950
116 171 nan 0.999934
117 171 nan 0.999911
118 171 nan 0.999877
119 171 nan 0.999828
120 171 nan 0.999755
121 171 nan 0.999646
122 171 nan 0.999479
123 171 nan 0.999221
124 171 nan 0.998816
125 171 nan 0.998172
126 171 nan 0.997135
127 171 nan 0.995441
128 171 nan 0.992641
129 171 nan 0.987964
130 171 nan 0.980085
131 171 nan 0.966750
132 171 nan 0.944233
133 171 nan 0.906721
134 171 nan 0.846225
135 171 nan 0.754466
136 171 nan 0.628619
137 171 nan 0.479187
138 171 nan 0.330484
139 171 nan 0.207253
140 171 nan 0.120281
141 171 nan 0.065964
142 171 nan 0.034783
143 171 nan 0.017845
144 171 nan 0.008972
145 171 nan 0.004440
146 171 nan 0.002167
147 171 nan 0.001045
148 171 nan 0.000498
149 171 nan 0.000235
150 171 nan 0.000110
151 171 nan 0.000051
152 171 nan 0.000023
153 171 nan 0.000010
154 171 nan 0.000005
155 171 nan 0.000002
156 171 nan 0.000001
157 171 nan 0.000000
158 171 nan 0.000000
159 171 nan 0.000000
160 171 nan 0.000000
161 171 nan 0.000000
162 171 nan 0.000000
163 171 nan 0.000000
164 171 nan 0.000000
165 171 nan 0.000000
166 171 nan 0.000000
167 171 nan 0.000000
168 171 nan 0.000000
169 171 nan 0.000000
170 171 nan 0.000000
171 171 nan 0.000000
172 171 nan 0.000000
173 171 nan 0.000000
174 171 nan 0.000000
175 171 nan 0.000000
176 171 nan 0.000000
177 171 nan 0.000000
178 171 nan 0.000000
179 171 nan 0.000000
180 171 nan 0.000000
181 171 nan 0.000000
182 171 nan 0.000000
183 171 nan 0.000000
184 171 nan 0.000000
185 171 nan 0.000000
186 171 nan 0.000000
187 171 nan 0.000000
188 171 nan 0.000000
189 171 nan 0.000000
190 171 nan 0.000000
191 171 nan 0.000000
192 171 nan 0.000000
193 171 nan 0.000000
194 171 nan 0.000000
195 171 nan 0.000000
196 171 nan 0.000000
197 171 nan 0.000000
198 171 nan 0.000000
199 171 nan 0.000000
0 172 nan 0.000000
1 172 nan 0.000000
2 172 nan 0.000000
3 172 nan 0.000000
4 172 nan 0.000000
5 172 nan 0.000000
6 172 nan 0.000000
7 172 nan 0.000000
8 172 nan 0.000000
9 172 nan 0.000000
10 172 nan 0.000000
11 172 nan 0.000000
12 172 nan 0.000000
13 172 nan 0.000000
14 172 nan 0.000000
15 172 nan 0.000000
16 172 nan 0.000000
17 172 nan 0.000000
18 172 nan 0.000000
19 172 nan 0.000000
20 172 nan 0.000000
21 172 nan 0.000000
22 172 nan 0.000000
23 172 nan 0.000000
24 172 nan 0.000000
25 172 nan 0.000000
26 172 nan 0.000000
27 172 nan 0.000000
28 172 nan 0.000000
29 172 nan 0.000000
30 172 nan 0.000000
31 172 nan 0.000000
32 172 nan 0.000000
33 172 nan 0.000000
34 172 nan 0.000000
35 172 nan 0.000000
36 172 nan 0.000000
37 172 nan 0.000000
38 172 nan 0.000000
39 172 nan 0.000000
40 172 nan 0.000000
41 172 nan 0.000000
42 172 nan 0.000000
43 172 nan 0.000000
44 172 nan 0.000000
45 172 nan 0.000001
46 172 nan 0.000002
47 172 nan 0.000004
48 172 nan 0.000008
49 172 nan 0.000017
50 172 nan 0.000037
51 172 nan 0.000078
52 172 nan 0.000165
53 172 nan 0.000343
54 172 nan 0.000707
55 172 nan 0.001441
56 172 nan 0.002900
57 172 nan 0.005762
58 172 nan 0.011286
59 172 nan 0.021731
60 172 nan 0.040958
61 172 nan 0.075015
62 172 nan 0.132002
63 172 nan 0.219691
64 172 nan 0.339708
65 172 nan 0.481265
66 172 nan 0.622736
67 172 nan 0.743385
68 172 nan 0.833714
69 172 nan 0.895351
70 172 nan 0.935031
71 172 nan 0.959773
72 172 nan 0.974984
73 172 nan 0.984305
74 172 nan 0.990040
75 172 nan 0.993595
76 172 nan 0.995822
77 172 nan 0.997234
78 172 nan 0.998140
79 172 nan 0.998729
80 172 nan 0.999117
81 172 nan 0.999377
82 172 nan 0.999553
83 172 nan 0.999674
84 172 nan 0.999758
85 172 nan 0.999817
86 172 nan 0.999859
87 172 nan 0.999890
88 172 nan 0.999912
89 172 nan 0.999929
90 172 nan 0.999941
91 172 nan 0.999951
92 172 nan 0.999958
93 172 nan 0.999963
94 172 nan 0.999967
95 172 nan 0.999971
96 172 nan 0.999973
97 172 nan 0.999975
98 172 nan 0.999976
99 172 nan 0.999976
100 172 nan 0.999977
101 172 nan 0.999976
102 172 nan 0.999976
103 172 nan 0.999975
104 172 nan 0.999973
105 172 nan 0.999971
106 172 nan 0.999967
107 172 nan 0.999963
108 172 nan 0.999958
109 172 nan 0.999951
110 172 nan 0.999941
111 172 nan 0.999929
112 172 nan 0.999912
113 172 nan 0.999890
114 172 nan 0.999859
115 172 nan 0.999817
116 172 nan 0.999758
117 172 nan 0.999674
118 172 nan 0.999553
119 172 nan 0.999377
120 172 nan 0.999117
121 172 nan 0.998729
122 172 nan 0.998140
123 172 nan 0.997234
124 172 nan 0.995822
125 172 nan 0.993595
126 172 nan 0.990040
127 172 nan 0.984305
128 172 nan 0.974984
129 172 nan 0.959773
130 172 nan 0.935031
131 172 nan 0.895351
132 172 nan 0.833714
133 172 nan 0.743385
134 172 nan 0.622736
135 172 nan 0.481265
136 172 nan 0.339708
137 172 nan 0.219691
138 172 nan 0.132002
139 172 nan 0.075015
140 172 nan 0.040958
141 172 nan 0.021731
142 172 nan 0.011286
143 172 nan 0.005762
144 172 nan 0.002900
145 172 nan 0.001441
146 172 nan 0.000707
147 172 nan 0.000343
148 172 nan 0.000165
149 172 nan 0.000078
150 172 nan 0.000037
151 172 nan 0.000017
152 172 nan 0.000008
153 172 nan 0.000004
154 172 nan 0.000002
155 172 nan 0.000001
156 172 nan 0.000000
157 172 nan 0.000000
158 172 nan 0.000000
159 172 nan 0.000000
160 172 nan 0.000000
161 172 nan 0.000000
162 172 nan 0.000000
163 172 nan 0.000000
164 172 nan 0.000000
165 172 nan 0.000000
166 172 nan 0.000000
167 172 nan 0.000000
168 172 nan 0.000000
169 172 nan 0.000000
170 172 nan 0.000000
171 172 nan 0.000000
172 172 nan 0.000000
173 172 nan 0.000000
174 172 nan 0.000000
175 172 nan 0.000000
176 172 nan 0.000000
177 172 nan 0.000000
178 172 nan 0.000000
179 172 nan 0.000000
180 172 nan 0.000000
181 172 nan 0.000000
182 172 nan 0.000000
183 172 nan 0.000000
184 172 nan 0.000000
185 172 nan 0.000000
186 172 nan 0.000000
187 172 nan 0.000000
188 172 nan 0.000000
189 172 nan 0.000000
190 172 nan 0.000000
191 172 nan 0.000000
192 172 nan 0.000000
193 172 nan 0.000000
194 172 nan 0.000000
195 172 nan 0.000000
196 172 nan 0.000000
197 172 nan 0.000000
198 172 nan 0.000000
199 172 nan 0.000000
0 173 nan 0.000000
1 173 nan 0.000000
2 173 nan 0.000000
3 173 nan 0.000000
4 173 nan 0.000000
5 173 nan 0.000000
6 173 nan 0.000000
7 173 nan 0.000000
8 173 nan 0.000000
9 173 nan 0.000000
10 173 nan 0.000000
11 173 nan 0.000000
12 173 nan 0.000000
13 173 nan 0.000000
14 173 nan 0.000000
15 173 nan 0.000000
16 173 nan 0.000000
17 173 nan 0.000000
18 173 nan 0.000000
19 173 nan 0.000000
20 173 nan 0.000000
21 173 nan 0.000000
22 173 nan 0.000000
23 173 nan 0.000000
24 173 nan 0.000000
25 173 nan 0.000000
26 173 nan 0.000000
27 173 nan 0.000000
28 173 nan 0.000000
29 173 nan 0.000000
30 173 nan 0.000000
31 173 nan 0.000000
32 173 nan 0.000000
33 173 nan 0.000000
34 173 nan 0.000000
35 173 nan 0.000000
36 173 nan 0.000000
37 173 nan 0.000000
38 173 nan 0.000000
39 173 nan 0.000000
40 173 nan 0.000000
41 173 nan 0.000000
42 173 nan 0.000000
43 173 nan 0.000000
44 173 nan 0.000000
45 173 nan 0.000000
46 173 nan 0.000001
47 173 nan 0.000001
48 173 nan 0.000003
49 173 nan 0.000006
50 173 nan 0.000012
51 173 nan 0.000026
52 173 nan 0.000054
53 173 nan 0.000112
54 173 nan 0.000230
55 173 nan 0.000465
56 173 nan 0.000929
57 173 nan 0.001838
58 173 nan 0.003588
59 173 nan 0.006911
60 173 nan 0.013115
61 173 nan 0.024452
62 173 nan 0.044603
63 173 nan 0.079068
64 173 nan 0.134843
65 173 nan 0.218282
66 173 nan 0.330484
67 173 nan 0.462596
68 173 nan 0.596858
69 173 nan 0.715172
70 173 nan 0.807624
71 173 nan 0.873714
72 173 nan 0.918272
73 173 nan 0.947306
74 173 nan 0.965911
75 173 nan 0.977769
76 173 nan 0.985342
77 173 nan 0.990210
78 173 nan 0.993369
79 173 nan 0.995441
80 173 nan 0.996816
81 173 nan 0.997741
82 173 nan 0.998371
83 173 nan 0.998806
84 173 nan 0.999110
85 173 nan 0.999325
86 173 nan 0.999479
87 173 nan 0.999591
88 173 nan 0.999674
89 173 nan 0.999735
90 173 nan 0.999781
91 173 nan 0.999815
92 173 nan 0.999842
93 173 nan 0.999862
94 173 nan 0.999877
95 173 nan 0.999889
96 173 nan 0.999898
97 173 nan 0.999904
98 173 nan 0.999908
99 173 nan 0.999911
100 173 nan 0.999912
101 173 nan 0.999911
102 173 nan 0.999908
103 173 nan 0.999904
104 173 nan 0.999898
105 173 nan 0.999889
106 173 nan 0.999877
107 173 nan 0.999862
108 173 nan 0.999842
109 173 nan 0.999815
110 173 nan 0.999781
111 173 nan 0.999735
112 173 nan 0.999674
113 173 nan 0.999591
114 173 nan 0.999479
115 173 nan 0.999325
116 173 nan 0.999110
117 173 nan 0.998806
118 173 nan 0.998371
119 173 nan 0.997741
120 173 nan 0.996816
121 173 nan 0.995441
122 173 nan 0.993369
123 173 nan 0.990210
124 173 nan 0.985342
125 173 nan 0.977769
126 173 nan 0.965911
127 173 nan 0.947306
128 173 nan 0.918272
129 173 nan 0.873714
130 173 nan 0.807624
131 173 nan 0.715172
132 173 nan 0.596858
133 173 nan 0.462596
134 173 nan 0.330484
135 173 nan 0.218282
136 173 nan 0.134843
137 173 nan 0.079068
138 173 nan 0.044603
139 173 nan 0.024452
140 173 nan 0.013115
141 173 nan 0.006911
142 173 nan 0.003588
143 173 nan 0.001838
144 173 nan 0.000929
145 173 nan 0.000465
146 173 nan 0.000230
147 173 nan 0.000112
148 173 nan 0.000054
149 173 nan 0.000026
150 173 nan 0.000012
151 173 nan 0.000006
152 173 nan 0.000003
153 173 nan 0.000001
154 173 nan 0.000001
155 173 nan 0.000000
156 173 nan 0.000000
157 173 nan 0.000000
158 173 nan 0.000000
159 173 nan 0.000000
160 173 nan 0.000000
161 173 nan 0.000000
162 173 nan 0.000000
163 173 nan 0.000000
164 173 nan 0.000000
165 173 nan 0.000000
166 173 nan 0.000000
167 173 nan 0.000000
168 173 nan 0.000000
169 173 nan 0.000000
170 173 nan 0.000000
171 173 nan 0.000000
172 173 nan 0.000000
173 173 nan 0.000000
174 173 nan 0.000000
175 173 nan 0.000000
176 173 nan 0.000000
177 173 nan 0.000000
178 173 nan 0.000000
179 173 nan 0.000000
180 173 nan 0.000000
181 173 nan 0.000000
182 173 nan 0.000000
183 173 nan 0.000000
184 173 nan 0.000000
185 173 nan 0.000000
186 173 nan 0.000000
187 173 nan 0.000000
188 173 nan 0.000000
189 173 nan 0.000000
190 173 nan 0.000000
191 173 nan 0.000000
192 173 nan 0.000000
193 173 nan 0.000000
194 173 nan 0.000000
195 173 nan 0.000000
196 173 nan 0.000000
197 173 nan 0.000000
198 173 nan 0.000000
199 173 nan 0.000000
0 174 nan 0.000000
1 174 nan 0.000000
2 174 nan 0.000000
3 174 nan 0.000000
4 174 nan 0.000000
5 174 nan 0.000000
6 174 nan 0.000000
7 174 nan 0.000000
8 174 nan 0.000000
9 174 nan 0.000000
10 174 nan 0.000000
11 174 nan 0.000000
12 174 nan 0.000000
13 174 nan 0.000000
14 174 nan 0.000000
15 174 nan 0.000000
16 174 nan 0.000000
17 174 nan 0.000000
18 174 nan 0.000000
19 174 nan 0.000000
20 174 nan 0.000000
21 174 nan 0.000000
22 174 nan 0.000000
23 174 nan 0.000000
24 174 nan 0.000000
25 174 nan 0.000000
26 174 nan 0.000000
27 174 nan 0.000000
28 174 nan 0.000000
29 174 nan 0.000000
30 174 nan 0.000000
31 174 nan 0.000000
32 174 nan 0.000000
33 174 nan 0.000000
34 174 nan 0.000000
35 174 nan 0.000000
36 174 nan 0.000000
37 174 nan 0.000000
38 174 nan 0.000000
39 174 nan 0.000000
40 174 nan 0.000000
41 174 nan 0.000000
42 174 nan 0.000000
43 174 nan 0.000000
44 174 nan 0.000000
45 174 nan 0.000000
46 174 nan 0.000000
47 174 nan 0.000000
48 174 nan 0.000001
49 174 nan 0.000002
50 174 nan 0.000004
51 174 nan 0.000009
52 174 nan 0.000018
53 174 nan 0.000036
54 174 nan 0.000074
55 174 nan 0.000149
56 174 nan 0.000296
57 174 nan 0.000582
58 174 nan 0.001130
59 174 nan 0.002167
60 174 nan 0.004103
61 174 nan 0.007660
62 174 nan 0.014081
63 174 nan 0.025431
64 174 nan 0.044950
65 174 nan 0.077307
66 174 nan 0.128295
67 174 nan 0.203226
68 174 nan 0.303623
69 174 nan 0.423630
70 174 nan 0.549880
71 174 nan 0.666839
72 174 nan 0.763708
73 174 nan 0.837204
74 174 nan 0.889642
75 174 nan 0.925633
76 174 nan 0.949814
77 174 nan 0.965911
78 174 nan 0.976614
79 174 nan 0.983761
80 174 nan 0.988569
81 174 nan 0.991835
82 174 nan 0.994077
83 174 nan 0.995635
84 174 nan 0.996731
85 174 nan 0.997511
86 174 nan 0.998073
87 174 nan 0.998482
88 174 nan 0.998784
89 174 nan 0.999009
90 174 nan 0.999178
91 174 nan 0.999306
92 174 nan 0.999404
93 174 nan 0.999479
94 174 nan 0.999536
95 174 nan 0.999580
96 174 nan 0.999613
97 174 nan 0.999636
98 174 nan 0.999652
99 174 nan 0.999662
100 174 nan 0.999665
101 174 nan 0.999662
102 174 nan 0.999652
103 174 nan 0.999636
104 174 nan 0.999613
105 174 nan 0.999580
106 174 nan 0.999536
107 174 nan 0.999479
108 174 nan 0.999404
109 174 nan 0.999306
110 174 nan 0.999178
111 174 nan 0.999009
112 174 nan 0.998784
113 174 nan 0.998482
114 174 nan 0.998073
115 174 nan 0.997511
116 174 nan 0.996731
117 174 nan 0.995635
118 174 nan 0.994077
119 174 nan 0.991835
120 174 nan 0.988569
121 174 nan 0.983761
122 174 nan 0.976614
123 174 nan 0.965911
124 174 nan 0.949814
125 174 nan 0.925633
126 174 nan 0.889642
127 174 nan 0.837204
128 174 nan 0.763708
129 174 nan 0.666839
130 174 nan 0.549880
131 174 nan 0.423630
132 174 nan 0.303623
133 174 nan 0.203226
134 174 nan 0.128295
135 174 nan 0.077307
136 174 nan 0.044950
137 174 nan 0.025431
138 174 nan 0.014081
139 174 nan 0.007660
140 174 nan 0.004103
141 174 nan 0.002167
142 174 nan 0.001130
143 174 nan 0.000582
144 174 nan 0.000296
145 174 nan 0.000149
146 174 nan 0.000074
147 174 nan 0.000036
148 174 nan 0.000018
149 174 nan 0.000009
150 174 nan 0.000004
151 174 nan 0.000002
152 174 nan 0.000001
153 174 nan 0.000000
154 174 nan 0.000000
155 174 nan 0.000000
156 174 nan 0.000000
157 174 nan 0.000000
158 174 nan 0.000000
159 174 nan 0.000000
160 174 nan 0.000000
161 174 nan 0.000000
162 174 nan 0.000000
163 174 nan 0.000000
164 174 nan 0.000000
165 174 nan 0.000000
166 174 nan 0.000000
167 174 nan 0.000000
168 174 nan 0.000000
169 174 nan 0.000000
170 174 nan 0.000000
171 174 nan 0.000000
172 174 nan 0.000000
173 174 nan 0.000000
174 174 nan 0.000000
175 174 nan 0.000000
176 174 nan 0.000000
177 174 nan 0.000000
178 174 nan 0.000000
179 174 nan 0.000000
180 174 nan 0.000000
181 174 nan 0.000000
182 174 nan 0.000000
183 174 nan 0.000000
184 174 nan 0.000000
185 174 nan 0.000000
186 174 nan 0.000000
187 174 nan 0.000000
188 174 nan 0.000000
189 174 nan 0.000000
190 174 nan 0.000000
191 174 nan 0.000000
192 174 nan 0.000000
193 174 nan 0.000000
194 174 nan 0.000000
195 174 nan 0.000000
196 174 nan 0.000000
197 174 nan 0.000000
198 174 nan 0.000000
199 174 nan 0.000000
0 175 nan 0.000000
1 175 nan 0.000000
2 175 nan 0.000000
3 175 nan 0.000000
4 175 nan 0.000000
5 175 nan 0.000000
6 175 nan 0.000000
7 175 nan 0.000000
8 175 nan 0.000000
9 175 nan 0.000000
10 175 nan 0.000000
11 175 nan 0.000000
12 175 nan 0.000000
13 175 nan 0.000000
14 175 nan 0.000000
15 175 nan 0.000000
16 175 nan 0.000000
17 175 nan 0.000000
18 175 nan 0.000000
19 175 nan 0.000000
20 175 nan 0.000000
21 175 nan 0.000000
22 175 nan 0.000000
23 175 nan 0.000000
24 175 nan 0.000000
25 175 nan 0.000000
26 175 nan 0.000000
27 175 nan 0.000000
28 175 nan 0.000000
29 175 nan 0.000000
30 175 nan 0.000000
31 175 nan 0.000000
32 175 nan 0.000000
33 175 nan 0.000000
34 175 nan 0.000000
35 175 nan 0.000000
36 175 nan 0.000000
37 175 nan 0.000000
38 175 nan 0.000000
39 175 nan 0.000000
40 175 nan 0.000000
41 175 nan 0.000000
42 175 nan 0.000000
43 175 nan 0.000000
44 175 nan 0.000000
45 175 nan 0.000000
46 175 nan 0.000000
47 175 nan 0.000000
48 175 nan 0.000000
49 175 nan 0.000001
50 175 nan 0.000001
51 175 nan 0.000003
52 175 nan 0.000006
53 175 nan 0.000012
54 175 nan 0.000024
55 175 nan 0.000048
56 175 nan 0.000094
57 175 nan 0.000184
58 175 nan 0.000354
59 175 nan 0.000675
60 175 nan 0.001271
61 175 nan 0.002363
62 175 nan 0.004336
63 175 nan 0.007844
64 175 nan 0.013971
65 175 nan 0.024452
66 175 nan 0.041923
67 175 nan 0.070088
68 175 nan 0.113528
69 175 nan 0.176695
70 175 nan 0.261801
71 175 nan 0.366192
72 175 nan 0.481265
73 175 nan 0.594843
74 175 nan 0.695977
75 175 nan 0.778580
76 175 nan 0.841766
77 175 nan 0.887962
78 175 nan 0.920796
79 175 nan 0.943780
80 175 nan 0.959773
81 175 nan 0.970905
82 175 nan 0.978689
83 175 nan 0.984171
84 175 nan 0.988067
85 175 nan 0.990863
86 175 nan 0.992892
87 175 nan 0.994379
88 175 nan 0.995480
89 175 nan 0.996304
90 175 nan 0.996926
91 175 nan 0.997399
92 175 nan 0.997761
93 175 nan 0.998038
94 175 nan 0.998251
95 175 nan 0.998414
96 175 nan 0.998535
97 175 nan 0.998623
98 175 nan 0.998683
99 175 nan 0.998718
100 175 nan 0.998729
101 175 nan 0.998718
102 175 nan 0.998683
103 175 nan 0.998623
104 175 nan 0.998535
105 175 nan 0.998414
106 175 nan 0.998251
107 175 nan 0.998038
108 175 nan 0.997761
109 175 nan 0.997399
110 175 nan 0.996926
111 175 nan 0.996304
112 175 nan 0.995480
113 175 nan 0.994379
114 175 nan 0.992892
115 175 nan 0.990863
116 175 nan 0.988067
117 175 nan 0.984171
118 175 nan 0.978689
119 175 nan 0.970905
120 175 nan 0.959773
121 175 nan 0.943780
122 175 nan 0.920796
123 175 nan 0.887962
124 175 nan 0.841766
125 175 nan 0.778580
126 175 nan 0.695977
127 175 nan 0.594843
128 175 nan 0.481265
129 175 nan 0.366192
130 175 nan 0.261801
131 175 nan 0.176695
132 175 nan 0.113528
133 175 nan 0.070088
134 175 nan 0.041923
135 175 nan 0.024452
136 175 nan 0.013971
137 175 nan 0.007844
138 175 nan 0.004336
139 175 nan 0.002363
140 175 nan 0.001271
141 175 nan 0.000675
142 175 nan 0.000354
143 175 nan 0.000184
144 175 nan 0.000094
145 175 nan 0.000048
146 175 nan 0.000024
147 175 nan 0.000012
148 175 nan 0.000006
149 175 nan 0.000003
150 175 nan 0.000001
151 175 nan 0.000001
152 175 nan 0.000000
153 175 nan 0.000000
154 175 nan 0.000000
155 175 nan 0.000000
156 175 nan 0.000000
157 175 nan 0.000000
158 175 nan 0.000000
159 175 nan 0.000000
160 175 nan 0.000000
161 175 nan 0.000000
162 175 nan 0.000000
163 175 nan 0.000000
164 175 nan 0.000000
165 175 nan 0.000000
166 175 nan 0.000000
167 175 nan 0.000000
168 175 nan 0.000000
169 175 nan 0.000000
170 175 nan 0.000000
171 175 nan 0.000000
172 175 nan 0.000000
173 175 nan 0.000000
174 175 nan 0.000000
175 175 nan 0.000000
176 175 nan 0.000000
177 175 nan 0.000000
178 175 nan 0.000000
179 175 nan 0.000000
180 175 nan 0.000000
181 175 nan 0.000000
182 175 nan 0.000000
183 175 nan 0.000000
184 175 nan 0.000000
185 175 nan 0.000000
186 175 nan 0.000000
187 175 nan 0.000000
188 175 nan 0.000000
189 175 nan 0.000000
190 175 nan 0.000000
191 175 nan 0.000000
192 175 nan 0.000000
193 175 nan 0.000000
194 175 nan 0.000000
195 175 nan 0.000000
196 175 nan 0.000000
197 175 nan 0.000000
198 175 nan 0.000000
199 175 nan 0.000000
0 176 nan 0.000000
1 176 nan 0.000000
2 176 nan 0.000000
3 176 nan 0.000000
4 176 nan 0.000000
5 176 nan 0.000000
6 176 nan 0.000000
7 176 nan 0.000000
8 176 nan 0.000000
9 176 nan 0.000000
10 176 nan 0.000000
11 176 nan 0.000000
12 176 nan 0.000000
13 176 nan 0.000000
14 176 nan 0.000000
15 176 nan 0.000000
16 176 nan 0.000000
17 176 nan 0.000000
18 176 nan 0.000000
19 176 nan 0.000000
20 176 nan 0.000000
21 176 nan 0.000000
22 176 nan 0.000000
23 176 nan 0.000000
24 176 nan 0.000000
25 176 nan 0.000000
26 176 nan 0.000000
27 176 nan 0.000000
28 176 nan 0.000000
29 176 nan 0.000000
30 176 nan 0.000000
31 176 nan 0.000000
32 176 nan 0.000000
33 176 nan 0.000000
34 176 nan 0.000000
35 176 nan 0.000000
36 176 nan 0.000000
37 176 nan 0.000000
38 176 nan 0.000000
39 176 nan 0.000000
40 176 nan 0.000000
41 176 nan 0.000000
42 176 nan 0.000000
43 176 nan 0.000000
44 176 nan 0.000000
45 176 nan 0.000000
46 176 nan 0.000000
47 176 nan 0.000000
48 176 nan 0.000000
49 176 nan 0.000000
50 176 nan 0.000000
51 176 nan 0.000001
52 176 nan 0.000002
53 176 nan 0.000004
54 176 nan 0.000008
55 176 nan 0.000015
56 176 nan 0.000030
57 176 nan 0.000058
58 176 nan 0.000110
59 176 nan 0.000209
60 176 nan 0.000392
61 176 nan 0.000724
62 176 nan 0.001322
63 176 nan 0.002382
64 176 nan 0.004235
65 176 nan 0.007421
66 176 nan 0.012807
67 176 nan 0.021731
68 176 nan 0.036165
69 176 nan 0.058839
70 176 nan 0.093154
71 176 nan 0.142674
72 176 nan 0.209971
73 176 nan 0.294955
74 176 nan 0.393540
75 176 nan 0.497917
76 176 nan 0.598869
77 176 nan 0.688824
78 176 nan 0.763708
79 176 nan 0.822891
80 176 nan 0.867989
81 176 nan 0.901558
82 176 nan 0.926219
83 176 nan 0.944233
84 176 nan 0.957388
85 176 nan 0.967026
86 176 nan 0.974128
87 176 nan 0.979398
88 176 nan 0.983340
89 176 nan 0.986312
90 176 nan 0.988569
91 176 nan 0.990294
92 176 nan 0.991620
93 176 nan 0.992641
94 176 nan 0.993426
95 176 nan 0.994026
96 176 nan 0.994476
97 176 nan 0.994803
98 176 nan 0.995025
99 176 nan 0.995153
100 176 nan 0.995195
101 176 nan 0.995153
102 176 nan 0.995025
103 176 nan 0.994803
104 176 nan 0.994476
105 176 nan 0.994026
106 176 nan 0.993426
107 176 nan 0.992641
108 176 nan 0.991620
109 176 nan 0.990294
110 176 nan 0.988569
111 176 nan 0.986312
112 176 nan 0.983340
113 176 nan 0.979398
114 176 nan 0.974128
115 176 nan 0.967026
116 176 nan 0.957388
117 176 nan 0.944233
118 176 nan 0.926219
119 176 nan 0.901558
120 176 nan 0.867989
121 176 nan 0.822891
122 176 nan 0.763708
123 176 nan 0.688824
124 176 nan 0.598869
125 176 nan 0.497917
126 176 nan 0.393540
127 176 nan 0.294955
128 176 nan 0.209971
129 176 nan 0.142674
130 176 nan 0.093154
131 176 nan 0.058839
132 176 nan 0.036165
133 176 nan 0.021731
134 176 nan 0.012807
135 176 nan 0.007421
136 176 nan 0.004235
137 176 nan 0.002382
138 176 nan 0.001322
139 176 nan 0.000724
140 176 nan 0.000392
141 176 nan 0.000209
142 176 nan 0.000110
143 176 nan 0.000058
144 176 nan 0.000030
145 176 nan 0.000015
146 176 nan 0.000008
147 176 nan 0.000004
148 176 nan 0.000002
149 176 nan 0.000001
150 176 nan 0.000000
151 176 nan 0.000000
152 176 nan 0.000000
153 176 nan 0.000000
154 176 nan 0.000000
155 176 nan 0.000000
156 176 nan 0.000000
157 176 nan 0.000000
158 176 nan 0.000000
159 176 nan 0.000000
160 176 nan 0.000000
161 176 nan 0.000000
162 176 nan 0.000000
163 176 nan 0.000000
164 176 nan 0.000000
165 176 nan 0.000000
166 176 nan 0.000000
167 176 nan 0.000000
168 176 nan 0.000000
169 176 nan 0.000000
170 176 nan 0.000000
171 176 nan 0.000000
172 176 nan 0.000000
173 176 nan 0.000000
174 176 nan 0.000000
175 176 nan 0.000000
176 176 nan 0.000000
177 176 nan 0.000000
178 176 nan 0.000000
179 176 nan 0.000000
180 176 nan 0.000000
181 176 nan 0.000000
182 176 nan 0.000000
183 176 nan 0.000000
184 176 nan 0.000000
185 176 nan 0.000000
186 176 nan 0.000000
187 176 nan 0.000000
188 176 nan 0.000000
189 176 nan 0.000000
190 176 nan 0.000000
191 176 nan 0.000000
192 176 nan 0.000000
193 176 nan 0.000000
194 176 nan 0.000000
195 176 nan 0.000000
196 176 nan 0.000000
197 176 nan 0.000000
198 176 nan 0.000000
199 176 nan 0.000000
0 177 nan 0.000000
1 177 nan 0.000000
2 177 nan 0.000000
3 177 nan 0.000000
4 177 nan 0.000000
5 177 nan 0.000000
6 177 nan 0.000000
7 177 nan 0.000000
8 177 nan 0.000000
9 177 nan 0.000000
10 177 nan 0.000000
11 177 nan 0.000000
12 177 nan 0.000000
13 177 nan 0.000000
14 177 nan 0.000000
15 177 nan 0.000000
16 177 nan 0.000000
17 177 nan 0.000000
18 177 nan 0.000000
19 177 nan 0.000000
20 177 nan 0.000000
21 177 nan 0.000000
22 177 nan 0.000000
23 177 nan 0.000000
24 177 nan 0.000000
25 177 nan 0.000000
26 177 nan 0.000000
27 177 nan 0.000000
28 177 nan 0.000000
29 177 nan 0.000000
30 177 nan 0.000000
31 177 nan 0.000000
32 177 nan 0.000000
33 177 nan 0.000000
34 177 nan 0.000000
35 177 nan 0.000000
36 177 nan 0.000000
37 177 nan 0.000000
38 177 nan 0.000000
39 177 nan 0.000000
40 177 nan 0.000000
41 177 nan 0.000000
42 177 nan 0.000000
43 177 nan 0.000000
44 177 nan 0.000000
45 177 nan 0.000000
46 177 nan 0.000000
47 177 nan 0.000000
48 177 nan 0.000000
49 177 nan 0.000000
50 177 nan 0.000000
51 177 nan 0.000000
52 177 nan 0.000001
53 177 nan 0.000001
54 177 nan 0.000002
55 177 nan 0.000005
56 177 nan 0.000009
57 177 nan 0.000018
58 177 nan 0.000034
59 177 nan 0.000065
60 177 nan 0.000120
61 177 nan 0.000221
62 177 nan 0.000401
63 177 nan 0.000718
64 177 nan 0.001271
65 177 nan 0.002219
66 177 nan 0.003822
67 177 nan 0.006488
68 177 nan 0.010848
69 177 nan 0.017845
70 177 nan 0.028832
71 177 nan 0.045651
72 177 nan 0.070620
73 177 nan 0.106333
74 177 nan 0.155137
75 177 nan 0.218282
76 177 nan 0.294955
77 177 nan 0.381723
78 177 nan 0.472957
79 177 nan 0.562249
80 177 nan 0.644126
81 177 nan 0.715172
82 177 nan 0.774189
83 177 nan 0.821656
84 177 nan 0.858996
85 177 nan 0.887962
86 177 nan 0.910261
87 177 nan 0.927377
88 177 nan 0.940516
89 177 nan 0.950625
90 177 nan 0.958426
91 177 nan 0.964466
92 177 nan 0.969153
93 177 nan 0.972791
94 177 nan 0.975607
95 177 nan 0.977769
96 177 nan 0.979398
97 177 nan 0.980585
98 177 nan 0.981392
99 177 nan 0.981860
100 177 nan 0.982014
101 177 nan 0.981860
102 177 nan 0.981392
103 177 nan 0.980585
104 177 nan 0.979398
105 177 nan 0.977769
106 177 nan 0.975607
107 177 nan 0.972791
108 177 nan 0.969153
109 177 nan 0.964466
110 177 nan 0.958426
111 177 nan 0.950625
112 177 nan 0.940516
113 177 nan 0.927377
114 177 nan 0.910261
115 177 nan 0.887962
116 177 nan 0.858996
117 177 nan 0.821656
118 177 nan 0.774189
119 177 nan 0.715172
120 177 nan 0.644126
121 177 nan 0.562249
122 177 nan 0.472957
123 177 nan 0.381723
124 177 nan 0.294955
125 177 nan 0.218282
126 177 nan 0.155137
127 177 nan 0.106333
128 177 nan 0.070620
129 177 nan 0.045651
130 177 nan 0.028832
131 177 nan 0.017845
132 177 nan 0.010848
133 177 nan 0.006488
134 177 nan 0.003822
135 177 nan 0.002219
136 177 nan 0.001271
137 177 nan 0.000718
138 177 nan 0.000401
139 177 nan 0.000221
140 177 nan 0.000120
141 177 nan 0.000065
142 177 nan 0.000034
143 177 nan 0.000018
144 177 nan 0.000009
145 177 nan 0.000005
146 177 nan 0.000002
147 177 nan 0.000001
148 177 nan 0.000001
149 177 nan 0.000000
150 177 nan 0.000000
151 177 nan 0.000000
152 177 nan 0.000000
153 177 nan 0.000000
154 177 nan 0.000000
155 177 nan 0.000000
156 177 nan 0.000000
157 177 nan 0.000000
158 177 nan 0.000000
159 177 nan 0.000000
160 177 nan 0.000000
161 177 nan 0.000000
162 177 nan 0.000000
163 177 nan 0.000000
164 177 nan 0.000000
165 177 nan 0.000000
166 177 nan 0.000000
167 177 nan 0.000000
168 177 nan 0.000000
169 177 nan 0.000000
170 177 nan 0.000000
171 177 nan 0.000000
172 177 nan 0.000000
173 177 nan 0.000000
174 177 nan 0.000000
175 177 nan 0.000000
176 177 nan 0.000000
177 177 nan 0.000000
178 177 nan 0.000000
179 177 nan 0.000000
180 177 nan 0.000000
181 177 nan 0.000000
182 177 nan 0.000000
183 177 nan 0.000000
184 177 nan 0.000000
185 177 nan 0.000000
186 177 nan 0.000000
187 177 nan 0.000000
188 177 nan 0.000000
189 177 nan 0.000000
190 177 nan 0.000000
191 177 nan 0.000000
192 177 nan 0.000000
193 177 nan 0.000000
194 177 nan 0.000000
195 177 nan 0.000000
196 177 nan 0.000000
197 177 nan 0.000000
198 177 nan 0.000000
199 177 nan 0.000000
0 178 nan 0.000000
1 178 nan 0.000000
2 178 nan 0.000000
3 178 nan 0.000000
4 178 nan 0.000000
5 178 nan 0.000000
6 178 nan 0.000000
7 178 nan 0.000000
8 178 nan 0.000000
9 178 nan 0.000000
10 178 nan 0.000000
11 178 nan 0.000000
12 178 nan 0.000000
13 178 nan 0.000000
14 178 nan 0.000000
15 178 nan 0.000000
16 178 nan 0.000000
17 178 nan 0.000000
18 178 nan 0.000000
19 178 nan 0.000000
20 178 nan 0.000000
21 178 nan 0.000000
22 178 nan 0.000000
23 178 nan 0.000000
24 178 nan 0.000000
25 178 nan 0.000000
26 178 nan 0.000000
27 178 nan 0.000000
28 178 nan 0.000000
29 178 nan 0.000000
30 178 nan 0.000000
31 178 nan 0.000000
32 178 nan 0.000000
33 178 nan 0.000000
34 178 nan 0.000000
35 178 nan 0.000000
36 178 nan 0.000000
37 178 nan 0.000000
38 178 nan 0.000000
39 178 nan 0.000000
40 178 nan 0.000000
41 178 nan 0.000000
42 178 nan 0.000000
43 178 nan 0.000000
44 178 nan 0.000000
45 178 nan 0.000000
46 178 nan 0.000000
47 178 nan 0.000000
48 178 nan 0.000000
49 178 nan 0.000000
50 178 nan 0.000000
51 178 nan 0.000000
52 178 nan 0.000000
53 178 nan 0.000000
54 178 nan 0.000001
55 178 nan 0.000002
56 178 nan 0.000003
57 178 nan 0.000006
58 178 nan 0.000011
59 178 nan 0.000020
60 178 nan 0.000037
61 178 nan 0.000067
62 178 nan 0.000121
63 178 nan 0.000216
64 178 nan 0.000380
65 178 nan 0.000659
66 178 nan 0.001130
67 178 nan 0.001911
68 178 nan 0.003188
69 178 nan 0.005241
70 178 nan 0.008489
71 178 nan 0.013536
72 178 nan 0.021223
73 178 nan 0.032677
74 178 nan 0.049315
75 178 nan 0.072787
76 178 nan 0.104790
77 178 nan 0.146731
78 178 nan 0.199259
79 178 nan 0.261801
80 178 nan 0.332318
81 178 nan 0.407492
82 178 nan 0.483345
83 178 nan 0.556073
84 178 nan 0.622736
85 178 nan 0.681581
86 178 nan 0.731988
87 178 nan 0.774189
88 178 nan 0.808933
89 178 nan 0.837204
90 178 nan 0.860019
91 178 nan 0.878323
92 178 nan 0.892936
93 178 nan 0.904539
94 178 nan 0.913681
95 178 nan 0.920796
96 178 nan 0.926219
97 178 nan 0.930200
98 178 nan 0.932923
99 178 nan 0.934510
100 178 nan 0.935031
101 178 nan 0.934510
102 178 nan 0.932923
103 178 nan 0.930200
104 178 nan 0.926219
105 178 nan 0.920796
106 178 nan 0.913681
107 178 nan 0.904539
108 178 nan 0.892936
109 178 nan 0.878323
110 178 nan 0.860019
111 178 nan 0.837204
112 178 nan 0.808933
113 178 nan 0.774189
114 178 nan 0.731988
115 178 nan 0.681581
116 178 nan 0.622736
117 178 nan 0.556073
118 178 nan 0.483345
119 178 nan 0.407492
120 178 nan 0.332318
121 178 nan 0.261801
122 178 nan 0.199259
123 178 nan 0.146731
124 178 nan 0.104790
125 178 nan 0.072787
126 178 nan 0.049315
127 178 nan 0.032677
128 178 nan 0.021223
129 178 nan 0.013536
130 178 nan 0.008489
131 178 nan 0.005241
132 178 nan 0.003188
133 178 nan 0.001911
134 178 nan 0.001130
135 178 nan 0.000659
136 178 nan 0.000380
137 178 nan 0.000216
138 178 nan 0.000121
139 178 nan 0.000067
140 178 nan 0.000037
141 178 nan 0.000020
142 178 nan 0.000011
143 178 nan 0.000006
144 178 nan 0.000003
145 178 nan 0.000002
146 178 nan 0.000001
147 178 nan 0.000000
148 178 nan 0.000000
149 178 nan 0.000000
150 178 nan 0.000000
151 178 nan 0.000000
152 178 nan 0.000000
153 178 nan 0.000000
154 178 nan 0.000000
155 178 nan 0.000000
156 178 nan 0.000000
157 178 nan 0.000000
158 178 nan 0.000000
159 178 nan 0.000000
160 178 nan 0.000000
161 178 nan 0.000000
162 178 nan 0.000000
163 178 nan 0.000000
164 178 nan 0.000000
165 178 nan 0.000000
166 178 nan 0.000000
167 178 nan 0.000000
168 178 nan 0.000000
169 178 nan 0.000000
170 178 nan 0.000000
171 178 nan 0.000000
172 178 nan 0.000000
173 178 nan 0.000000
174 178 nan 0.000000
175 178 nan 0.000000
176 178 nan 0.000000
177 178 nan 0.000000
178 178 nan 0.000000
179 178 nan 0.000000
180 178 nan 0.000000
181 178 nan 0.000000
182 178 nan 0.000000
183 178 nan 0.000000
184 178 nan 0.000000
185 178 nan 0.000000
186 178 nan 0.000000
187 178 nan 0.000000
188 178 nan 0.000000
189 178 nan 0.000000
190 178 nan 0.000000
191 178 nan 0.000000
192 178 nan 0.000000
193 178 nan 0.000000
194 178 nan 0.000000
195 178 nan 0.000000
196 178 nan 0.000000
197 178 nan 0.000000
198 178 nan 0.000000
199 178 nan 0.000000
0 179 nan 0.000000
1 179 nan 0.000000
2 179 nan 0.000000
3 179 nan 0.000000
4 179 nan 0.000000
5 179 nan 0.000000
6 179 nan 0.000000
7 179 nan 0.000000
8 179 nan 0.000000
9 179 nan 0.000000
10 179 nan 0.000000
11 179 nan 0.000000
12 179 nan 0.000000
13 179 nan 0.000000
14 179 nan 0.000000
15 179 nan 0.000000
16 179 nan 0.000000
17 179 nan 0.000000
18 179 nan 0.000000
19 179 nan 0.000000
20 179 nan 0.000000
21 179 nan 0.000000
22 179 nan 0.000000
23 179 nan 0.000000
24 179 nan 0.000000
25 179 nan 0.000000
26 179 nan 0.000000
27 179 nan 0.000000
28 179 nan 0.000000
29 179 nan 0.000000
30 179 nan 0.000000
31 179 nan 0.000000
32 179 nan 0.000000
33 179 nan 0.000000
34 179 nan 0.000000
35 179 nan 0.000000
36 179 nan 0.000000
37 179 nan 0.000000
38 179 nan 0.000000
39 179 nan 0.000000
40 179 nan 0.000000
41 179 nan 0.000000
42 179 nan 0.000000
43 179 nan 0.000000
44 179 nan 0.000000
45 179 nan 0.000000
46 179 nan 0.000000
47 179 nan 0.000000
48 179 nan 0.000000
49 179 nan 0.000000
50 179 nan 0.000000
51 179 nan 0.000000
52 179 nan 0.000000
53 179 nan 0.000000
54 179 nan 0.000000
55 179 nan 0.000000
56 179 nan 0.000001
57 179 nan 0.000002
58 179 nan 0.000003
59 179 nan 0.000006
60 179 nan 0.000011
61 179 nan 0.000020
62 179 nan 0.000036
63 179 nan 0.000065
64 179 nan 0.000113
65 179 nan 0.000195
66 179 nan 0.000333
67 179 nan 0.000560
68 179 nan 0.000929
69 179 nan 0.001522
70 179 nan 0.002458
71 179 nan 0.003913
72 179 nan 0.006138
73 179 nan 0.009483
74 179 nan 0.014419
75 179 nan 0.021560
76 179 nan 0.031671
77 179 nan 0.045651
78 179 nan 0.064477
79 179 nan 0.089100
80 179 nan 0.120281
81 179 nan 0.158390
82 179 nan 0.203226
83 179 nan 0.253906
84 179 nan 0.308894
85 179 nan 0.366192
86 179 nan 0.423630
87 179 nan 0.479187
88 179 nan 0.531228
89 179 nan 0.578627
90 179 nan 0.620767
91 179 nan 0.657459
92 179 nan 0.688824
93 179 nan 0.715172
94 179 nan 0.736911
95 179 nan 0.754466
96 179 nan 0.768240
97 179 nan 0.778580
98 179 nan 0.785765
99 179 nan 0.789995
100 179 nan 0.791391
101 179 nan 0.789995
102 179 nan 0.785765
103 179 nan 0.778580
104 179 nan 0.768240
105 179 nan 0.754466
106 179 nan 0.736911
107 179 nan 0.715172
108 179 nan 0.688824
109 179 nan 0.657459
110 179 nan 0.620767
111 179 nan 0.578627
112 179 nan 0.531228
113 179 nan 0.479187
114 179 nan 0.423630
115 179 nan 0.366192
116 179 nan 0.308894
117 179 nan 0.253906
118 179 nan 0.203226
119 179 nan 0.158390
120 179 nan 0.120281
121 179 nan 0.089100
122 179 nan 0.064477
123 179 nan 0.045651
124 179 nan 0.031671
125 179 nan 0.021560
126 179 nan 0.014419
127 179 nan 0.009483
128 179 nan 0.006138
129 179 nan 0.003913
130 179 nan 0.002458
131 179 nan 0.001522
132 179 nan 0.000929
133 179 nan 0.000560
134 179 nan 0.000333
135 179 nan 0.000195
136 179 nan 0.000113
137 179 nan 0.000065
138 179 nan 0.000036
139 179 nan 0.000020
140 179 nan 0.000011
141 179 nan 0.000006
142 179 nan 0.000003
143 179 nan 0.000002
144 179 nan 0.000001
145 179 nan 0.000000
146 179 nan 0.000000
147 179 nan 0.000000
148 179 nan 0.000000
149 179 nan 0.000000
150 179 nan 0.000000
151 179 nan 0.000000
152 179 nan 0.000000
153 179 nan 0.000000
154 179 nan 0.000000
155 179 nan 0.000000
156 179 nan 0.000000
157 179 nan 0.000000
158 179 nan 0.000000
159 179 nan 0.000000
160 179 nan 0.000000
161 179 nan 0.000000
162 179 nan 0.000000
163 179 nan 0.000000
164 179 nan 0.000000
165 179 nan 0.000000
166 179 nan 0.000000
167 179 nan 0.000000
168 179 nan 0.000000
169 179 nan 0.000000
170 179 nan 0.000000
171 179 nan 0.000000
172 179 nan 0.000000
173 179 nan 0.000000
174 179 nan 0.000000
175 179 nan 0.000000
176 179 nan 0.000000
177 179 nan 0.000000
178 179 nan 0.000000
179 179 nan 0.000000
180 179 nan 0.000000
181 179 nan 0.000000
182 179 nan 0.000000
183 179 nan 0.000000
184 179 nan 0.000000
185 179 nan 0.000000
186 179 nan 0.000000
187 179 nan 0.000000
188 179 nan 0.000000
189 179 nan 0.000000
190 179 nan 0.000000
191 179 nan 0.000000
192 179 nan 0.000000
193 179 nan 0.000000
194 179 nan 0.000000
195 179 nan 0.000000
196 179 nan 0.000000
197 179 nan 0.000000
198 179 nan 0.000000
199 179 nan 0.000000
0 180 nan 0.000000
1 180 nan 0.000000
2 180 nan 0.000000
3 180 nan 0.000000
4 180 nan 0.000000
5 180 nan 0.000000
6 180 nan 0.000000
7 180 nan 0.000000
8 180 nan 0.000000
9 180 nan 0.000000
10 180 nan 0.000000
11 180 nan 0.000000
12 180 nan 0.000000
13 180 nan 0.000000
14 180 nan 0.000000
15 180 nan 0.000000
16 180 nan 0.000000
17 180 nan 0.000000
18 180 nan 0.000000
19 180 nan 0.000000
20 180 nan 0.000000
21 180 nan 0.000000
22 180 nan 0.000000
23 180 nan 0.000000
24 180 nan 0.000000
25 180 nan 0.000000
26 180 nan 0.000000
27 180 nan 0.000000
28 180 nan 0.000000
29 180 nan 0.000000
30 180 nan 0.000000
31 180 nan 0.000000
32 180 nan 0.000000
33 180 nan 0.000000
34 180 nan 0.000000
35 180 nan 0.000000
36 180 nan 0.000000
37 180 nan 0.000000
38 180 nan 0.000000
39 180 nan 0.000000
40 180 nan 0.000000
41 180 nan 0.000000
42 180 nan 0.000000
43 180 nan 0.000000
44 180 nan 0.000000
45 180 nan 0.000000
46 180 nan 0.000000
47 180 nan 0.000000
48 180 nan 0.000000
49 180 nan 0.000000
50 180 nan 0.000000
51 180 nan 0.000000
52 180 nan 0.000000
53 180 nan 0.000000
54 180 nan 0.000000
55 180 nan 0.000000
56 180 nan 0.000000
57 180 nan 0.000001
58 180 nan 0.000001
59 180 nan 0.000002
60 180 nan 0.000003
61 180 nan 0.000006
62 180 nan 0.000011
63 180 nan 0.000019
64 180 nan 0.000034
65 180 nan 0.000058
66 180 nan 0.000098
67 180 nan 0.000163
68 180 nan 0.000270
69 180 nan 0.000440
70 180 nan 0.000707
71 180 nan 0.001121
72 180 nan 0.001753
73 180 nan 0.002702
74 180 nan 0.004103
75 180 nan 0.006138
76 180 nan 0.009044
77 180 nan 0.013115
78 180 nan 0.018710
79 180 nan 0.026242
80 180 nan 0.036165
81 180 nan 0.048936
82 180 nan 0.064969
83 180 nan 0.084576
84 180 nan 0.107896
85 180 nan 0.134843
86 180 nan 0.165065
87 180 nan 0.197950
88 180 nan 0.232665
89 180 nan 0.268232
90 180 nan 0.303623
91 180 nan 0.337853
92 180 nan 0.370049
93 180 nan 0.399499
94 180 nan 0.425660
95 180 nan 0.448154
96 180 nan 0.466737
97 180 nan 0.481265
98 180 nan 0.491669
99 180 nan 0.497917
100 180 nan 0.500000
101 180 nan 0.497917
102 180 nan 0.491669
103 180 nan 0.481265
104 180 nan 0.466737
105 180 nan 0.448154
106 180 nan 0.425660
107 180 nan 0.399499
108 180 nan 0.370049
109 180 nan 0.337853
110 180 nan 0.303623
111 180 nan 0.268232
112 180 nan 0.232665
113 180 nan 0.197950
114 180 nan 0.165065
115 180 nan 0.134843
116 180 nan 0.107896
117 180 nan 0.084576
118 180 nan 0.064969
119 180 nan 0.048936
120 180 nan 0.036165
121 180 nan 0.026242
122 180 nan 0.018710
123 180 nan 0.013115
124 180 nan 0.009044
125 180 nan 0.006138
126 180 nan 0.004103
127 180 nan 0.002702
128 180 nan 0.001753
129 180 nan 0.001121
130 180 nan 0.000707
131 180 nan 0.000440
132 180 nan 0.000270
133 180 nan 0.000163
134 180 nan 0.000098
135 180 nan 0.000058
136 180 nan 0.000034
137 180 nan 0.000019
138 180 nan 0.000011
139 180 nan 0.000006
140 180 nan 0.000003
141 180 nan 0.000002
142 180 nan 0.000001
143 180 nan 0.000001
144 180 nan 0.000000
145 180 nan 0.000000
146 180 nan 0.000000
147 180 nan 0.000000
148 180 nan 0.000000
149 180 nan 0.000000
150 180 nan 0.000000
151 180 nan 0.000000
152 180 nan 0.000000
153 180 nan 0.000000
154 180 nan 0.000000
155 180 nan 0.000000
156 180 nan 0.000000
157 180 nan 0.000000
158 180 nan 0.000000
159 180 nan 0.000000
160 180 nan 0.000000
161 180 nan 0.000000
162 180 nan 0.000000
163 180 nan 0.000000
164 180 nan 0.000000
165 180 nan 0.000000
166 180 nan 0.000000
167 180 nan 0.000000
168 180 nan 0.000000
169 180 nan 0.000000
170 180 nan 0.000000
171 180 nan 0.000000
172 180 nan 0.000000
173 180 nan 0.000000
174 180 nan 0.000000
175 180 nan 0.000000
176 180 nan 0.000000
177 180 nan 0.000000
178 180 nan 0.000000
179 180 nan 0.000000
180 180 nan 0.000000
181 180 nan 0.000000
182 180 nan 0.000000
183 180 nan 0.000000
184 180 nan 0.000000
185 180 nan 0.000000
186 180 nan 0.000000
187 180 nan 0.000000
188 180 nan 0.000000
189 180 nan 0.000000
190 180 nan 0.000000
191 180 nan 0.000000
192 180 nan 0.000000
193 180 nan 0.000000
194 180 nan 0.000000
195 180 nan 0.000000
196 180 nan 0.000000
197 180 nan 0.000000
198 180 nan 0.000000
199 180 nan 0.000000
0 181 nan 0.000000
1 181 nan 0.000000
2 181 nan 0.000000
3 181 nan 0.000000
4 181 nan 0.000000
5 181 nan 0.000000
6 181 nan 0.000000
7 181 nan 0.000000
8 181 nan 0.000000
9 181 nan 0.000000
10 181 nan 0.000000
11 181 nan 0.000000
12 181 nan 0.000000
13 181 nan 0.000000
14 181 nan 0.000000
15 181 nan 0.000000
16 181 nan 0.000000
17 181 nan 0.000000
18 181 nan 0.000000
19 181 nan 0.000000
20 181 nan 0.000000
21 181 nan 0.000000
22 181 nan 0.000000
23 181 nan 0.000000
24 181 nan 0.000000
25 181 nan 0.000000
26 181 nan 0.000000
27 181 nan 0.000000
28 181 nan 0.000000
29 181 nan 0.000000
30 181 nan 0.000000
31 181 nan 0.000000
32 181 nan 0.000000
33 181 nan 0.000000
34 181 nan 0.000000
35 181 nan 0.000000
36 181 nan 0.000000
37 181 nan 0.000000
38 181 nan 0.000000
39 181 nan 0.000000
40 181 nan 0.000000
41 181 nan 0.000000
42 181 nan 0.000000
43 181 nan 0.000000
44 181 nan 0.000000
45 181 nan 0.000000
46 181 nan 0.000000
47 181 nan 0.000000
48 181 nan 0.000000
49 181 nan 0.000000
50 181 nan 0.000000
51 181 nan 0.000000
52 181 nan 0.000000
53 181 nan 0.000000
54 181 nan 0.000000
55 181 nan 0.000000
56 181 nan 0.000000
57 181 nan 0.000000
58 181 nan 0.000000
59 181 nan 0.000001
60 181 nan 0.000001
61 181 nan 0.000002
62 181 nan 0.000003
63 181 nan 0.000006
64 181 nan 0.000010
65 181 nan 0.000017
66 181 nan 0.000029
67 181 nan 0.000048
68 181 nan 0.000078
69 181 nan 0.000127
70 181 nan 0.000203
71 181 nan 0.000320
72 181 nan 0.000498
73 181 nan 0.000765
74 181 nan 0.001157
75 181 nan 0.001726
76 181 nan 0.002537
77 181 nan 0.003674
78 181 nan 0.005241
79 181 nan 0.007363
80 181 nan 0.010183
81 181 nan 0.013861
82 181 nan 0.018563
83 181 nan 0.024452
84 181 nan 0.031671
85 181 nan 0.040327
86 181 nan 0.050468
87 181 nan 0.062069
88 181 nan 0.075015
89 181 nan 0.089100
90 181 nan 0.104026
91 181 nan 0.119418
92 181 nan 0.134843
93 181 nan 0.149838
94 181 nan 0.163937
95 181 nan 0.176695
96 181 nan 0.187713
97 181 nan 0.196647
98 181 nan 0.203226
99 181 nan 0.207253
100 181 nan 0.208609
101 181 nan 0.207253
102 181 nan 0.203226
103 181 nan 0.196647
104 181 nan 0.187713
105 181 nan 0.176695
106 181 nan 0.163937
107 181 nan 0.149838
108 181 nan 0.134843
109 181 nan 0.119418
110 181 nan 0.104026
111 181 nan 0.089100
112 181 nan 0.075015
113 181 nan 0.062069
114 181 nan 0.050468
115 181 nan 0.040327
116 181 nan 0.031671
117 181 nan 0.024452
118 181 nan 0.018563
119 181 nan 0.013861
120 181 nan 0.010183
121 181 nan 0.007363
122 181 nan 0.005241
123 181 nan 0.003674
124 181 nan 0.002537
125 181 nan 0.001726
126 181 nan 0.001157
127 181 nan 0.000765
128 181 nan 0.000498
129 181 nan 0.000320
130 181 nan 0.000203
131 181 nan 0.000127
132 181 nan 0.000078
133 181 nan 0.000048
134 181 nan 0.000029
135 181 nan 0.000017
136 181 nan 0.000010
137 181 nan 0.000006
138 181 nan 0.000003
139 181 nan 0.000002
140 181 nan 0.000001
141 181 nan 0.000001
142 181 nan 0.000000
143 181 nan 0.000000
144 181 nan 0.000000
145 181 nan 0.000000
146 181 nan 0.000000
147 181 nan 0.000000
148 181 nan 0.000000
149 181 nan 0.000000
150 181 nan 0.000000
151 181 nan 0.000000
152 181 nan 0.000000
153 181 nan 0.000000
154 181 nan 0.000000
155 181 nan 0.000000
156 181 nan 0.000000
157 181 nan 0.000000
158 181 nan 0.000000
159 181 nan 0.000000
160 181 nan 0.000000
161 181 nan 0.000000
162 181 nan 0.000000
163 181 nan 0.000000
164 181 nan 0.000000
165 181 nan 0.000000
166 181 nan 0.000000
167 181 nan 0.000000
168 181 nan 0.000000
169 181 nan 0.000000
170 181 nan 0.000000
171 181 nan 0.000000
172 181 nan 0.000000
173 181 nan 0.000000
174 181 nan 0.000000
175 181 nan 0.000000
176 181 nan 0.000000
177 181 nan 0.000000
178 181 nan 0.000000
179 181 nan 0.000000
180 181 nan 0.000000
181 181 nan 0.000000
182 181 nan 0.000000
183 181 nan 0.000000
184 181 nan 0.000000
185 181 nan 0.000000
186 181 nan 0.000000
187 181 nan 0.000000
188 181 nan 0.000000
189 181 nan 0.000000
190 181 nan 0.000000
191 181 nan 0.000000
192 181 nan 0.000000
193 181 nan 0.000000
194 181 nan 0.000000
195 181 nan 0.000000
196 181 nan 0.000000
197 181 nan 0.000000
198 181 nan 0.000000
199 181 nan 0.000000
0 182 nan 0.000000
1 182 nan 0.000000
2 182 nan 0.000000
3 182 nan 0.000000
4 182 nan 0.000000
5 182 nan 0.000000
6 182 nan 0.000000
7 182 nan 0.000000
8 182 nan 0.000000
9 182 nan 0.000000
10 182 nan 0.000000
11 182 nan 0.000000
12 182 nan 0.000000
13 182 nan 0.000000
14 182 nan 0.000000
15 182 nan 0.000000
16 182 nan 0.000000
17 182 nan 0.000000
18 182 nan 0.000000
19 182 nan 0.000000
20 182 nan 0.000000
21 182 nan 0.000000
22 182 nan 0.000000
23 182 nan 0.000000
24 182 nan 0.000000
25 182 nan 0.000000
26 182 nan 0.000000
27 182 nan 0.000000
28 182 nan 0.000000
29 182 nan 0.000000
30 182 nan 0.000000
31 182 nan 0.000000
32 182 nan 0.000000
33 182 nan 0.000000
34 182 nan 0.000000
35 182 nan 0.000000
36 182 nan 0.000000
37 182 nan 0.000000
38 182 nan 0.000000
39 182 nan 0.000000
40 182 nan 0.000000
41 182 nan 0.000000
42 182 nan 0.000000
43 182 nan 0.000000
44 182 nan 0.000000
45 182 nan 0.000000
46 182 nan 0.000000
47 182 nan 0.000000
48 182 nan 0.000000
49 182 nan 0.000000
50 182 nan 0.000000
51 182 nan 0.000000
52 182 nan 0.000000
53 182 nan 0.000000
54 182 nan 0.000000
55 182 nan 0.000000
56 182 nan 0.000000
57 182 nan 0.000000
58 182 nan 0.000000
59 182 nan 0.000000
60 182 nan 0.000000
61 182 nan 0.000001
62 182 nan 0.000001
63 182 nan 0.000002
64 182 nan 0.000003
65 182 nan 0.000005
66 182 nan 0.000008
67 182 nan 0.000014
68 182 nan 0.000023
69 182 nan 0.000036
70 182 nan 0.000058
71 182 nan 0.000091
72 182 nan 0.000141
73 182 nan 0.000216
74 182 nan 0.000325
75 182 nan 0.000483
76 182 nan 0.000707
77 182 nan 0.001021
78 182 nan 0.001452
79 182 nan 0.002035
80 182 nan 0.002810
81 182 nan 0.003822
82 182 nan 0.005118
83 182 nan 0.006749
84 182 nan 0.008762
85 182 nan 0.011197
86 182 nan 0.014081
87 182 nan 0.017428
88 182 nan 0.021223
89 182 nan 0.025431
90 182 nan 0.029983
91 182 nan 0.034783
92 182 nan 0.039705
93 182 nan 0.044603
94 182 nan 0.049315
95 182 nan 0.053670
96 182 nan 0.057504
97 182 nan 0.060665
98 182 nan 0.063022
99 182 nan 0.064477
100 182 nan 0.064969
101 182 nan 0.064477
102 182 nan 0.063022
103 182 nan 0.060665
104 182 nan 0.057504
105 182 nan 0.053670
106 182 nan 0.049315
107 182 nan 0.044603
108 182 nan 0.039705
109 182 nan 0.034783
110 182 nan 0.029983
111 182 nan 0.025431
112 182 nan 0.021223
113 182 nan 0.017428
114 182 nan 0.014081
115 182 nan 0.011197
116 182 nan 0.008762
117 182 nan 0.006749
118 182 nan 0.005118
119 182 nan 0.003822
120 182 nan 0.002810
121 182 nan 0.002035
122 182 nan 0.001452
123 182 nan 0.001021
124 182 nan 0.000707
125 182 nan 0.000483
126 182 nan 0.000325
127 182 nan 0.000216
128 182 nan 0.000141
129 182 nan 0.000091
130 182 nan 0.000058
131 182 nan 0.000036
132 182 nan 0.000023
133 182 nan 0.000014
134 182 nan 0.000008
135 182 nan 0.000005
136 182 nan 0.000003
137 182 nan 0.000002
138 182 nan 0.000001
139 182 nan 0.000001
140 182 nan 0.000000
141 182 nan 0.000000
142 182 nan 0.000000
143 182 nan 0.000000
144 182 nan 0.000000
145 182 nan 0.000000
146 182 nan 0.000000
147 182 nan 0.000000
148 182 nan 0.000000
149 182 nan 0.000000
150 182 nan 0.000000
151 182 nan 0.000000
152 182 nan 0.000000
153 182 nan 0.000000
154 182 nan 0.000000
155 182 nan 0.000000
156 182 nan 0.000000
157 182 nan 0.000000
158 182 nan 0.000000
159 182 nan 0.000000
160 182 nan 0.000000
161 182 nan 0.000000
162 182 nan 0.000000
163 182 nan 0.000000
164 182 nan 0.000000
165 182 nan 0.000000
166 182 nan 0.000000
167 182 nan 0.000000
168 182 nan 0.000000
169 182 nan 0.000000
170 182 nan 0.000000
171 182 nan 0.000000
172 182 nan 0.000000
173 182 nan 0.000000
174 182 nan 0.000000
175 182 nan 0.000000
176 182 nan 0.000000
177 182 nan 0.000000
178 182 nan 0.000000
179 182 nan 0.000000
180 182 nan 0.000000
181 182 nan 0.000000
182 182 nan 0.000000
183 182 nan 0.000000
184 182 nan 0.000000
185 182 nan 0.000000
186 182 nan 0.000000
187 182 nan 0.000000
188 182 nan 0.000000
189 182 nan 0.000000
190 182 nan 0.000000
191 182 nan 0.000000
192 182 nan 0.000000
193 182 nan 0.000000
194 182 nan 0.000000
195 182 nan 0.000000
196 182 nan 0.000000
197 182 nan 0.000000
198 182 nan 0.000000
199 182 nan 0.000000
0 183 nan 0.000000
1 183 nan 0.000000
2 183 nan 0.000000
3 183 nan 0.000000
4 183 nan 0.000000
5 183 nan 0.000000
6 183 nan 0.000000
7 183 nan 0.000000
8 183 nan 0.000000
9 183 nan 0.000000
10 183 nan 0.000000
11 183 nan 0.000000
12 183 nan 0.000000
13 183 nan 0.000000
14 183 nan 0.000000
15 183 nan 0.000000
16 183 nan 0.000000
17 183 nan 0.000000
18 183 nan 0.000000
19 183 nan 0.000000
20 183 nan 0.000000
21 183 nan 0.000000
22 183 nan 0.000000
23 183 nan 0.000000
24 183 nan 0.000000
25 183 nan 0.000000
26 183 nan 0.000000
27 183 nan 0.000000
28 183 nan 0.000000
29 183 nan 0.000000
30 183 nan 0.000000
31 183 nan 0.000000
32 183 nan 0.000000
33 183 nan 0.000000
34 183 nan 0.000000
35 183 nan 0.000000
36 183 nan 0.000000
37 183 nan 0.000000
38 183 nan 0.000000
39 183 nan 0.000000
40 183 nan 0.000000
41 183 nan 0.000000
42 183 nan 0.000000
43 183 nan 0.000000
44 183 nan 0.000000
45 183 nan 0.000000
46 183 nan 0.000000
47 183 nan 0.000000
48 183 nan 0.000000
49 183 nan 0.000000
50 183 nan 0.000000
51 183 nan 0.000000
52 183 nan 0.000000
53 183 nan 0.000000
54 183 nan 0.000000
55 183 nan 0.000000
56 183 nan 0.000000
57 183 nan 0.000000
58 183 nan 0.000000
59 183 nan 0.000000
60 183 nan 0.000000
61 183 nan 0.000000
62 183 nan 0.000000
63 183 nan 0.000001
64 183 nan 0.000001
65 183 nan 0.000001
66 183 nan 0.000002
67 183 nan 0.000004
68 183 nan 0.000007
69 183 nan 0.000010
70 183 nan 0.000017
71 183 nan 0.000026
72 183 nan 0.000040
73 183 nan 0.000061
74 183 nan 0.000091
75 183 nan 0.000135
76 183 nan 0.000197
77 183 nan 0.000283
78 183 nan 0.000401
79 183 nan 0.000560
80 183 nan 0.000771
81 183 nan 0.001045
82 183 nan 0.001396
83 183 nan 0.001838
84 183 nan 0.002382
85 183 nan 0.003040
86 183 nan 0.003822
87 183 nan 0.004729
88 183 nan 0.005762
89 183 nan 0.006911
90 183 nan 0.008160
91 183 nan 0.009483
92 183 nan 0.010848
93 183 nan 0.012214
94 183 nan 0.013536
95 183 nan 0.014765
96 183 nan 0.015853
97 183 nan 0.016753
98 183 nan 0.017428
99 183 nan 0.017845
100 183 nan 0.017986
101 183 nan 0.017845
102 183 nan 0.017428
103 183 nan 0.016753
104 183 nan 0.015853
105 183 nan 0.014765
106 183 nan 0.013536
107 183 nan 0.012214
108 183 nan 0.010848
109 183 nan 0.009483
110 183 nan 0.008160
111 183 nan 0.006911
112 183 nan 0.005762
113 183 nan 0.004729
114 183 nan 0.003822
115 183 nan 0.003040
116 183 nan 0.002382
117 183 nan 0.001838
118 183 nan 0.001396
119 183 nan 0.001045
120 183 nan 0.000771
121 183 nan 0.000560
122 183 nan 0.000401
123 183 nan 0.000283
124 183 nan 0.000197
125 183 nan 0.000135
126 183 nan 0.000091
127 183 nan 0.000061
128 183 nan 0.000040
129 183 nan 0.000026
130 183 nan 0.000017
131 183 nan 0.000010
132 183 nan 0.000007
133 183 nan 0.000004
134 183 nan 0.000002
135 183 nan 0.000001
136 183 nan 0.000001
137 183 nan 0.000001
138 183 nan 0.000000
139 183 nan 0.000000
140 183 nan 0.000000
141 183 nan 0.000000
142 183 nan 0.000000
143 183 nan 0.000000
144 183 nan 0.000000
145 183 nan 0.000000
146 183 nan 0.000000
147 183 nan 0.000000
148 183 nan 0.000000
149 183 nan 0.000000
150 183 nan 0.000000
151 183 nan 0.000000
152 183 nan 0.000000
153 183 nan 0.000000
154 183 nan 0.000000
155 183 nan 0.000000
156 183 nan 0.000000
157 183 nan 0.000000
158 183 nan 0.000000
159 183 nan 0.000000
160 183 nan 0.000000
161 183 nan 0.000000
162 183 nan 0.000000
163 183 nan 0.000000
164 183 nan 0.000000
165 183 nan 0.000000
166 183 nan 0.000000
167 183 nan 0.000000
168 183 nan 0.000000
169 183 nan 0.000000
170 183 nan 0.000000
171 183 nan 0.000000
172 183 nan 0.000000
173 183 nan 0.000000
174 183 nan 0.000000
175 183 nan 0.000000
176 183 nan 0.000000
177 183 nan 0.000000
178 183 nan 0.000000
179 183 nan 0.000000
180 183 nan 0.000000
181 183 nan 0.000000
182 183 nan 0.000000
183 183 nan 0.000000
184 183 nan 0.000000
185 183 nan 0.000000
186 183 nan 0.000000
187 183 nan 0.000000
188 183 nan 0.000000
189 183 nan 0.000000
190 183 nan 0.000000
191 183 nan 0.000000
192 183 nan 0.000000
193 183 nan 0.000000
194 183 nan 0.000000
195 183 nan 0.000000
196 183 nan 0.000000
197 183 nan 0.000000
198 183 nan 0.000000
199 183 nan 0.000000
0 184 nan 0.000000
1 184 nan 0.000000
2 184 nan 0.000000
3 184 nan 0.000000
4 184 nan 0.000000
5 184 nan 0.000000
6 184 nan 0.000000
7 184 nan 0.000000
8 184 nan 0.000000
9 184 nan 0.000000
10 184 nan 0.000000
11 184 nan 0.000000
12 184 nan 0.000000
13 184 nan 0.000000
14 184 nan 0.000000
15 184 nan 0.000000
16 184 nan 0.000000
17 184 nan 0.000000
18 184 nan 0.000000
19 184 nan 0.000000
20 184 nan 0.000000
21 184 nan 0.000000
22 184 nan 0.000000
23 184 nan 0.000000
24 184 nan 0.000000
25 184 nan 0.000000
26 184 nan 0.000000
27 184 nan 0.000000
28 184 nan 0.000000
29 184 nan 0.000000
30 184 nan 0.000000
31 184 nan 0.000000
32 184 nan 0.000000
33 184 nan 0.000000
34 184 nan 0.000000
35 184 nan 0.000000
36 184 nan 0.000000
37 184 nan 0.000000
38 184 nan 0.000000
39 184 nan 0.000000
40 184 nan 0.000000
41 184 nan 0.000000
42 184 nan 0.000000
43 184 nan 0.000000
44 184 nan 0.000000
45 184 nan 0.000000
46 184 nan 0.000000
47 184 nan 0.000000
48 184 nan 0.000000
49 184 nan 0.000000
50 184 nan 0.000000
51 184 nan 0.000000
52 184 nan 0.000000
53 184 nan 0.000000
54 184 nan 0.000000
55 184 nan 0.000000
56 184 nan 0.000000
57 184 nan 0.000000
58 184 nan 0.000000
59 184 nan 0.000000
60 184 nan 0.000000
61 184 nan 0.000000
62 184 nan 0.000000
63 184 nan 0.000000
64 184 nan 0.000000
65 184 nan 0.000000
66 184 nan 0.000001
67 184 nan 0.000001
68 184 nan 0.000002
69 184 nan 0.000003
70 184 nan 0.000005
71 184 nan 0.000007
72 184 nan 0.000011
73 184 nan 0.000017
74 184 nan 0.000026
75 184 nan 0.000038
76 184 nan 0.000055
77 184 nan 0.000078
78 184 nan 0.000110
79 184 nan 0.000154
80 184 nan 0.000211
81 184 nan 0.000285
82 184 nan 0.000380
83 184 nan 0.000498
84 184 nan 0.000644
85 184 nan 0.000820
86 184 nan 0.001029
87 184 nan 0.001271
88 184 nan 0.001546
89 184 nan 0.001852
90 184 nan 0.002184
91 184 nan 0.002537
92 184 nan 0.002900
93 184 nan 0.003264
94 184 nan 0.003616
95 184 nan 0.003944
96 184 nan 0.004235
97 184 nan 0.004475
98 184 nan 0.004655
99 184 nan 0.004767
100 184 nan 0.004805
101 184 nan 0.004767
102 184 nan 0.004655
103 184 nan 0.004475
104 184 nan 0.004235
105 184 nan 0.003944
106 184 nan 0.003616
107 184 nan 0.003264
108 184 nan 0.002900
109 184 nan 0.002537
110 184 nan 0.002184
111 184 nan 0.001852
112 184 nan 0.001546
113 184 nan 0.001271
114 184 nan 0.001029
115 184 nan 0.000820
116 184 nan 0.000644
117 184 nan 0.000498
118 184 nan 0.000380
119 184 nan 0.000285
120 184 nan 0.000211
121 184 nan 0.000154
122 184 nan 0.000110
123 184 nan 0.000078
124 184 nan 0.000055
125 184 nan 0.000038
126 184 nan 0.000026
127 184 nan 0.000017
128 184 nan 0.000011
129 184 nan 0.000007
130 184 nan 0.000005
131 184 nan 0.000003
132 184 nan 0.000002
133 184 nan 0.000001
134 184 nan 0.000001
135 184 nan 0.000000
136 184 nan 0.000000
137 184 nan 0.000000
138 184 nan 0.000000
139 184 nan 0.000000
140 184 nan 0.000000
141 184 nan 0.000000
142 184 nan 0.000000
143 184 nan 0.000000
144 184 nan 0.000000
145 184 nan 0.000000
146 184 nan 0.000000
147 184 nan 0.000000
148 184 nan 0.000000
149 184 nan 0.000000
150 184 nan 0.000000
151 184 nan 0.000000
152 184 nan 0.000000
153 184 nan 0.000000
154 184 nan 0.000000
155 184 nan 0.000000
156 184 nan 0.000000
157 184 nan 0.000000
158 184 nan 0.000000
159 184 nan 0.000000
160 184 nan 0.000000
161 184 nan 0.000000
162 184 nan 0.000000
163 184 nan 0.000000
164 184 nan 0.000000
165 184 nan 0.000000
166 184 nan 0.000000
167 184 nan 0.000000
168 184 nan 0.000000
169 184 nan 0.000000
170 184 nan 0.000000
171 184 nan 0.000000
172 184 nan 0.000000
173 184 nan 0.000000
174 184 nan 0.000000
175 184 nan 0.000000
176 184 nan 0.000000
177 184 nan 0.000000
178 184 nan 0.000000
179 184 nan 0.000000
180 184 nan 0.000000
181 184 nan 0.000000
182 184 nan 0.000000
183 184 nan 0.000000
184 184 nan 0.000000
185 184 nan 0.000000
186 184 nan 0.000000
187 184 nan 0.000000
188 184 nan 0.000000
189 184 nan 0.000000
190 184 nan 0.000000
191 184 nan 0.000000
192 184 nan 0.000000
193 184 nan 0.000000
194 184 nan 0.000000
195 184 nan 0.000000
196 184 nan 0.000000
197 184 nan 0.000000
198 184 nan 0.000000
199 184 nan 0.000000
0 185 nan 0.000000
1 185 nan 0.000000
2 185 nan 0.000000
3 185 nan 0.000000
4 185 nan 0.000000
5 185 nan 0.000000
6 185 nan 0.000000
7 185 nan 0.000000
8 185 nan 0.000000
9 185 nan 0.000000
10 185 nan 0.000000
11 185 nan 0.000000
12 185 nan 0.000000
13 185 nan 0.000000
14 185 nan 0.000000
15 185 nan 0.000000
16 185 nan 0.000000
17 185 nan 0.000000
18 185 nan 0.000000
19 185 nan 0.000000
20 185 nan 0.000000
21 185 nan 0.000000
22 185 nan 0.000000
23 185 nan 0.000000
24 185 nan 0.000000
25 185 nan 0.000000
26 185 nan 0.000000
27 185 nan 0.000000
28 185 nan 0.000000
29 185 nan 0.000000
30 185 nan 0.000000
31 185 nan 0.000000
32 185 nan 0.000000
33 185 nan 0.000000
34 185 nan 0.000000
35 185 nan 0.000000
36 185 nan 0.000000
37 185 nan 0.000000
38 185 nan 0.000000
39 185 nan 0.000000
40 185 nan 0.000000
41 185 nan 0.000000
42 185 nan 0.000000
43 185 nan 0.000000
44 185 nan 0.000000
45 185 nan 0.000000
46 185 nan 0.000000
47 185 nan 0.000000
48 185 nan 0.000000
49 185 nan 0.000000
50 185 nan 0.000000
51 185 nan 0.000000
52 185 nan 0.000000
53 185 nan 0.000000
54 185 nan 0.000000
55 185 nan 0.000000
56 185 nan 0.000000
57 185 nan 0.000000
58 185 nan 0.000000
59 185 nan 0.000000
60 185 nan 0.000000
61 185 nan 0.000000
62 185 nan 0.000000
63 185 nan 0.000000
64 185 nan 0.000000
65 185 nan 0.000000
66 185 nan 0.000000
67 185 nan 0.000000
68 185 nan 0.000001
69 185 nan 0.000001
70 185 nan 0.000001
71 185 nan 0.000002
72 185 nan 0.000003
73 185 nan 0.000005
74 185 nan 0.000007
75 185 nan 0.000010
76 185 nan 0.000015
77 185 nan 0.000022
78 185 nan 0.000030
79 185 nan 0.000042
80 185 nan 0.000058
81 185 nan 0.000078
82 185 nan 0.000103
83 185 nan 0.000135
84 185 nan 0.000174
85 185 nan 0.000221
86 185 nan 0.000276
87 185 nan 0.000341
88 185 nan 0.000413
89 185 nan 0.000494
90 185 nan 0.000582
91 185 nan 0.000675
92 185 nan 0.000771
93 185 nan 0.000866
94 185 nan 0.000959
95 185 nan 0.001045
96 185 nan 0.001121
97 185 nan 0.001185
98 185 nan 0.001232
99 185 nan 0.001261
100 185 nan 0.001271
101 185 nan 0.001261
102 185 nan 0.001232
103 185 nan 0.001185
104 185 nan 0.001121
105 185 nan 0.001045
106 185 nan 0.000959
107 185 nan 0.000866
108 185 nan 0.000771
109 185 nan 0.000675
110 185 nan 0.000582
111 185 nan 0.000494
112 185 nan 0.000413
113 185 nan 0.000341
114 185 nan 0.000276
115 185 nan 0.000221
116 185 nan 0.000174
117 185 nan 0.000135
118 185 nan 0.000103
119 185 nan 0.000078
120 185 nan 0.000058
121 185 nan 0.000042
122 185 nan 0.000030
123 185 nan 0.000022
124 185 nan 0.000015
125 185 nan 0.000010
126 185 nan 0.000007
127 185 nan 0.000005
128 185 nan 0.000003
129 185 nan 0.000002
130 185 nan 0.000001
131 185 nan 0.000001
132 185 nan 0.000001
133 185 nan 0.000000
134 185 nan 0.000000
135 185 nan 0.000000
136 185 nan 0.000000
137 185 nan 0.000000
138 185 nan 0.000000
139 185 nan 0.000000
140 185 nan 0.000000
141 185 nan 0.000000
142 185 nan 0.000000
143 185 nan 0.000000
144 185 nan 0.000000
145 185 nan 0.000000
146 185 nan 0.000000
147 185 nan 0.000000
148 185 nan 0.000000
149 185 nan 0.000000
150 185 nan 0.000000
151 185 nan 0.000000
152 185 nan 0.000000
153 185 nan 0.000000
154 185 nan 0.000000
155 185 nan 0.000000
156 185 nan 0.000000
157 185 nan 0.000000
158 185 nan 0.000000
159 185 nan 0.000000
160 185 nan 0.000000
161 185 nan 0.000000
162 185 nan 0.000000
163 185 nan 0.000000
164 185 nan 0.000000
165 185 nan 0.000000
166 185 nan 0.000000
167 185 nan 0.000000
168 185 nan 0.000000
169 185 nan 0.000000
170 185 nan 0.000000
171 185 nan 0.000000
172 185 nan 0.000000
173 185 nan 0.000000
174 185 nan 0.000000
175 185 nan 0.000000
176 185 nan 0.000000
177 185 nan 0.000000
178 185 nan 0.000000
179 185 nan 0.000000
180 185 nan 0.000000
181 185 nan 0.000000
182 185 nan 0.000000
183 185 nan 0.000000
184 185 nan 0.000000
185 185 nan 0.000000
186 185 nan 0.000000
187 185 nan 0.000000
188 185 nan 0.000000
189 185 nan 0.000000
190 185 nan 0.000000
191 185 nan 0.000000
192 185 nan 0.000000
193 185 nan 0.000000
194 185 nan 0.000000
195 185 nan 0.000000
196 185 nan 0.000000
197 185 nan 0.000000
198 185 nan 0.000000
199 185 nan 0.000000
0 186 nan 0.000000
1 186 nan 0.000000
2 186 nan 0.000000
3 186 nan 0.000000
4 186 nan 0.000000
5 186 nan 0.000000
6 186 nan 0.000000
7 186 nan 0.000000
8 186 nan 0.000000
9 186 nan 0.000000
10 186 nan 0.000000
11 186 nan 0.000000
12 186 nan 0.000000
13 186 nan 0.000000
14 186 nan 0.000000
15 186 nan 0.000000
16 186 nan 0.000000
17 186 nan 0.000000
18 186 nan 0.000000
19 186 nan 0.000000
20 186 nan 0.000000
21 186 nan 0.000000
22 186 nan 0.000000
23 186 nan 0.000000
24 186 nan 0.000000
25 186 nan 0.000000
26 186 nan 0.000000
27 186 nan 0.000000
28 186 nan 0.000000
29 186 nan 0.000000
30 186 nan 0.000000
31 186 nan 0.000000
32 186 nan 0.000000
33 186 nan 0.000000
34 186 nan 0.000000
35 186 nan 0.000000
36 186 nan 0.000000
37 186 nan 0.000000
38 186 nan 0.000000
39 186 nan 0.000000
40 186 nan 0.000000
41 186 nan 0.000000
42 186 nan 0.000000
43 186 nan 0.000000
44 186 nan 0.000000
45 186 nan 0.000000
46 186 nan 0.000000
47 186 nan 0.000000
48 186 nan 0.000000
49 186 nan 0.000000
50 186 nan 0.000000
51 186 nan 0.000000
52 186 nan 0.000000
53 186 nan 0.000000
54 186 nan 0.000000
55 186 nan 0.000000
56 186 nan 0.000000
57 186 nan 0.000000
58 186 nan 0.000000
59 186 nan 0.000000
60 186 nan 0.000000
61 186 nan 0.000000
62 186 nan 0.000000
63 186 nan 0.000000
64 186 nan 0.000000
65 186 nan 0.000000
66 186 nan 0.000000
67 186 nan 0.000000
68 186 nan 0.000000
69 186 nan 0.000000
70 186 nan 0.000000
71 186 nan 0.000001
72 186 nan 0.000001
73 186 nan 0.000001
74 186 nan 0.000002
75 186 nan 0.000003
76 186 nan 0.000004
77 186 nan 0.000006
78 186 nan 0.000008
79 186 nan 0.000012
80 186 nan 0.000016
81 186 nan 0.000021
82 186 nan 0.000028
83 186 nan 0.000036
84 186 nan 0.000047
85 186 nan 0.000059
86 186 nan 0.000074
87 186 nan 0.000091
88 186 nan 0.000110
89 186 nan 0.000132
90 186 nan 0.000155
91 186 nan 0.000179
92 186 nan 0.000204
93 186 nan 0.000230
94 186 nan 0.000254
95 186 nan 0.000276
96 186 nan 0.000296
97 186 nan 0.000313
98 186 nan 0.000325
99 186 nan 0.000333
100 186 nan 0.000335
101 186 nan 0.000333
102 186 nan 0.000325
103 186 nan 0.000313
104 186 nan 0.000296
105 186 nan 0.000276
106 186 nan 0.000254
107 186 nan 0.000230
108 186 nan 0.000204
109 186 nan 0.000179
110 186 nan 0.000155
111 186 nan 0.000132
112 186 nan 0.000110
113 186 nan 0.000091
114 186 nan 0.000074
115 186 nan 0.000059
116 186 nan 0.000047
117 186 nan 0.000036
118 186 nan 0.000028
119 186 nan 0.000021
120 186 nan 0.000016
121 186 nan 0.000012
122 186 nan 0.000008
123 186 nan 0.000006
124 186 nan 0.000004
125 186 nan 0.000003
126 186 nan 0.000002
127 186 nan 0.000001
128 186 nan 0.000001
129 186 nan 0.000001
130 186 nan 0.000000
131 186 nan 0.000000
132 186 nan 0.000000
133 186 nan 0.000000
134 186 nan 0.000000
135 186 nan 0.000000
136 186 nan 0.000000
137 186 nan 0.000000
138 186 nan 0.000000
139 186 nan 0.000000
140 186 nan 0.000000
141 186 nan 0.000000
142 186 nan 0.000000
143 186 nan 0.000000
144 186 nan 0.000000
145 186 nan 0.000000
146 186 nan 0.000000
147 186 nan 0.000000
148 186 nan 0.000000
149 186 nan 0.000000
150 186 nan 0.000000
151 186 nan 0.000000
152 186 nan 0.000000
153 186 nan 0.000000
154 186 nan 0.000000
155 186 nan 0.000000
156 186 nan 0.000000
157 186 nan 0.000000
158 186 nan 0.000000
159 186 nan 0.000000
160 186 nan 0.000000
161 186 nan 0.000000
162 186 nan 0.000000
163 186 nan 0.000000
164 186 nan 0.000000
165 186 nan 0.000000
166 186 nan 0.000000
167 186 nan 0.000000
168 186 nan 0.000000
169 186 nan 0.000000
170 186 nan 0.000000
171 186 nan 0.000000
172 186 nan 0.000000
173 186 nan 0.000000
174 186 nan 0.000000
175 186 nan 0.000000
176 186 nan 0.000000
177 186 nan 0.000000
178 186 nan 0.000000
179 186 nan 0.000000
180 186 nan 0.000000
181 186 nan 0.000000
182 186 nan 0.000000
183 186 nan 0.000000
184 186 nan 0.000000
185 186 nan 0.000000
186 186 nan 0.000000
187 186 nan 0.000000
188 186 nan 0.000000
189 186 nan 0.000000
190 186 nan 0.000000
191 186 nan 0.000000
192 186 nan 0.000000
193 186 nan 0.000000
194 186 nan 0.000000
195 186 nan 0.000000
196 186 nan 0.000000
197 186 nan 0.000000
198 186 nan 0.000000
199 186 nan 0.000000
0 187 nan 0.000000
1 187 nan 0.000000
2 187 nan 0.000000
3 187 nan 0.000000
4 187 nan 0.000000
5 187 nan 0.000000
6 187 nan 0.000000
7 187 nan 0.000000
8 187 nan 0.000000
9 187 nan 0.000000
10 187 nan 0.000000
11 187 nan 0.000000
12 187 nan 0.000000
13 187 nan 0.000000
14 187 nan 0.000000
15 187 nan 0.000000
16 187 nan 0.000000
17 187 nan 0.000000
18 187 nan 0.000000
19 187 nan 0.000000
20 187 nan 0.000000
21 187 nan 0.000000
22 187 nan 0.000000
23 187 nan 0.000000
24 187 nan 0.000000
25 187 nan 0.000000
26 187 nan 0.000000
27 187 nan 0.000000
28 187 nan 0.000000
29 187 nan 0.000000
30 187 nan 0.000000
31 187 nan 0.000000
32 187 nan 0.000000
33 187 nan 0.000000
34 187 nan 0.000000
35 187 nan 0.000000
36 187 nan 0.000000
37 187 nan 0.000000
38 187 nan 0.000000
39 187 nan 0.000000
40 187 nan 0.000000
41 187 nan 0.000000
42 187 nan 0.000000
43 187 nan 0.000000
44 187 nan 0.000000
45 187 nan 0.000000
46 187 nan 0.000000
47 187 nan 0.000000
48 187 nan 0.000000
49 187 nan 0.000000
50 187 nan 0.000000
51 187 nan 0.000000
52 187 nan 0.000000
53 187 nan 0.000000
54 187 nan 0.000000
55 187 nan 0.000000
56 187 nan 0.000000
57 187 nan 0.000000
58 187 nan 0.000000
59 187 nan 0.000000
60 187 nan 0.000000
61 187 nan 0.000000
62 187 nan 0.000000
63 187 nan 0.000000
64 187 nan 0.000000
65 187 nan 0.000000
66 187 nan 0.000000
67 187 nan 0.000000
68 187 nan 0.000000
69 187 nan 0.000000
70 187 nan 0.000000
71 187 nan 0.000000
72 187 nan 0.000000
73 187 nan 0.000000
74 187 nan 0.000001
75 187 nan 0.000001
76 187 nan 0.000001
77 187 nan 0.000002
78 187 nan 0.000002
79 187 nan 0.000003
80 187 nan 0.000004
81 187 nan 0.000006
82 187 nan 0.000008
83 187 nan 0.000010
84 187 nan 0.000013
85 187 nan 0.000016
86 187 nan 0.000020
87 187 nan 0.000024
88 187 nan 0.000029
89 187 nan 0.000035
90 187 nan 0.000041
91 187 nan 0.000048
92 187 nan 0.000054
93 187 nan 0.000061
94 187 nan 0.000067
95 187 nan 0.000073
96 187 nan 0.000078
97 187 nan 0.000083
98 187 nan 0.000086
99 187 nan 0.000088
100 187 nan 0.000088
101 187 nan 0.000088
102 187 nan 0.000086
103 187 nan 0.000083
104 187 nan 0.000078
105 187 nan 0.000073
106 187 nan 0.000067
107 187 nan 0.000061
108 187 nan 0.000054
109 187 nan 0.000048
110 187 nan 0.000041
111 187 nan 0.000035
112 187 nan 0.000029
113 187 nan 0.000024
114 187 nan 0.000020
115 187 nan 0.000016
116 187 nan 0.000013
117 187 nan 0.000010
118 187 nan 0.000008
119 187 nan 0.000006
120 187 nan 0.000004
121 187 nan 0.000003
122 187 nan 0.000002
123 187 nan 0.000002
124 187 nan 0.000001
125 187 nan 0.000001
126 187 nan 0.000001
127 187 nan 0.000000
128 187 nan 0.000000
129 187 nan 0.000000
130 187 nan 0.000000
131 187 nan 0.000000
132 187 nan 0.000000
133 187 nan 0.000000
134 187 nan 0.000000
135 187 nan 0.000000
136 187 nan 0.000000
137 187 nan 0.000000
138 187 nan 0.000000
139 187 nan 0.000000
140 187 nan 0.000000
141 187 nan 0.000000
142 187 nan 0.000000
143 187 nan 0.000000
144 187 nan 0.000000
145 187 nan 0.000000
146 187 nan 0.000000
147 187 nan 0.000000
148 187 nan 0.000000
149 187 nan 0.000000
150 187 nan 0.000000
151 187 nan 0.000000
152 187 nan 0.000000
153 187 nan 0.000000
154 187 nan 0.000000
155 187 nan 0.000000
156 187 nan 0.000000
157 187 nan 0.000000
158 187 nan 0.000000
159 187 nan 0.000000
160 187 nan 0.000000
161 187 nan 0.000000
162 187 nan 0.000000
163 187 nan 0.000000
164 187 nan 0.000000
165 187 nan 0.000000
166 187 nan 0.000000
167 187 nan 0.000000
168 187 nan 0.000000
169 187 nan 0.000000
170 187 nan 0.000000
171 187 nan 0.000000
172 187 nan 0.000000
173 187 nan 0.000000
174 187 nan 0.000000
175 187 nan 0.000000
176 187 nan 0.000000
177 187 nan 0.000000
178 187 nan 0.000000
179 187 nan 0.000000
180 187 nan 0.000000
181 187 nan 0.000000
182 187 nan 0.000000
183 187 nan 0.000000
184 187 nan 0.000000
185 187 nan 0.000000
186 187 nan 0.000000
187 187 nan 0.000000
188 187 nan 0.000000
189 187 nan 0.000000
190 187 nan 0.000000
191 187 nan 0.000000
192 187 nan 0.000000
193 187 nan 0.000000
194 187 nan 0.000000
195 187 nan 0.000000
196 187 nan 0.000000
197 187 nan 0.000000
198 187 nan 0.000000
199 187 nan 0.000000
0 188 nan 0.000000
1 188 nan 0.000000
2 188 nan 0.000000
3 188 nan 0.000000
4 188 nan 0.000000
5 188 nan 0.000000
6 188 nan 0.000000
7 188 nan 0.000000
8 188 nan 0.000000
9 188 nan 0.000000
10 188 nan 0.000000
11 188 nan 0.000000
12 188 nan 0.000000
13 188 nan 0.000000
14 188 nan 0.000000
15 188 nan 0.000000
16 188 nan 0.000000
17 188 nan 0.000000
18 188 nan 0.000000
19 188 nan 0.000000
20 188 nan 0.000000
21 188 nan 0.000000
22 188 nan 0.000000
23 188 nan 0.000000
24 188 nan 0.000000
25 188 nan 0.000000
26 188 nan 0.000000
27 188 nan 0.000000
28 188 nan 0.000000
29 188 nan 0.000000
30 188 nan 0.000000
31 188 nan 0.000000
32 188 nan 0.000000
33 188 nan 0.000000
34 188 nan 0.000000
35 188 nan 0.000000
36 188 nan 0.000000
37 188 nan 0.000000
38 188 nan 0.000000
39 188 nan 0.000000
40 188 nan 0.000000
41 188 nan 0.000000
42 188 nan 0.000000
43 188 nan 0.000000
44 188 nan 0.000000
45 188 nan 0.000000
46 188 nan 0.000000
47 188 nan 0.000000
48 188 nan 0.000000
49 188 nan 0.000000
50 188 nan 0.000000
51 188 nan 0.000000
52 188 nan 0.000000
53 188 nan 0.000000
54 188 nan 0.000000
55 188 nan 0.000000
56 188 nan 0.000000
57 188 nan 0.000000
58 188 nan 0.000000
59 188 nan 0.000000
60 188 nan 0.000000
61 188 nan 0.000000
62 188 nan 0.000000
63 188 nan 0.000000
64 188 nan 0.000000
65 188 nan 0.000000
66 188 nan 0.000000
67 188 nan 0.000000
68 188 nan 0.000000
69 188 nan 0.000000
70 188 nan 0.000000
71 188 nan 0.000000
72 188 nan 0.000000
73 188 nan 0.000000
74 188 nan 0.000000
75 188 nan 0.000000
76 188 nan 0.000000
77 188 nan 0.000000
78 188 nan 0.000001
79 188 nan 0.000001
80 188 nan 0.000001
81 188 nan 0.000002
82 188 nan 0.000002
83 188 nan 0.000003
84 188 nan 0.000003
85 188 nan 0.000004
86 188 nan 0.000005
87 188 nan 0.000007
88 188 nan 0.000008
89 188 nan 0.000009
90 188 nan 0.000011
91 188 nan 0.000013
92 188 nan 0.000014
93 188 nan 0.000016
94 188 nan 0.000018
95 188 nan 0.000019
96 188 nan 0.000021
97 188 nan 0.000022
98 188 nan 0.000023
99 188 nan 0.000023
100 188 nan 0.000023
101 188 nan 0.000023
102 188 nan 0.000023
103 188 nan 0.000022
104 188 nan 0.000021
105 188 nan 0.000019
106 188 nan 0.000018
107 188 nan 0.000016
108 188 nan 0.000014
109 188 nan 0.000013
110 188 nan 0.000011
111 188 nan 0.000009
112 188 nan 0.000008
113 188 nan 0.000007
114 188 nan 0.000005
115 188 nan 0.000004
116 188 nan 0.000003
117 188 nan 0.000003
118 188 nan 0.000002
119 188 nan 0.000002
120 188 nan 0.000001
121 188 nan 0.000001
122 188 nan 0.000001
123 188 nan 0.000000
124 188 nan 0.000000
125 188 nan 0.000000
126 188 nan 0.000000
127 188 nan 0.000000
128 188 nan 0.000000
129 188 nan 0.000000
130 188 nan 0.000000
131 188 nan 0.000000
132 188 nan 0.000000
133 188 nan 0.000000
134 188 nan 0.000000
135 188 nan 0.000000
136 188 nan 0.000000
137 188 nan 0.000000
138 188 nan 0.000000
139 188 nan 0.000000
140 188 nan 0.000000
141 188 nan 0.000000
142 188 nan 0.000000
143 188 nan 0.000000
144 188 nan 0.000000
145 188 nan 0.000000
146 188 nan 0.000000
147 188 nan 0.000000
148 188 nan 0.000000
149 188 nan 0.000000
150 188 nan 0.000000
151 188 nan 0.000000
152 188 nan 0.000000
153 188 nan 0.000000
154 188 nan 0.000000
155 188 nan 0.000000
156 188 nan 0.000000
157 188 nan 0.000000
158 188 nan 0.000000
159 188 nan 0.000000
160 188 nan 0.000000
161 188 nan 0.000000
162 188 nan 0.000000
163 188 nan 0.000000
164 188 nan 0.000000
165 188 nan 0.000000
166 188 nan 0.000000
167 188 nan 0.000000
168 188 nan 0.000000
169 188 nan 0.000000
170 188 nan 0.000000
171 188 nan 0.000000
172 188 nan 0.000000
173 188 nan 0.000000
174 188 nan 0.000000
175 188 nan 0.000000
176 188 nan 0.000000
177 188 nan 0.000000
178 188 nan 0.000000
179 188 nan 0.000000
180 188 nan 0.000000
181 188 nan 0.000000
182 188 nan 0.000000
183 188 nan 0.000000
184 188 nan 0.000000
185 188 nan 0.000000
186 188 nan 0.000000
187 188 nan 0.000000
188 188 nan 0.000000
189 188 nan 0.000000
190 188 nan 0.000000
191 188 nan 0.000000
192 188 nan 0.000000
193 188 nan 0.000000
194 188 nan 0.000000
195 188 nan 0.000000
196 188 nan 0.000000
197 188 nan 0.000000
198 188 nan 0.000000
199 188 nan 0.000000
0 189 nan 0.000000
1 189 nan 0.000000
2 189 nan 0.000000
3 189 nan 0.000000
4 189 nan 0.000000
5 189 nan 0.000000
6 189 nan 0.000000
7 189 nan 0.000000
8 189 nan 0.000000
9 189 nan 0.000000
10 189 nan 0.000000
11 189 nan 0.000000
12 189 nan 0.000000
13 189 nan 0.000000
14 189 nan 0.000000
15 189 nan 0.000000
16 189 nan 0.000000
17 189 nan 0.000000
18 189 nan 0.000000
19 189 nan 0.000000
20 189 nan 0.000000
21 189 nan 0.000000
22 189 nan 0.000000
23 189 nan 0.000000
24 189 nan 0.000000
25 189 nan 0.000000
26 189 nan 0.000000
27 189 nan 0.000000
28 189 nan 0.000000
29 189 nan 0.000000
30 189 nan 0.000000
31 189 nan 0.000000
32 189 nan 0.000000
33 189 nan 0.000000
34 189 nan 0.000000
35 189 nan 0.000000
36 189 nan 0.000000
37 189 nan 0.000000
38 189 nan 0.000000
39 189 nan 0.000000
40 189 nan 0.000000
41 189 nan 0.000000
42 189 nan 0.000000
43 189 nan 0.000000
44 189 nan 0.000000
45 189 nan 0.000000
46 189 nan 0.000000
47 189 nan 0.000000
48 189 nan 0.000000
49 189 nan 0.000000
50 189 nan 0.000000
51 189 nan 0.000000
52 189 nan 0.000000
53 189 nan 0.000000
54 189 nan 0.000000
55 189 nan 0.000000
56 189 nan 0.000000
57 189 nan 0.000000
58 189 nan 0.000000
59 189 nan 0.000000
60 189 nan 0.000000
61 189 nan 0.000000
62 189 nan 0.000000
63 189 nan 0.000000
64 189 nan 0.000000
65 189 nan 0.000000
66 189 nan 0.000000
67 189 nan 0.000000
68 189 nan 0.000000
69 189 nan 0.000000
70 189 nan 0.000000
71 189 nan 0.000000
72 189 nan 0.000000
73 189 nan 0.000000
74 189 nan 0.000000
75 189 nan 0.000000
76 189 nan 0.000000
77 189 nan 0.000000
78 189 nan 0.000000
79 189 nan 0.000000
80 189 nan 0.000000
81 189 nan 0.000000
82 189 nan 0.000001
83 189 nan 0.000001
84 189 nan 0.000001
85 189 nan 0.000001
86 189 nan 0.000001
87 189 nan 0.000002
88 189 nan 0.000002
89 189 nan 0.000002
90 189 nan 0.000003
91 189 nan 0.000003
92 189 nan 0.000004
93 189 nan 0.000004
94 189 nan 0.000005
95 189 nan 0.000005
96 189 nan 0.000005
97 189 nan 0.000006
98 189 nan 0.000006
99 189 nan 0.000006
100 189 nan 0.000006
101 189 nan 0.000006
102 189 nan 0.000006
103 189 nan 0.000006
104 189 nan 0.000005
105 189 nan 0.000005
106 189 nan 0.000005
107 189 nan 0.000004
108 189 nan 0.000004
109 189 nan 0.000003
110 189 nan 0.000003
111 189 nan 0.000002
112 189 nan 0.000002
113 189 nan 0.000002
114 189 nan 0.000001
115 189 nan 0.000001
116 189 nan 0.000001
117 189 nan 0.000001
118 189 nan 0.000001
119 189 nan 0.000000
120 189 nan 0.000000
121 189 nan 0.000000
122 189 nan 0.000000
123 189 nan 0.000000
124 189 nan 0.000000
125 189 nan 0.000000
126 189 nan 0.000000
127 189 nan 0.000000
128 189 nan 0.000000
129 189 nan 0.000000
130 189 nan 0.000000
131 189 nan 0.000000
132 189 nan 0.000000
133 189 nan 0.000000
134 189 nan 0.000000
135 189 nan 0.000000
136 189 nan 0.000000
137 189 nan 0.000000
138 189 nan 0.000000
139 189 nan 0.000000
140 189 nan 0.000000
141 189 nan 0.000000
142 189 nan 0.000000
143 189 nan 0.000000
144 189 nan 0.000000
145 189 nan 0.000000
146 189 nan 0.000000
147 189 nan 0.000000
148 189 nan 0.000000
149 189 nan 0.000000
150 189 nan 0.000000
151 189 nan 0.000000
152 189 nan 0.000000
153 189 nan 0.000000
154 189 nan 0.000000
155 189 nan 0.000000
156 189 nan 0.000000
157 189 nan 0.000000
158 189 nan 0.000000
159 189 nan 0.000000
160 189 nan 0.000000
161 189 nan 0.000000
162 189 nan 0.000000
163 189 nan 0.000000
164 189 nan 0.000000
165 189 nan 0.000000
166 189 nan 0.000000
167 189 nan 0.000000
168 189 nan 0.000000
169 189 nan 0.000000
170 189 nan 0.000000
171 189 nan 0.000000
172 189 nan 0.000000
173 189 nan 0.000000
174 189 nan 0.000000
175 189 nan 0.000000
176 189 nan 0.000000
177 189 nan 0.000000
178 189 nan 0.000000
179 189 nan 0.000000
180 189 nan 0.000000
181 189 nan 0.000000
182 189 nan 0.000000
183 189 nan 0.000000
184 189 nan 0.000000
185 189 nan 0.000000
186 189 nan 0.000000
187 189 nan 0.000000
188 189 nan 0.000000
189 189 nan 0.000000
190 189 nan 0.000000
191 189 nan 0.000000
192 189 nan 0.000000
193 189 nan 0.000000
194 189 nan 0.000000
195 189 nan 0.000000
196 189 nan 0.000000
197 189 nan 0.000000
198 189 nan 0.000000
199 189 nan 0.000000
0 190 nan 0.000000
1 190 nan 0.000000
2 190 nan 0.000000
3 190 nan 0.000000
4 190 nan 0.000000
5 190 nan 0.000000
6 190 nan 0.000000
7 190 nan 0.000000
8 190 nan 0.000000
9 190 nan 0.000000
10 190 nan 0.000000
11 190 nan 0.000000
12 190 nan 0.000000
13 190 nan 0.000000
14 190 nan 0.000000
15 190 nan 0.000000
16 190 nan 0.000000
17 190 nan 0.000000
18 190 nan 0.000000
19 190 nan 0.000000
20 190 nan 0.000000
21 190 nan 0.000000
22 190 nan 0.000000
23 190 nan 0.000000
24 190 nan 0.000000
25 190 nan 0.000000
26 190 nan 0.000000
27 190 nan 0.000000
28 190 nan 0.000000
29 190 nan 0.000000
30 190 nan 0.000000
31 190 nan 0.000000
32 190 nan 0.000000
33 190 nan 0.000000
34 190 nan 0.000000
35 190 nan 0.000000
36 190 nan 0.000000
37 190 nan 0.000000
38 190 nan 0.000000
39 190 nan 0.000000
40 190 nan 0.000000
41 190 nan 0.000000
42 190 nan 0.000000
43 190 nan 0.000000
44 190 nan 0.000000
45 190 nan 0.000000
46 190 nan 0.000000
47 190 nan 0.000000
48 190 nan 0.000000
49 190 nan 0.000000
50 190 nan 0.000000
51 190 nan 0.000000
52 190 nan 0.000000
53 190 nan 0.000000
54 190 nan 0.000000
55 190 nan 0.000000
56 190 nan 0.000000
57 190 nan 0.000000
58 190 nan 0.000000
59 190 nan 0.000000
60 190 nan 0.000000
61 190 nan 0.000000
62 190 nan 0.000000
63 190 nan 0.000000
64 190 nan 0.000000
65 190 nan 0.000000
66 190 nan 0.000000
67 190 nan 0.000000
68 190 nan 0.000000
69 190 nan 0.000000
70 190 nan 0.000000
71 190 nan 0.000000
72 190 nan 0.000000
73 190 nan 0.000000
74 190 nan 0.000000
75 190 nan 0.000000
76 190 nan 0.000000
77 190 nan 0.000000
78 190 nan 0.000000
79 190 nan 0.000000
80 190 nan 0.000000
81 190 nan 0.000000
82 190 nan 0.000000
83 190 nan 0.000000
84 190 nan 0.000000
85 190 nan 0.000000
86 190 nan 0.000000
87 190 nan 0.000000
88 190 nan 0.000001
89 190 nan 0.000001
90 190 nan 0.000001
91 190 nan 0.000001
92 190 nan 0.000001
93 190 nan 0.000001
94 190 nan 0.000001
95 190 nan 0.000001
96 190 nan 0.000001
97 190 nan 0.000002
98 190 nan 0.000002
99 190 nan 0.000002
100 190 nan 0.000002
101 190 nan 0.000002
102 190 nan 0.000002
103 190 nan 0.000002
104 190 nan 0.000001
105 190 nan 0.000001
106 190 nan 0.000001
107 190 nan 0.000001
108 190 nan 0.000001
109 190 nan 0.000001
110 190 nan 0.000001
111 190 nan 0.000001
112 190 nan 0.000001
113 190 nan 0.000000
114 190 nan 0.000000
115 190 nan 0.000000
116 190 nan 0.000000
117 190 nan 0.000000
118 190 nan 0.000000
119 190 nan 0.000000
120 190 nan 0.000000
121 190 nan 0.000000
122 190 nan 0.000000
123 190 nan 0.000000
124 190 nan 0.000000
125 190 nan 0.000000
126 190 nan 0.000000
127 190 nan 0.000000
128 190 nan 0.000000
129 190 nan 0.000000
130 190 nan 0.000000
131 190 nan 0.000000
132 190 nan 0.000000
133 190 nan 0.000000
134 190 nan 0.000000
135 190 nan 0.000000
136 190 nan 0.000000
137 190 nan 0.000000
138 190 nan 0.000000
139 190 nan 0.000000
140 190 nan 0.000000
141 190 nan 0.000000
142 190 nan 0.000000
143 190 nan 0.000000
144 190 nan 0.000000
145 190 nan 0.000000
146 190 nan 0.000000
147 190 nan 0.000000
148 190 nan 0.000000
149 190 nan 0.000000
150 190 nan 0.000000
151 190 nan 0.000000
152 190 nan 0.000000
153 190 nan 0.000000
154 190 nan 0.000000
155 190 nan 0.000000
156 190 nan 0.000000
157 190 nan 0.000000
158 190 nan 0.000000
159 190 nan 0.000000
160 190 nan 0.000000
161 190 nan 0.000000
162 190 nan 0.000000
163 190 nan 0.000000
164 190 nan 0.000000
165 190 nan 0.000000
166 190 nan 0.000000
167 190 nan 0.000000
168 190 nan 0.000000
169 190 nan 0.000000
170 190 nan 0.000000
171 190 nan 0.000000
172 190 nan 0.000000
173 190 nan 0.000000
174 190 nan 0.000000
175 190 nan 0.000000
176 190 nan 0.000000
177 190 nan 0.000000
178 190 nan 0.000000
179 190 nan 0.000000
180 190 nan 0.000000
181 190 nan 0.000000
182 190 nan 0.000000
183 190 nan 0.000000
184 190 nan 0.000000
185 190 nan 0.000000
186 190 nan 0.000000
187 190 nan 0.000000
188 190 nan 0.000000
189 190 nan 0.000000
190 190 nan 0.000000
191 190 nan 0.000000
192 190 nan 0.000000
193 190 nan 0.000000
194 190 nan 0.000000
195 190 nan 0.000000
196 190 nan 0.000000
197 190 nan 0.000000
198 190 nan 0.000000
199 190 nan 0.000000
0 191 nan 0.000000
1 191 nan 0.000000
2 191 nan 0.000000
3 191 nan 0.000000
4 191 nan 0.000000
5 191 nan 0.000000
6 191 nan 0.000000
7 191 nan 0.000000
8 191 nan 0.000000
9 191 nan 0.000000
10 191 nan 0.000000
11 191 nan 0.000000
12 191 nan 0.000000
13 191 nan 0.000000
14 191 nan 0.000000
15 191 nan 0.000000
16 191 nan 0.000000
17 191 nan 0.000000
18 191 nan 0.000000
19 191 nan 0.000000
20 191 nan 0.000000
21 191 nan 0.000000
22 191 nan 0.000000
23 191 nan 0.000000
24 191 nan 0.000000
25 191 nan 0.000000
26 191 nan 0.000000
27 191 nan 0.000000
28 191 nan 0.000000
29 191 nan 0.000000
30 191 nan 0.000000
31 191 nan 0.000000
32 191 nan 0.000000
33 191 nan 0.000000
34 191 nan 0.000000
35 191 nan 0.000000
36 191 nan 0.000000
37 191 nan 0.000000
38 191 nan 0.000000
39 191 nan 0.000000
40 191 nan 0.000000
41 191 nan 0.000000
42 191 nan 0.000000
43 191 nan 0.000000
44 191 nan 0.000000
45 191 nan 0.000000
46 191 nan 0.000000
47 191 nan 0.000000
48 191 nan 0.000000
49 191 nan 0.000000
50 191 nan 0.000000
51 191 nan 0.000000
52 191 nan 0.000000
53 191 nan 0.000000
54 191 nan 0.000000
55 191 nan 0.000000
56 191 nan 0.000000
57 191 nan 0.000000
58 191 nan 0.000000
59 191 nan 0.000000
60 191 nan 0.000000
61 191 nan 0.000000
62 191 nan 0.000000
63 191 nan 0.000000
64 191 nan 0.000000
65 191 nan 0.000000
66 191 nan 0.000000
67 191 nan 0.000000
68 191 nan 0.000000
69 191 nan 0.000000
70 191 nan 0.000000
71 191 nan 0.000000
72 191 nan 0.000000
73 191 nan 0.000000
74 191 nan 0.000000
75 191 nan 0.000000
76 191 nan 0.000000
77 191 nan 0.000000
78 191 nan 0.000000
79 191 nan 0.000000
80 191 nan 0.000000
81 191 nan 0.000000
82 191 nan 0.000000
83 191 nan 0.000000
84 191 nan 0.000000
85 191 nan 0.000000
86 191 nan 0.000000
87 191 nan 0.000000
88 191 nan 0.000000
89 191 nan 0.000000
90 191 nan 0.000000
91 191 nan 0.000000
92 191 nan 0.000000
93 191 nan 0.000000
94 191 nan 0.000000
95 191 nan 0.000000
96 191 nan 0.000000
97 191 nan 0.000000
98 191 nan 0.000000
99 191 nan 0.000000
100 191 nan 0.000000
101 191 nan 0.000000
102 191 nan 0.000000
103 191 nan 0.000000
104 191 nan 0.000000
105 191 nan 0.000000
106 191 nan 0.000000
107 191 nan 0.000000
108 191 nan 0.000000
109 191 nan 0.000000
110 191 nan 0.000000
111 191 nan 0.000000
112 191 nan 0.000000
113 191 nan 0.000000
114 191 nan 0.000000
115 191 nan 0.000000
116 191 nan 0.000000
117 191 nan 0.000000
118 191 nan 0.000000
119 191 nan 0.000000
120 191 nan 0.000000
121 191 nan 0.000000
122 191 nan 0.000000
123 191 nan 0.000000
124 191 nan 0.000000
125 191 nan 0.000000
126 191 nan 0.000000
127 191 nan 0.000000
128 191 nan 0.000000
129 191 nan 0.000000
130 191 nan 0.000000
131 191 nan 0.000000
132 191 nan 0.000000
133 191 nan 0.000000
134 191 nan 0.000000
135 191 nan 0.000000
136 191 nan 0.000000
137 191 nan 0.000000
138 191 nan 0.000000
139 191 nan 0.000000
140 191 nan 0.000000
141 191 nan 0.000000
142 191 nan 0.000000
143 191 nan 0.000000
144 191 nan 0.000000
145 191 nan 0.000000
146 191 nan 0.000000
147 191 nan 0.000000
148 191 nan 0.000000
149 191 nan 0.000000
150 191 nan 0.000000
151 191 nan 0.000000
152 191 nan 0.000000
153 191 nan 0.000000
154 191 nan 0.000000
155 191 nan 0.000000
156 191 nan 0.000000
157 191 nan 0.000000
158 191 nan 0.000000
159 191 nan 0.000000
160 191 nan 0.000000
161 191 nan 0.000000
162 191 nan 0.000000
163 191 nan 0.000000
164 191 nan 0.000000
165 191 nan 0.000000
166 191 nan 0.000000
167 191 nan 0.000000
168 191 nan 0.000000
169 191 nan 0.000000
170 191 nan 0.000000
171 191 nan 0.000000
172 191 nan 0.000000
173 191 nan 0.000000
174 191 nan 0.000000
175 191 nan 0.000000
176 191 nan 0.000000
177 191 nan 0.000000
178 191 nan 0.000000
179 191 nan 0.000000
180 191 nan 0.000000
181 191 nan 0.000000
182 191 nan 0.000000
183 191 nan 0.000000
184 191 nan 0.000000
185 191 nan 0.000000
186 191 nan 0.000000
187 191 nan 0.000000
188 191 nan 0.000000
189 191 nan 0.000000
190 191 nan 0.000000
191 191 nan 0.000000
192 191 nan 0.000000
193 191 nan 0.000000
194 191 nan 0.000000
195 191 nan 0.000000
196 191 nan 0.000000
197 191 nan 0.000000
198 191 nan 0.000000
199 191 nan 0.000000
0 192 nan 0.000000
1 192 nan 0.000000
2 192 nan 0.000000
3 192 nan 0.000000
4 192 nan 0.000000
5 192 nan 0.000000
6 192 nan 0.000000
7 192 nan 0.000000
8 192 nan 0.000000
9 192 nan 0.000000
10 192 nan 0.000000
11 192 nan 0.000000
12 192 nan 0.000000
13 192 nan 0.000000
14 192 nan 0.000000
15 192 nan 0.000000
16 192 nan 0.000000
17 192 nan 0.000000
18 192 nan 0.000000
19 192 nan 0.000000
20 192 nan 0.000000
21 192 nan 0.000000
22 192 nan 0.000000
23 192 nan 0.000000
24 192 nan 0.000000
25 192 nan 0.000000
26 192 nan 0.000000
27 192 nan 0.000000
28 192 nan 0.000000
29 192 nan 0.000000
30 192 nan 0.000000
31 192 nan 0.000000
32 192 nan 0.000000
33 192 nan 0.000000
34 192 nan 0.000000
35 192 nan 0.000000
36 192 nan 0.000000
37 192 nan 0.000000
38 192 nan 0.000000
39 192 nan 0.000000
40 192 nan 0.000000
41 192 nan 0.000000
42 192 nan 0.000000
43 192 nan 0.000000
44 192 nan 0.000000
45 192 nan 0.000000
46 192 nan 0.000000
47 192 nan 0.000000
48 192 nan 0.000000
49 192 nan 0.000000
50 192 nan 0.000000
51 192 nan 0.000000
52 192 nan 0.000000
53 192 nan 0.000000
54 192 nan 0.000000
55 192 nan 0.000000
56 192 nan 0.000000
57 192 nan 0.000000
58 192 nan 0.000000
59 192 nan 0.000000
60 192 nan 0.000000
61 192 nan 0.000000
62 192 nan 0.000000
63 192 nan 0.000000
64 192 nan 0.000000
65 192 nan 0.000000
66 192 nan 0.000000
67 192 nan 0.000000
68 192 nan 0.000000
69 192 nan 0.000000
70 192 nan 0.000000
71 192 nan 0.000000
72 192 nan 0.000000
73 192 nan 0.000000
74 192 nan 0.000000
75 192 nan 0.000000
76 192 nan 0.000000
77 192 nan 0.000000
78 192 nan 0.000000
79 192 nan 0.000000
80 192 nan 0.000000
81 192 nan 0.000000
82 192 nan 0.000000
83 192 nan 0.000000
84 192 nan 0.000000
85 192 nan 0.000000
86 192 nan 0.000000
87 192 nan 0.000000
88 192 nan 0.000000
89 192 nan 0.000000
90 192 nan 0.000000
91 192 nan 0.000000
92 192 nan 0.000000
93 192 nan 0.000000
94 192 nan 0.000000
95 192 nan 0.000000
96 192 nan 0.000000
97 192 nan 0.000000
98 192 nan 0.000000
99 192 nan 0.000000
100 192 nan 0.000000
101 192 nan 0.000000
102 192 nan 0.000000
103 192 nan 0.000000
104 192 nan 0.000000
105 192 nan 0.000000
106 192 nan 0.000000
107 192 nan 0.000000
108 192 nan 0.000000
109 192 nan 0.000000
110 192 nan 0.000000
111 192 nan 0.000000
112 192 nan 0.000000
113 192 nan 0.000000
114 192 nan 0.000000
115 192 nan 0.000000
116 192 nan 0.000000
117 192 nan 0.000000
118 192 nan 0.000000
119 192 nan 0.000000
120 192 nan 0.000000
121 192 nan 0.000000
122 192 nan 0.000000
123 192 nan 0.000000
124 192 nan 0.000000
125 192 nan 0.000000
126 192 nan 0.000000
127 192 nan 0.000000
128 192 nan 0.000000
129 192 nan 0.000000
130 192 nan 0.000000
131 192 nan 0.000000
132 192 nan 0.000000
133 192 nan 0.000000
134 192 nan 0.000000
135 192 nan 0.000000
136 192 nan 0.000000
137 192 nan 0.000000
138 192 nan 0.000000
139 192 nan 0.000000
140 192 nan 0.000000
141 192 nan 0.000000
142 192 nan 0.000000
143 192 nan 0.000000
144 192 nan 0.000000
145 192 nan 0.000000
146 192 nan 0.000000
147 192 nan 0.000000
148 192 nan 0.000000
149 192 nan 0.000000
150 192 nan 0.000000
151 192 nan 0.000000
152 192 nan 0.000000
153 192 nan 0.000000
154 192 nan 0.000000
155 192 nan 0.000000
156 192 nan 0.000000
157 192 nan 0.000000
158 192 nan 0.000000
159 192 nan 0.000000
160 192 nan 0.000000
161 192 nan 0.000000
162 192 nan 0.000000
163 192 nan 0.000000
164 192 nan 0.000000
165 192 nan 0.000000
166 192 nan 0.000000
167 192 nan 0.000000
168 192 nan 0.000000
169 192 nan 0.000000
170 192 nan 0.000000
171 192 nan 0.000000
172 192 nan 0.000000
173 192 nan 0.000000
174 192 nan 0.000000
175 192 nan 0.000000
176 192 nan 0.000000
177 192 nan 0.000000
178 192 nan 0.000000
179 192 nan 0.000000
180 192 nan 0.000000
181 192 nan 0.000000
182 192 nan 0.000000
183 192 nan 0.000000
184 192 nan 0.000000
185 192 nan 0.000000
186 192 nan 0.000000
187 192 nan 0.000000
188 192 nan 0.000000
189 192 nan 0.000000
190 192 nan 0.000000
191 192 nan 0.000000
192 192 nan 0.000000
193 192 nan 0.000000
194 192 nan 0.000000
195 192 nan 0.000000
196 192 nan 0.000000
197 192 nan 0.000000
198 192 nan 0.000000
199 192 nan 0.000000
0 193 nan 0.000000
1 193 nan 0.000000
2 193 nan 0.000000
3 193 nan 0.000000
4 193 nan 0.000000
5 193 nan 0.000000
6 193 nan 0.000000
7 193 nan 0.000000
8 193 nan 0.000000
9 193 nan 0.000000
10 193 nan 0.000000
11 193 nan 0.000000
12 193 nan 0.000000
13 193 nan 0.000000
14 193 nan 0.000000
15 193 nan 0.000000
16 193 nan 0.000000
17 193 nan 0.000000
18 193 nan 0.000000
19 193 nan 0.000000
20 193 nan 0.000000
21 193 nan 0.000000
22 193 nan 0.000000
23 193 nan 0.000000
24 193 nan 0.000000
25 193 nan 0.000000
26 193 nan 0.000000
27 193 nan 0.000000
28 193 nan 0.000000
29 193 nan 0.000000
30 193 nan 0.000000
31 193 nan 0.000000
32 193 nan 0.000000
33 193 nan 0.000000
34 193 nan 0.000000
35 193 nan 0.000000
36 193 nan 0.000000
37 193 nan 0.000000
38 193 nan 0.000000
39 193 nan 0.000000
40 193 nan 0.000000
41 193 nan 0.000000
42 193 nan 0.000000
43 193 nan 0.000000
44 193 nan 0.000000
45 193 nan 0.000000
46 193 nan 0.000000
47 193 nan 0.000000
48 193 nan 0.000000
49 193 nan 0.000000
50 193 nan 0.000000
51 193 nan 0.000000
52 193 nan 0.000000
53 193 nan 0.000000
54 193 nan 0.000000
55 193 nan 0.000000
56 193 nan 0.000000
57 193 nan 0.000000
58 193 nan 0.000000
59 193 nan 0.000000
60 193 nan 0.000000
61 193 nan 0.000000
62 193 nan 0.000000
63 193 nan 0.000000
64 193 nan 0.000000
65 193 nan 0.000000
66 193 nan 0.000000
67 193 nan 0.000000
68 193 nan 0.000000
69 193 nan 0.000000
70 193 nan 0.000000
71 193 nan 0.000000
72 193 nan 0.000000
73 193 nan 0.000000
74 193 nan 0.000000
75 193 nan 0.000000
76 193 nan 0.000000
77 193 nan 0.000000
78 193 nan 0.000000
79 193 nan 0.000000
80 193 nan 0.000000
81 193 nan 0.000000
82 193 nan 0.000000
83 193 nan 0.000000
84 193 nan 0.000000
85 193 nan 0.000000
86 193 nan 0.000000
87 193 nan 0.000000
88 193 nan 0.000000
89 193 nan 0.000000
90 193 nan 0.000000
91 193 nan 0.000000
92 193 nan 0.000000
93 193 nan 0.000000
94 193 nan 0.000000
95 193 nan 0.000000
96 193 nan 0.000000
97 193 nan 0.000000
98 193 nan 0.000000
99 193 nan 0.000000
100 193 nan 0.000000
101 193 nan 0.000000
102 193 nan 0.000000
103 193 nan 0.000000
104 193 nan 0.000000
105 193 nan 0.000000
106 193 nan 0.000000
107 193 nan 0.000000
108 193 nan 0.000000
109 193 nan 0.000000
110 193 nan 0.000000
111 193 nan 0.000000
112 193 nan 0.000000
113 193 nan 0.000000
114 193 nan 0.000000
115 193 nan 0.000000
116 193 nan 0.000000
117 193 nan 0.000000
118 193 nan 0.000000
119 193 nan 0.000000
120 193 nan 0.000000
121 193 nan 0.000000
122 193 nan 0.000000
123 193 nan 0.000000
124 193 nan 0.000000
125 193 nan 0.000000
126 193 nan 0.000000
127 193 nan 0.000000
128 193 nan 0.000000
129 193 nan 0.000000
130 193 nan 0.000000
131 193 nan 0.000000
132 193 nan 0.000000
133 193 nan 0.000000
134 193 nan 0.000000
135 193 nan 0.000000
136 193 nan 0.000000
137 193 nan 0.000000
138 193 nan 0.000000
139 193 nan 0.000000
140 193 nan 0.000000
141 193 nan 0.000000
142 193 nan 0.000000
143 193 nan 0.000000
144 193 nan 0.000000
145 193 nan 0.000000
146 193 nan 0.000000
147 193 nan 0.000000
148 193 nan 0.000000
149 193 nan 0.000000
150 193 nan 0.000000
151 193 nan 0.000000
152 193 nan 0.000000
153 193 nan 0.000000
154 193 nan 0.000000
155 193 nan 0.000000
156 193 nan 0.000000
157 193 nan 0.000000
158 193 nan 0.000000
159 193 nan 0.000000
160 193 nan 0.000000
161 193 nan 0.000000
162 193 nan 0.000000
163 193 nan 0.000000
164 193 nan 0.000000
165 193 nan 0.000000
166 193 nan 0.000000
167 193 nan 0.000000
168 193 nan 0.000000
169 193 nan 0.000000
170 193 nan 0.000000
171 193 nan 0.000000
172 193 nan 0.000000
173 193 nan 0.000000
174 193 nan 0.000000
175 193 nan 0.000000
176 193 nan 0.000000
177 193 nan 0.000000
178 193 nan 0.000000
179 193 nan 0.000000
180 193 nan 0.000000
181 193 nan 0.000000
182 193 nan 0.000000
183 193 nan 0.000000
184 193 nan 0.000000
185 193 nan 0.000000
186 193 nan 0.000000
187 193 nan 0.000000
188 193 nan 0.000000
189 193 nan 0.000000
190 193 nan 0.000000
191 193 nan 0.000000
192 193 nan 0.000000
193 193 nan 0.000000
194 193 nan 0.000000
195 193 nan 0.000000
196 193 nan 0.000000
197 193 nan 0.000000
198 193 nan 0.000000
199 193 nan 0.000000
0 194 nan 0.000000
1 194 nan 0.000000
2 194 nan 0.000000
3 194 nan 0.000000
4 194 nan 0.000000
5 194 nan 0.000000
6 194 nan 0.000000
7 194 nan 0.000000
8 194 nan 0.000000
9 194 nan 0.000000
10 194 nan 0.000000
11 194 nan 0.000000
12 194 nan 0.000000
13 194 nan 0.000000
14 194 nan 0.000000
15 194 nan 0.000000
16 194 nan 0.000000
17 194 nan 0.000000
18 194 nan 0.000000
19 194 nan 0.000000
20 194 nan 0.000000
21 194 nan 0.000000
22 194 nan 0.000000
23 194 nan 0.000000
24 194 nan 0.000000
25 194 nan 0.000000
26 194 nan 0.000000
27 194 nan 0.000000
28 194 nan 0.000000
29 194 nan 0.000000
30 194 nan 0.000000
31 194 nan 0.000000
32 194 nan 0.000000
33 194 nan 0.000000
34 194 nan 0.000000
35 194 nan 0.000000
36 194 nan 0.000000
37 194 nan 0.000000
38 194 nan 0.000000
39 194 nan 0.000000
40 194 nan 0.000000
41 194 nan 0.000000
42 194 nan 0.000000
43 194 nan 0.000000
44 194 nan 0.000000
45 194 nan 0.000000
46 194 nan 0.000000
47 194 nan 0.000000
48 194 nan 0.000000
49 194 nan 0.000000
50 194 nan 0.000000
51 194 nan 0.000000
52 194 nan 0.000000
53 194 nan 0.000000
54 194 nan 0.000000
55 194 nan 0.000000
56 194 nan 0.000000
57 194 nan 0.000000
58 194 nan 0.000000
59 194 nan 0.000000
60 194 nan 0.000000
61 194 nan 0.000000
62 194 nan 0.000000
63 194 nan 0.000000
64 194 nan 0.000000
65 194 nan 0.000000
66 194 nan 0.000000
67 194 nan 0.000000
68 194 nan 0.000000
69 194 nan 0.000000
70 194 nan 0.000000
71 194 nan 0.000000
72 194 nan 0.000000
73 194 nan 0.000000
74 194 nan 0.000000
75 194 nan 0.000000
76 194 nan 0.000000
77 194 nan 0.000000
78 194 nan 0.000000
79 194 nan 0.000000
80 194 nan 0.000000
81 194 nan 0.000000
82 194 nan 0.000000
83 194 nan 0.000000
84 194 nan 0.000000
85 194 nan 0.000000
86 194 nan 0.000000
87 194 nan 0.000000
88 194 nan 0.000000
89 194 nan 0.000000
90 194 nan 0.000000
91 194 nan 0.000000
92 194 nan 0.000000
93 194 nan 0.000000
94 194 nan 0.000000
95 194 nan 0.000000
96 194 nan 0.000000
97 194 nan 0.000000
98 194 nan 0.000000
99 194 nan 0.000000
100 194 nan 0.000000
101 194 nan 0.000000
102 194 nan 0.000000
103 194 nan 0.000000
104 194 nan 0.000000
105 194 nan 0.000000
106 194 nan 0.000000
107 194 nan 0.000000
108 194 nan 0.000000
109 194 nan 0.000000
110 194 nan 0.000000
111 194 nan 0.000000
112 194 nan 0.000000
113 194 nan 0.000000
114 194 nan 0.000000
115 194 nan 0.000000
116 194 nan 0.000000
117 194 nan 0.000000
118 194 nan 0.000000
119 194 nan 0.000000
120 194 nan 0.000000
121 194 nan 0.000000
122 194 nan 0.000000
123 194 nan 0.000000
124 194 nan 0.000000
125 194 nan 0.000000
126 194 nan 0.000000
127 194 nan 0.000000
128 194 nan 0.000000
129 194 nan 0.000000
130 194 nan 0.000000
131 194 nan 0.000000
132 194 nan 0.000000
133 194 nan 0.000000
134 194 nan 0.000000
135 194 nan 0.000000
136 194 nan 0.000000
137 194 nan 0.000000
138 194 nan 0.000000
139 194 nan 0.000000
140 194 nan 0.000000
141 194 nan 0.000000
142 194 nan 0.000000
143 194 nan 0.000000
144 194 nan 0.000000
145 194 nan 0.000000
146 194 nan 0.000000
147 194 nan 0.000000
148 194 nan 0.000000
149 194 nan 0.000000
150 194 nan 0.000000
151 194 nan 0.000000
152 194 nan 0.000000
153 194 nan 0.000000
154 194 nan 0.000000
155 194 nan 0.000000
156 194 nan 0.000000
157 194 nan 0.000000
158 194 nan 0.000000
159 194 nan 0.000000
160 194 nan 0.000000
161 194 nan 0.000000
162 194 nan 0.000000
163 194 nan 0.000000
164 194 nan 0.000000
165 194 nan 0.000000
166 194 nan 0.000000
167 194 nan 0.000000
168 194 nan 0.000000
169 194 nan 0.000000
170 194 nan 0.000000
171 194 nan 0.000000
172 194 nan 0.000000
173 194 nan 0.000000
174 194 nan 0.000000
175 194 nan 0.000000
176 194 nan 0.000000
177 194 nan 0.000000
178 194 nan 0.000000
179 194 nan 0.000000
180 194 nan 0.000000
181 194 nan 0.000000
182 194 nan 0.000000
183 194 nan 0.000000
184 194 nan 0.000000
185 194 nan 0.000000
186 194 nan 0.000000
187 194 nan 0.000000
188 194 nan 0.000000
189 194 nan 0.000000
190 194 nan 0.000000
191 194 nan 0.000000
192 194 nan 0.000000
193 194 nan 0.000000
194 194 nan 0.000000
195 194 nan 0.000000
196 194 nan 0.000000
197 194 nan 0.000000
198 194 nan 0.000000
199 194 nan 0.000000
0 195 nan 0.000000
1 195 nan 0.000000
2 195 nan 0.000000
3 195 nan 0.000000
4 195 nan 0.000000
5 195 nan 0.000000
6 195 nan 0.000000
7 195 nan 0.000000
8 195 nan 0.000000
9 195 nan 0.000000
10 195 nan 0.000000
11 195 nan 0.000000
12 195 nan 0.000000
13 195 nan 0.000000
14 195 nan 0.000000
15 195 nan 0.000000
16 195 nan 0.000000
17 195 nan 0.000000
18 195 nan 0.000000
19 195 nan 0.000000
20 195 nan 0.000000
21 195 nan 0.000000
22 195 nan 0.000000
23 195 nan 0.000000
24 195 nan 0.000000
25 195 nan 0.000000
26 195 nan 0.000000
27 195 nan 0.000000
28 195 nan 0.000000
29 195 nan 0.000000
30 195 nan 0.000000
31 195 nan 0.000000
32 195 nan 0.000000
33 195 nan 0.000000
34 195 nan 0.000000
35 195 nan 0.000000
36 195 nan 0.000000
37 195 nan 0.000000
38 195 nan 0.000000
39 195 nan 0.000000
40 195 nan 0.000000
41 195 nan 0.000000
42 195 nan 0.000000
43 195 nan 0.000000
44 195 nan 0.000000
45 195 nan 0.000000
46 195 nan 0.000000
47 195 nan 0.000000
48 195 nan 0.000000
49 195 nan 0.000000
50 195 nan 0.000000
51 195 nan 0.000000
52 195 nan 0.000000
53 195 nan 0.000000
54 195 nan 0.000000
55 195 nan 0.000000
56 195 nan 0.000000
57 195 nan 0.000000
58 195 nan 0.000000
59 195 nan 0.000000
60 195 nan 0.000000
61 195 nan 0.000000
62 195 nan 0.000000
63 195 nan 0.000000
64 195 nan 0.000000
65 195 nan 0.000000
66 195 nan 0.000000
67 195 nan 0.000000
68 195 nan 0.000000
69 195 nan 0.000000
70 195 nan 0.000000
71 195 nan 0.000000
72 195 nan 0.000000
73 195 nan 0.000000
74 195 nan 0.000000
75 195 nan 0.000000
76 195 nan 0.000000
77 195 nan 0.000000
78 195 nan 0.000000
79 195 nan 0.000000
80 195 nan 0.000000
81 195 nan 0.000000
82 195 nan 0.000000
83 195 nan 0.000000
84 195 nan 0.000000
85 195 nan 0.000000
86 195 nan 0.000000
87 195 nan 0.000000
88 195 nan 0.000000
89 195 nan 0.000000
90 195 nan 0.000000
91 195 nan 0.000000
92 195 nan 0.000000
93 195 nan 0.000000
94 195 nan 0.000000
95 195 nan 0.000000
96 195 nan 0.000000
97 195 nan 0.000000
98 195 nan 0.000000
99 195 nan 0.000000
100 195 nan 0.000000
101 195 nan 0.000000
102 195 nan 0.000000
103 195 nan 0.000000
104 195 nan 0.000000
105 195 nan 0.000000
106 195 nan 0.000000
107 195 nan 0.000000
108 195 nan 0.000000
109 195 nan 0.000000
110 195 nan 0.000000
111 195 nan 0.000000
112 195 nan 0.000000
113 195 nan 0.000000
114 195 nan 0.000000
115 195 nan 0.000000
116 195 nan 0.000000
117 195 nan 0.000000
118 195 nan 0.000000
119 195 nan 0.000000
120 195 nan 0.000000
121 195 nan 0.000000
122 195 nan 0.000000
123 195 nan 0.000000
124 195 nan 0.000000
125 195 nan 0.000000
126 195 nan 0.000000
127 195 nan 0.000000
128 195 nan 0.000000
129 195 nan 0.000000
130 195 nan 0.000000
131 195 nan 0.000000
132 195 nan 0.000000
133 195 nan 0.000000
134 195 nan 0.000000
135 195 nan 0.000000
136 195 nan 0.000000
137 195 nan 0.000000
138 195 nan 0.000000
139 195 nan 0.000000
140 195 nan 0.000000
141 195 nan 0.000000
142 195 nan 0.000000
143 195 nan 0.000000
144 195 nan 0.000000
145 195 nan 0.000000
146 195 nan 0.000000
147 195 nan 0.000000
148 195 nan 0.000000
149 195 nan 0.000000
150 195 nan 0.000000
151 195 nan 0.000000
152 195 nan 0.000000
153 195 nan 0.000000
154 195 nan 0.000000
155 195 nan 0.000000
156 195 nan 0.000000
157 195 nan 0.000000
158 195 nan 0.000000
159 195 nan 0.000000
160 195 nan 0.000000
161 195 nan 0.000000
162 195 nan 0.000000
163 195 nan 0.000000
164 195 nan 0.000000
165 195 nan 0.000000
166 195 nan 0.000000
167 195 nan 0.000000
168 195 nan 0.000000
169 195 nan 0.000000
170 195 nan 0.000000
171 195 nan 0.000000
172 195 nan 0.000000
173 195 nan 0.000000
174 195 nan 0.000000
175 195 nan 0.000000
176 195 nan 0.000000
177 195 nan 0.000000
178 195 nan 0.000000
179 195 nan 0.000000
180 195 nan 0.000000
181 195 nan 0.000000
182 195 nan 0.000000
183 195 nan 0.000000
184 195 nan 0.000000
185 195 nan 0.000000
186 195 nan 0.000000
187 195 nan 0.000000
188 195 nan 0.000000
189 195 nan 0.000000
190 195 nan 0.000000
191 195 nan 0.000000
192 195 nan 0.000000
193 195 nan 0.000000
194 195 nan 0.000000
195 195 nan 0.000000
196 195 nan 0.000000
197 195 nan 0.000000
198 195 nan 0.000000
199 195 nan 0.000000
0 196 nan 0.000000
1 196 nan 0.000000
2 196 nan 0.000000
3 196 nan 0.000000
4 196 nan 0.000000
5 196 nan 0.000000
6 196 nan 0.000000
7 196 nan 0.000000
8 196 nan 0.000000
9 196 nan 0.000000
10 196 nan 0.000000
11 196 nan 0.000000
12 196 nan 0.000000
13 196 nan 0.000000
14 196 nan 0.000000
15 196 nan 0.000000
16 196 nan 0.000000
17 196 nan 0.000000
18 196 nan 0.000000
19 196 nan 0.000000
20 196 nan 0.000000
21 196 nan 0.000000
22 196 nan 0.000000
23 196 nan 0.000000
24 196 nan 0.000000
25 196 nan 0.000000
26 196 nan 0.000000
27 196 nan 0.000000
28 196 nan 0.000000
29 196 nan 0.000000
30 196 nan 0.000000
31 196 nan 0.000000
32 196 nan 0.000000
33 196 nan 0.000000
34 196 nan 0.000000
35 196 nan 0.000000
36 196 nan 0.000000
37 196 nan 0.000000
38 196 nan 0.000000
39 196 nan 0.000000
40 196 nan 0.000000
41 196 nan 0.000000
42 196 nan 0.000000
43 196 nan 0.000000
44 196 nan 0.000000
45 196 nan 0.000000
46 196 nan 0.000000
47 196 nan 0.000000
48 196 nan 0.000000
49 196 nan 0.000000
50 196 nan 0.000000
51 196 nan 0.000000
52 196 nan 0.000000
53 196 nan 0.000000
54 196 nan 0.000000
55 196 nan 0.000000
56 196 nan 0.000000
57 196 nan 0.000000
58 196 nan 0.000000
59 196 nan 0.000000
60 196 nan 0.000000
61 196 nan 0.000000
62 196 nan 0.000000
63 196 nan 0.000000
64 196 nan 0.000000
65 196 nan 0.000000
66 196 nan 0.000000
67 196 nan 0.000000
68 196 nan 0.000000
69 196 nan 0.000000
70 196 nan 0.000000
71 196 nan 0.000000
72 196 nan 0.000000
73 196 nan 0.000000
74 196 nan 0.000000
75 196 nan 0.000000
76 196 nan 0.000000
77 196 nan 0.000000
78 196 nan 0.000000
79 196 nan 0.000000
80 196 nan 0.000000
81 196 nan 0.000000
82 196 nan 0.000000
83 196 nan 0.000000
84 196 nan 0.000000
85 196 nan 0.000000
86 196 nan 0.000000
87 196 nan 0.000000
88 196 nan 0.000000
89 196 nan 0.000000
90 196 nan 0.000000
91 196 nan 0.000000
92 196 nan 0.000000
93 196 nan 0.000000
94 196 nan 0.000000
95 196 nan 0.000000
96 196 nan 0.000000
97 196 nan 0.000000
98 196 nan 0.000000
99 196 nan 0.000000
100 196 nan 0.000000
101 196 nan 0.000000
102 196 nan 0.000000
103 196 nan 0.000000
104 196 nan 0.000000
105 196 nan 0.000000
106 196 nan 0.000000
107 196 nan 0.000000
108 196 nan 0.000000
109 196 nan 0.000000
110 196 nan 0.000000
111 196 nan 0.000000
112 196 nan 0.000000
113 196 nan 0.000000
114 196 nan 0.000000
115 196 nan 0.000000
116 196 nan 0.000000
117 196 nan 0.000000
118 196 nan 0.000000
119 196 nan 0.000000
120 196 nan 0.000000
121 196 nan 0.000000
122 196 nan 0.000000
123 196 nan 0.000000
124 196 nan 0.000000
125 196 nan 0.000000
126 196 nan 0.000000
127 196 nan 0.000000
128 196 nan 0.000000
129 196 nan 0.000000
130 196 nan 0.000000
131 196 nan 0.000000
132 196 nan 0.000000
133 196 nan 0.000000
134 196 nan 0.000000
135 196 nan 0.000000
136 196 nan 0.000000
137 196 nan 0.000000
138 196 nan 0.000000
139 196 nan 0.000000
140 196 nan 0.000000
141 196 nan 0.000000
142 196 nan 0.000000
143 196 nan 0.000000
144 196 nan 0.000000
145 196 nan 0.000000
146 196 nan 0.000000
147 196 nan 0.000000
148 196 nan 0.000000
149 196 nan 0.000000
150 196 nan 0.000000
151 196 nan 0.000000
152 196 nan 0.000000
153 196 nan 0.000000
154 196 nan 0.000000
155 196 nan 0.000000
156 196 nan 0.000000
157 196 nan 0.000000
158 196 nan 0.000000
159 196 nan 0.000000
160 196 nan 0.000000
161 196 nan 0.000000
162 196 nan 0.000000
163 196 nan 0.000000
164 196 nan 0.000000
165 196 nan 0.000000
166 196 nan 0.000000
167 196 nan 0.000000
168 196 nan 0.000000
169 196 nan 0.000000
170 196 nan 0.000000
171 196 nan 0.000000
172 196 nan 0.000000
173 196 nan 0.000000
174 196 nan 0.000000
175 196 nan 0.000000
176 196 nan 0.000000
177 196 nan 0.000000
178 196 nan 0.000000
179 196 nan 0.000000
180 196 nan 0.000000
181 196 nan 0.000000
182 196 nan 0.000000
183 196 nan 0.000000
184 196 nan 0.000000
185 196 nan 0.000000
186 196 nan 0.000000
187 196 nan 0.000000
188 196 nan 0.000000
189 196 nan 0.000000
190 196 nan 0.000000
191 196 nan 0.000000
192 196 nan 0.000000
193 196 nan 0.000000
194 196 nan 0.000000
195 196 nan 0.000000
196 196 nan 0.000000
197 196 nan 0.000000
198 196 nan 0.000000
199 196 nan 0.000000
0 197 nan 0.000000
1 197 nan 0.000000
2 197 nan 0.000000
3 197 nan 0.000000
4 197 nan 0.000000
5 197 nan 0.000000
6 197 nan 0.000000
7 197 nan 0.000000
8 197 nan 0.000000
9 197 nan 0.000000
10 197 nan 0.000000
11 197 nan 0.000000
12 197 nan 0.000000
13 197 nan 0.000000
14 197 nan 0.000000
15 197 nan 0.000000
16 197 nan 0.000000
17 197 nan 0.000000
18 197 nan 0.000000
19 197 nan 0.000000
20 197 nan 0.000000
21 197 nan 0.000000
22 197 nan 0.000000
23 197 nan 0.000000
24 197 nan 0.000000
25 197 nan 0.000000
26 197 nan 0.000000
27 197 nan 0.000000
28 197 nan 0.000000
29 197 nan 0.000000
30 197 nan 0.000000
31 197 nan 0.000000
32 197 nan 0.000000
33 197 nan 0.000000
34 197 nan 0.000000
35 197 nan 0.000000
36 197 nan 0.000000
37 197 nan 0.000000
38 197 nan 0.000000
39 197 nan 0.000000
40 197 nan 0.000000
41 197 nan 0.000000
42 197 nan 0.000000
43 197 nan 0.000000
44 197 nan 0.000000
45 197 nan 0.000000
46 197 nan 0.000000
47 197 nan 0.000000
48 197 nan 0.000000
49 197 nan 0.000000
50 197 nan 0.000000
51 197 nan 0.000000
52 197 nan 0.000000
53 197 nan 0.000000
54 197 nan 0.000000
55 197 nan 0.000000
56 197 nan 0.000000
57 197 nan 0.000000
58 197 nan 0.000000
59 197 nan 0.000000
60 197 nan 0.000000
61 197 nan 0.000000
62 197 nan 0.000000
63 197 nan 0.000000
64 197 nan 0.000000
65 197 nan 0.000000
66 197 nan 0.000000
67 197 nan 0.000000
68 197 nan 0.000000
69 197 nan 0.000000
70 197 nan 0.000000
71 197 nan 0.000000
72 197 nan 0.000000
73 197 nan 0.000000
74 197 nan 0.000000
75 197 nan 0.000000
76 197 nan 0.000000
77 197 nan 0.000000
78 197 nan 0.000000
79 197 nan 0.000000
80 197 nan 0.000000
81 197 nan 0.000000
82 197 nan 0.000000
83 197 nan 0.000000
84 197 nan 0.000000
85 197 nan 0.000000
86 197 nan 0.000000
87 197 nan 0.000000
88 197 nan 0.000000
89 197 nan 0.000000
90 197 nan 0.000000
91 197 nan 0.000000
92 197 nan 0.000000
93 197 nan 0.000000
94 197 nan 0.000000
95 197 nan 0.000000
96 197 nan 0.000000
97 197 nan 0.000000
98 197 nan 0.000000
99 197 nan 0.000000
100 197 nan 0.000000
101 197 nan 0.000000
102 197 nan 0.000000
103 197 nan 0.000000
104 197 nan 0.000000
105 197 nan 0.000000
106 197 nan 0.000000
107 197 nan 0.000000
108 197 nan 0.000000
109 197 nan 0.000000
110 197 nan 0.000000
111 197 nan 0.000000
112 197 nan 0.000000
113 197 nan 0.000000
114 197 nan 0.000000
115 197 nan 0.000000
116 197 nan 0.000000
117 197 nan 0.000000
118 197 nan 0.000000
119 197 nan 0.000000
120 197 nan 0.000000
121 197 nan 0.000000
122 197 nan 0.000000
123 197 nan 0.000000
124 197 nan 0.000000
125 197 nan 0.000000
126 197 nan 0.000000
127 197 nan 0.000000
128 197 nan 0.000000
129 197 nan 0.000000
130 197 nan 0.000000
131 197 nan 0.000000
132 197 nan 0.000000
133 197 nan 0.000000
134 197 nan 0.000000
135 197 nan 0.000000
136 197 nan 0.000000
137 197 nan 0.000000
138 197 nan 0.000000
139 197 nan 0.000000
140 197 nan 0.000000
141 197 nan 0.000000
142 197 nan 0.000000
143 197 nan 0.000000
144 197 nan 0.000000
145 197 nan 0.000000
146 197 nan 0.000000
147 197 nan 0.000000
148 197 nan 0.000000
149 197 nan 0.000000
150 197 nan 0.000000
151 197 nan 0.000000
152 197 nan 0.000000
153 197 nan 0.000000
154 197 nan 0.000000
155 197 nan 0.000000
156 197 nan 0.000000
157 197 nan 0.000000
158 197 nan 0.000000
159 197 nan 0.000000
160 197 nan 0.000000
161 197 nan 0.000000
162 197 nan 0.000000
163 197 nan 0.000000
164 197 nan 0.000000
165 197 nan 0.000000
166 197 nan 0.000000
167 197 nan 0.000000
168 197 nan 0.000000
169 197 nan 0.000000
170 197 nan 0.000000
171 197 nan 0.000000
172 197 nan 0.000000
173 197 nan 0.000000
174 197 nan 0.000000
175 197 nan 0.000000
176 197 nan 0.000000
177 197 nan 0.000000
178 197 nan 0.000000
179 197 nan 0.000000
180 197 nan 0.000000
181 197 nan 0.000000
182 197 nan 0.000000
183 197 nan 0.000000
184 197 nan 0.000000
185 197 nan 0.000000
186 197 nan 0.000000
187 197 nan 0.000000
188 197 nan 0.000000
189 197 nan 0.000000
190 197 nan 0.000000
191 197 nan 0.000000
192 197 nan 0.000000
193 197 nan 0.000000
194 197 nan 0.000000
195 197 nan 0.000000
196 197 nan 0.000000
197 197 nan 0.000000
198 197 nan 0.000000
199 197 nan 0.000000
0 198 nan 0.000000
1 198 nan 0.000000
2 198 nan 0.000000
3 198 nan 0.000000
4 198 nan 0.000000
5 198 nan 0.000000
6 198 nan 0.000000
7 198 nan 0.000000
8 198 nan 0.000000
9 198 nan 0.000000
10 198 nan 0.000000
11 198 nan 0.000000
12 198 nan 0.000000
13 198 nan 0.000000
14 198 nan 0.000000
15 198 nan 0.000000
16 198 nan 0.000000
17 198 nan 0.000000
18 198 nan 0.000000
19 198 nan 0.000000
20 198 nan 0.000000
21 198 nan 0.000000
22 198 nan 0.000000
23 198 nan 0.000000
24 198 nan 0.000000
25 198 nan 0.000000
26 198 nan 0.000000
27 198 nan 0.000000
28 198 nan 0.000000
29 198 nan 0.000000
30 198 nan 0.000000
31 198 nan 0.000000
32 198 nan 0.000000
33 198 nan 0.000000
34 198 nan 0.000000
35 198 nan 0.000000
36 198 nan 0.000000
37 198 nan 0.000000
38 198 nan 0.000000
39 198 nan 0.000000
40 198 nan 0.000000
41 198 nan 0.000000
42 198 nan 0.000000
43 198 nan 0.000000
44 198 nan 0.000000
45 198 nan 0.000000
46 198 nan 0.000000
47 198 nan 0.000000
48 198 nan 0.000000
49 198 nan 0.000000
50 198 nan 0.000000
51 198 nan 0.000000
52 198 nan 0.000000
53 198 nan 0.000000
54 198 nan 0.000000
55 198 nan 0.000000
56 198 nan 0.000000
57 198 nan 0.000000
58 198 nan 0.000000
59 198 nan 0.000000
60 198 nan 0.000000
61 198 nan 0.000000
62 198 nan 0.000000
63 198 nan 0.000000
64 198 nan 0.000000
65 198 nan 0.000000
66 198 nan 0.000000
67 198 nan 0.000000
68 198 nan 0.000000
69 198 nan 0.000000
70 198 nan 0.000000
71 198 nan 0.000000
72 198 nan 0.000000
73 198 nan 0.000000
74 198 nan 0.000000
75 198 nan 0.000000
76 198 nan 0.000000
77 198 nan 0.000000
78 198 nan 0.000000
79 198 nan 0.000000
80 198 nan 0.000000
81 198 nan 0.000000
82 198 nan 0.000000
83 198 nan 0.000000
84 198 nan 0.000000
85 198 nan 0.000000
86 198 nan 0.000000
87 198 nan 0.000000
88 198 nan 0.000000
89 198 nan 0.000000
90 198 nan 0.000000
91 198 nan 0.000000
92 198 nan 0.000000
93 198 nan 0.000000
94 198 nan 0.000000
95 198 nan 0.000000
96 198 nan 0.000000
97 198 nan 0.000000
98 198 nan 0.000000
99 198 nan 0.000000
100 198 nan 0.000000
101 198 nan 0.000000
102 198 nan 0.000000
103 198 nan 0.000000
104 198 nan 0.000000
105 198 nan 0.000000
106 198 nan 0.000000
107 198 nan 0.000000
108 198 nan 0.000000
109 198 nan 0.000000
110 198 nan 0.000000
111 198 nan 0.000000
112 198 nan 0.000000
113 198 nan 0.000000
114 198 nan 0.000000
115 198 nan 0.000000
116 198 nan 0.000000
117 198 nan 0.000000
118 198 nan 0.000000
119 198 nan 0.000000
120 198 nan 0.000000
121 198 nan 0.000000
122 198 nan 0.000000
123 198 nan 0.000000
124 198 nan 0.000000
125 198 nan 0.000000
126 198 nan 0.000000
127 198 nan 0.000000
128 198 nan 0.000000
129 198 nan 0.000000
130 198 nan 0.000000
131 198 nan 0.000000
132 198 nan 0.000000
133 198 nan 0.000000
134 198 nan 0.000000
135 198 nan 0.000000
136 198 nan 0.000000
137 198 nan 0.000000
138 198 nan 0.000000
139 198 nan 0.000000
140 198 nan 0.000000
141 198 nan 0.000000
142 198 nan 0.000000
143 198 nan 0.000000
144 198 nan 0.000000
145 198 nan 0.000000
146 198 nan 0.000000
147 198 nan 0.000000
148 198 nan 0.000000
149 198 nan 0.000000
150 198 nan 0.000000
151 198 nan 0.000000
152 198 nan 0.000000
153 198 nan 0.000000
154 198 nan 0.000000
155 198 nan 0.000000
156 198 nan 0.000000
157 198 nan 0.000000
158 198 nan 0.000000
159 198 nan 0.000000
160 198 nan 0.000000
161 198 nan 0.000000
162 198 nan 0.000000
163 198 nan 0.000000
164 198 nan 0.000000
165 198 nan 0.000000
166 198 nan 0.000000
167 198 nan 0.000000
168 198 nan 0.000000
169 198 nan 0.000000
170 198 nan 0.000000
171 198 nan 0.000000
172 198 nan 0.000000
173 198 nan 0.000000
174 198 nan 0.000000
175 198 nan 0.000000
176 198 nan 0.000000
177 198 nan 0.000000
178 198 nan 0.000000
179 198 nan 0.000000
180 198 nan 0.000000
181 198 nan 0.000000
182 198 nan 0.000000
183 198 nan 0.000000
184 198 nan 0.000000
185 198 nan 0.000000
186 198 nan 0.000000
187 198 nan 0.000000
188 198 nan 0.000000
189 198 nan 0.000000
190 198 nan 0.000000
191 198 nan 0.000000
192 198 nan 0.000000
193 198 nan 0.000000
194 198 nan 0.000000
195 198 nan 0.000000
196 198 nan 0.000000
197 198 nan 0.000000
198 198 nan 0.000000
199 198 nan 0.000000
0 199 nan 0.000000
1 199 nan 0.000000
2 199 nan 0.000000
3 199 nan 0.000000
4 199 nan 0.000000
5 199 nan 0.000000
6 199 nan 0.000000
7 199 nan 0.000000
8 199 nan 0.000000
9 199 nan 0.000000
10 199 nan 0.000000
11 199 nan 0.000000
12 199 nan 0.000000
13 199 nan 0.000000
14 199 nan 0.000000
15 199 nan 0.000000
16 199 nan 0.000000
17 199 nan 0.000000
18 199 nan 0.000000
19 199 nan 0.000000
20 199 nan 0.000000
21 199 nan 0.000000
22 199 nan 0.000000
23 199 nan 0.000000
24 199 nan 0.000000
25 199 nan 0.000000
26 199 nan 0.000000
27 199 nan 0.000000
28 199 nan 0.000000
29 199 nan 0.000000
30 199 nan 0.000000
31 199 nan 0.000000
32 199 nan 0.000000
33 199 nan 0.000000
34 199 nan 0.000000
35 199 nan 0.000000
36 199 nan 0.000000
37 199 nan 0.000000
38 199 nan 0.000000
39 199 nan 0.000000
40 199 nan 0.000000
41 199 nan 0.000000
42 199 nan 0.000000
43 199 nan 0.000000
44 199 nan 0.000000
45 199 nan 0.000000
46 199 nan 0.000000
47 199 nan 0.000000
48 199 nan 0.000000
49 199 nan 0.000000
50 199 nan 0.000000
51 199 nan 0.000000
52 199 nan 0.000000
53 199 nan 0.000000
54 199 nan 0.000000
55 199 nan 0.000000
56 199 nan 0.000000
57 199 nan 0.000000
58 199 nan 0.000000
59 199 nan 0.000000
60 199 nan 0.000000
61 199 nan 0.000000
62 199 nan 0.000000
63 199 nan 0.000000
64 199 nan 0.000000
65 199 nan 0.000000
66 199 nan 0.000000
67 199 nan 0.000000
68 199 nan 0.000000
69 199 nan 0.000000
70 199 nan 0.000000
71 199 nan 0.000000
72 199 nan 0.000000
73 199 nan 0.000000
74 199 nan 0.000000
75 199 nan 0.000000
76 199 nan 0.000000
77 199 nan 0.000000
78 199 nan 0.000000
79 199 nan 0.000000
80 199 nan 0.000000
81 199 nan 0.000000
82 199 nan 0.000000
83 199 nan 0.000000
84 199 nan 0.000000
85 199 nan 0.000000
86 199 nan 0.000000
87 199 nan 0.000000
88 199 nan 0.000000
89 199 nan 0.000000
90 199 nan 0.000000
91 199 nan 0.000000
92 199 nan 0.000000
93 199 nan 0.000000
94 199 nan 0.000000
95 199 nan 0.000000
96 199 nan 0.000000
97 199 nan 0.000000
98 199 nan 0.000000
99 199 nan 0.000000
100 199 nan 0.000000
101 199 nan 0.000000
102 199 nan 0.000000
103 199 nan 0.000000
104 199 nan 0.000000
105 199 nan 0.000000
106 199 nan 0.000000
107 199 nan 0.000000
108 199 nan 0.000000
109 199 nan 0.000000
110 199 nan 0.000000
111 199 nan 0.000000
112 199 nan 0.000000
113 199 nan 0.000000
114 199 nan 0.000000
115 199 nan 0.000000
116 199 nan 0.000000
117 199 nan 0.000000
118 199 nan 0.000000
119 199 nan 0.000000
120 199 nan 0.000000
121 199 nan 0.000000
122 199 nan 0.000000
123 199 nan 0.000000
124 199 nan 0.000000
125 199 nan 0.000000
126 199 nan 0.000000
127 199 nan 0.000000
128 199 nan 0.000000
129 199 nan 0.000000
130 199 nan 0.000000
131 199 nan 0.000000
132 199 nan 0.000000
133 199 nan 0.000000
134 199 nan 0.000000
135 199 nan 0.000000
136 199 nan 0.000000
137 199 nan 0.000000
138 199 nan 0.000000
139 199 nan 0.000000
140 199 nan 0.000000
141 199 nan 0.000000
142 199 nan 0.000000
143 199 nan 0.000000
144 199 nan 0.000000
145 199 nan 0.000000
146 199 nan 0.000000
147 199 nan 0.000000
148 199 nan 0.000000
149 199 nan 0.000000
150 199 nan 0.000000
151 199 nan 0.000000
152 199 nan 0.000000
153 199 nan 0.000000
154 199 nan 0.000000
155 199 nan 0.000000
156 199 nan 0.000000
157 199 nan 0.000000
158 199 nan 0.000000
159 199 nan 0.000000
160 199 nan 0.000000
161 199 nan 0.000000
162 199 nan 0.000000
163 199 nan 0.000000
164 199 nan 0.000000
165 199 nan 0.000000
166 199 nan 0.000000
167 199 nan 0.000000
168 199 nan 0.000000
169 199 nan 0.000000
170 199 nan 0.000000
171 199 nan 0.000000
172 199 nan 0.000000
173 199 nan 0.000000
174 199 nan 0.000000
175 199 nan 0.000000
176 199 nan 0.000000
177 199 nan 0.000000
178 199 nan 0.000000
179 199 nan 0.000000
180 199 nan 0.000000
181 199 nan 0.000000
182 199 nan 0.000000
183 199 nan 0.000000
184 199 nan 0.000000
185 199 nan 0.000000
186 199 nan 0.000000
187 199 nan 0.000000
188 199 nan 0.000000
189 199 nan 0.000000
190 199 nan 0.000000
191 199 nan 0.000000
192 199 nan 0.000000
193 199 nan 0.000000
194 199 nan 0.000000
195 199 nan 0.000000
196 199 nan 0.000000
197 199 nan 0.000000
198 199 nan 0.000000
199 199 nan 0.000000
